target name	accession	tlen	query name	accession	qlen	seq e-value	seq score	seq bias	dom #	dom total	dom c-Evalue	dom i-Evalue	dom score	dom bias	hmm from	hmm to	ali from	ali to	env from	env to	acc	description
XP_073256375.1	-	447	IkB-like-1_cnidaria	-	442	1.5e-203	670.2	5.9	1	1	1.5e-203	1.6e-203	670.1	5.9	1	438	1	443	1	447	0.97	-
CAH3198638.1	-	410	IkB-like-1_cnidaria	-	442	6.8e-202	664.8	7.0	1	1	7e-202	7.6e-202	664.6	7.0	1	407	1	409	1	410	0.99	-
CAH3197536.1	-	416	IkB-like-1_cnidaria	-	442	2.2e-200	659.8	8.2	1	1	2.2e-200	2.4e-200	659.7	8.2	1	407	1	415	1	416	0.99	-
XP_022801431.1	-	443	IkB-like-1_cnidaria	-	442	5.5e-195	642.0	3.7	1	1	5.7e-195	6.2e-195	641.8	3.7	1	441	1	442	1	443	0.99	-
XP_058956197.1	-	443	IkB-like-1_cnidaria	-	442	1.2e-194	640.9	5.1	1	1	1.3e-194	1.4e-194	640.7	5.1	1	441	1	442	1	443	0.99	-
XP_027052644.1	-	443	IkB-like-1_cnidaria	-	442	1.5e-194	640.6	5.2	1	1	1.5e-194	1.6e-194	640.5	5.2	1	441	1	442	1	443	0.99	-
CALNXJ010000041.1_IkB-like-1_cnidaria_d9883b6d	-	417	IkB-like-1_cnidaria	-	442	6.9e-191	628.5	5.6	1	1	7.1e-191	7.7e-191	628.3	5.6	1	412	1	416	1	417	0.99	-
XP_068733763.1	-	419	IkB-like-1_cnidaria	-	442	1.2e-190	627.7	10.3	1	1	1.2e-190	1.3e-190	627.6	10.3	17	441	1	418	1	419	0.99	-
XP_068687143.1	-	419	IkB-like-1_cnidaria	-	442	3.4e-190	626.2	10.3	1	1	3.5e-190	3.8e-190	626.1	10.3	17	441	1	418	1	419	0.99	-
XP_029214161.1	-	423	IkB-like-1_cnidaria	-	442	1.4e-188	620.9	6.5	1	1	1.5e-188	1.6e-188	620.7	6.5	19	437	4	416	1	422	0.97	-
XP_067039091.1	-	423	IkB-like-1_cnidaria	-	442	1.6e-188	620.7	6.5	1	1	1.8e-188	2e-188	620.4	6.5	19	437	4	416	1	422	0.96	-
KAK2566512.1	-	423	IkB-like-1_cnidaria	-	442	3.2e-188	619.7	7.5	1	1	3.6e-188	3.9e-188	619.4	7.5	18	437	3	416	1	422	0.97	-
XP_029214161.2	-	423	IkB-like-1_cnidaria	-	442	6.7e-188	618.7	6.8	1	1	7.4e-188	8e-188	618.4	6.8	19	437	4	416	1	422	0.97	-
CAH3158544.1	-	393	IkB-like-1_cnidaria	-	442	6.7e-188	618.7	17.8	1	1	1.6e-187	1.7e-187	617.3	17.8	1	407	1	392	1	393	0.99	-
XP_020614060.1	-	431	IkB-like-1_cnidaria	-	442	1.9e-184	607.3	4.8	1	1	1.9e-184	2.1e-184	607.1	4.8	1	440	1	429	1	431	0.96	-
RDEB01000045.1_IkB-like-1_cnidaria_d454fb31	-	403	IkB-like-1_cnidaria	-	442	2.1e-183	603.8	11.8	1	1	2.1e-183	2.3e-183	603.7	11.8	7	408	2	400	1	403	0.98	-
JAJLRJ010000010.1_IkB-like-1_cnidaria_49902b19	-	423	IkB-like-1_cnidaria	-	442	3.3e-183	603.2	5.5	1	1	3.6e-183	3.9e-183	603.0	5.5	1	405	1	410	1	422	0.91	-
OZ116704.1_IkB-like-1_cnidaria_ac0dd393	-	419	IkB-like-1_cnidaria	-	442	4.1e-182	599.6	3.3	1	1	4.2e-182	4.5e-182	599.4	3.3	1	407	1	413	1	419	0.95	-
BLEZ01000629.1_IkB-like-1_cnidaria_01b137d4	-	393	IkB-like-1_cnidaria	-	442	9.3e-182	598.4	9.0	1	1	9.4e-182	1e-181	598.3	9.0	18	411	5	392	1	393	0.97	-
CM106375.1_IkB-like-1_cnidaria_a32257ab	-	412	IkB-like-1_cnidaria	-	442	1e-181	598.2	6.2	1	1	1.1e-181	1.2e-181	598.1	6.2	1	408	1	408	1	412	0.95	-
BLFE01004004.1_IkB-like-1_cnidaria_d30b3adf	-	394	IkB-like-1_cnidaria	-	442	1.8e-179	590.9	9.3	1	1	1.8e-179	1.9e-179	590.8	9.3	16	411	4	393	1	394	0.97	-
NW_015441482.1_IkB-like-1_cnidaria_9cc761db	-	395	IkB-like-1_cnidaria	-	442	2.1e-179	590.7	11.0	1	1	2.1e-179	2.3e-179	590.5	11.0	16	411	4	394	1	395	0.96	-
BLAZ01001464.1_IkB-like-1_cnidaria_4841c60e	-	393	IkB-like-1_cnidaria	-	442	1.7e-178	587.7	8.7	1	1	1.7e-178	1.9e-178	587.5	8.7	16	410	4	392	1	393	0.97	-
XP_046852093.1	-	464	IkB-like-1_cnidaria	-	442	2.2e-168	554.4	18.4	1	1	2.3e-168	2.5e-168	554.2	18.4	13	440	2	448	1	450	0.98	-
XP_046852094.1	-	464	IkB-like-1_cnidaria	-	442	2.2e-168	554.4	18.4	1	1	2.3e-168	2.5e-168	554.2	18.4	13	440	2	448	1	450	0.98	-
XP_046852095.1	-	464	IkB-like-1_cnidaria	-	442	2.2e-168	554.4	18.4	1	1	2.3e-168	2.5e-168	554.2	18.4	13	440	2	448	1	450	0.98	-
MU826368.1_IkB-like-1_cnidaria_06294bfc	-	406	IkB-like-1_cnidaria	-	442	7e-167	549.4	2.7	1	1	7.2e-167	7.8e-167	549.2	2.7	1	408	1	405	1	406	0.97	-
XP_031569757.1	-	418	IkB-like-1_cnidaria	-	442	1.1e-164	542.2	2.2	1	1	1.1e-164	1.2e-164	542.0	2.2	1	419	1	410	1	418	0.96	-
MU826368.1_IkB-like-1_cnidaria_d06fa176	-	406	IkB-like-1_cnidaria	-	442	2.5e-164	540.9	3.2	1	1	2.6e-164	2.8e-164	540.8	3.2	1	408	1	405	1	406	0.95	-
XP_020904317.1	-	435	IkB-like-1_cnidaria	-	442	1.9e-163	538.0	11.8	1	1	2.3e-163	2.5e-163	537.7	11.8	2	417	3	424	2	434	0.95	-
XP_028404342.1	-	452	IkB-like-1_cnidaria	-	442	3.7e-161	530.5	15.5	1	1	3.9e-161	4.2e-161	530.3	15.5	11	441	2	438	1	439	0.94	-
XP_028404349.1	-	451	IkB-like-1_cnidaria	-	442	5.6e-161	529.9	15.4	1	1	6.1e-161	6.6e-161	529.7	15.4	11	441	2	437	1	438	0.94	-
CAB3997549.1	-	458	IkB-like-1_cnidaria	-	442	1.1e-156	515.8	12.0	1	1	1.2e-156	1.3e-156	515.6	12.0	11	441	2	444	1	445	0.95	-
XP_032230483.2	-	384	IkB-like-1_cnidaria	-	442	5.5e-149	490.4	20.7	1	1	2.2e-147	2.4e-147	485.0	20.7	2	408	9	383	8	384	0.98	-
XP_032230484.1	-	383	IkB-like-1_cnidaria	-	442	9.9e-149	489.6	21.4	1	1	4.8e-147	5.1e-147	483.9	21.4	2	408	9	382	8	383	0.98	-
XP_032230483.1	-	384	IkB-like-1_cnidaria	-	442	1.1e-148	489.4	21.6	1	1	4.5e-147	4.9e-147	484.0	21.6	2	408	9	383	8	384	0.98	-
MPSW01000736.1_IkB-like-1_cnidaria_3ae602e1	-	419	IkB-like-1_cnidaria	-	442	1.6e-146	482.2	16.0	1	2	4.1e-30	4.4e-30	98.5	3.1	1	162	1	163	1	175	0.93	-
MPSW01000736.1_IkB-like-1_cnidaria_3ae602e1	-	419	IkB-like-1_cnidaria	-	442	1.6e-146	482.2	16.0	2	2	1.8e-118	2e-118	389.7	5.1	212	407	218	413	216	419	0.98	-
KAJ7378236.1	-	269	IkB-like-1_cnidaria	-	442	1.7e-139	459.1	4.5	1	1	1.9e-139	2.1e-139	458.8	4.5	170	439	6	266	2	269	0.95	-
XP_020903771.1	-	383	IkB-like-1_cnidaria	-	442	4e-88	289.8	19.0	1	1	7.7e-88	8.3e-88	288.8	19.0	102	438	25	363	9	383	0.76	-
XP_001626962.2	-	530	IkB-like-1_cnidaria	-	442	8.7e-83	272.2	6.1	1	1	1.5e-82	1.6e-82	271.3	6.1	74	408	158	491	79	523	0.69	-
RDEB01000045.1_IkB-like-2_cnidaria_912ea7a3	-	345	IkB-like-1_cnidaria	-	442	2.7e-82	270.6	8.5	1	1	4.3e-82	4.7e-82	269.8	8.5	105	405	23	326	3	341	0.79	-
CM106375.1_IkB-like-2_cnidaria_c879bcb4	-	375	IkB-like-1_cnidaria	-	442	2.8e-82	270.6	9.0	1	1	5.2e-82	5.6e-82	269.6	9.0	66	407	6	357	2	374	0.75	-
CAH3027367.1	-	246	IkB-like-1_cnidaria	-	442	1.2e-80	265.2	1.2	1	1	1.3e-80	1.4e-80	265.0	1.2	205	429	7	242	5	246	0.88	-
XP_031566534.1	-	389	IkB-like-1_cnidaria	-	442	3.4e-80	263.7	14.6	1	1	1.2e-79	1.3e-79	261.8	14.6	82	437	11	362	2	381	0.78	-
XP_073256376.1	-	388	IkB-like-1_cnidaria	-	442	1.1e-79	262.0	9.2	1	1	1.9e-79	2.1e-79	261.1	9.2	92	429	31	384	4	388	0.73	-
XP_068731937.1	-	367	IkB-like-1_cnidaria	-	442	2.1e-79	261.1	12.2	1	1	4.7e-79	5.1e-79	259.8	12.2	103	428	28	362	5	367	0.71	-
XP_068731938.1	-	366	IkB-like-1_cnidaria	-	442	2.4e-79	260.9	12.4	1	1	5.5e-79	6e-79	259.6	12.4	104	428	28	361	5	366	0.71	-
XP_020614015.1	-	380	IkB-like-1_cnidaria	-	442	2.5e-79	260.8	7.0	1	1	3.7e-79	4e-79	260.2	7.0	205	428	141	375	5	380	0.89	-
XP_068687146.1	-	360	IkB-like-1_cnidaria	-	442	5.1e-79	259.8	14.0	1	1	1.7e-78	1.8e-78	258.0	14.0	203	428	118	355	5	360	0.71	-
XP_068687145.1	-	361	IkB-like-1_cnidaria	-	442	7.1e-79	259.3	14.5	1	1	2.3e-78	2.5e-78	257.6	14.5	203	428	119	356	5	361	0.71	-
OZ116704.1_IkB-like-2_cnidaria_1a064885	-	362	IkB-like-1_cnidaria	-	442	3.8e-78	256.9	8.5	1	1	6.8e-78	7.4e-78	256.0	8.5	205	406	138	343	5	360	0.90	-
MPSW01000736.1_IkB-like-2_cnidaria_21607528	-	362	IkB-like-1_cnidaria	-	442	4.2e-78	256.8	8.3	1	1	6.8e-78	7.3e-78	256.0	8.3	205	406	138	343	5	360	0.93	-
CAH3158546.1	-	368	IkB-like-1_cnidaria	-	442	5.8e-78	256.3	9.3	1	1	1.4e-77	1.5e-77	254.9	9.3	103	407	45	351	3	366	0.73	-
XP_022801432.1	-	389	IkB-like-1_cnidaria	-	442	5.9e-77	253.0	4.5	1	1	6.8e-77	7.4e-77	252.7	4.5	150	428	96	384	66	389	0.80	-
XP_022801433.1	-	389	IkB-like-1_cnidaria	-	442	5.9e-77	253.0	4.5	1	1	6.8e-77	7.4e-77	252.7	4.5	150	428	96	384	66	389	0.80	-
JAJLRJ010000010.1_IkB-like-2_cnidaria_0ad31e39	-	371	IkB-like-1_cnidaria	-	442	9.3e-77	252.4	9.5	1	1	3.8e-76	4.2e-76	250.2	9.4	204	405	147	352	33	368	0.82	-
CAH3146082.1	-	388	IkB-like-1_cnidaria	-	442	1.2e-76	252.0	6.6	1	1	1.3e-76	1.4e-76	251.7	6.6	134	428	79	383	25	388	0.80	-
BLAZ01001464.1_IkB-like-2_cnidaria_6fa67b39	-	362	IkB-like-1_cnidaria	-	442	4.7e-76	250.0	4.5	1	2	7.1	7.7	-1.1	0.7	90	122	37	67	7	85	0.41	-
BLAZ01001464.1_IkB-like-2_cnidaria_6fa67b39	-	362	IkB-like-1_cnidaria	-	442	4.7e-76	250.0	4.5	2	2	4.3e-76	4.7e-76	250.0	4.5	205	407	138	345	135	360	0.93	-
BLFE01004004.1_IkB-like-2_cnidaria_bb7b20e5	-	368	IkB-like-1_cnidaria	-	442	6e-76	249.7	3.1	1	2	6	6.5	-0.9	2.0	133	166	37	70	3	88	0.39	-
BLFE01004004.1_IkB-like-2_cnidaria_bb7b20e5	-	368	IkB-like-1_cnidaria	-	442	6e-76	249.7	3.1	2	2	5.5e-76	6e-76	249.7	3.1	205	408	138	346	135	365	0.92	-
CALNXJ010000041.1_IkB-like-2_cnidaria_209c0d6c	-	371	IkB-like-1_cnidaria	-	442	6.1e-76	249.7	5.7	1	1	8.2e-76	8.9e-76	249.1	5.7	133	405	77	352	24	368	0.84	-
XP_027051378.1	-	384	IkB-like-1_cnidaria	-	442	9.3e-76	249.1	7.2	1	1	1.1e-75	1.2e-75	248.8	7.2	137	428	74	379	49	384	0.79	-
XP_027051450.1	-	384	IkB-like-1_cnidaria	-	442	9.3e-76	249.1	7.2	1	1	1.1e-75	1.2e-75	248.8	7.2	137	428	74	379	49	384	0.79	-
BLEZ01000629.1_IkB-like-2_cnidaria_0572989b	-	366	IkB-like-1_cnidaria	-	442	1.4e-75	248.5	4.1	1	2	6	6.5	-0.9	2.1	22	64	30	71	4	91	0.36	-
BLEZ01000629.1_IkB-like-2_cnidaria_0572989b	-	366	IkB-like-1_cnidaria	-	442	1.4e-75	248.5	4.1	2	2	1.3e-75	1.4e-75	248.5	4.1	205	408	138	346	135	362	0.93	-
XP_058956196.2	-	388	IkB-like-1_cnidaria	-	442	1.5e-75	248.4	7.3	1	1	1.6e-75	1.7e-75	248.2	7.3	136	428	81	383	26	388	0.79	-
XP_058956196.1	-	384	IkB-like-1_cnidaria	-	442	1.5e-75	248.3	6.4	1	1	1.7e-75	1.9e-75	248.1	6.4	167	428	98	379	50	384	0.80	-
XP_029214164.1	-	355	IkB-like-1_cnidaria	-	442	6.9e-75	246.2	12.1	1	1	1.8e-74	1.9e-74	244.7	12.1	204	430	114	341	5	355	0.80	-
KAK2566508.1	-	355	IkB-like-1_cnidaria	-	442	1e-74	245.6	13.7	1	1	3.2e-74	3.5e-74	243.9	13.7	203	430	113	341	3	355	0.72	-
XP_029214164.2	-	355	IkB-like-1_cnidaria	-	442	1.1e-74	245.5	11.8	1	1	2.9e-74	3.2e-74	244.0	11.8	204	430	114	341	5	355	0.81	-
XP_067031528.1	-	355	IkB-like-1_cnidaria	-	442	1.4e-74	245.1	15.5	1	1	6.3e-74	6.8e-74	242.9	15.5	146	430	42	341	3	355	0.68	-
CAB4029556.1	-	428	IkB-like-1_cnidaria	-	442	2.1e-74	244.6	13.0	1	1	2.6e-74	2.8e-74	244.2	13.0	79	405	50	396	3	427	0.73	-
CAB4029555.1	-	334	IkB-like-1_cnidaria	-	442	1.4e-73	241.9	3.6	1	1	1.7e-73	1.8e-73	241.5	3.6	205	405	89	302	19	333	0.87	-
XP_067031383.1	-	378	IkB-like-1_cnidaria	-	442	2e-73	241.3	0.3	1	2	3e-71	3.2e-71	234.1	0.1	143	400	69	341	52	342	0.79	-
XP_067031383.1	-	378	IkB-like-1_cnidaria	-	442	2e-73	241.3	0.3	2	2	0.0012	0.0013	11.3	0.0	361	391	335	365	334	375	0.85	-
XP_029197502.2	-	378	IkB-like-1_cnidaria	-	442	2.8e-73	240.9	0.2	1	2	3.9e-71	4.2e-71	233.7	0.1	143	400	69	341	51	342	0.79	-
XP_029197502.2	-	378	IkB-like-1_cnidaria	-	442	2.8e-73	240.9	0.2	2	2	0.0012	0.0013	11.3	0.0	361	391	335	365	334	375	0.85	-
XP_029197502.1	-	381	IkB-like-1_cnidaria	-	442	5.7e-73	239.9	0.2	1	2	9.5e-71	1e-70	232.4	0.1	143	400	69	341	51	342	0.79	-
XP_029197502.1	-	381	IkB-like-1_cnidaria	-	442	5.7e-73	239.9	0.2	2	2	0.0011	0.0012	11.4	0.0	361	391	335	365	334	379	0.84	-
XP_027057623.1	-	371	IkB-like-1_cnidaria	-	442	2.7e-72	237.7	1.4	1	2	2.5e-70	2.7e-70	231.0	0.9	203	401	128	340	50	342	0.89	-
XP_027057623.1	-	371	IkB-like-1_cnidaria	-	442	2.7e-72	237.7	1.4	2	2	0.00094	0.001	11.6	0.0	361	395	333	367	332	370	0.91	-
XP_058957670.1	-	372	IkB-like-1_cnidaria	-	442	2.9e-72	237.5	2.1	1	2	9.1e-71	9.8e-71	232.5	1.8	203	406	129	346	51	349	0.87	-
XP_058957670.1	-	372	IkB-like-1_cnidaria	-	442	2.9e-72	237.5	2.1	2	2	0.00094	0.001	11.6	0.0	361	395	334	368	333	371	0.91	-
CAH3140492.1	-	386	IkB-like-1_cnidaria	-	442	3.3e-72	237.4	1.3	1	2	2.5e-69	2.7e-69	227.8	0.5	204	399	129	338	119	339	0.91	-
CAH3140492.1	-	386	IkB-like-1_cnidaria	-	442	3.3e-72	237.4	1.3	2	2	0.00032	0.00035	13.2	0.0	361	399	333	371	332	383	0.88	-
BLEZ01003045.1_IkBa-like_cnidaria_dbd06efd	-	375	IkB-like-1_cnidaria	-	442	8.1e-72	236.1	0.4	1	2	6.6e-70	7.2e-70	229.7	0.1	144	400	70	341	53	342	0.79	-
BLEZ01003045.1_IkBa-like_cnidaria_dbd06efd	-	375	IkB-like-1_cnidaria	-	442	8.1e-72	236.1	0.4	2	2	0.0023	0.0024	10.4	0.0	361	388	335	362	334	369	0.90	-
XP_058957669.1	-	380	IkB-like-1_cnidaria	-	442	8.7e-72	236.0	2.2	1	2	6.6e-71	7.1e-71	233.0	2.0	203	408	129	348	53	361	0.87	-
XP_058957669.1	-	380	IkB-like-1_cnidaria	-	442	8.7e-72	236.0	2.2	2	2	0.0031	0.0033	9.9	0.0	361	391	334	364	333	375	0.86	-
XP_058957670.2	-	371	IkB-like-1_cnidaria	-	442	1.4e-71	235.3	1.2	1	2	4.3e-70	4.6e-70	230.3	0.7	203	405	128	344	55	347	0.89	-
XP_058957670.2	-	371	IkB-like-1_cnidaria	-	442	1.4e-71	235.3	1.2	2	2	0.00094	0.001	11.6	0.0	361	395	333	367	332	370	0.91	-
XP_027057621.1	-	379	IkB-like-1_cnidaria	-	442	1.4e-71	235.3	2.3	1	2	9.1e-71	9.9e-71	232.5	2.0	203	408	128	347	56	362	0.89	-
XP_027057621.1	-	379	IkB-like-1_cnidaria	-	442	1.4e-71	235.3	2.3	2	2	0.0026	0.0029	10.2	0.0	361	391	333	363	331	374	0.86	-
CM106380.1_IkBa-like_cnidaria_9f645d40	-	371	IkB-like-1_cnidaria	-	442	1.9e-71	234.8	1.5	1	1	6.5e-71	7.1e-71	233.0	1.5	144	408	66	345	19	366	0.76	-
XP_022798721.1	-	371	IkB-like-1_cnidaria	-	442	2.2e-71	234.7	2.3	1	1	3.2e-70	3.4e-70	230.7	2.4	203	408	128	347	50	366	0.80	-
XP_058957669.2	-	379	IkB-like-1_cnidaria	-	442	5.2e-71	233.4	1.6	1	2	7.6e-70	8.2e-70	229.5	0.7	203	403	128	342	57	345	0.90	-
XP_058957669.2	-	379	IkB-like-1_cnidaria	-	442	5.2e-71	233.4	1.6	2	2	0.0026	0.0029	10.2	0.0	361	391	333	363	331	374	0.86	-
XP_022798720.1	-	379	IkB-like-1_cnidaria	-	442	1.1e-70	232.3	3.0	1	2	4.7e-70	5.1e-70	230.1	2.7	203	408	128	347	49	363	0.80	-
XP_022798720.1	-	379	IkB-like-1_cnidaria	-	442	1.1e-70	232.3	3.0	2	2	0.0046	0.005	9.4	0.0	361	391	333	363	331	374	0.85	-
KAK2567480.1	-	367	IkB-like-1_cnidaria	-	442	1.3e-70	232.1	0.5	1	2	4.1e-69	4.5e-69	227.0	0.3	144	402	70	343	52	346	0.79	-
KAK2567480.1	-	367	IkB-like-1_cnidaria	-	442	1.3e-70	232.1	0.5	2	2	0.0021	0.0023	10.5	0.1	361	389	335	363	334	367	0.89	-
JARQWQ010000014.1_IkBa-like_cnidaria_9832f2a5	-	375	IkB-like-1_cnidaria	-	442	1.4e-70	232.0	0.6	1	2	3.7e-69	4e-69	227.2	0.3	144	403	70	344	52	348	0.79	-
JARQWQ010000014.1_IkBa-like_cnidaria_9832f2a5	-	375	IkB-like-1_cnidaria	-	442	1.4e-70	232.0	0.6	2	2	0.0019	0.0021	10.6	0.0	361	388	335	362	333	369	0.89	-
RDEB01000241.1_IkBa-like_cnidaria_d5b655b1	-	374	IkB-like-1_cnidaria	-	442	1.1e-69	229.1	1.4	1	2	2.1e-68	2.2e-68	224.7	1.0	201	404	127	344	55	348	0.85	-
RDEB01000241.1_IkBa-like_cnidaria_d5b655b1	-	374	IkB-like-1_cnidaria	-	442	1.1e-69	229.1	1.4	2	2	0.004	0.0043	9.6	0.0	362	389	335	362	333	371	0.83	-
BLAZ01000379.1_IkBa-like_cnidaria_d4087f07	-	375	IkB-like-1_cnidaria	-	442	1.7e-69	228.4	0.1	1	2	7.6e-69	8.2e-69	226.2	0.1	199	407	126	348	55	356	0.83	-
BLAZ01000379.1_IkBa-like_cnidaria_d4087f07	-	375	IkB-like-1_cnidaria	-	442	1.7e-69	228.4	0.1	2	2	0.0089	0.0096	8.4	0.0	361	388	335	362	334	368	0.89	-
KAJ7330771.1	-	369	IkB-like-1_cnidaria	-	442	1.8e-69	228.3	0.2	1	1	2.6e-69	2.8e-69	227.7	0.2	95	408	14	345	2	367	0.73	-
MU827791.1_IkBa-like_cnidaria_6b58b217	-	369	IkB-like-1_cnidaria	-	442	1.8e-69	228.3	0.2	1	1	2.4e-69	2.6e-69	227.8	0.2	96	408	14	344	2	366	0.72	-
BLFE01000447.1_IkBa-like_cnidaria_12d513b1	-	375	IkB-like-1_cnidaria	-	442	4.7e-69	227.0	1.2	1	2	3.3e-67	3.6e-67	220.8	0.3	147	400	73	341	3	342	0.78	-
BLFE01000447.1_IkBa-like_cnidaria_12d513b1	-	375	IkB-like-1_cnidaria	-	442	4.7e-69	227.0	1.2	2	2	0.0012	0.0012	11.3	0.1	361	388	335	362	334	370	0.89	-
XP_032228503.2	-	383	IkB-like-1_cnidaria	-	442	4.8e-69	226.9	4.3	1	2	4.3e-68	4.7e-68	223.7	1.7	145	400	80	349	47	350	0.82	-
XP_032228503.2	-	383	IkB-like-1_cnidaria	-	442	4.8e-69	226.9	4.3	2	2	0.027	0.029	6.9	0.1	263	286	347	370	344	374	0.79	-
OZ116701.1_IkBa-like_cnidaria_f420e57a	-	369	IkB-like-1_cnidaria	-	442	4.9e-69	226.9	2.2	1	1	2e-68	2.1e-68	224.8	2.2	179	408	98	343	43	364	0.78	-
MPSW01005782.1_IkBa-like_cnidaria_ad08a3a6	-	369	IkB-like-1_cnidaria	-	442	5.4e-69	226.8	2.5	1	2	6.2e-65	6.8e-65	213.3	1.4	146	405	67	340	48	343	0.77	-
MPSW01005782.1_IkBa-like_cnidaria_ad08a3a6	-	369	IkB-like-1_cnidaria	-	442	5.4e-69	226.8	2.5	2	2	2.2e-06	2.4e-06	20.3	0.0	348	388	316	356	313	363	0.94	-
XP_032228503.1	-	383	IkB-like-1_cnidaria	-	442	9.7e-69	225.9	3.9	1	2	9.5e-68	1e-67	222.6	1.4	145	400	80	349	47	350	0.82	-
XP_032228503.1	-	383	IkB-like-1_cnidaria	-	442	9.7e-69	225.9	3.9	2	2	0.027	0.029	6.9	0.1	263	286	347	370	344	374	0.79	-
XP_020604255.1	-	368	IkB-like-1_cnidaria	-	442	1.2e-68	225.6	1.5	1	1	8.7e-68	9.4e-68	222.7	1.5	145	408	67	344	47	359	0.78	-
XP_020604254.1	-	376	IkB-like-1_cnidaria	-	442	1.7e-68	225.1	1.5	1	1	7.4e-68	8e-68	222.9	1.5	145	408	67	344	47	365	0.78	-
XP_068682682.1	-	370	IkB-like-1_cnidaria	-	442	2.5e-68	224.6	1.4	1	2	4.5e-67	4.9e-67	220.3	1.3	201	404	127	344	58	348	0.86	-
XP_068682682.1	-	370	IkB-like-1_cnidaria	-	442	2.5e-68	224.6	1.4	2	2	0.0071	0.0077	8.7	0.0	363	389	336	362	334	370	0.84	-
XP_068728612.1	-	370	IkB-like-1_cnidaria	-	442	2.5e-68	224.6	1.4	1	2	4.5e-67	4.9e-67	220.3	1.3	201	404	127	344	58	348	0.86	-
XP_068728612.1	-	370	IkB-like-1_cnidaria	-	442	2.5e-68	224.6	1.4	2	2	0.0071	0.0077	8.7	0.0	363	389	336	362	334	370	0.84	-
XP_068682681.1	-	385	IkB-like-1_cnidaria	-	442	2.8e-68	224.4	1.7	1	1	1.7e-67	1.8e-67	221.7	1.7	201	409	127	349	58	382	0.84	-
XP_068728611.1	-	385	IkB-like-1_cnidaria	-	442	2.8e-68	224.4	1.7	1	1	1.7e-67	1.8e-67	221.7	1.7	201	409	127	349	58	382	0.84	-
CALNXJ010000034.1_IkBa-like_cnidaria_66571076	-	376	IkB-like-1_cnidaria	-	442	8.6e-67	219.5	2.1	1	1	4.5e-66	4.9e-66	217.0	1.9	203	408	126	350	48	368	0.88	-
CM106371.1_p105-like_cnidaria_95385fb0	-	919	IkB-like-1_cnidaria	-	442	1.2e-66	219.0	7.9	1	1	2e-66	2.1e-66	218.2	7.9	152	413	456	728	434	754	0.80	-
XP_046853943.1	-	364	IkB-like-1_cnidaria	-	442	1.7e-66	218.5	10.9	1	1	4.4e-66	4.7e-66	217.1	10.9	138	408	48	332	4	363	0.77	-
XP_046853944.1	-	364	IkB-like-1_cnidaria	-	442	1.7e-66	218.5	10.9	1	1	4.4e-66	4.7e-66	217.1	10.9	138	408	48	332	4	363	0.77	-
CAH3116438.1	-	390	IkB-like-1_cnidaria	-	442	1.9e-66	218.4	0.1	1	1	3.5e-66	3.8e-66	217.4	0.1	108	405	32	350	3	365	0.70	-
BLFE01006569.1_p105-like_cnidaria_aa59d0aa	-	913	IkB-like-1_cnidaria	-	442	1.9e-66	218.4	2.4	1	1	3e-66	3.2e-66	217.6	2.4	192	408	494	715	485	741	0.91	-
XP_073248334.1	-	377	IkB-like-1_cnidaria	-	442	1.9e-66	218.4	0.2	1	1	4.6e-66	5e-66	217.0	0.2	103	406	28	351	3	374	0.70	-
CALNXK010000029.1_IkBa-like_cnidaria_36d8db0b	-	372	IkB-like-1_cnidaria	-	442	2.2e-66	218.2	0.2	1	1	3.9e-66	4.2e-66	217.2	0.2	130	406	47	344	2	366	0.71	-
CAH3027709.1	-	912	IkB-like-1_cnidaria	-	442	2.4e-66	218.1	4.7	1	1	3.6e-66	3.9e-66	217.4	4.7	143	414	452	724	435	750	0.83	-
XP_073248332.1	-	390	IkB-like-1_cnidaria	-	442	2.5e-66	218.0	0.2	1	1	5.3e-66	5.7e-66	216.8	0.2	103	406	28	351	3	374	0.70	-
XP_073234456.1	-	909	IkB-like-1_cnidaria	-	442	2.7e-66	217.9	4.9	1	1	3.8e-66	4.1e-66	217.3	4.9	144	414	450	721	431	747	0.82	-
OZ116707.1_p105-like_cnidaria_9f32f0b0	-	918	IkB-like-1_cnidaria	-	442	2.9e-66	217.8	6.9	1	1	4.7e-66	5e-66	217.0	6.9	148	414	452	725	430	753	0.80	-
CAH3028528.1	-	386	IkB-like-1_cnidaria	-	442	3.1e-66	217.7	0.5	1	1	6.3e-66	6.9e-66	216.5	0.5	101	406	26	351	3	373	0.71	-
XP_029186950.1	-	904	IkB-like-1_cnidaria	-	442	3.5e-66	217.5	2.6	1	1	5.7e-66	6.2e-66	216.7	2.6	197	408	492	708	476	734	0.91	-
XP_067053651.1	-	904	IkB-like-1_cnidaria	-	442	4e-66	217.3	2.7	1	1	6.3e-66	6.8e-66	216.5	2.7	197	408	492	708	480	734	0.91	-
XP_029186950.2	-	904	IkB-like-1_cnidaria	-	442	4.5e-66	217.1	2.8	1	1	7.2e-66	7.8e-66	216.4	2.8	197	407	492	707	476	734	0.91	-
CAH3148052.1	-	393	IkB-like-1_cnidaria	-	442	5.4e-66	216.9	0.2	1	1	1.1e-65	1.2e-65	215.8	0.2	103	404	28	349	3	361	0.70	-
CALNXI010000943.1_IkBa-like_cnidaria_00703371	-	372	IkB-like-1_cnidaria	-	442	5.9e-66	216.8	0.2	1	1	1e-65	1.1e-65	215.8	0.2	113	406	30	344	2	366	0.71	-
BLEZ01000773.1_p105-like_cnidaria_c43d54bd	-	912	IkB-like-1_cnidaria	-	442	7.2e-66	216.5	3.5	1	1	1.1e-65	1.2e-65	215.7	3.5	197	408	499	715	488	740	0.91	-
XP_068731939.1	-	354	IkB-like-1_cnidaria	-	442	7.2e-66	216.5	12.5	1	1	1.2e-64	1.3e-64	212.3	12.5	102	428	27	349	5	354	0.68	-
XP_031557780.1	-	383	IkB-like-1_cnidaria	-	442	1.4e-65	215.6	3.7	1	1	3.9e-65	4.3e-65	213.9	3.7	48	408	3	360	1	381	0.75	-
CAH3186488.1	-	910	IkB-like-1_cnidaria	-	442	1.6e-65	215.3	5.2	1	1	2.6e-65	2.8e-65	214.5	5.2	142	414	449	722	431	748	0.83	-
JAJLRJ010000002.1_p105-like_cnidaria_1c165c91	-	904	IkB-like-1_cnidaria	-	442	2.1e-65	214.9	6.7	1	1	2e-65	2.1e-65	214.9	6.7	189	415	482	713	423	738	0.82	-
JAJLRJ010000006.1_IkBa-like_cnidaria_b0374efe	-	372	IkB-like-1_cnidaria	-	442	2.2e-65	214.9	0.2	1	1	4.7e-65	5.1e-65	213.7	0.2	139	408	61	345	2	366	0.76	-
XP_028400154.1	-	408	IkB-like-1_cnidaria	-	442	2.4e-65	214.8	22.0	1	1	1.3e-64	1.5e-64	212.2	22.0	80	408	18	376	3	408	0.67	-
JARQWQ010000012.1_p105-like_cnidaria_21f51161	-	912	IkB-like-1_cnidaria	-	442	3.8e-65	214.1	2.6	1	1	6.2e-65	6.7e-65	213.3	2.6	192	408	494	715	485	740	0.91	-
CAH3136379.1	-	910	IkB-like-1_cnidaria	-	442	4.6e-65	213.8	4.5	1	1	7.4e-65	8e-65	213.0	4.5	142	414	449	722	431	748	0.83	-
XP_068687147.1	-	348	IkB-like-1_cnidaria	-	442	4.9e-65	213.7	15.8	1	1	1.2e-63	1.3e-63	209.0	15.8	118	428	43	343	5	348	0.67	-
XP_046853942.1	-	386	IkB-like-1_cnidaria	-	442	6.1e-65	213.4	8.6	1	1	7.3e-65	7.9e-65	213.0	8.6	116	404	59	365	4	381	0.71	-
XP_046853941.1	-	399	IkB-like-1_cnidaria	-	442	6.8e-65	213.2	9.0	1	1	7.9e-65	8.6e-65	212.9	9.0	116	407	59	368	4	395	0.71	-
XP_031565156.1	-	859	IkB-like-1_cnidaria	-	442	7.9e-65	213.1	1.8	1	1	1.2e-64	1.2e-64	212.4	1.8	152	410	452	719	436	751	0.85	-
XP_031565157.1	-	859	IkB-like-1_cnidaria	-	442	7.9e-65	213.1	1.8	1	1	1.2e-64	1.2e-64	212.4	1.8	152	410	452	719	436	751	0.85	-
CAH3117715.1	-	917	IkB-like-1_cnidaria	-	442	1.5e-64	212.1	5.3	1	1	2.3e-64	2.5e-64	211.4	5.3	144	410	446	721	428	752	0.82	-
XP_028407711.1	-	282	IkB-like-1_cnidaria	-	442	1.8e-64	211.8	9.2	1	1	4.7e-64	5.1e-64	210.4	9.2	192	408	16	242	10	279	0.86	-
XP_058970121.1	-	919	IkB-like-1_cnidaria	-	442	2e-64	211.7	5.8	1	1	3.1e-64	3.3e-64	211.0	5.8	144	410	446	721	428	751	0.82	-
XP_028400144.1	-	413	IkB-like-1_cnidaria	-	442	7.4e-64	209.8	15.1	1	1	1.7e-63	1.9e-63	208.5	15.1	204	429	145	388	17	401	0.87	-
XP_027038010.1	-	926	IkB-like-1_cnidaria	-	442	7.9e-64	209.8	7.2	1	1	1.1e-63	1.2e-63	209.1	7.2	142	410	452	728	433	759	0.82	-
XP_028400134.1	-	423	IkB-like-1_cnidaria	-	442	8e-64	209.7	15.1	1	1	1.9e-63	2e-63	208.4	15.1	204	429	155	398	26	411	0.87	-
XP_068721954.1	-	925	IkB-like-1_cnidaria	-	442	8.9e-64	209.6	6.4	1	1	1.4e-63	1.5e-63	208.8	6.4	167	408	478	727	432	752	0.79	-
KAK3739735.1	-	837	IkB-like-1_cnidaria	-	442	1e-63	209.3	2.5	1	1	1.4e-63	1.5e-63	208.8	1.7	148	411	418	692	404	720	0.78	-
XP_068704788.1	-	925	IkB-like-1_cnidaria	-	442	1e-63	209.3	6.9	1	1	1.6e-63	1.8e-63	208.6	6.9	154	408	466	727	431	752	0.79	-
XP_020901899.1	-	376	IkB-like-1_cnidaria	-	442	1.8e-63	208.5	6.3	1	1	3.4e-63	3.7e-63	207.5	6.3	127	406	68	351	2	366	0.77	-
MU826351.1_p105-like_cnidaria_8da2a243	-	915	IkB-like-1_cnidaria	-	442	2.6e-63	208.1	8.2	1	1	4.2e-63	4.5e-63	207.2	8.2	191	411	499	724	443	753	0.88	-
CAB4007512.1	-	407	IkB-like-1_cnidaria	-	442	7.8e-63	206.5	25.7	1	1	8.8e-62	9.5e-62	202.9	25.7	82	433	17	395	8	404	0.71	-
CAB4012946.1	-	400	IkB-like-1_cnidaria	-	442	1.2e-62	205.9	24.8	1	1	2.9e-61	3.1e-61	201.2	24.8	204	433	124	388	11	397	0.74	-
XP_022789210.1	-	916	IkB-like-1_cnidaria	-	442	2.2e-62	205.0	5.5	1	1	3.6e-62	3.9e-62	204.2	5.5	139	410	438	720	427	751	0.82	-
XP_022789211.1	-	916	IkB-like-1_cnidaria	-	442	2.2e-62	205.0	5.5	1	1	3.6e-62	3.9e-62	204.2	5.5	139	410	438	720	427	751	0.82	-
XP_028396366.1	-	412	IkB-like-1_cnidaria	-	442	3e-62	204.5	3.0	1	1	4.4e-62	4.8e-62	203.9	3.0	194	407	148	371	5	400	0.76	-
CALNXJ010000016.1_p105-like_cnidaria_b4389a93	-	916	IkB-like-1_cnidaria	-	442	1.1e-61	202.7	4.0	1	1	1.7e-61	1.8e-61	202.0	4.0	148	410	447	725	427	755	0.81	-
XP_020916759.1	-	848	IkB-like-1_cnidaria	-	442	1.6e-60	198.8	3.8	1	2	4.1	4.4	-0.4	0.2	169	209	207	247	105	255	0.46	-
XP_020916759.1	-	848	IkB-like-1_cnidaria	-	442	1.6e-60	198.8	3.8	2	2	1.5e-60	1.6e-60	198.8	3.8	140	409	438	716	430	767	0.83	-
NW_018149324.1_p105-like_cnidaria_989546e4	-	918	IkB-like-1_cnidaria	-	442	1.2e-59	196.0	3.3	1	1	1.9e-59	2.1e-59	195.2	3.3	148	366	452	676	429	681	0.81	-
MPSW01003764.1_p105-like_cnidaria_566e8a75	-	914	IkB-like-1_cnidaria	-	442	5.5e-59	193.8	3.9	1	1	8.6e-59	9.3e-59	193.0	3.9	175	366	475	672	438	677	0.84	-
XP_015766406.1	-	835	IkB-like-1_cnidaria	-	442	1.3e-58	192.6	1.7	1	1	2.6e-58	2.8e-58	191.5	1.7	213	408	439	639	435	664	0.91	-
XP_068687149.1	-	267	IkB-like-1_cnidaria	-	442	4.4e-50	164.5	15.1	1	1	1.8e-49	2e-49	162.3	15.1	111	339	36	260	5	262	0.68	-
NW_015441067.1_p105-like_cnidaria_c1c4e8b6	-	912	IkB-like-1_cnidaria	-	442	2e-44	145.8	0.2	1	1	3.1e-44	3.4e-44	145.0	0.2	245	362	551	669	549	675	0.96	-
BLAZ01000634.1_p105-like_cnidaria_42ec6be3	-	910	IkB-like-1_cnidaria	-	442	1.5e-41	136.3	2.5	1	2	2.3e-39	2.5e-39	129.0	1.4	192	313	494	619	485	622	0.93	-
BLAZ01000634.1_p105-like_cnidaria_42ec6be3	-	910	IkB-like-1_cnidaria	-	442	1.5e-41	136.3	2.5	2	2	0.055	0.06	5.8	0.0	301	338	675	712	670	720	0.88	-
CAH3146082.1	-	388	IkB-like-2_cnidaria	-	383	1.1e-175	577.8	8.8	1	1	1.1e-175	1.2e-175	577.6	8.8	4	383	2	388	1	388	0.96	-
XP_058956196.2	-	388	IkB-like-2_cnidaria	-	383	3e-174	573.1	9.7	1	1	3.1e-174	3.3e-174	572.9	9.7	4	383	2	388	1	388	0.96	-
XP_027051378.1	-	384	IkB-like-2_cnidaria	-	383	2.5e-173	570.0	8.8	1	1	2.6e-173	2.8e-173	569.9	8.8	4	383	2	384	1	384	0.96	-
XP_027051450.1	-	384	IkB-like-2_cnidaria	-	383	2.5e-173	570.0	8.8	1	1	2.6e-173	2.8e-173	569.9	8.8	4	383	2	384	1	384	0.96	-
XP_058956196.1	-	384	IkB-like-2_cnidaria	-	383	1e-172	568.0	8.8	1	1	1.1e-172	1.1e-172	567.8	8.8	4	383	2	384	1	384	0.96	-
XP_068731938.1	-	366	IkB-like-2_cnidaria	-	383	6.4e-172	565.4	6.2	1	1	6.7e-172	7.2e-172	565.2	6.2	4	383	3	366	1	366	0.97	-
XP_068731937.1	-	367	IkB-like-2_cnidaria	-	383	7.3e-172	565.2	6.3	1	1	7.5e-172	8.1e-172	565.0	6.3	3	383	3	367	1	367	0.97	-
XP_022801432.1	-	389	IkB-like-2_cnidaria	-	383	1e-170	561.4	2.5	1	1	1e-170	1.1e-170	561.3	2.5	4	383	2	389	1	389	0.98	-
XP_022801433.1	-	389	IkB-like-2_cnidaria	-	383	1e-170	561.4	2.5	1	1	1e-170	1.1e-170	561.3	2.5	4	383	2	389	1	389	0.98	-
XP_068687146.1	-	360	IkB-like-2_cnidaria	-	383	1.3e-170	561.0	7.9	1	1	1.6e-170	1.8e-170	560.6	7.9	4	383	3	360	1	360	0.98	-
XP_068687145.1	-	361	IkB-like-2_cnidaria	-	383	1.5e-170	560.9	8.0	1	1	1.8e-170	2e-170	560.5	8.0	3	383	3	361	1	361	0.98	-
CALNXJ010000041.1_IkB-like-2_cnidaria_209c0d6c	-	371	IkB-like-2_cnidaria	-	383	3.1e-168	553.2	6.9	1	1	3.2e-168	3.5e-168	553.1	6.9	5	367	2	371	1	371	0.96	-
XP_073256376.1	-	388	IkB-like-2_cnidaria	-	383	2.7e-163	537.0	5.9	1	1	2.8e-163	3e-163	536.8	5.9	6	383	4	388	1	388	0.93	-
XP_029214164.1	-	355	IkB-like-2_cnidaria	-	383	8.3e-163	535.4	17.2	1	1	1.2e-160	1.3e-160	528.1	17.2	2	383	2	355	1	355	0.94	-
KAK2566508.1	-	355	IkB-like-2_cnidaria	-	383	1.5e-162	534.5	18.4	1	1	2.1e-160	2.3e-160	527.3	18.4	2	383	2	355	1	355	0.93	-
XP_029214164.2	-	355	IkB-like-2_cnidaria	-	383	1.6e-162	534.5	17.3	1	1	2.3e-160	2.5e-160	527.2	17.3	2	383	2	355	1	355	0.94	-
RDEB01000045.1_IkB-like-2_cnidaria_912ea7a3	-	345	IkB-like-2_cnidaria	-	383	2.2e-162	534.0	4.8	1	1	2.3e-162	2.5e-162	533.8	4.8	6	367	2	345	1	345	0.96	-
XP_067031528.1	-	355	IkB-like-2_cnidaria	-	383	3.9e-162	533.2	20.1	1	1	4e-160	4.3e-160	526.5	20.1	2	383	2	355	1	355	0.94	-
XP_020614015.1	-	380	IkB-like-2_cnidaria	-	383	4.4e-162	533.0	4.1	1	1	4.8e-162	5.2e-162	532.8	4.1	4	383	2	380	1	380	0.86	-
BLFE01004004.1_IkB-like-2_cnidaria_bb7b20e5	-	368	IkB-like-2_cnidaria	-	383	8.5e-160	525.5	6.7	1	1	8.8e-160	9.5e-160	525.3	6.7	6	371	2	366	1	368	0.94	-
BLEZ01000629.1_IkB-like-2_cnidaria_0572989b	-	366	IkB-like-2_cnidaria	-	383	6.6e-159	522.6	7.4	1	1	6.8e-159	7.4e-159	522.4	7.4	6	369	2	364	1	366	0.89	-
BLAZ01001464.1_IkB-like-2_cnidaria_6fa67b39	-	362	IkB-like-2_cnidaria	-	383	1.6e-155	511.4	9.2	1	1	1.7e-155	1.8e-155	511.2	9.2	6	367	2	362	1	362	0.88	-
CM106375.1_IkB-like-2_cnidaria_c879bcb4	-	375	IkB-like-2_cnidaria	-	383	2e-155	511.1	6.8	1	1	2.1e-155	2.3e-155	510.9	6.8	7	367	3	374	1	375	0.88	-
OZ116704.1_IkB-like-2_cnidaria_1a064885	-	362	IkB-like-2_cnidaria	-	383	7.9e-155	509.1	4.6	1	1	8.5e-155	9.2e-155	508.9	4.6	7	367	2	361	1	362	0.85	-
JAJLRJ010000010.1_IkB-like-2_cnidaria_0ad31e39	-	371	IkB-like-2_cnidaria	-	383	1.3e-154	508.4	0.9	1	1	1.4e-154	1.5e-154	508.2	0.9	9	366	3	370	1	371	0.83	-
MPSW01000736.1_IkB-like-2_cnidaria_21607528	-	362	IkB-like-2_cnidaria	-	383	1.4e-154	508.3	4.3	1	1	1.5e-154	1.6e-154	508.1	4.3	7	367	2	361	1	362	0.85	-
CAH3158546.1	-	368	IkB-like-2_cnidaria	-	383	1.5e-154	508.2	2.2	1	1	1.5e-154	1.6e-154	508.1	2.2	7	367	3	368	1	368	0.88	-
XP_068731939.1	-	354	IkB-like-2_cnidaria	-	383	8.2e-151	495.9	6.5	1	1	1.6e-150	1.7e-150	494.8	6.5	3	383	3	354	1	354	0.96	-
XP_068687147.1	-	348	IkB-like-2_cnidaria	-	383	4.2e-149	490.3	9.5	1	1	9.5e-149	1e-148	489.0	9.5	3	383	3	348	1	348	0.97	-
CAH3027367.1	-	246	IkB-like-2_cnidaria	-	383	1.6e-148	488.4	3.5	1	1	1.6e-148	1.7e-148	488.2	3.5	137	383	1	246	1	246	1.00	-
CAB4029556.1	-	428	IkB-like-2_cnidaria	-	383	1.1e-142	469.1	16.3	1	1	1.3e-142	1.4e-142	468.8	16.3	8	379	46	428	4	428	0.93	-
XP_031566534.1	-	389	IkB-like-2_cnidaria	-	383	8.1e-140	459.7	7.2	1	1	8.9e-140	9.6e-140	459.5	7.2	9	382	2	368	1	369	0.83	-
XP_020903771.1	-	383	IkB-like-2_cnidaria	-	383	8.3e-140	459.7	14.6	1	1	9.6e-140	1e-139	459.4	14.6	32	382	17	368	9	369	0.94	-
XP_028400144.1	-	413	IkB-like-2_cnidaria	-	383	4.4e-139	457.3	12.6	1	1	4.6e-139	5e-139	457.1	12.6	4	382	15	390	12	391	0.95	-
XP_028400134.1	-	423	IkB-like-2_cnidaria	-	383	4.7e-139	457.2	12.6	1	1	5e-139	5.4e-139	457.0	12.6	4	382	25	400	22	401	0.95	-
CAB4007512.1	-	407	IkB-like-2_cnidaria	-	383	1.8e-138	455.3	16.9	1	1	2.1e-138	2.3e-138	454.9	16.9	9	382	15	379	11	380	0.93	-
CAB4029555.1	-	334	IkB-like-2_cnidaria	-	383	4.7e-138	453.9	5.4	1	1	5.1e-138	5.5e-138	453.7	5.4	98	379	43	334	13	334	0.94	-
XP_028400154.1	-	408	IkB-like-2_cnidaria	-	383	1.9e-137	451.9	12.0	1	1	2e-137	2.2e-137	451.7	12.0	4	382	7	408	4	408	0.92	-
XP_046853941.1	-	399	IkB-like-2_cnidaria	-	383	1.3e-136	449.2	10.4	1	1	1.3e-136	1.4e-136	449.0	10.4	3	376	5	395	3	399	0.96	-
XP_046853942.1	-	386	IkB-like-2_cnidaria	-	383	1.3e-135	445.9	10.8	1	1	1.4e-135	1.5e-135	445.7	10.8	3	361	5	379	3	386	0.97	-
CAB4012946.1	-	400	IkB-like-2_cnidaria	-	383	9.6e-133	436.4	23.0	1	1	1.9e-132	2e-132	435.4	23.0	17	382	23	372	12	373	0.87	-
XP_001626962.2	-	530	IkB-like-2_cnidaria	-	383	6.7e-132	433.6	3.7	1	1	8.1e-132	8.8e-132	433.3	3.7	35	382	105	526	22	527	0.87	-
XP_046853943.1	-	364	IkB-like-2_cnidaria	-	383	2.1e-131	432.0	7.7	1	1	2.2e-131	2.4e-131	431.8	7.7	41	382	30	363	1	364	0.85	-
XP_046853944.1	-	364	IkB-like-2_cnidaria	-	383	2.1e-131	432.0	7.7	1	1	2.2e-131	2.4e-131	431.8	7.7	41	382	30	363	1	364	0.85	-
XP_068687149.1	-	267	IkB-like-2_cnidaria	-	383	1.8e-106	349.9	4.5	1	1	2.5e-106	2.7e-106	349.4	4.5	3	284	3	262	1	263	0.97	-
XP_058956197.1	-	443	IkB-like-2_cnidaria	-	383	1.1e-83	274.9	0.7	1	1	2e-83	2.2e-83	274.0	0.7	139	348	205	409	22	413	0.73	-
XP_032228503.1	-	383	IkB-like-2_cnidaria	-	383	3.3e-83	273.4	0.0	1	1	3.6e-83	3.9e-83	273.1	0.0	68	361	64	367	23	377	0.80	-
XP_032228503.2	-	383	IkB-like-2_cnidaria	-	383	3.3e-83	273.4	0.0	1	1	3.7e-83	4e-83	273.1	0.0	68	361	64	367	23	377	0.80	-
CAH3158544.1	-	393	IkB-like-2_cnidaria	-	383	9e-83	271.9	1.7	1	1	1.1e-82	1.2e-82	271.6	1.7	16	345	55	387	36	392	0.70	-
XP_022801431.1	-	443	IkB-like-2_cnidaria	-	383	1e-82	271.7	0.3	1	1	1.3e-82	1.4e-82	271.3	0.3	142	348	208	409	45	422	0.89	-
XP_027052644.1	-	443	IkB-like-2_cnidaria	-	383	1.2e-82	271.6	1.7	1	1	2e-82	2.2e-82	270.7	1.7	140	348	206	409	21	413	0.73	-
CM106375.1_IkB-like-1_cnidaria_a32257ab	-	412	IkB-like-2_cnidaria	-	383	1.3e-81	268.1	0.1	1	1	1.5e-81	1.7e-81	267.8	0.1	140	349	202	406	37	410	0.80	-
CALNXJ010000041.1_IkB-like-1_cnidaria_d9883b6d	-	417	IkB-like-2_cnidaria	-	383	1.4e-81	268.0	1.3	1	1	2.3e-81	2.4e-81	267.2	1.3	140	347	206	408	24	412	0.77	-
XP_031569757.1	-	418	IkB-like-2_cnidaria	-	383	8.8e-81	265.4	0.1	1	1	1.1e-80	1.2e-80	265.0	0.1	58	344	106	392	29	398	0.67	-
XP_029197502.1	-	381	IkB-like-2_cnidaria	-	383	9e-81	265.4	0.0	1	1	1e-80	1.1e-80	265.0	0.0	52	371	40	369	5	378	0.82	-
XP_022798720.1	-	379	IkB-like-2_cnidaria	-	383	1.1e-80	265.0	0.1	1	1	1.3e-80	1.4e-80	264.7	0.1	68	368	55	364	23	373	0.87	-
XP_022798721.1	-	371	IkB-like-2_cnidaria	-	383	1.5e-80	264.6	0.1	1	1	1.7e-80	1.9e-80	264.3	0.1	68	368	55	364	23	370	0.86	-
XP_058957670.1	-	372	IkB-like-2_cnidaria	-	383	2.4e-80	264.0	0.2	1	1	2.8e-80	3e-80	263.6	0.2	67	370	55	367	22	371	0.86	-
XP_058957669.1	-	380	IkB-like-2_cnidaria	-	383	2.9e-80	263.7	0.1	1	1	3.3e-80	3.6e-80	263.4	0.1	67	368	55	365	22	373	0.86	-
XP_027057623.1	-	371	IkB-like-2_cnidaria	-	383	3.5e-80	263.4	0.1	1	1	4.1e-80	4.4e-80	263.1	0.1	68	370	55	366	20	370	0.84	-
CAH3198638.1	-	410	IkB-like-2_cnidaria	-	383	3.9e-80	263.3	0.2	1	1	5.5e-80	6e-80	262.6	0.2	26	345	65	404	33	409	0.65	-
CM106380.1_IkBa-like_cnidaria_9f645d40	-	371	IkB-like-2_cnidaria	-	383	4.3e-80	263.1	0.0	1	1	5.1e-80	5.5e-80	262.8	0.0	65	369	49	363	16	369	0.81	-
XP_073256375.1	-	447	IkB-like-2_cnidaria	-	383	4.4e-80	263.1	0.1	1	1	6.6e-80	7.1e-80	262.4	0.1	26	345	65	404	33	411	0.65	-
XP_027057621.1	-	379	IkB-like-2_cnidaria	-	383	4.5e-80	263.1	0.1	1	1	5.2e-80	5.7e-80	262.7	0.1	68	368	55	364	21	372	0.85	-
XP_058957670.2	-	371	IkB-like-2_cnidaria	-	383	6.3e-80	262.6	0.1	1	1	7.3e-80	7.9e-80	262.2	0.1	69	370	56	366	24	370	0.85	-
KAJ7378236.1	-	269	IkB-like-2_cnidaria	-	383	7.1e-80	262.4	0.7	1	1	8.3e-80	9e-80	262.1	0.7	142	355	33	239	16	255	0.93	-
XP_067031383.1	-	378	IkB-like-2_cnidaria	-	383	7.7e-80	262.3	0.0	1	1	8.8e-80	9.5e-80	262.0	0.0	52	371	40	369	5	374	0.82	-
XP_058957669.2	-	379	IkB-like-2_cnidaria	-	383	7.9e-80	262.2	0.0	1	1	9.3e-80	1e-79	261.9	0.0	69	368	56	364	24	372	0.86	-
CAH3140492.1	-	386	IkB-like-2_cnidaria	-	383	8.4e-80	262.2	0.1	1	1	9.4e-80	1e-79	261.9	0.1	67	367	54	363	7	372	0.84	-
OZ116701.1_IkBa-like_cnidaria_f420e57a	-	369	IkB-like-2_cnidaria	-	383	9e-80	262.1	0.2	1	1	1.1e-79	1.2e-79	261.7	0.2	69	369	52	361	22	366	0.83	-
XP_029214161.1	-	423	IkB-like-2_cnidaria	-	383	1e-79	261.9	0.1	1	1	1.2e-79	1.4e-79	261.5	0.1	54	342	98	378	18	386	0.76	-
XP_029214161.2	-	423	IkB-like-2_cnidaria	-	383	1.2e-79	261.7	0.1	1	1	1.4e-79	1.6e-79	261.3	0.1	54	342	98	378	18	386	0.76	-
XP_020614060.1	-	431	IkB-like-2_cnidaria	-	383	1.3e-79	261.5	0.2	1	1	1.7e-79	1.9e-79	261.0	0.2	58	342	116	394	38	399	0.72	-
MU826368.1_IkB-like-1_cnidaria_d06fa176	-	406	IkB-like-2_cnidaria	-	383	1.4e-79	261.4	0.0	1	1	1.6e-79	1.7e-79	261.2	0.0	140	348	199	402	55	405	0.84	-
BLEZ01003045.1_IkBa-like_cnidaria_dbd06efd	-	375	IkB-like-2_cnidaria	-	383	1.5e-79	261.3	0.0	1	1	1.7e-79	1.9e-79	261.0	0.0	56	368	44	366	5	372	0.83	-
BLEZ01000629.1_IkB-like-1_cnidaria_01b137d4	-	393	IkB-like-2_cnidaria	-	383	1.6e-79	261.2	0.0	1	1	2e-79	2.1e-79	260.8	0.0	55	342	101	380	19	387	0.74	-
NW_015441482.1_IkB-like-1_cnidaria_9cc761db	-	395	IkB-like-2_cnidaria	-	383	1.9e-79	261.0	0.3	1	1	2.6e-79	2.9e-79	260.4	0.3	55	342	82	382	19	391	0.69	-
OZ116704.1_IkB-like-1_cnidaria_ac0dd393	-	419	IkB-like-2_cnidaria	-	383	2e-79	260.9	1.5	1	1	2.7e-79	2.9e-79	260.4	1.5	142	342	210	404	81	408	0.94	-
MU827791.1_IkBa-like_cnidaria_6b58b217	-	369	IkB-like-2_cnidaria	-	383	2.2e-79	260.8	0.1	1	1	2.5e-79	2.7e-79	260.5	0.1	68	369	52	362	12	367	0.83	-
XP_029197502.2	-	378	IkB-like-2_cnidaria	-	383	2.6e-79	260.6	0.0	1	1	2.9e-79	3.2e-79	260.3	0.0	57	371	45	369	7	374	0.82	-
CAH3028528.1	-	386	IkB-like-2_cnidaria	-	383	3.3e-79	260.2	0.0	1	1	4e-79	4.3e-79	259.8	0.0	38	368	30	370	3	381	0.76	-
KAK2566512.1	-	423	IkB-like-2_cnidaria	-	383	4.5e-79	259.8	0.1	1	1	6.1e-79	6.6e-79	259.2	0.1	55	342	99	378	16	386	0.67	-
XP_067039091.1	-	423	IkB-like-2_cnidaria	-	383	4.5e-79	259.8	0.1	1	1	5.8e-79	6.3e-79	259.3	0.1	72	342	114	378	17	386	0.70	-
XP_020604254.1	-	376	IkB-like-2_cnidaria	-	383	4.9e-79	259.7	0.1	1	1	5.7e-79	6.1e-79	259.3	0.1	69	369	53	362	23	370	0.83	-
KAJ7330771.1	-	369	IkB-like-2_cnidaria	-	383	5.1e-79	259.6	0.1	1	1	6e-79	6.5e-79	259.2	0.1	67	367	52	361	11	368	0.83	-
JARQWQ010000014.1_IkBa-like_cnidaria_9832f2a5	-	375	IkB-like-2_cnidaria	-	383	5.5e-79	259.5	0.0	1	1	6e-79	6.5e-79	259.2	0.0	66	368	54	366	5	372	0.81	-
BLFE01004004.1_IkB-like-1_cnidaria_d30b3adf	-	394	IkB-like-2_cnidaria	-	383	5.5e-79	259.5	0.0	1	1	6.9e-79	7.5e-79	259.0	0.0	54	342	101	381	20	388	0.72	-
KAK2567480.1	-	367	IkB-like-2_cnidaria	-	383	5.6e-79	259.5	0.0	1	1	5.8e-79	6.3e-79	259.3	0.0	66	369	54	367	5	367	0.81	-
XP_073248332.1	-	390	IkB-like-2_cnidaria	-	383	6.4e-79	259.3	0.0	1	1	7.5e-79	8.1e-79	258.9	0.0	39	368	31	370	3	382	0.77	-
XP_073248334.1	-	377	IkB-like-2_cnidaria	-	383	9e-79	258.8	0.0	1	1	1.1e-78	1.2e-78	258.4	0.0	39	366	31	368	3	374	0.77	-
XP_020604255.1	-	368	IkB-like-2_cnidaria	-	383	1.2e-78	258.3	0.1	1	1	1.4e-78	1.5e-78	258.0	0.1	69	367	53	360	23	366	0.83	-
MU826368.1_IkB-like-1_cnidaria_06294bfc	-	406	IkB-like-2_cnidaria	-	383	1.3e-78	258.2	0.1	1	1	1.5e-78	1.6e-78	258.0	0.1	142	348	201	402	80	405	0.90	-
CALNXI010000943.1_IkBa-like_cnidaria_00703371	-	372	IkB-like-2_cnidaria	-	383	1.5e-78	258.0	0.0	1	1	1.7e-78	1.9e-78	257.7	0.0	46	367	31	362	2	369	0.78	-
XP_020904317.1	-	435	IkB-like-2_cnidaria	-	383	1.9e-78	257.7	13.7	1	1	1.1e-77	1.2e-77	255.0	13.7	29	344	50	408	3	418	0.65	-
CAH3197536.1	-	416	IkB-like-2_cnidaria	-	383	2e-78	257.7	1.0	1	1	3.2e-78	3.4e-78	256.9	1.0	35	345	74	410	35	415	0.64	-
CALNXK010000029.1_IkBa-like_cnidaria_36d8db0b	-	372	IkB-like-2_cnidaria	-	383	2e-78	257.6	0.0	1	1	2.2e-78	2.4e-78	257.4	0.0	63	367	48	362	2	369	0.74	-
RDEB01000241.1_IkBa-like_cnidaria_d5b655b1	-	374	IkB-like-2_cnidaria	-	383	2.7e-78	257.2	0.1	1	1	2.9e-78	3.1e-78	257.0	0.1	115	371	103	368	23	374	0.80	-
BLFE01000447.1_IkBa-like_cnidaria_12d513b1	-	375	IkB-like-2_cnidaria	-	383	4.5e-78	256.5	0.0	1	1	4.9e-78	5.3e-78	256.2	0.0	76	368	64	366	3	372	0.78	-
BLAZ01001464.1_IkB-like-1_cnidaria_4841c60e	-	393	IkB-like-2_cnidaria	-	383	4.9e-78	256.3	0.1	1	1	6.4e-78	7e-78	255.8	0.1	56	342	103	381	20	390	0.70	-
CAH3148052.1	-	393	IkB-like-2_cnidaria	-	383	5e-78	256.3	0.0	1	1	6.2e-78	6.7e-78	255.9	0.0	39	359	31	361	3	367	0.77	-
CAH3116438.1	-	390	IkB-like-2_cnidaria	-	383	6.3e-78	256.0	0.0	1	1	7.5e-78	8.1e-78	255.6	0.0	50	360	42	362	3	369	0.73	-
XP_068682681.1	-	385	IkB-like-2_cnidaria	-	383	1.5e-77	254.8	0.0	1	1	1.7e-77	1.8e-77	254.5	0.0	70	373	58	370	4	378	0.81	-
XP_068728611.1	-	385	IkB-like-2_cnidaria	-	383	1.5e-77	254.8	0.0	1	1	1.7e-77	1.8e-77	254.5	0.0	70	373	58	370	4	378	0.81	-
XP_068687143.1	-	419	IkB-like-2_cnidaria	-	383	2.1e-77	254.3	1.2	1	1	2.7e-77	2.9e-77	253.8	1.2	17	338	47	375	26	383	0.68	-
JAJLRJ010000010.1_IkB-like-1_cnidaria_49902b19	-	423	IkB-like-2_cnidaria	-	383	2.4e-77	254.1	0.2	1	1	3.6e-77	3.9e-77	253.4	0.2	137	344	204	406	35	413	0.74	-
XP_068733763.1	-	419	IkB-like-2_cnidaria	-	383	3e-77	253.7	1.2	1	1	3.9e-77	4.2e-77	253.3	1.2	22	338	52	375	26	383	0.68	-
XP_068682682.1	-	370	IkB-like-2_cnidaria	-	383	5.5e-77	252.9	0.0	1	1	5.9e-77	6.4e-77	252.7	0.0	70	367	58	364	4	369	0.81	-
XP_068728612.1	-	370	IkB-like-2_cnidaria	-	383	5.5e-77	252.9	0.0	1	1	5.9e-77	6.4e-77	252.7	0.0	70	367	58	364	4	369	0.81	-
RDEB01000045.1_IkB-like-1_cnidaria_d454fb31	-	403	IkB-like-2_cnidaria	-	383	6.7e-77	252.6	1.0	1	1	9.3e-77	1e-76	252.0	1.0	23	338	64	387	32	394	0.67	-
BLAZ01000379.1_IkBa-like_cnidaria_d4087f07	-	375	IkB-like-2_cnidaria	-	383	8e-77	252.4	0.0	1	1	8.7e-77	9.4e-77	252.1	0.0	83	368	71	366	10	372	0.82	-
XP_028407711.1	-	282	IkB-like-2_cnidaria	-	383	2e-76	251.0	2.1	1	1	2.3e-76	2.5e-76	250.7	2.1	139	363	24	254	12	271	0.92	-
MPSW01005782.1_IkBa-like_cnidaria_ad08a3a6	-	369	IkB-like-2_cnidaria	-	383	8.4e-76	249.0	0.1	1	1	1e-75	1.1e-75	248.6	0.1	69	369	52	361	22	366	0.83	-
XP_032230483.1	-	384	IkB-like-2_cnidaria	-	383	1.5e-75	248.2	2.2	1	1	1.7e-75	1.8e-75	247.9	2.2	39	349	83	381	37	383	0.74	-
XP_032230484.1	-	383	IkB-like-2_cnidaria	-	383	1.6e-75	248.1	2.1	1	1	1.9e-75	2e-75	247.7	2.1	43	349	83	380	36	382	0.72	-
XP_032230483.2	-	384	IkB-like-2_cnidaria	-	383	3.8e-75	246.9	1.7	1	1	4.3e-75	4.7e-75	246.5	1.7	40	349	84	381	36	383	0.73	-
CALNXJ010000034.1_IkBa-like_cnidaria_66571076	-	376	IkB-like-2_cnidaria	-	383	6.5e-75	246.1	0.1	1	1	7.7e-75	8.3e-75	245.7	0.1	67	368	52	367	13	371	0.84	-
JAJLRJ010000006.1_IkBa-like_cnidaria_b0374efe	-	372	IkB-like-2_cnidaria	-	383	9.6e-75	245.5	0.1	1	1	1.1e-74	1.2e-74	245.2	0.1	55	368	39	362	2	368	0.77	-
XP_031565156.1	-	859	IkB-like-2_cnidaria	-	383	6.6e-74	242.8	0.3	1	1	9.8e-74	1.1e-73	242.1	0.3	142	371	503	737	438	744	0.86	-
XP_031565157.1	-	859	IkB-like-2_cnidaria	-	383	6.6e-74	242.8	0.3	1	1	9.8e-74	1.1e-73	242.1	0.3	142	371	503	737	438	744	0.86	-
XP_020901899.1	-	376	IkB-like-2_cnidaria	-	383	2.2e-72	237.8	2.1	1	1	2.6e-72	2.8e-72	237.4	2.1	134	365	130	367	37	372	0.82	-
XP_028396366.1	-	412	IkB-like-2_cnidaria	-	383	3.3e-72	237.2	0.2	1	1	3.7e-72	4e-72	236.9	0.2	124	358	140	379	8	389	0.82	-
XP_031557780.1	-	383	IkB-like-2_cnidaria	-	383	5e-72	236.6	1.4	1	1	5.6e-72	6e-72	236.3	1.4	118	365	120	374	17	381	0.81	-
MPSW01000736.1_IkB-like-1_cnidaria_3ae602e1	-	419	IkB-like-2_cnidaria	-	383	9.4e-72	235.7	0.9	1	1	8.7e-72	9.4e-72	235.7	0.9	151	342	219	404	216	408	0.96	-
KAK3739735.1	-	837	IkB-like-2_cnidaria	-	383	1.4e-71	235.1	0.2	1	1	2.1e-71	2.3e-71	234.4	0.2	142	370	476	708	406	718	0.88	-
XP_029186950.2	-	904	IkB-like-2_cnidaria	-	383	3.3e-70	230.6	1.3	1	1	5.4e-70	5.9e-70	229.8	1.3	142	366	499	723	433	735	0.92	-
XP_068704788.1	-	925	IkB-like-2_cnidaria	-	383	1.9e-69	228.0	0.0	1	1	3.1e-69	3.4e-69	227.3	0.0	75	359	453	735	356	753	0.79	-
XP_068721954.1	-	925	IkB-like-2_cnidaria	-	383	2e-69	228.0	0.0	1	1	3.3e-69	3.6e-69	227.2	0.0	76	359	454	735	356	753	0.79	-
XP_028404342.1	-	452	IkB-like-2_cnidaria	-	383	3.4e-69	227.3	12.3	1	1	5.8e-69	6.2e-69	226.4	12.3	94	346	136	386	118	394	0.84	-
XP_029186950.1	-	904	IkB-like-2_cnidaria	-	383	3.4e-69	227.2	1.7	1	1	6e-69	6.5e-69	226.3	1.7	142	358	499	715	433	733	0.92	-
XP_028404349.1	-	451	IkB-like-2_cnidaria	-	383	3.5e-69	227.2	12.1	1	1	6.1e-69	6.6e-69	226.3	12.1	100	346	141	385	119	393	0.83	-
XP_067053651.1	-	904	IkB-like-2_cnidaria	-	383	3.9e-69	227.1	1.8	1	1	6.6e-69	7.2e-69	226.2	1.8	142	358	499	715	434	733	0.92	-
BLEZ01000773.1_p105-like_cnidaria_c43d54bd	-	912	IkB-like-2_cnidaria	-	383	9.2e-69	225.8	2.7	1	1	1.7e-68	1.8e-68	224.8	2.7	142	358	506	722	495	740	0.93	-
XP_046852093.1	-	464	IkB-like-2_cnidaria	-	383	2.1e-68	224.6	6.2	1	1	2e-68	2.1e-68	224.6	6.2	103	344	149	388	134	393	0.89	-
XP_046852094.1	-	464	IkB-like-2_cnidaria	-	383	2.1e-68	224.6	6.2	1	1	2e-68	2.1e-68	224.6	6.2	103	344	149	388	134	393	0.89	-
XP_046852095.1	-	464	IkB-like-2_cnidaria	-	383	2.1e-68	224.6	6.2	1	1	2e-68	2.1e-68	224.6	6.2	103	344	149	388	134	393	0.89	-
XP_020916759.1	-	848	IkB-like-2_cnidaria	-	383	2.6e-68	224.3	1.0	1	1	4.7e-68	5e-68	223.4	1.0	81	370	440	734	431	743	0.80	-
BLFE01006569.1_p105-like_cnidaria_aa59d0aa	-	913	IkB-like-2_cnidaria	-	383	3.9e-68	223.8	2.6	1	1	6.6e-68	7.1e-68	222.9	2.6	142	358	506	722	492	740	0.93	-
JARQWQ010000012.1_p105-like_cnidaria_21f51161	-	912	IkB-like-2_cnidaria	-	383	5.3e-68	223.3	2.7	1	1	9.4e-68	1e-67	222.4	2.7	142	358	506	722	492	740	0.93	-
XP_073234456.1	-	909	IkB-like-2_cnidaria	-	383	1.7e-66	218.3	2.4	1	1	2.6e-66	2.8e-66	217.7	2.4	122	355	488	719	431	740	0.79	-
OZ116707.1_p105-like_cnidaria_9f32f0b0	-	918	IkB-like-2_cnidaria	-	383	1.8e-66	218.3	6.7	1	1	2.7e-66	3e-66	217.6	6.7	125	355	495	723	433	744	0.79	-
CAH3027709.1	-	912	IkB-like-2_cnidaria	-	383	2.9e-66	217.6	2.6	1	1	4.4e-66	4.7e-66	216.9	2.6	124	355	493	722	434	743	0.80	-
CAH3136379.1	-	910	IkB-like-2_cnidaria	-	383	4.7e-66	216.9	2.4	1	1	7.7e-66	8.3e-66	216.1	2.4	122	355	489	720	431	741	0.78	-
CAH3186488.1	-	910	IkB-like-2_cnidaria	-	383	5.2e-66	216.8	3.4	1	1	8.5e-66	9.2e-66	215.9	3.4	122	355	489	720	431	741	0.78	-
XP_022789210.1	-	916	IkB-like-2_cnidaria	-	383	1.1e-65	215.7	6.4	1	1	1.9e-65	2.1e-65	214.8	6.4	127	366	496	733	432	745	0.78	-
XP_022789211.1	-	916	IkB-like-2_cnidaria	-	383	1.1e-65	215.7	6.4	1	1	1.9e-65	2.1e-65	214.8	6.4	127	366	496	733	432	745	0.78	-
XP_058970121.1	-	919	IkB-like-2_cnidaria	-	383	1.4e-65	215.4	5.8	1	1	2.2e-65	2.4e-65	214.6	5.8	141	366	509	734	434	744	0.82	-
MU826351.1_p105-like_cnidaria_8da2a243	-	915	IkB-like-2_cnidaria	-	383	2.3e-65	214.6	7.8	1	1	2.1e-65	2.3e-65	214.6	7.8	142	356	512	726	442	746	0.87	-
CAH3117715.1	-	917	IkB-like-2_cnidaria	-	383	3.3e-65	214.1	5.4	1	1	5.6e-65	6e-65	213.3	5.4	141	366	509	734	434	744	0.82	-
CM106371.1_p105-like_cnidaria_95385fb0	-	919	IkB-like-2_cnidaria	-	383	3.3e-65	214.1	7.5	1	1	5.5e-65	6e-65	213.3	7.5	124	355	488	727	435	748	0.78	-
JAJLRJ010000002.1_p105-like_cnidaria_1c165c91	-	904	IkB-like-2_cnidaria	-	383	3.5e-65	214.0	4.3	1	1	6.1e-65	6.6e-65	213.1	4.3	125	355	482	710	425	731	0.81	-
CAB3997549.1	-	458	IkB-like-2_cnidaria	-	383	9.6e-65	212.6	9.3	1	1	8.9e-65	9.6e-65	212.6	9.3	86	343	133	384	117	388	0.81	-
XP_027038010.1	-	926	IkB-like-2_cnidaria	-	383	1.8e-64	211.7	6.6	1	1	2.9e-64	3.1e-64	210.9	6.6	129	366	505	741	434	751	0.78	-
XP_015766406.1	-	835	IkB-like-2_cnidaria	-	383	4.4e-64	210.4	1.8	1	1	8.1e-64	8.7e-64	209.4	1.8	150	358	438	646	432	664	0.93	-
CALNXJ010000016.1_p105-like_cnidaria_b4389a93	-	916	IkB-like-2_cnidaria	-	383	1.7e-62	205.2	4.0	1	1	2.7e-62	3e-62	204.4	4.0	141	366	509	738	431	748	0.83	-
NW_018149324.1_p105-like_cnidaria_989546e4	-	918	IkB-like-2_cnidaria	-	383	1.1e-53	176.2	1.6	1	1	1.7e-53	1.8e-53	175.5	1.6	124	310	494	677	433	681	0.77	-
MPSW01003764.1_p105-like_cnidaria_566e8a75	-	914	IkB-like-2_cnidaria	-	383	2.1e-53	175.3	1.6	1	1	3.2e-53	3.4e-53	174.6	1.6	141	310	505	673	439	677	0.83	-
BLAZ01000634.1_p105-like_cnidaria_42ec6be3	-	910	IkB-like-2_cnidaria	-	383	2.1e-43	142.3	3.0	1	2	4.6e-32	5e-32	104.9	0.5	142	256	506	619	492	624	0.92	-
BLAZ01000634.1_p105-like_cnidaria_42ec6be3	-	910	IkB-like-2_cnidaria	-	383	2.1e-43	142.3	3.0	2	2	1.7e-11	1.9e-11	37.2	0.1	306	358	670	722	665	740	0.87	-
NW_015441067.1_p105-like_cnidaria_c1c4e8b6	-	912	IkB-like-2_cnidaria	-	383	2.8e-41	135.4	0.1	1	1	5e-41	5.4e-41	134.4	0.1	183	309	551	673	549	676	0.96	-
XP_058957670.1	-	372	IkBa-like_cnidaria	-	374	1.4e-206	679.2	0.8	1	1	1.5e-206	1.6e-206	679.0	0.8	2	371	3	371	2	372	0.99	-
XP_073248332.1	-	390	IkBa-like_cnidaria	-	374	3e-206	678.1	0.6	1	1	3.3e-206	3.5e-206	677.9	0.6	2	372	8	377	7	379	0.99	-
XP_058957669.1	-	380	IkBa-like_cnidaria	-	374	4.1e-206	677.7	0.6	1	1	4.4e-206	4.8e-206	677.5	0.6	2	372	3	372	2	374	0.99	-
XP_027057623.1	-	371	IkBa-like_cnidaria	-	374	5.9e-206	677.2	0.4	1	1	6.4e-206	6.9e-206	676.9	0.4	2	371	3	370	2	371	0.99	-
XP_073248334.1	-	377	IkBa-like_cnidaria	-	374	8e-206	676.7	0.6	1	1	8.6e-206	9.3e-206	676.5	0.6	2	369	8	374	7	377	0.99	-
CALNXI010000943.1_IkBa-like_cnidaria_00703371	-	372	IkBa-like_cnidaria	-	374	8.1e-206	676.7	0.5	1	1	8.3e-206	8.9e-206	676.6	0.5	3	372	2	370	1	372	0.99	-
XP_027057621.1	-	379	IkBa-like_cnidaria	-	374	1.8e-205	675.6	0.3	1	1	2e-205	2.1e-205	675.3	0.3	2	372	3	371	2	373	0.99	-
XP_058957670.2	-	371	IkBa-like_cnidaria	-	374	1.9e-205	675.5	0.3	1	1	2.1e-205	2.3e-205	675.2	0.3	2	371	3	370	2	371	0.99	-
CALNXK010000029.1_IkBa-like_cnidaria_36d8db0b	-	372	IkBa-like_cnidaria	-	374	2e-205	675.4	0.3	1	1	2e-205	2.2e-205	675.3	0.3	3	372	2	370	1	372	0.99	-
CAH3028528.1	-	386	IkBa-like_cnidaria	-	374	3.4e-205	674.7	1.2	1	1	3.7e-205	4.1e-205	674.4	1.2	2	372	8	377	7	379	0.99	-
CAH3140492.1	-	386	IkBa-like_cnidaria	-	374	5.6e-205	673.9	0.5	1	1	6.6e-205	7.2e-205	673.6	0.5	2	368	3	367	2	371	0.99	-
XP_058957669.2	-	379	IkBa-like_cnidaria	-	374	6.1e-205	673.8	0.2	1	1	6.6e-205	7.1e-205	673.6	0.2	2	372	3	371	2	373	0.99	-
CAH3148052.1	-	393	IkBa-like_cnidaria	-	374	4.9e-204	670.9	0.4	1	1	5.6e-204	6e-204	670.5	0.4	2	361	8	366	7	378	0.99	-
XP_022798721.1	-	371	IkBa-like_cnidaria	-	374	6.9e-204	670.4	0.3	1	1	7.4e-204	8e-204	670.1	0.3	2	370	3	369	2	371	0.99	-
CAH3116438.1	-	390	IkBa-like_cnidaria	-	374	1.1e-203	669.6	0.2	1	1	1.3e-203	1.4e-203	669.3	0.2	2	361	8	366	7	378	0.99	-
XP_022798720.1	-	379	IkBa-like_cnidaria	-	374	1.3e-203	669.4	0.3	1	1	1.5e-203	1.6e-203	669.2	0.3	2	372	3	371	2	373	0.99	-
XP_068682681.1	-	385	IkBa-like_cnidaria	-	374	5.9e-203	667.3	0.7	1	1	6.2e-203	6.7e-203	667.1	0.7	1	372	1	372	1	374	0.99	-
XP_068728611.1	-	385	IkBa-like_cnidaria	-	374	5.9e-203	667.3	0.7	1	1	6.2e-203	6.7e-203	667.1	0.7	1	372	1	372	1	374	0.99	-
XP_068682682.1	-	370	IkBa-like_cnidaria	-	374	1.3e-202	666.2	0.6	1	1	1.3e-202	1.4e-202	666.0	0.6	1	369	1	369	1	370	0.99	-
XP_068728612.1	-	370	IkBa-like_cnidaria	-	374	1.3e-202	666.2	0.6	1	1	1.3e-202	1.4e-202	666.0	0.6	1	369	1	369	1	370	0.99	-
MU827791.1_IkBa-like_cnidaria_6b58b217	-	369	IkBa-like_cnidaria	-	374	2.9e-201	661.7	1.2	1	1	2.9e-201	3.2e-201	661.6	1.2	3	372	2	368	1	369	0.98	-
KAJ7330771.1	-	369	IkBa-like_cnidaria	-	374	3.1e-201	661.6	1.6	1	1	3.2e-201	3.4e-201	661.5	1.6	2	370	2	367	1	369	0.98	-
RDEB01000241.1_IkBa-like_cnidaria_d5b655b1	-	374	IkBa-like_cnidaria	-	374	1e-200	659.9	0.4	1	1	1.1e-200	1.2e-200	659.7	0.4	1	372	1	372	1	374	0.99	-
CM106380.1_IkBa-like_cnidaria_9f645d40	-	371	IkBa-like_cnidaria	-	374	1.2e-200	659.7	0.4	1	1	1.2e-200	1.3e-200	659.6	0.4	1	373	1	370	1	371	0.98	-
OZ116701.1_IkBa-like_cnidaria_f420e57a	-	369	IkBa-like_cnidaria	-	374	1.4e-200	659.5	0.7	1	1	1.4e-200	1.5e-200	659.4	0.7	4	373	3	368	1	369	0.98	-
JAJLRJ010000006.1_IkBa-like_cnidaria_b0374efe	-	372	IkBa-like_cnidaria	-	374	1.9e-200	659.0	1.0	1	1	2e-200	2.2e-200	658.8	1.0	3	372	2	369	1	371	0.99	-
XP_020604254.1	-	376	IkBa-like_cnidaria	-	374	2.1e-200	658.9	0.5	1	1	2.2e-200	2.4e-200	658.7	0.5	2	373	2	369	1	370	0.98	-
CALNXJ010000034.1_IkBa-like_cnidaria_66571076	-	376	IkBa-like_cnidaria	-	374	2.8e-200	658.5	0.7	1	1	2.8e-200	3.1e-200	658.3	0.7	3	372	2	374	1	376	0.98	-
XP_020604255.1	-	368	IkBa-like_cnidaria	-	374	7.1e-200	657.2	0.7	1	1	7.3e-200	7.9e-200	657.0	0.7	2	370	2	366	1	368	0.98	-
JARQWQ010000014.1_IkBa-like_cnidaria_9832f2a5	-	375	IkBa-like_cnidaria	-	374	1.5e-198	652.8	0.2	1	1	1.5e-198	1.6e-198	652.7	0.2	1	372	1	373	1	375	0.99	-
XP_067031383.1	-	378	IkBa-like_cnidaria	-	374	3.1e-198	651.7	0.1	1	1	3.3e-198	3.5e-198	651.6	0.1	1	372	1	373	1	375	0.99	-
XP_029197502.2	-	378	IkBa-like_cnidaria	-	374	4.2e-198	651.3	0.1	1	1	4.4e-198	4.8e-198	651.1	0.1	1	372	1	373	1	375	0.99	-
XP_029197502.1	-	381	IkBa-like_cnidaria	-	374	1.4e-197	649.6	0.1	1	1	1.5e-197	1.6e-197	649.4	0.1	1	372	1	373	1	375	0.99	-
BLEZ01003045.1_IkBa-like_cnidaria_dbd06efd	-	375	IkBa-like_cnidaria	-	374	2.4e-197	648.8	0.2	1	1	2.5e-197	2.7e-197	648.7	0.2	1	372	1	373	1	375	0.99	-
KAK2567480.1	-	367	IkBa-like_cnidaria	-	374	3.6e-197	648.3	0.2	1	1	3.7e-197	4e-197	648.1	0.2	1	365	1	366	1	367	0.99	-
MPSW01005782.1_IkBa-like_cnidaria_ad08a3a6	-	369	IkBa-like_cnidaria	-	374	8.2e-193	633.9	0.2	1	1	8.4e-193	9.1e-193	633.8	0.2	4	373	3	368	1	369	0.98	-
BLAZ01000379.1_IkBa-like_cnidaria_d4087f07	-	375	IkBa-like_cnidaria	-	374	4.8e-192	631.4	0.0	1	1	4.9e-192	5.3e-192	631.2	0.0	1	372	1	373	1	375	0.99	-
BLFE01000447.1_IkBa-like_cnidaria_12d513b1	-	375	IkBa-like_cnidaria	-	374	2.6e-191	628.9	0.2	1	1	2.7e-191	2.9e-191	628.8	0.2	1	372	1	373	1	375	0.99	-
XP_032228503.2	-	383	IkBa-like_cnidaria	-	374	2.1e-159	524.0	0.0	1	1	2.1e-159	2.3e-159	523.8	0.0	3	362	2	371	1	383	0.97	-
XP_032228503.1	-	383	IkBa-like_cnidaria	-	374	3.6e-159	523.2	0.0	1	1	3.7e-159	4e-159	523.0	0.0	3	362	2	371	1	383	0.97	-
XP_031557780.1	-	383	IkBa-like_cnidaria	-	374	5.3e-154	506.2	2.0	1	1	5.5e-154	5.9e-154	506.0	2.0	2	369	2	381	1	383	0.96	-
XP_020901899.1	-	376	IkBa-like_cnidaria	-	374	1.4e-147	485.1	1.2	1	1	1.4e-147	1.5e-147	484.9	1.2	5	369	2	374	1	376	0.97	-
XP_028396366.1	-	412	IkBa-like_cnidaria	-	374	1.8e-141	465.0	0.1	1	1	2e-141	2.1e-141	464.7	0.1	3	372	9	398	7	400	0.96	-
XP_028407711.1	-	282	IkBa-like_cnidaria	-	374	1.2e-115	380.0	2.8	1	1	1.3e-115	1.4e-115	379.7	2.8	104	361	3	255	1	266	0.97	-
XP_031565156.1	-	859	IkBa-like_cnidaria	-	374	2.3e-87	286.9	0.8	1	1	4.1e-87	4.5e-87	285.9	0.8	103	366	478	735	446	741	0.91	-
XP_031565157.1	-	859	IkBa-like_cnidaria	-	374	2.3e-87	286.9	0.8	1	1	4.1e-87	4.5e-87	285.9	0.8	103	366	478	735	446	741	0.91	-
KAK3739735.1	-	837	IkBa-like_cnidaria	-	374	6.6e-87	285.4	0.8	1	1	6.1e-87	6.6e-87	285.4	0.8	101	365	449	706	407	711	0.88	-
XP_073234456.1	-	909	IkBa-like_cnidaria	-	374	4.1e-81	266.3	3.5	1	2	6.5	7	-1.0	0.2	8	79	153	228	147	233	0.59	-
XP_073234456.1	-	909	IkBa-like_cnidaria	-	374	4.1e-81	266.3	3.5	2	2	3.8e-81	4.1e-81	266.3	3.5	78	366	452	733	433	741	0.88	-
CAH3027709.1	-	912	IkBa-like_cnidaria	-	374	5.3e-81	265.9	3.5	1	1	4.9e-81	5.3e-81	265.9	3.5	78	366	455	736	436	744	0.88	-
XP_020916759.1	-	848	IkBa-like_cnidaria	-	374	6.9e-81	265.6	2.1	1	1	6.3e-81	6.9e-81	265.6	2.1	82	366	452	733	431	736	0.87	-
XP_029186950.1	-	904	IkBa-like_cnidaria	-	374	8.4e-81	265.3	3.7	1	2	7.8e-81	8.4e-81	265.3	3.7	106	366	477	726	442	733	0.91	-
XP_029186950.1	-	904	IkBa-like_cnidaria	-	374	8.4e-81	265.3	3.7	2	2	6	6.5	-0.9	0.2	42	116	840	895	812	903	0.46	-
XP_067053651.1	-	904	IkBa-like_cnidaria	-	374	9.4e-81	265.1	3.6	1	2	8.7e-81	9.4e-81	265.1	3.6	106	366	477	726	442	733	0.91	-
XP_067053651.1	-	904	IkBa-like_cnidaria	-	374	9.4e-81	265.1	3.6	2	2	4.6	5	-0.5	0.3	40	90	838	898	812	903	0.59	-
CAH3186488.1	-	910	IkBa-like_cnidaria	-	374	1.1e-80	264.8	3.8	1	2	9.2	10	-1.5	0.4	8	78	153	227	147	233	0.58	-
CAH3186488.1	-	910	IkBa-like_cnidaria	-	374	1.1e-80	264.8	3.8	2	2	1.1e-80	1.1e-80	264.8	3.8	78	366	453	734	432	742	0.87	-
XP_029186950.2	-	904	IkBa-like_cnidaria	-	374	1.7e-80	264.3	3.9	1	2	1.6e-80	1.7e-80	264.3	3.9	106	366	477	726	442	733	0.91	-
XP_029186950.2	-	904	IkBa-like_cnidaria	-	374	1.7e-80	264.3	3.9	2	2	4.6	5	-0.5	0.3	40	90	838	898	812	903	0.59	-
CAH3136379.1	-	910	IkBa-like_cnidaria	-	374	1.9e-80	264.1	2.9	1	2	9.2	10	-1.5	0.4	8	78	153	227	147	233	0.58	-
CAH3136379.1	-	910	IkBa-like_cnidaria	-	374	1.9e-80	264.1	2.9	2	2	1.8e-80	1.9e-80	264.1	2.9	78	366	453	734	432	742	0.87	-
BLEZ01000773.1_p105-like_cnidaria_c43d54bd	-	912	IkBa-like_cnidaria	-	374	3e-80	263.5	4.8	1	2	2.7e-80	3e-80	263.5	4.8	106	366	484	733	471	740	0.93	-
BLEZ01000773.1_p105-like_cnidaria_c43d54bd	-	912	IkBa-like_cnidaria	-	374	3e-80	263.5	4.8	2	2	3.4	3.7	-0.1	0.3	37	83	843	899	819	911	0.48	-
BLFE01006569.1_p105-like_cnidaria_aa59d0aa	-	913	IkBa-like_cnidaria	-	374	6.7e-80	262.3	4.5	1	2	6.2e-80	6.7e-80	262.3	4.5	106	366	484	733	471	740	0.93	-
BLFE01006569.1_p105-like_cnidaria_aa59d0aa	-	913	IkBa-like_cnidaria	-	374	6.7e-80	262.3	4.5	2	2	4.7	5.1	-0.6	0.2	37	83	844	900	819	912	0.54	-
JAJLRJ010000002.1_p105-like_cnidaria_1c165c91	-	904	IkBa-like_cnidaria	-	374	7.7e-80	262.1	5.2	1	1	7.1e-80	7.7e-80	262.1	5.2	100	366	469	724	434	731	0.90	-
JARQWQ010000012.1_p105-like_cnidaria_21f51161	-	912	IkBa-like_cnidaria	-	374	1.3e-79	261.4	4.3	1	2	1.2e-79	1.3e-79	261.4	4.3	106	366	484	733	471	740	0.93	-
JARQWQ010000012.1_p105-like_cnidaria_21f51161	-	912	IkBa-like_cnidaria	-	374	1.3e-79	261.4	4.3	2	2	5.3	5.7	-0.7	0.2	41	114	847	901	820	911	0.44	-
OZ116707.1_p105-like_cnidaria_9f32f0b0	-	918	IkBa-like_cnidaria	-	374	1.9e-78	257.6	7.2	1	1	4e-78	4.4e-78	256.3	7.2	101	366	483	737	446	745	0.91	-
CM106371.1_p105-like_cnidaria_95385fb0	-	919	IkBa-like_cnidaria	-	374	4.2e-77	253.1	7.6	1	3	1.4	1.5	1.2	0.2	8	80	153	229	146	237	0.64	-
CM106371.1_p105-like_cnidaria_95385fb0	-	919	IkBa-like_cnidaria	-	374	4.2e-77	253.1	7.6	2	3	3.9e-77	4.2e-77	253.1	7.6	100	366	486	741	442	749	0.90	-
CM106371.1_p105-like_cnidaria_95385fb0	-	919	IkBa-like_cnidaria	-	374	4.2e-77	253.1	7.6	3	3	6.3	6.8	-1.0	0.1	38	75	851	898	831	914	0.49	-
XP_058970121.1	-	919	IkBa-like_cnidaria	-	374	7.6e-77	252.3	6.8	1	2	9.2	9.9	-1.5	0.2	8	79	153	228	147	237	0.56	-
XP_058970121.1	-	919	IkBa-like_cnidaria	-	374	7.6e-77	252.3	6.8	2	2	7e-77	7.6e-77	252.3	6.8	100	366	482	737	448	745	0.90	-
CAH3117715.1	-	917	IkBa-like_cnidaria	-	374	8.5e-77	252.1	6.0	1	1	7.9e-77	8.5e-77	252.1	6.0	100	366	482	737	446	745	0.90	-
XP_027038010.1	-	926	IkBa-like_cnidaria	-	374	9.2e-77	252.0	6.1	1	2	4.1	4.4	-0.4	0.2	4	79	149	228	146	236	0.66	-
XP_027038010.1	-	926	IkBa-like_cnidaria	-	374	9.2e-77	252.0	6.1	2	2	8.5e-77	9.2e-77	252.0	6.1	99	366	488	744	440	752	0.89	-
CM106375.1_IkB-like-2_cnidaria_c879bcb4	-	375	IkBa-like_cnidaria	-	374	1.6e-76	251.2	4.1	1	1	1.8e-76	2e-76	250.9	4.1	73	365	98	375	43	375	0.80	-
XP_068687145.1	-	361	IkBa-like_cnidaria	-	374	4e-76	249.9	6.1	1	1	4.7e-76	5.1e-76	249.5	6.1	19	369	7	350	2	355	0.81	-
XP_068687146.1	-	360	IkBa-like_cnidaria	-	374	4.6e-76	249.7	5.9	1	1	5.3e-76	5.8e-76	249.4	5.9	19	369	6	349	2	354	0.81	-
XP_068721954.1	-	925	IkBa-like_cnidaria	-	374	5.2e-76	249.5	5.4	1	1	4.8e-76	5.2e-76	249.5	5.4	94	366	468	745	434	751	0.86	-
MU826351.1_p105-like_cnidaria_8da2a243	-	915	IkBa-like_cnidaria	-	374	5.7e-76	249.4	10.0	1	3	6.7	7.2	-1.1	0.6	10	79	155	228	147	236	0.60	-
MU826351.1_p105-like_cnidaria_8da2a243	-	915	IkBa-like_cnidaria	-	374	5.7e-76	249.4	10.0	2	3	5.3e-76	5.7e-76	249.4	10.0	101	366	485	739	453	747	0.91	-
MU826351.1_p105-like_cnidaria_8da2a243	-	915	IkBa-like_cnidaria	-	374	5.7e-76	249.4	10.0	3	3	9.4	10	-1.6	0.1	32	69	841	875	819	905	0.62	-
XP_068704788.1	-	925	IkBa-like_cnidaria	-	374	6.6e-76	249.2	5.8	1	2	6.1e-76	6.6e-76	249.2	5.8	94	366	468	745	434	751	0.86	-
XP_068704788.1	-	925	IkBa-like_cnidaria	-	374	6.6e-76	249.2	5.8	2	2	3.9	4.2	-0.3	0.3	38	102	857	921	830	925	0.60	-
RDEB01000045.1_IkB-like-2_cnidaria_912ea7a3	-	345	IkBa-like_cnidaria	-	374	7e-76	249.1	3.4	1	1	7.9e-76	8.5e-76	248.8	3.4	45	364	34	345	2	345	0.77	-
XP_068731937.1	-	367	IkBa-like_cnidaria	-	374	9.4e-76	248.7	4.7	1	1	1.1e-75	1.2e-75	248.3	4.7	19	369	7	356	2	361	0.77	-
XP_068731938.1	-	366	IkBa-like_cnidaria	-	374	1.1e-75	248.5	4.5	1	1	1.2e-75	1.3e-75	248.2	4.5	20	369	7	355	2	360	0.76	-
XP_022789210.1	-	916	IkBa-like_cnidaria	-	374	1.8e-75	247.8	6.9	1	2	5.1	5.6	-0.7	0.1	8	80	153	227	147	243	0.70	-
XP_022789210.1	-	916	IkBa-like_cnidaria	-	374	1.8e-75	247.8	6.9	2	2	1.6e-75	1.8e-75	247.8	6.9	85	365	466	735	432	743	0.88	-
XP_022789211.1	-	916	IkBa-like_cnidaria	-	374	1.8e-75	247.8	6.9	1	2	5.1	5.6	-0.7	0.1	8	80	153	227	147	243	0.70	-
XP_022789211.1	-	916	IkBa-like_cnidaria	-	374	1.8e-75	247.8	6.9	2	2	1.6e-75	1.8e-75	247.8	6.9	85	365	466	735	432	743	0.88	-
XP_031566534.1	-	389	IkBa-like_cnidaria	-	374	3.9e-75	246.6	2.8	1	1	4.4e-75	4.8e-75	246.3	2.8	18	364	20	353	1	363	0.76	-
OZ116704.1_IkB-like-2_cnidaria_1a064885	-	362	IkBa-like_cnidaria	-	374	1.6e-74	244.6	1.6	1	1	1.8e-74	1.9e-74	244.4	1.6	115	365	123	362	32	362	0.86	-
XP_020614015.1	-	380	IkBa-like_cnidaria	-	374	1.8e-74	244.4	0.9	1	1	2.1e-74	2.3e-74	244.1	0.9	116	366	127	366	49	373	0.89	-
MPSW01000736.1_IkB-like-2_cnidaria_21607528	-	362	IkBa-like_cnidaria	-	374	2e-74	244.3	1.5	1	1	2.2e-74	2.4e-74	244.1	1.5	116	365	124	362	48	362	0.89	-
XP_028400144.1	-	413	IkBa-like_cnidaria	-	374	2.1e-74	244.3	3.9	1	1	2.5e-74	2.7e-74	243.9	3.9	70	369	74	379	21	384	0.79	-
XP_028400134.1	-	423	IkBa-like_cnidaria	-	374	2.2e-74	244.2	3.9	1	1	2.7e-74	2.9e-74	243.8	3.9	70	369	84	389	31	394	0.79	-
CALNXJ010000016.1_p105-like_cnidaria_b4389a93	-	916	IkBa-like_cnidaria	-	374	4.7e-74	243.1	5.2	1	1	4.3e-74	4.7e-74	243.1	5.2	100	366	482	741	441	749	0.90	-
XP_073256376.1	-	388	IkBa-like_cnidaria	-	374	2.8e-73	240.5	2.1	1	1	3.4e-73	3.6e-73	240.2	2.1	11	367	15	375	5	382	0.75	-
CAH3158544.1	-	393	IkBa-like_cnidaria	-	374	8.9e-73	238.9	0.3	1	1	1.4e-72	1.6e-72	238.1	0.3	6	343	51	388	46	392	0.79	-
CAH3158546.1	-	368	IkBa-like_cnidaria	-	374	1.2e-72	238.4	1.0	1	1	1.4e-72	1.5e-72	238.2	1.0	10	364	12	368	3	368	0.79	-
JAJLRJ010000010.1_IkB-like-2_cnidaria_0ad31e39	-	371	IkBa-like_cnidaria	-	374	3.1e-72	237.1	0.6	1	1	3.8e-72	4.2e-72	236.7	0.6	51	361	67	368	43	370	0.87	-
CAH3146082.1	-	388	IkBa-like_cnidaria	-	374	4.1e-72	236.7	5.2	1	1	5e-72	5.4e-72	236.3	5.2	66	366	85	374	22	382	0.74	-
XP_027051378.1	-	384	IkBa-like_cnidaria	-	374	5.4e-72	236.3	4.4	1	1	6.7e-72	7.2e-72	235.9	4.4	41	366	48	370	21	378	0.75	-
XP_027051450.1	-	384	IkBa-like_cnidaria	-	374	5.4e-72	236.3	4.4	1	1	6.7e-72	7.2e-72	235.9	4.4	41	366	48	370	21	378	0.75	-
CALNXJ010000041.1_IkB-like-2_cnidaria_209c0d6c	-	371	IkBa-like_cnidaria	-	374	7e-72	235.9	5.3	1	1	7.9e-72	8.5e-72	235.6	5.3	66	364	84	371	21	371	0.74	-
XP_029214164.1	-	355	IkBa-like_cnidaria	-	374	8.5e-72	235.6	5.9	1	1	1e-71	1.1e-71	235.3	5.9	45	370	32	345	6	349	0.78	-
XP_067031528.1	-	355	IkBa-like_cnidaria	-	374	8.6e-72	235.6	6.3	1	1	1.1e-71	1.2e-71	235.2	6.3	47	370	34	345	5	349	0.76	-
KAK2566508.1	-	355	IkBa-like_cnidaria	-	374	1e-71	235.4	5.7	1	1	1.3e-71	1.4e-71	235.0	5.7	68	370	56	345	6	349	0.77	-
CAB4012946.1	-	400	IkBa-like_cnidaria	-	374	1e-71	235.4	12.7	1	1	1.9e-71	2e-71	234.4	12.7	52	358	33	349	9	367	0.78	-
CAB4007512.1	-	407	IkBa-like_cnidaria	-	374	1.2e-71	235.2	12.8	1	1	1.9e-71	2.1e-71	234.4	12.8	32	358	35	356	11	374	0.78	-
CAH3027367.1	-	246	IkBa-like_cnidaria	-	374	1.4e-71	234.9	1.3	1	1	1.8e-71	1.9e-71	234.5	1.3	127	367	3	233	2	240	0.94	-
XP_058956196.1	-	384	IkBa-like_cnidaria	-	374	1.6e-71	234.7	5.4	1	1	1.9e-71	2.1e-71	234.4	5.4	44	366	51	370	22	378	0.77	-
XP_029214164.2	-	355	IkBa-like_cnidaria	-	374	2.1e-71	234.3	5.9	1	1	2.6e-71	2.8e-71	233.9	5.9	45	370	32	345	6	349	0.78	-
XP_022801432.1	-	389	IkBa-like_cnidaria	-	374	4e-71	233.4	3.2	1	1	4.9e-71	5.3e-71	233.0	3.2	97	366	119	375	64	383	0.84	-
XP_022801433.1	-	389	IkBa-like_cnidaria	-	374	4e-71	233.4	3.2	1	1	4.9e-71	5.3e-71	233.0	3.2	97	366	119	375	64	383	0.84	-
XP_058956196.2	-	388	IkBa-like_cnidaria	-	374	4.2e-71	233.4	6.1	1	1	5e-71	5.4e-71	233.0	6.1	65	366	89	374	25	382	0.76	-
XP_015766406.1	-	835	IkBa-like_cnidaria	-	374	1.5e-70	231.6	1.4	1	2	1.4e-70	1.5e-70	231.6	1.4	134	366	434	657	419	663	0.92	-
XP_015766406.1	-	835	IkBa-like_cnidaria	-	374	1.5e-70	231.6	1.4	2	2	7.1	7.7	-1.2	0.2	39	81	768	820	737	834	0.50	-
CAH3198638.1	-	410	IkBa-like_cnidaria	-	374	2e-69	227.9	2.9	1	1	7.8e-69	8.5e-69	225.8	2.9	126	343	202	405	46	409	0.83	-
BLFE01004004.1_IkB-like-2_cnidaria_bb7b20e5	-	368	IkBa-like_cnidaria	-	374	2.1e-69	227.8	9.5	1	1	3.7e-69	4e-69	226.9	9.5	113	366	121	364	8	367	0.86	-
XP_046853943.1	-	364	IkBa-like_cnidaria	-	374	2.7e-69	227.4	3.1	1	1	3.5e-69	3.8e-69	226.9	3.1	122	356	110	340	10	357	0.81	-
XP_046853944.1	-	364	IkBa-like_cnidaria	-	374	2.7e-69	227.4	3.1	1	1	3.5e-69	3.8e-69	226.9	3.1	122	356	110	340	10	357	0.81	-
XP_073256375.1	-	447	IkBa-like_cnidaria	-	374	2.9e-69	227.3	3.3	1	1	1.1e-68	1.2e-68	225.3	3.3	126	344	202	406	46	413	0.84	-
BLEZ01000629.1_IkB-like-2_cnidaria_0572989b	-	366	IkBa-like_cnidaria	-	374	3.4e-69	227.1	9.9	1	1	5.8e-69	6.3e-69	226.2	9.9	110	365	118	363	3	365	0.79	-
CAH3197536.1	-	416	IkBa-like_cnidaria	-	374	4.3e-69	226.8	0.1	1	1	3.9e-69	4.3e-69	226.8	0.1	129	343	211	411	198	415	0.93	-
OZ116704.1_IkB-like-1_cnidaria_ac0dd393	-	419	IkBa-like_cnidaria	-	374	8.1e-69	225.8	2.0	1	1	1.9e-68	2.1e-68	224.5	2.0	129	338	209	404	197	410	0.94	-
BLAZ01001464.1_IkB-like-2_cnidaria_6fa67b39	-	362	IkBa-like_cnidaria	-	374	1e-68	225.5	9.7	1	1	1.7e-68	1.8e-68	224.7	9.7	111	364	119	362	3	362	0.80	-
XP_020903771.1	-	383	IkBa-like_cnidaria	-	374	1.6e-68	224.9	12.1	1	1	3e-68	3.3e-68	223.9	12.1	36	363	19	352	6	364	0.72	-
CM106375.1_IkB-like-1_cnidaria_a32257ab	-	412	IkBa-like_cnidaria	-	374	2e-68	224.6	1.9	1	1	6.2e-68	6.7e-68	222.8	1.9	129	346	203	406	192	411	0.94	-
XP_020614060.1	-	431	IkBa-like_cnidaria	-	374	2.1e-68	224.5	2.1	1	1	5.8e-68	6.2e-68	222.9	2.1	129	338	199	394	186	401	0.94	-
CAB4029555.1	-	334	IkBa-like_cnidaria	-	374	3e-68	224.0	1.9	1	1	3.4e-68	3.7e-68	223.7	1.9	107	357	64	314	14	331	0.81	-
KAJ7378236.1	-	269	IkBa-like_cnidaria	-	374	3.5e-68	223.7	2.8	1	1	1e-67	1.1e-67	222.1	2.8	129	346	32	235	21	254	0.93	-
XP_022801431.1	-	443	IkBa-like_cnidaria	-	374	4e-68	223.6	0.8	1	1	8e-68	8.6e-68	222.5	0.9	129	345	207	409	190	423	0.94	-
XP_001626962.2	-	530	IkBa-like_cnidaria	-	374	8.3e-68	222.5	5.3	1	1	7.7e-68	8.3e-68	222.5	5.3	74	356	228	499	137	515	0.77	-
CALNXJ010000041.1_IkB-like-1_cnidaria_d9883b6d	-	417	IkBa-like_cnidaria	-	374	8.8e-68	222.4	0.7	1	1	1.6e-67	1.7e-67	221.5	0.7	129	345	207	409	191	413	0.95	-
XP_058956197.1	-	443	IkBa-like_cnidaria	-	374	1.9e-67	221.3	0.8	1	1	3.3e-67	3.6e-67	220.4	0.8	129	345	207	409	189	423	0.95	-
XP_046853941.1	-	399	IkBa-like_cnidaria	-	374	2.1e-67	221.2	7.5	1	1	2.4e-67	2.6e-67	220.9	7.5	126	361	149	382	62	394	0.83	-
MU826368.1_IkB-like-1_cnidaria_d06fa176	-	406	IkBa-like_cnidaria	-	374	2.1e-67	221.2	2.8	1	1	5.8e-67	6.2e-67	219.6	2.8	129	345	200	402	189	405	0.94	-
JAJLRJ010000010.1_IkB-like-1_cnidaria_49902b19	-	423	IkBa-like_cnidaria	-	374	3.1e-67	220.7	0.4	1	1	6.3e-67	6.8e-67	219.5	0.4	129	339	208	404	196	409	0.95	-
XP_028400154.1	-	408	IkBa-like_cnidaria	-	374	3.9e-67	220.3	8.4	1	1	6.4e-67	6.9e-67	219.5	8.4	108	360	140	388	43	403	0.76	-
CAB4029556.1	-	428	IkBa-like_cnidaria	-	374	4.1e-67	220.2	5.0	1	2	2.9	3.1	0.1	4.7	49	123	9	84	2	116	0.70	-
CAB4029556.1	-	428	IkBa-like_cnidaria	-	374	4.1e-67	220.2	5.0	2	2	3.8e-67	4.1e-67	220.2	5.0	110	357	161	408	115	425	0.78	-
XP_027052644.1	-	443	IkBa-like_cnidaria	-	374	5.2e-67	219.9	1.0	1	1	9.3e-67	1e-66	218.9	1.0	129	345	207	409	189	422	0.95	-
XP_046853942.1	-	386	IkBa-like_cnidaria	-	374	5.8e-67	219.7	8.3	1	1	6.6e-67	7.2e-67	219.4	8.3	126	360	149	381	62	385	0.84	-
XP_068687147.1	-	348	IkBa-like_cnidaria	-	374	1.5e-66	218.4	5.6	1	2	1e-39	1.1e-39	129.9	2.5	19	223	7	212	2	231	0.74	-
XP_068687147.1	-	348	IkBa-like_cnidaria	-	374	1.5e-66	218.4	5.6	2	2	1.8e-27	1.9e-27	89.7	0.1	276	369	245	337	228	342	0.92	-
MU826368.1_IkB-like-1_cnidaria_06294bfc	-	406	IkBa-like_cnidaria	-	374	2.2e-66	217.8	3.0	1	1	6e-66	6.5e-66	216.3	3.0	129	345	200	402	189	405	0.94	-
XP_068731939.1	-	354	IkBa-like_cnidaria	-	374	4.3e-66	216.9	4.6	1	2	3.6e-39	3.9e-39	128.1	1.8	19	223	7	218	2	236	0.68	-
XP_068731939.1	-	354	IkBa-like_cnidaria	-	374	4.3e-66	216.9	4.6	2	2	1.9e-27	2.1e-27	89.6	0.1	276	369	251	343	236	348	0.93	-
XP_020904317.1	-	435	IkBa-like_cnidaria	-	374	7.4e-66	216.1	5.3	1	1	6.8e-66	7.4e-66	216.1	5.3	127	366	206	433	117	435	0.89	-
BLEZ01000629.1_IkB-like-1_cnidaria_01b137d4	-	393	IkBa-like_cnidaria	-	374	1.7e-65	214.9	0.1	1	1	3.4e-65	3.7e-65	213.8	0.0	126	338	181	379	166	385	0.91	-
BLAZ01001464.1_IkB-like-1_cnidaria_4841c60e	-	393	IkBa-like_cnidaria	-	374	2e-65	214.7	0.1	1	1	3.7e-65	4e-65	213.7	0.1	129	338	185	380	172	387	0.93	-
XP_031569757.1	-	418	IkBa-like_cnidaria	-	374	2.2e-65	214.5	1.1	1	1	5.2e-65	5.6e-65	213.2	0.7	129	340	192	391	180	406	0.93	-
XP_029214161.2	-	423	IkBa-like_cnidaria	-	374	2.3e-65	214.5	0.1	1	1	4.3e-65	4.7e-65	213.5	0.1	116	338	170	377	152	387	0.91	-
BLFE01004004.1_IkB-like-1_cnidaria_d30b3adf	-	394	IkBa-like_cnidaria	-	374	3.6e-65	213.8	0.0	1	1	6e-65	6.5e-65	213.0	0.0	116	338	173	380	131	386	0.92	-
XP_067039091.1	-	423	IkBa-like_cnidaria	-	374	4.2e-65	213.6	0.1	1	1	7.4e-65	8e-65	212.7	0.1	129	338	182	377	171	388	0.93	-
NW_015441482.1_IkB-like-1_cnidaria_9cc761db	-	395	IkBa-like_cnidaria	-	374	4.6e-65	213.5	0.2	1	1	8.3e-65	8.9e-65	212.5	0.2	129	338	186	381	174	391	0.93	-
XP_029214161.1	-	423	IkBa-like_cnidaria	-	374	4.9e-65	213.4	0.0	1	1	1e-64	1.1e-64	212.2	0.0	126	338	179	377	164	383	0.91	-
XP_068687143.1	-	419	IkBa-like_cnidaria	-	374	3.6e-64	210.5	0.8	1	1	9.8e-64	1.1e-63	209.0	0.8	68	338	116	378	30	390	0.73	-
XP_068733763.1	-	419	IkBa-like_cnidaria	-	374	4.8e-64	210.1	0.5	1	1	1.3e-63	1.4e-63	208.6	0.5	93	338	146	378	30	389	0.78	-
KAK2566512.1	-	423	IkBa-like_cnidaria	-	374	1e-63	209.0	0.1	1	1	1.9e-63	2.1e-63	208.1	0.1	129	338	182	377	171	388	0.93	-
RDEB01000045.1_IkB-like-1_cnidaria_d454fb31	-	403	IkBa-like_cnidaria	-	374	2.7e-63	207.7	0.1	1	1	2.5e-63	2.7e-63	207.7	0.1	129	338	195	390	184	400	0.94	-
MPSW01000736.1_IkB-like-1_cnidaria_3ae602e1	-	419	IkBa-like_cnidaria	-	374	6.9e-62	203.0	2.0	1	1	1.7e-61	1.8e-61	201.7	2.0	138	338	218	404	215	410	0.94	-
XP_032230483.2	-	384	IkBa-like_cnidaria	-	374	7.9e-62	202.8	4.1	1	1	3.9e-61	4.3e-61	200.4	4.1	35	346	86	381	59	383	0.80	-
XP_032230484.1	-	383	IkBa-like_cnidaria	-	374	1.5e-61	201.9	4.7	1	1	7.2e-61	7.8e-61	199.6	4.7	35	346	86	380	53	382	0.79	-
XP_032230483.1	-	384	IkBa-like_cnidaria	-	374	1.7e-61	201.7	4.8	1	1	7.8e-61	8.5e-61	199.4	4.8	35	346	86	381	51	383	0.79	-
NW_018149324.1_p105-like_cnidaria_989546e4	-	918	IkBa-like_cnidaria	-	374	3.3e-57	187.6	1.1	1	1	7.3e-57	7.9e-57	186.4	1.1	101	305	483	676	443	682	0.89	-
MPSW01003764.1_p105-like_cnidaria_566e8a75	-	914	IkBa-like_cnidaria	-	374	6.3e-57	186.7	1.9	1	1	1.4e-56	1.5e-56	185.5	1.9	101	305	479	672	445	678	0.90	-
XP_046852093.1	-	464	IkBa-like_cnidaria	-	374	2.2e-56	184.9	0.5	1	1	4.1e-56	4.4e-56	183.9	0.5	90	335	152	382	133	393	0.83	-
XP_046852094.1	-	464	IkBa-like_cnidaria	-	374	2.2e-56	184.9	0.5	1	1	4.1e-56	4.4e-56	183.9	0.5	90	335	152	382	133	393	0.83	-
XP_046852095.1	-	464	IkBa-like_cnidaria	-	374	2.2e-56	184.9	0.5	1	1	4.1e-56	4.4e-56	183.9	0.5	90	335	152	382	133	393	0.83	-
BLAZ01000634.1_p105-like_cnidaria_42ec6be3	-	910	IkBa-like_cnidaria	-	374	5.4e-55	180.3	12.5	1	3	8.5e-41	9.2e-41	133.5	1.2	106	225	484	603	470	616	0.91	-
BLAZ01000634.1_p105-like_cnidaria_42ec6be3	-	910	IkBa-like_cnidaria	-	374	5.4e-55	180.3	12.5	2	3	3.8e-16	4.1e-16	52.4	0.4	305	366	672	733	668	740	0.92	-
BLAZ01000634.1_p105-like_cnidaria_42ec6be3	-	910	IkBa-like_cnidaria	-	374	5.4e-55	180.3	12.5	3	3	1.7	1.8	0.9	0.3	31	98	834	902	812	910	0.51	-
XP_028404342.1	-	452	IkBa-like_cnidaria	-	374	1.1e-53	176.0	10.2	1	1	2.8e-53	3.1e-53	174.6	10.2	108	340	163	383	126	413	0.81	-
XP_028404349.1	-	451	IkBa-like_cnidaria	-	374	1.5e-53	175.6	10.7	1	1	4.8e-53	5.2e-53	173.8	10.7	112	340	166	382	126	404	0.81	-
CAB3997549.1	-	458	IkBa-like_cnidaria	-	374	1.9e-52	172.0	6.4	1	1	4.5e-52	4.9e-52	170.6	6.5	90	339	147	383	122	387	0.82	-
XP_068687149.1	-	267	IkBa-like_cnidaria	-	374	7.3e-45	147.0	3.1	1	1	9.2e-45	1e-44	146.6	3.1	19	278	7	260	2	263	0.76	-
NW_015441067.1_p105-like_cnidaria_c1c4e8b6	-	912	IkBa-like_cnidaria	-	374	4.1e-39	128.1	1.5	1	2	5.6e-39	6.1e-39	127.5	0.1	172	309	551	677	544	683	0.94	-
NW_015441067.1_p105-like_cnidaria_c1c4e8b6	-	912	IkBa-like_cnidaria	-	374	4.1e-39	128.1	1.5	2	2	9.1	9.8	-1.5	0.2	40	82	846	898	822	911	0.47	-
CAH3117715.1	-	917	p105-like_cnidaria	-	910	0	1827.9	0.4	1	1	0	0	1827.7	0.4	1	910	1	917	1	917	0.99	-
XP_058970121.1	-	919	p105-like_cnidaria	-	910	0	1824.9	0.3	1	1	0	0	1824.8	0.3	1	910	1	919	1	919	0.99	-
XP_029186950.1	-	904	p105-like_cnidaria	-	910	0	1823.0	0.0	1	1	0	0	1822.9	0.0	1	910	1	904	1	904	1.00	-
XP_027038010.1	-	926	p105-like_cnidaria	-	910	0	1821.5	0.3	1	1	0	0	1821.3	0.3	1	910	1	926	1	926	0.99	-
XP_067053651.1	-	904	p105-like_cnidaria	-	910	0	1819.8	0.0	1	1	0	0	1819.7	0.0	1	910	1	904	1	904	1.00	-
XP_029186950.2	-	904	p105-like_cnidaria	-	910	0	1819.5	0.0	1	1	0	0	1819.3	0.0	1	910	1	904	1	904	1.00	-
XP_022789210.1	-	916	p105-like_cnidaria	-	910	0	1811.9	0.2	1	1	0	0	1811.7	0.2	1	910	1	916	1	916	0.99	-
XP_022789211.1	-	916	p105-like_cnidaria	-	910	0	1811.9	0.2	1	1	0	0	1811.7	0.2	1	910	1	916	1	916	0.99	-
CAH3186488.1	-	910	p105-like_cnidaria	-	910	0	1808.1	0.0	1	1	0	0	1807.9	0.0	1	910	1	910	1	910	0.99	-
XP_073234456.1	-	909	p105-like_cnidaria	-	910	0	1806.3	0.0	1	1	0	0	1806.2	0.0	1	910	1	909	1	909	0.99	-
CAH3136379.1	-	910	p105-like_cnidaria	-	910	0	1804.6	0.0	1	1	0	0	1804.5	0.0	1	910	1	910	1	910	0.99	-
XP_068721954.1	-	925	p105-like_cnidaria	-	910	0	1787.6	0.1	1	1	0	0	1787.4	0.1	1	910	6	925	6	925	0.98	-
XP_068704788.1	-	925	p105-like_cnidaria	-	910	0	1785.3	0.1	1	1	0	0	1785.1	0.1	1	910	6	925	6	925	0.98	-
CALNXJ010000016.1_p105-like_cnidaria_b4389a93	-	916	p105-like_cnidaria	-	910	0	1775.3	0.4	1	1	0	0	1775.2	0.4	1	910	1	916	1	916	0.99	-
MU826351.1_p105-like_cnidaria_8da2a243	-	915	p105-like_cnidaria	-	910	0	1771.5	0.4	1	1	0	0	1771.4	0.4	1	910	1	915	1	915	0.99	-
JARQWQ010000012.1_p105-like_cnidaria_21f51161	-	912	p105-like_cnidaria	-	910	0	1770.1	0.0	1	1	0	0	1769.9	0.0	1	910	1	912	1	912	0.99	-
BLFE01006569.1_p105-like_cnidaria_aa59d0aa	-	913	p105-like_cnidaria	-	910	0	1768.6	0.0	1	1	0	0	1768.5	0.0	1	910	1	913	1	913	0.99	-
BLEZ01000773.1_p105-like_cnidaria_c43d54bd	-	912	p105-like_cnidaria	-	910	0	1767.4	0.0	1	1	0	0	1767.3	0.0	1	910	1	912	1	912	0.99	-
OZ116707.1_p105-like_cnidaria_9f32f0b0	-	918	p105-like_cnidaria	-	910	0	1755.6	0.2	1	1	0	0	1755.4	0.2	1	910	1	918	1	918	0.99	-
CAH3027709.1	-	912	p105-like_cnidaria	-	910	0	1713.5	0.0	1	1	0	0	1713.3	0.0	1	910	1	912	1	912	0.98	-
CM106371.1_p105-like_cnidaria_95385fb0	-	919	p105-like_cnidaria	-	910	0	1700.4	0.4	1	1	0	0	1700.2	0.4	1	910	1	919	1	919	0.98	-
JAJLRJ010000002.1_p105-like_cnidaria_1c165c91	-	904	p105-like_cnidaria	-	910	0	1677.4	0.1	1	1	0	0	1677.3	0.1	1	910	1	904	1	904	0.98	-
XP_015766406.1	-	835	p105-like_cnidaria	-	910	0	1609.4	4.2	1	2	8.5e-262	8.5e-262	864.3	0.2	1	441	1	433	1	437	0.98	-
XP_015766406.1	-	835	p105-like_cnidaria	-	910	0	1609.4	4.2	2	2	5.5e-227	5.5e-227	749.1	0.7	508	910	431	835	430	835	0.99	-
BLAZ01000634.1_p105-like_cnidaria_42ec6be3	-	910	p105-like_cnidaria	-	910	0	1599.9	2.9	1	2	0	0	1241.7	0.0	1	620	1	619	1	624	0.99	-
BLAZ01000634.1_p105-like_cnidaria_42ec6be3	-	910	p105-like_cnidaria	-	910	0	1599.9	2.9	2	2	8.9e-109	8.9e-109	357.9	1.3	673	910	672	910	667	910	0.99	-
NW_018149324.1_p105-like_cnidaria_989546e4	-	918	p105-like_cnidaria	-	910	0	1573.1	1.4	1	2	0	0	1371.9	0.1	1	674	1	677	1	682	0.99	-
NW_018149324.1_p105-like_cnidaria_989546e4	-	918	p105-like_cnidaria	-	910	0	1573.1	1.4	2	2	3.3e-61	3.3e-61	200.5	0.1	755	910	758	918	748	918	0.95	-
XP_031565156.1	-	859	p105-like_cnidaria	-	910	0	1471.8	0.5	1	1	0	0	1467.7	0.5	2	906	1	858	1	859	0.98	-
XP_031565157.1	-	859	p105-like_cnidaria	-	910	0	1471.8	0.5	1	1	0	0	1467.7	0.5	2	906	1	858	1	859	0.98	-
XP_020916759.1	-	848	p105-like_cnidaria	-	910	0	1440.4	0.5	1	2	0	0	1414.1	0.1	2	752	1	751	1	765	0.98	-
XP_020916759.1	-	848	p105-like_cnidaria	-	910	0	1440.4	0.5	2	2	3.1e-08	3.1e-08	25.2	0.1	801	906	766	847	755	848	0.86	-
MPSW01003764.1_p105-like_cnidaria_566e8a75	-	914	p105-like_cnidaria	-	910	0	1439.7	12.8	1	3	1.9e-242	1.9e-242	800.2	0.1	1	376	1	375	1	380	0.99	-
MPSW01003764.1_p105-like_cnidaria_566e8a75	-	914	p105-like_cnidaria	-	910	0	1439.7	12.8	2	3	1.6e-134	1.6e-134	443.1	5.0	438	674	437	673	425	678	0.98	-
MPSW01003764.1_p105-like_cnidaria_566e8a75	-	914	p105-like_cnidaria	-	910	0	1439.7	12.8	3	3	3.2e-61	3.2e-61	200.5	0.1	755	910	754	914	744	914	0.95	-
KAK3739735.1	-	837	p105-like_cnidaria	-	910	0	1400.8	0.0	1	1	0	0	1400.2	0.0	40	907	12	837	6	837	0.98	-
NW_015441067.1_p105-like_cnidaria_c1c4e8b6	-	912	p105-like_cnidaria	-	910	0	1330.4	9.3	1	3	2.6e-261	2.6e-261	862.6	0.2	1	442	1	442	1	454	0.99	-
NW_015441067.1_p105-like_cnidaria_c1c4e8b6	-	912	p105-like_cnidaria	-	910	0	1330.4	9.3	2	3	8.1e-78	8.1e-78	255.5	0.2	546	677	546	677	540	682	0.97	-
NW_015441067.1_p105-like_cnidaria_c1c4e8b6	-	912	p105-like_cnidaria	-	910	0	1330.4	9.3	3	3	3.3e-66	3.3e-66	217.0	0.6	760	910	760	912	752	912	0.98	-
KAK2568458.1	-	445	p105-like_cnidaria	-	910	3.2e-284	938.5	0.2	1	1	3.6e-284	3.6e-284	938.3	0.2	1	442	1	441	1	445	0.99	-
CAH3186482.1	-	439	p105-like_cnidaria	-	910	1.3e-265	876.9	0.1	1	1	1.6e-265	1.6e-265	876.6	0.1	1	439	1	434	1	438	0.98	-
CAH3185197.1	-	444	p105-like_cnidaria	-	910	1.3e-258	853.7	0.2	1	1	1.6e-258	1.6e-258	853.5	0.2	1	439	1	436	1	442	0.95	-
NC_133202.1_p105-like_cnidaria_3c8e6130	-	436	p105-like_cnidaria	-	910	1.5e-255	843.6	0.2	1	1	1.7e-255	1.7e-255	843.4	0.2	1	427	1	424	1	436	0.95	-
CALNXK010000057.1_p105-like_cnidaria_3ac67995	-	457	p105-like_cnidaria	-	910	9.6e-221	728.4	0.0	1	1	1.1e-220	1.1e-220	728.2	0.0	1	462	1	456	1	457	0.98	-
XP_048580668.1	-	440	p105-like_cnidaria	-	910	2.6e-216	713.8	0.1	1	1	2.8e-216	2.8e-216	713.6	0.1	2	428	1	435	1	440	0.94	-
XP_048580669.1	-	440	p105-like_cnidaria	-	910	2.6e-216	713.8	0.1	1	1	2.8e-216	2.8e-216	713.6	0.1	2	428	1	435	1	440	0.94	-
XP_032228246.1	-	440	p105-like_cnidaria	-	910	5.9e-216	712.6	0.1	1	1	6.5e-216	6.5e-216	712.4	0.1	2	426	1	433	1	440	0.94	-
CM106374.1_p105-like_cnidaria_e0ab6510	-	355	p105-like_cnidaria	-	910	4.8e-190	626.8	0.3	1	1	5.4e-190	5.4e-190	626.7	0.3	53	411	2	355	1	355	0.95	-
XP_028414852.1	-	479	p105-like_cnidaria	-	910	4.1e-161	531.1	0.0	1	1	5.7e-161	5.7e-161	530.6	0.0	41	431	38	422	26	435	0.90	-
XP_028414684.1	-	479	p105-like_cnidaria	-	910	9.3e-161	529.9	0.0	1	1	1.3e-160	1.3e-160	529.5	0.0	41	426	38	418	26	435	0.90	-
XP_046859971.1	-	473	p105-like_cnidaria	-	910	1.5e-149	492.8	0.1	1	1	2.1e-149	2.1e-149	492.4	0.1	42	407	42	396	16	433	0.89	-
XP_065051077.1	-	431	p105-like_cnidaria	-	910	2.8e-115	379.4	0.2	1	1	3.4e-115	3.4e-115	379.1	0.2	33	397	16	381	4	424	0.90	-
OZ116701.1_IkBa-like_cnidaria_f420e57a	-	369	p105-like_cnidaria	-	910	1.9e-74	244.3	1.3	1	1	3.4e-74	3.4e-74	243.5	1.3	473	732	89	359	25	365	0.84	-
XP_020604255.1	-	368	p105-like_cnidaria	-	910	3.7e-74	243.4	0.8	1	1	7.3e-74	7.3e-74	242.4	0.8	472	734	89	362	29	366	0.84	-
XP_020604254.1	-	376	p105-like_cnidaria	-	910	5.4e-74	242.8	0.8	1	1	8.8e-74	8.8e-74	242.1	0.8	470	732	88	360	18	366	0.83	-
JARQWQ010000014.1_IkBa-like_cnidaria_9832f2a5	-	375	p105-like_cnidaria	-	910	6.2e-73	239.3	0.1	1	1	1e-72	1e-72	238.6	0.1	469	732	96	365	39	371	0.88	-
KAK2567480.1	-	367	p105-like_cnidaria	-	910	7.3e-73	239.1	0.1	1	1	1.1e-72	1.1e-72	238.5	0.1	469	733	96	366	32	367	0.88	-
BLAZ01000379.1_IkBa-like_cnidaria_d4087f07	-	375	p105-like_cnidaria	-	910	1.3e-72	238.3	0.0	1	1	2.2e-72	2.2e-72	237.5	0.0	485	732	107	365	75	371	0.93	-
BLEZ01003045.1_IkBa-like_cnidaria_dbd06efd	-	375	p105-like_cnidaria	-	910	1.3e-72	238.3	0.2	1	2	6.5	6.5	-2.3	0.0	846	879	44	79	22	105	0.68	-
BLEZ01003045.1_IkBa-like_cnidaria_dbd06efd	-	375	p105-like_cnidaria	-	910	1.3e-72	238.3	0.2	2	2	2.2e-72	2.2e-72	237.5	0.2	485	732	107	365	40	371	0.91	-
XP_029197502.1	-	381	p105-like_cnidaria	-	910	9.6e-72	235.4	0.0	1	1	1.3e-71	1.3e-71	234.9	0.0	482	736	104	369	24	379	0.86	-
XP_029197502.2	-	378	p105-like_cnidaria	-	910	1.1e-71	235.2	0.0	1	1	1.6e-71	1.6e-71	234.6	0.0	483	735	105	368	28	376	0.87	-
XP_067031383.1	-	378	p105-like_cnidaria	-	910	1.2e-71	235.0	0.0	1	1	1.7e-71	1.7e-71	234.5	0.0	482	735	104	368	24	376	0.86	-
XP_032228503.1	-	383	p105-like_cnidaria	-	910	2.9e-71	233.8	0.2	1	1	3.4e-71	3.4e-71	233.5	0.2	485	728	117	369	81	382	0.93	-
RDEB01000241.1_IkBa-like_cnidaria_d5b655b1	-	374	p105-like_cnidaria	-	910	4.7e-71	233.1	1.1	1	2	5	5	-2.0	0.1	846	878	44	78	30	92	0.78	-
RDEB01000241.1_IkBa-like_cnidaria_d5b655b1	-	374	p105-like_cnidaria	-	910	4.7e-71	233.1	1.1	2	2	4.7e-71	4.7e-71	233.1	1.1	487	732	108	364	101	371	0.94	-
XP_032228503.2	-	383	p105-like_cnidaria	-	910	6.4e-71	232.6	0.2	1	1	7.5e-71	7.5e-71	232.4	0.2	485	728	117	369	81	382	0.93	-
CM106380.1_IkBa-like_cnidaria_9f645d40	-	371	p105-like_cnidaria	-	910	7.1e-71	232.5	0.4	1	2	3.3	3.3	-1.4	0.1	845	878	40	74	20	103	0.63	-
CM106380.1_IkBa-like_cnidaria_9f645d40	-	371	p105-like_cnidaria	-	910	7.1e-71	232.5	0.4	2	2	7.1e-71	7.1e-71	232.5	0.4	487	732	105	361	97	367	0.94	-
CALNXK010000029.1_IkBa-like_cnidaria_36d8db0b	-	372	p105-like_cnidaria	-	910	8.4e-71	232.2	0.5	1	1	1.4e-70	1.4e-70	231.5	0.3	487	732	106	362	98	370	0.93	-
BLFE01000447.1_IkBa-like_cnidaria_12d513b1	-	375	p105-like_cnidaria	-	910	1.2e-70	231.7	0.1	1	2	2.7	2.7	-1.0	0.0	830	884	25	84	2	107	0.66	-
BLFE01000447.1_IkBa-like_cnidaria_12d513b1	-	375	p105-like_cnidaria	-	910	1.2e-70	231.7	0.1	2	2	3.4e-70	3.4e-70	230.2	0.0	485	732	107	365	89	371	0.93	-
JAJLRJ010000006.1_IkBa-like_cnidaria_b0374efe	-	372	p105-like_cnidaria	-	910	1.5e-70	231.4	2.1	1	2	1.1	1.1	0.2	0.1	830	879	23	75	17	103	0.73	-
JAJLRJ010000006.1_IkBa-like_cnidaria_b0374efe	-	372	p105-like_cnidaria	-	910	1.5e-70	231.4	2.1	2	2	2.4e-70	2.4e-70	230.7	0.4	486	732	104	361	81	368	0.92	-
XP_073248334.1	-	377	p105-like_cnidaria	-	910	1.8e-70	231.2	0.7	1	2	7	7	-2.4	0.0	845	878	47	82	23	113	0.69	-
XP_073248334.1	-	377	p105-like_cnidaria	-	910	1.8e-70	231.2	0.7	2	2	2.5e-70	2.5e-70	230.7	0.6	486	737	112	374	51	377	0.93	-
XP_068682682.1	-	370	p105-like_cnidaria	-	910	5.4e-70	229.6	0.5	1	2	4.4	4.4	-1.8	0.1	846	878	44	78	24	92	0.79	-
XP_068682682.1	-	370	p105-like_cnidaria	-	910	5.4e-70	229.6	0.5	2	2	5.4e-70	5.4e-70	229.6	0.5	487	735	108	367	96	369	0.94	-
XP_068728612.1	-	370	p105-like_cnidaria	-	910	5.4e-70	229.6	0.5	1	2	4.4	4.4	-1.8	0.1	846	878	44	78	24	92	0.79	-
XP_068728612.1	-	370	p105-like_cnidaria	-	910	5.4e-70	229.6	0.5	2	2	5.4e-70	5.4e-70	229.6	0.5	487	735	108	367	96	369	0.94	-
CAH3116438.1	-	390	p105-like_cnidaria	-	910	5.8e-70	229.5	0.7	1	2	8.4	8.4	-2.7	0.0	845	877	47	81	24	109	0.71	-
CAH3116438.1	-	390	p105-like_cnidaria	-	910	5.8e-70	229.5	0.7	2	2	8.7e-70	8.7e-70	228.9	0.3	487	728	113	365	103	367	0.94	-
XP_073248332.1	-	390	p105-like_cnidaria	-	910	6.4e-70	229.3	0.7	1	1	1.1e-69	1.1e-69	228.5	0.3	487	732	113	369	105	380	0.93	-
CAH3028528.1	-	386	p105-like_cnidaria	-	910	7.3e-70	229.1	1.1	1	2	4.1	4.1	-1.7	0.0	845	879	47	83	24	111	0.63	-
CAH3028528.1	-	386	p105-like_cnidaria	-	910	7.3e-70	229.1	1.1	2	2	1.4e-69	1.4e-69	228.3	0.9	486	732	112	369	48	379	0.90	-
CALNXI010000943.1_IkBa-like_cnidaria_00703371	-	372	p105-like_cnidaria	-	910	8.3e-70	229.0	0.7	1	2	8.4	8.4	-2.7	0.0	845	878	40	75	20	102	0.69	-
CALNXI010000943.1_IkBa-like_cnidaria_00703371	-	372	p105-like_cnidaria	-	910	8.3e-70	229.0	0.7	2	2	1.2e-69	1.2e-69	228.4	0.6	486	732	105	362	44	370	0.92	-
XP_068682681.1	-	385	p105-like_cnidaria	-	910	1.5e-69	228.1	0.9	1	2	4.7	4.7	-1.9	0.1	846	878	44	78	25	92	0.79	-
XP_068682681.1	-	385	p105-like_cnidaria	-	910	1.5e-69	228.1	0.9	2	2	1.5e-69	1.5e-69	228.1	0.9	487	732	108	364	96	376	0.94	-
XP_068728611.1	-	385	p105-like_cnidaria	-	910	1.5e-69	228.1	0.9	1	2	4.7	4.7	-1.9	0.1	846	878	44	78	25	92	0.79	-
XP_068728611.1	-	385	p105-like_cnidaria	-	910	1.5e-69	228.1	0.9	2	2	1.5e-69	1.5e-69	228.1	0.9	487	732	108	364	96	376	0.94	-
MPSW01005782.1_IkBa-like_cnidaria_ad08a3a6	-	369	p105-like_cnidaria	-	910	2.5e-69	227.3	0.4	1	1	4.1e-69	4.1e-69	226.7	0.4	470	732	87	359	17	365	0.83	-
CAH3148052.1	-	393	p105-like_cnidaria	-	910	4.7e-69	226.5	0.6	1	1	7.5e-69	7.5e-69	225.8	0.5	486	728	112	365	51	367	0.93	-
KAJ7330771.1	-	369	p105-like_cnidaria	-	910	8.3e-68	222.3	0.6	1	1	1e-67	1e-67	222.1	0.6	487	735	105	364	37	368	0.92	-
MU827791.1_IkBa-like_cnidaria_6b58b217	-	369	p105-like_cnidaria	-	910	1.2e-67	221.8	0.5	1	1	1.5e-67	1.5e-67	221.5	0.5	487	732	104	360	36	366	0.92	-
XP_027057623.1	-	371	p105-like_cnidaria	-	910	4.4e-67	219.9	0.4	1	2	2.3	2.3	-0.8	0.2	845	896	41	92	24	104	0.54	-
XP_027057623.1	-	371	p105-like_cnidaria	-	910	4.4e-67	219.9	0.4	2	2	4.4e-67	4.4e-67	219.9	0.4	487	736	107	367	100	370	0.93	-
XP_058957670.1	-	372	p105-like_cnidaria	-	910	1e-66	218.7	1.6	1	2	4.6	4.6	-1.8	0.0	846	878	43	78	31	106	0.56	-
XP_058957670.1	-	372	p105-like_cnidaria	-	910	1e-66	218.7	1.6	2	2	1.2e-66	1.2e-66	218.5	0.5	487	736	108	368	101	371	0.92	-
XP_027057621.1	-	379	p105-like_cnidaria	-	910	1e-66	218.7	0.4	1	2	2.1	2.1	-0.7	0.1	845	897	41	93	24	105	0.55	-
XP_027057621.1	-	379	p105-like_cnidaria	-	910	1e-66	218.7	0.4	2	2	1e-66	1e-66	218.7	0.4	487	732	107	363	96	366	0.93	-
XP_022798721.1	-	371	p105-like_cnidaria	-	910	2.1e-66	217.7	0.3	1	2	0.8	0.8	0.7	0.6	829	898	24	94	16	105	0.54	-
XP_022798721.1	-	371	p105-like_cnidaria	-	910	2.1e-66	217.7	0.3	2	2	2.1e-66	2.1e-66	217.7	0.3	487	735	107	366	100	369	0.92	-
XP_058957669.1	-	380	p105-like_cnidaria	-	910	2.3e-66	217.5	1.6	1	2	4.9	4.9	-1.9	0.0	846	878	43	78	31	105	0.56	-
XP_058957669.1	-	380	p105-like_cnidaria	-	910	2.3e-66	217.5	1.6	2	2	2.8e-66	2.8e-66	217.3	0.4	487	732	108	364	101	367	0.92	-
XP_058957670.2	-	371	p105-like_cnidaria	-	910	2.6e-66	217.4	0.4	1	2	5.2	5.2	-2.0	0.0	847	896	43	92	32	105	0.52	-
XP_058957670.2	-	371	p105-like_cnidaria	-	910	2.6e-66	217.4	0.4	2	2	2.6e-66	2.6e-66	217.4	0.4	487	736	107	367	99	370	0.92	-
XP_022798720.1	-	379	p105-like_cnidaria	-	910	3.9e-66	216.8	0.3	1	2	0.8	0.8	0.7	0.6	828	898	23	94	15	106	0.55	-
XP_022798720.1	-	379	p105-like_cnidaria	-	910	3.9e-66	216.8	0.3	2	2	3.9e-66	3.9e-66	216.8	0.3	487	732	107	363	100	367	0.92	-
CAH3140492.1	-	386	p105-like_cnidaria	-	910	4.2e-66	216.7	2.2	1	2	2.5	2.5	-1.0	0.1	845	898	41	94	28	106	0.55	-
CAH3140492.1	-	386	p105-like_cnidaria	-	910	4.2e-66	216.7	2.2	2	2	4.2e-66	4.2e-66	216.7	0.3	487	733	107	364	100	369	0.93	-
XP_058957669.2	-	379	p105-like_cnidaria	-	910	5.6e-66	216.3	1.5	1	2	5.2	5.2	-2.0	0.0	847	896	43	92	31	105	0.52	-
XP_058957669.2	-	379	p105-like_cnidaria	-	910	5.6e-66	216.3	1.5	2	2	6.4e-66	6.4e-66	216.1	0.3	487	732	107	363	100	366	0.92	-
XP_028407711.1	-	282	p105-like_cnidaria	-	910	1.2e-64	211.9	2.1	1	1	1.5e-64	1.5e-64	211.6	2.1	485	729	5	255	2	264	0.95	-
XP_020901899.1	-	376	p105-like_cnidaria	-	910	1.5e-64	211.5	7.6	1	2	0.88	0.88	0.5	0.0	834	899	25	90	18	100	0.68	-
XP_020901899.1	-	376	p105-like_cnidaria	-	910	1.5e-64	211.5	7.6	2	2	1.8e-64	1.8e-64	211.3	4.9	485	728	116	365	106	373	0.94	-
XP_031557780.1	-	383	p105-like_cnidaria	-	910	3.9e-64	210.2	1.5	1	2	6.4	6.4	-2.3	0.2	830	870	29	68	25	90	0.80	-
XP_031557780.1	-	383	p105-like_cnidaria	-	910	3.9e-64	210.2	1.5	2	2	3.9e-64	3.9e-64	210.2	1.5	483	736	118	379	95	382	0.91	-
XP_028396366.1	-	412	p105-like_cnidaria	-	910	3e-62	203.9	0.4	1	1	4.3e-62	4.3e-62	203.4	0.4	480	728	130	384	29	412	0.82	-
CALNXJ010000034.1_IkBa-like_cnidaria_66571076	-	376	p105-like_cnidaria	-	910	4.2e-62	203.4	0.4	1	2	2.3	2.3	-0.8	0.1	845	898	39	92	22	103	0.56	-
CALNXJ010000034.1_IkBa-like_cnidaria_66571076	-	376	p105-like_cnidaria	-	910	4.2e-62	203.4	0.4	2	2	4.2e-62	4.2e-62	203.4	0.4	487	732	105	366	98	369	0.92	-
XP_068687146.1	-	360	p105-like_cnidaria	-	910	1.2e-58	192.0	1.5	1	1	1.6e-58	1.6e-58	191.6	1.5	507	743	119	355	25	359	0.92	-
XP_068687145.1	-	361	p105-like_cnidaria	-	910	1.2e-58	192.0	1.5	1	1	1.6e-58	1.6e-58	191.6	1.5	507	743	120	356	26	360	0.92	-
XP_068731938.1	-	366	p105-like_cnidaria	-	910	1.7e-58	191.6	1.7	1	1	2.9e-58	2.9e-58	190.8	1.7	508	743	126	361	120	365	0.93	-
XP_068731937.1	-	367	p105-like_cnidaria	-	910	1.7e-58	191.5	1.7	1	1	2.9e-58	2.9e-58	190.8	1.7	508	743	127	362	121	366	0.93	-
RDEB01000045.1_IkB-like-2_cnidaria_912ea7a3	-	345	p105-like_cnidaria	-	910	1.9e-58	191.3	1.7	1	1	2.8e-58	2.8e-58	190.8	1.7	508	723	121	336	116	345	0.93	-
XP_031569757.1	-	418	p105-like_cnidaria	-	910	1.2e-57	188.7	0.4	1	1	1.6e-57	1.6e-57	188.3	0.4	496	728	182	412	174	418	0.92	-
CM106375.1_IkB-like-2_cnidaria_c879bcb4	-	375	p105-like_cnidaria	-	910	1.4e-57	188.5	2.6	1	1	1.6e-57	1.6e-57	188.3	2.6	508	724	151	366	53	375	0.90	-
XP_020904317.1	-	435	p105-like_cnidaria	-	910	3.1e-57	187.3	1.8	1	2	6.3	6.3	-2.3	0.2	749	797	37	82	4	92	0.54	-
XP_020904317.1	-	435	p105-like_cnidaria	-	910	3.1e-57	187.3	1.8	2	2	3.1e-57	3.1e-57	187.3	1.8	495	718	197	417	181	427	0.91	-
KAK2566508.1	-	355	p105-like_cnidaria	-	910	4.7e-57	186.8	2.3	1	1	5.9e-57	5.9e-57	186.4	2.3	473	739	88	346	12	352	0.80	-
XP_067031528.1	-	355	p105-like_cnidaria	-	910	5.8e-57	186.5	2.6	1	1	7.5e-57	7.5e-57	186.1	2.6	464	739	68	346	10	352	0.79	-
XP_029214164.1	-	355	p105-like_cnidaria	-	910	8.8e-57	185.8	1.5	1	1	1e-56	1e-56	185.6	1.5	507	739	114	346	14	352	0.90	-
XP_029214164.2	-	355	p105-like_cnidaria	-	910	1.5e-56	185.1	1.6	1	1	1.8e-56	1.8e-56	184.8	1.6	507	739	114	346	14	352	0.90	-
JAJLRJ010000010.1_IkB-like-2_cnidaria_0ad31e39	-	371	p105-like_cnidaria	-	910	2e-56	184.7	0.6	1	1	2.2e-56	2.2e-56	184.5	0.6	508	723	148	362	70	369	0.94	-
CAH3027367.1	-	246	p105-like_cnidaria	-	910	2.7e-56	184.3	0.6	1	1	3.3e-56	3.3e-56	184.0	0.6	508	726	7	224	5	244	0.92	-
XP_020903771.1	-	383	p105-like_cnidaria	-	910	3.3e-56	184.0	2.8	1	2	2.9	2.9	-1.2	0.7	862	901	20	59	14	76	0.72	-
XP_020903771.1	-	383	p105-like_cnidaria	-	910	3.3e-56	184.0	2.8	2	2	3.3e-56	3.3e-56	184.0	2.8	507	747	129	368	116	382	0.92	-
BLFE01004004.1_IkB-like-2_cnidaria_bb7b20e5	-	368	p105-like_cnidaria	-	910	4.6e-56	183.5	2.1	1	1	7.3e-56	7.3e-56	182.8	2.1	508	733	138	363	134	367	0.94	-
XP_073256376.1	-	388	p105-like_cnidaria	-	910	5.3e-56	183.3	0.3	1	1	6.5e-56	6.5e-56	183.0	0.3	508	725	149	365	59	385	0.89	-
BLEZ01000629.1_IkB-like-2_cnidaria_0572989b	-	366	p105-like_cnidaria	-	910	9.7e-56	182.4	2.1	1	1	1.5e-55	1.5e-55	181.7	2.1	508	723	138	353	134	364	0.95	-
BLAZ01001464.1_IkB-like-2_cnidaria_6fa67b39	-	362	p105-like_cnidaria	-	910	1.3e-55	182.0	2.9	1	1	1.3e-55	1.3e-55	182.0	2.9	508	723	138	353	134	362	0.95	-
CAH3158546.1	-	368	p105-like_cnidaria	-	910	3.2e-55	180.7	0.8	1	2	3.7	3.7	-1.5	0.2	832	893	55	115	19	134	0.66	-
CAH3158546.1	-	368	p105-like_cnidaria	-	910	3.2e-55	180.7	0.8	2	2	3.2e-55	3.2e-55	180.7	0.8	508	723	145	359	141	368	0.94	-
XP_032230484.1	-	383	p105-like_cnidaria	-	910	3.3e-55	180.7	1.4	1	1	4.1e-55	4.1e-55	180.3	1.4	445	713	115	379	79	382	0.84	-
XP_020614015.1	-	380	p105-like_cnidaria	-	910	3.7e-55	180.5	2.0	1	1	4.3e-55	4.3e-55	180.3	2.0	508	723	141	355	58	370	0.93	-
XP_032230483.1	-	384	p105-like_cnidaria	-	910	5.2e-55	180.0	1.5	1	1	6.5e-55	6.5e-55	179.7	1.5	467	713	139	380	79	383	0.82	-
XP_032230483.2	-	384	p105-like_cnidaria	-	910	5.4e-55	179.9	1.3	1	1	6.6e-55	6.6e-55	179.7	1.3	472	713	144	380	84	383	0.83	-
XP_001626962.2	-	530	p105-like_cnidaria	-	910	5.6e-55	179.9	0.7	1	1	9e-55	9e-55	179.2	0.7	508	723	284	498	277	512	0.93	-
OZ116704.1_IkB-like-2_cnidaria_1a064885	-	362	p105-like_cnidaria	-	910	5.7e-55	179.9	2.7	1	1	5.9e-55	5.9e-55	179.8	2.7	508	723	138	352	55	362	0.92	-
MPSW01000736.1_IkB-like-2_cnidaria_21607528	-	362	p105-like_cnidaria	-	910	5.8e-55	179.8	2.7	1	1	6.1e-55	6.1e-55	179.8	2.7	508	723	138	352	55	362	0.93	-
XP_031566534.1	-	389	p105-like_cnidaria	-	910	5.8e-55	179.8	0.7	1	1	5.8e-55	5.8e-55	179.8	0.7	508	748	130	369	126	388	0.87	-
XP_022801432.1	-	389	p105-like_cnidaria	-	910	2.9e-54	177.5	1.6	1	1	3.6e-54	3.6e-54	177.2	1.6	507	723	149	364	105	382	0.94	-
XP_022801433.1	-	389	p105-like_cnidaria	-	910	2.9e-54	177.5	1.6	1	1	3.6e-54	3.6e-54	177.2	1.6	507	723	149	364	105	382	0.94	-
XP_022801431.1	-	443	p105-like_cnidaria	-	910	1.7e-53	175.0	3.2	1	1	1.7e-53	1.7e-53	175.0	3.2	496	712	197	408	186	420	0.90	-
XP_027051378.1	-	384	p105-like_cnidaria	-	910	3.4e-53	174.0	2.8	1	1	4.7e-53	4.7e-53	173.5	2.8	507	723	144	359	126	377	0.94	-
XP_027051450.1	-	384	p105-like_cnidaria	-	910	3.4e-53	174.0	2.8	1	1	4.7e-53	4.7e-53	173.5	2.8	507	723	144	359	126	377	0.94	-
XP_058956196.1	-	384	p105-like_cnidaria	-	910	3.4e-53	174.0	2.6	1	1	5e-53	5e-53	173.4	2.6	508	723	145	359	139	377	0.94	-
XP_027052644.1	-	443	p105-like_cnidaria	-	910	3.9e-53	173.8	1.1	1	1	6.1e-53	6.1e-53	173.1	1.1	495	712	196	408	175	420	0.91	-
CAH3146082.1	-	388	p105-like_cnidaria	-	910	4.4e-53	173.6	3.1	1	1	5e-53	5e-53	173.4	3.1	507	723	148	363	58	381	0.92	-
XP_058956196.2	-	388	p105-like_cnidaria	-	910	4.5e-53	173.6	3.3	1	1	5.1e-53	5.1e-53	173.4	3.3	507	723	148	363	59	381	0.94	-
CALNXJ010000041.1_IkB-like-2_cnidaria_209c0d6c	-	371	p105-like_cnidaria	-	910	7.1e-53	172.9	3.7	1	1	7.9e-53	7.9e-53	172.8	3.7	507	723	147	362	57	369	0.92	-
XP_058956197.1	-	443	p105-like_cnidaria	-	910	7.2e-53	172.9	1.2	1	1	1.1e-52	1.1e-52	172.2	1.2	495	712	196	408	175	421	0.91	-
CAH3158544.1	-	393	p105-like_cnidaria	-	910	7.4e-53	172.9	0.8	1	1	8.6e-53	8.6e-53	172.7	0.8	450	714	131	391	41	393	0.80	-
CM106375.1_IkB-like-1_cnidaria_a32257ab	-	412	p105-like_cnidaria	-	910	1.6e-52	171.8	4.1	1	1	2.1e-52	2.1e-52	171.4	4.1	496	714	193	406	183	412	0.93	-
XP_028400144.1	-	413	p105-like_cnidaria	-	910	1.8e-52	171.6	1.6	1	1	2.3e-52	2.3e-52	171.2	1.6	508	733	146	375	76	404	0.89	-
XP_028400134.1	-	423	p105-like_cnidaria	-	910	2.4e-52	171.2	1.9	1	1	2.7e-52	2.7e-52	171.0	1.9	508	733	156	385	35	414	0.90	-
CALNXJ010000041.1_IkB-like-1_cnidaria_d9883b6d	-	417	p105-like_cnidaria	-	910	4.2e-52	170.4	1.9	1	1	7e-52	7e-52	169.6	1.9	495	711	196	407	185	415	0.91	-
CAB4007512.1	-	407	p105-like_cnidaria	-	910	4.6e-52	170.2	2.3	1	1	6.5e-52	6.5e-52	169.7	2.3	508	724	132	354	84	364	0.91	-
XP_046853941.1	-	399	p105-like_cnidaria	-	910	1.3e-51	168.8	5.3	1	1	1.8e-51	1.8e-51	168.3	5.3	508	725	154	378	140	387	0.95	-
BLFE01004004.1_IkB-like-1_cnidaria_d30b3adf	-	394	p105-like_cnidaria	-	910	1.9e-51	168.2	0.0	1	1	2.1e-51	2.1e-51	168.1	0.0	494	702	172	376	65	386	0.88	-
XP_046853942.1	-	386	p105-like_cnidaria	-	910	1.9e-51	168.2	6.1	1	1	2.6e-51	2.6e-51	167.7	6.1	508	725	154	378	140	385	0.95	-
XP_073256375.1	-	447	p105-like_cnidaria	-	910	2.1e-51	168.0	0.6	1	1	3.4e-51	3.4e-51	167.4	0.6	496	714	195	408	184	413	0.91	-
XP_029214161.1	-	423	p105-like_cnidaria	-	910	2.2e-51	168.0	0.1	1	1	2.5e-51	2.5e-51	167.8	0.1	494	702	169	373	66	384	0.88	-
XP_029214161.2	-	423	p105-like_cnidaria	-	910	2.3e-51	167.9	0.1	1	1	2.7e-51	2.7e-51	167.7	0.1	493	702	168	373	62	384	0.86	-
CAH3198638.1	-	410	p105-like_cnidaria	-	910	2.5e-51	167.8	0.8	1	1	3.8e-51	3.8e-51	167.2	0.8	496	714	195	408	184	410	0.91	-
BLEZ01000629.1_IkB-like-1_cnidaria_01b137d4	-	393	p105-like_cnidaria	-	910	2.9e-51	167.6	0.0	1	1	3.3e-51	3.3e-51	167.4	0.0	494	702	171	375	74	385	0.90	-
CAB4012946.1	-	400	p105-like_cnidaria	-	910	3.1e-51	167.5	5.2	1	1	5.4e-51	5.4e-51	166.7	5.2	508	724	125	347	109	357	0.92	-
XP_067039091.1	-	423	p105-like_cnidaria	-	910	7.2e-51	166.3	0.0	1	1	9e-51	9e-51	166.0	0.0	499	702	175	373	114	384	0.91	-
NW_015441482.1_IkB-like-1_cnidaria_9cc761db	-	395	p105-like_cnidaria	-	910	9.8e-51	165.8	0.4	1	1	1.4e-50	1.4e-50	165.3	0.4	499	703	179	378	170	392	0.90	-
BLAZ01001464.1_IkB-like-1_cnidaria_4841c60e	-	393	p105-like_cnidaria	-	910	1.1e-50	165.7	0.0	1	1	1.2e-50	1.2e-50	165.6	0.0	498	706	177	380	58	388	0.92	-
CAH3197536.1	-	416	p105-like_cnidaria	-	910	3e-50	164.2	0.2	1	1	4.5e-50	4.5e-50	163.7	0.2	496	714	201	414	184	416	0.91	-
KAJ7378236.1	-	269	p105-like_cnidaria	-	910	3.8e-50	163.9	4.1	1	1	5e-50	5e-50	163.5	4.1	499	712	25	233	19	244	0.93	-
KAK2566512.1	-	423	p105-like_cnidaria	-	910	4.3e-50	163.7	0.1	1	1	4.9e-50	4.9e-50	163.5	0.1	498	702	174	373	65	384	0.91	-
JAJLRJ010000010.1_IkB-like-1_cnidaria_49902b19	-	423	p105-like_cnidaria	-	910	6.1e-50	163.2	0.1	1	1	6.7e-50	6.7e-50	163.1	0.1	496	706	198	403	61	409	0.91	-
OZ116704.1_IkB-like-1_cnidaria_ac0dd393	-	419	p105-like_cnidaria	-	910	6.6e-50	163.1	3.7	1	1	9.1e-50	9.1e-50	162.6	3.7	496	707	199	405	189	411	0.92	-
XP_020614060.1	-	431	p105-like_cnidaria	-	910	6.9e-50	163.0	2.6	1	1	9.5e-50	9.5e-50	162.6	2.6	496	707	189	395	179	411	0.90	-
XP_028400154.1	-	408	p105-like_cnidaria	-	910	8.2e-50	162.8	1.2	1	1	1e-49	1e-49	162.4	1.2	474	723	128	383	73	398	0.81	-
XP_068687143.1	-	419	p105-like_cnidaria	-	910	1.7e-49	161.7	0.1	1	1	2.1e-49	2.1e-49	161.4	0.1	498	701	175	373	104	388	0.91	-
XP_068733763.1	-	419	p105-like_cnidaria	-	910	1.8e-49	161.7	0.1	1	1	2.1e-49	2.1e-49	161.4	0.1	498	701	175	373	104	388	0.91	-
MU826368.1_IkB-like-1_cnidaria_d06fa176	-	406	p105-like_cnidaria	-	910	1.8e-49	161.6	4.2	1	1	2.4e-49	2.4e-49	161.3	4.2	499	711	193	400	187	406	0.93	-
RDEB01000045.1_IkB-like-1_cnidaria_d454fb31	-	403	p105-like_cnidaria	-	910	2.3e-49	161.3	0.9	1	1	3.4e-49	3.4e-49	160.8	0.9	499	701	188	385	182	399	0.91	-
XP_046853943.1	-	364	p105-like_cnidaria	-	910	3.3e-49	160.8	0.8	1	1	4.6e-49	4.6e-49	160.3	0.8	508	723	119	339	112	344	0.95	-
XP_046853944.1	-	364	p105-like_cnidaria	-	910	3.3e-49	160.8	0.8	1	1	4.6e-49	4.6e-49	160.3	0.8	508	723	119	339	112	344	0.95	-
CAB4029555.1	-	334	p105-like_cnidaria	-	910	6e-49	159.9	0.9	1	1	7.1e-49	7.1e-49	159.7	0.9	508	723	89	312	18	320	0.86	-
MU826368.1_IkB-like-1_cnidaria_06294bfc	-	406	p105-like_cnidaria	-	910	7.8e-49	159.6	4.5	1	1	1e-48	1e-48	159.2	4.5	499	711	193	400	187	406	0.93	-
XP_046852093.1	-	464	p105-like_cnidaria	-	910	2.8e-48	157.7	2.0	1	1	4.4e-48	4.4e-48	157.1	2.0	497	695	178	374	146	390	0.92	-
XP_046852094.1	-	464	p105-like_cnidaria	-	910	2.8e-48	157.7	2.0	1	1	4.4e-48	4.4e-48	157.1	2.0	497	695	178	374	146	390	0.92	-
XP_046852095.1	-	464	p105-like_cnidaria	-	910	2.8e-48	157.7	2.0	1	1	4.4e-48	4.4e-48	157.1	2.0	497	695	178	374	146	390	0.92	-
CAB4029556.1	-	428	p105-like_cnidaria	-	910	5.2e-48	156.8	4.1	1	1	9.2e-48	9.2e-48	156.0	4.0	508	723	183	406	114	411	0.79	-
CAB3997549.1	-	458	p105-like_cnidaria	-	910	3e-47	154.3	6.8	1	2	9.3e-47	9.3e-47	152.7	6.7	450	692	126	368	106	373	0.85	-
CAB3997549.1	-	458	p105-like_cnidaria	-	910	3e-47	154.3	6.8	2	2	0.38	0.38	1.7	0.0	610	640	354	384	342	387	0.73	-
XP_068687147.1	-	348	p105-like_cnidaria	-	910	8.8e-47	152.8	0.5	1	1	1.3e-46	1.3e-46	152.2	0.5	507	743	120	343	25	347	0.90	-
XP_068731939.1	-	354	p105-like_cnidaria	-	910	9.1e-47	152.7	0.3	1	1	1.9e-46	1.9e-46	151.7	0.3	508	743	127	349	121	353	0.91	-
XP_028404349.1	-	451	p105-like_cnidaria	-	910	5.1e-46	150.2	8.7	1	2	2.9e-45	2.9e-45	147.7	8.1	488	672	163	347	126	352	0.87	-
XP_028404349.1	-	451	p105-like_cnidaria	-	910	5.1e-46	150.2	8.7	2	2	0.2	0.2	2.7	0.0	597	641	339	383	337	391	0.76	-
XP_028404342.1	-	452	p105-like_cnidaria	-	910	6e-46	150.0	9.0	1	2	2.8e-45	2.8e-45	147.8	8.8	489	674	165	350	126	372	0.86	-
XP_028404342.1	-	452	p105-like_cnidaria	-	910	6e-46	150.0	9.0	2	2	0.17	0.17	2.9	0.0	596	641	339	384	337	392	0.77	-
MPSW01000736.1_IkB-like-1_cnidaria_3ae602e1	-	419	p105-like_cnidaria	-	910	3.7e-43	140.8	2.3	1	1	5.1e-43	5.1e-43	140.3	2.3	515	707	218	405	213	411	0.91	-
XP_068687149.1	-	267	p105-like_cnidaria	-	910	8.2e-34	109.8	1.8	1	1	8.2e-34	8.2e-34	109.8	1.8	508	646	121	260	115	262	0.92	-
CAH3186488.1	-	910	p50-like_cnidaria	-	438	3.7e-237	780.5	0.0	1	1	1.4e-237	5.4e-237	780.0	0.0	1	435	1	438	1	441	0.98	-
CAH3136379.1	-	910	p50-like_cnidaria	-	438	3.7e-237	780.5	0.0	1	1	1.4e-237	5.4e-237	780.0	0.0	1	435	1	438	1	441	0.98	-
XP_073234456.1	-	909	p50-like_cnidaria	-	438	1.3e-236	778.8	0.0	1	1	4.9e-237	1.9e-236	778.2	0.0	1	435	1	437	1	440	0.97	-
CAH3186482.1	-	439	p50-like_cnidaria	-	438	5.6e-236	776.6	0.0	1	1	1.6e-236	6.2e-236	776.5	0.0	1	437	1	438	1	439	0.98	-
XP_048580668.1	-	440	p50-like_cnidaria	-	438	1.8e-235	775.0	0.0	1	1	5.1e-236	2e-235	774.8	0.0	2	438	1	440	1	440	0.99	-
XP_048580669.1	-	440	p50-like_cnidaria	-	438	1.8e-235	775.0	0.0	1	1	5.1e-236	2e-235	774.8	0.0	2	438	1	440	1	440	0.99	-
KAK2568458.1	-	445	p50-like_cnidaria	-	438	3.7e-235	773.9	0.0	1	1	1.1e-235	4.3e-235	773.7	0.0	1	438	1	433	1	433	0.99	-
XP_032228246.1	-	440	p50-like_cnidaria	-	438	6.2e-235	773.2	0.0	1	1	1.8e-235	6.9e-235	773.0	0.0	2	438	1	440	1	440	0.99	-
CAH3185197.1	-	444	p50-like_cnidaria	-	438	1.2e-234	772.2	0.0	1	1	3.5e-235	1.4e-234	772.0	0.0	1	437	1	440	1	441	0.97	-
JARQWQ010000012.1_p105-like_cnidaria_21f51161	-	912	p50-like_cnidaria	-	438	2.5e-233	767.9	0.0	1	1	9.2e-234	3.6e-233	767.4	0.0	1	438	1	433	1	433	0.99	-
XP_029186950.1	-	904	p50-like_cnidaria	-	438	3.5e-233	767.4	0.0	1	1	1.3e-233	5.2e-233	766.9	0.0	1	437	1	432	1	433	0.98	-
XP_067053651.1	-	904	p50-like_cnidaria	-	438	3.5e-233	767.4	0.0	1	1	1.3e-233	5.2e-233	766.9	0.0	1	437	1	432	1	433	0.98	-
BLFE01006569.1_p105-like_cnidaria_aa59d0aa	-	913	p50-like_cnidaria	-	438	6.4e-233	766.6	0.0	1	1	2.2e-233	8.7e-233	766.1	0.0	1	437	1	432	1	433	0.98	-
XP_029186950.2	-	904	p50-like_cnidaria	-	438	1e-232	765.9	0.0	1	1	4e-233	1.6e-232	765.3	0.0	1	436	1	431	1	433	0.98	-
BLEZ01000773.1_p105-like_cnidaria_c43d54bd	-	912	p50-like_cnidaria	-	438	2e-232	764.9	0.0	1	1	7.7e-233	3e-232	764.3	0.0	1	437	1	432	1	433	0.98	-
NC_133202.1_p105-like_cnidaria_3c8e6130	-	436	p50-like_cnidaria	-	438	3e-231	761.0	0.0	1	1	8.7e-232	3.4e-231	760.9	0.0	1	432	1	434	1	436	0.96	-
BLAZ01000634.1_p105-like_cnidaria_42ec6be3	-	910	p50-like_cnidaria	-	438	3.6e-230	757.5	0.0	1	1	1.4e-230	5.5e-230	756.9	0.0	1	436	1	431	1	434	0.98	-
NW_018149324.1_p105-like_cnidaria_989546e4	-	918	p50-like_cnidaria	-	438	2e-226	745.1	0.0	1	1	7.2e-227	2.8e-226	744.7	0.0	1	430	1	431	1	442	0.96	-
OZ116707.1_p105-like_cnidaria_9f32f0b0	-	918	p50-like_cnidaria	-	438	5.9e-226	743.6	0.0	1	1	2.2e-226	8.6e-226	743.0	0.0	1	430	1	431	1	442	0.96	-
CM106371.1_p105-like_cnidaria_95385fb0	-	919	p50-like_cnidaria	-	438	1.6e-224	738.9	0.0	1	1	6.2e-225	2.4e-224	738.3	0.0	1	421	1	420	1	457	0.95	-
XP_068721954.1	-	925	p50-like_cnidaria	-	438	1.6e-222	732.3	0.0	1	1	6e-223	2.3e-222	731.7	0.0	1	419	6	423	6	456	0.95	-
CAH3117715.1	-	917	p50-like_cnidaria	-	438	3.9e-222	731.0	0.0	1	1	1.4e-222	5.6e-222	730.5	0.0	1	425	1	425	1	465	0.94	-
XP_058970121.1	-	919	p50-like_cnidaria	-	438	7.3e-222	730.1	0.0	1	1	2.6e-222	1e-221	729.6	0.0	1	421	1	420	1	465	0.94	-
MU826351.1_p105-like_cnidaria_8da2a243	-	915	p50-like_cnidaria	-	438	7.7e-222	730.0	0.0	1	1	2.9e-222	1.1e-221	729.5	0.0	1	413	1	429	1	456	0.93	-
XP_068704788.1	-	925	p50-like_cnidaria	-	438	1e-221	729.6	0.0	1	1	3.9e-222	1.5e-221	729.1	0.0	1	413	6	424	6	456	0.93	-
XP_027038010.1	-	926	p50-like_cnidaria	-	438	2.7e-221	728.3	0.0	1	1	1.1e-221	4.1e-221	727.6	0.0	1	423	1	424	1	479	0.94	-
XP_022789210.1	-	916	p50-like_cnidaria	-	438	9.6e-221	726.4	0.0	1	1	3.5e-221	1.4e-220	725.9	0.0	1	421	1	424	1	444	0.94	-
XP_022789211.1	-	916	p50-like_cnidaria	-	438	9.6e-221	726.4	0.0	1	1	3.5e-221	1.4e-220	725.9	0.0	1	421	1	424	1	444	0.94	-
XP_028414684.1	-	479	p50-like_cnidaria	-	438	4.8e-217	714.2	0.0	1	1	1.4e-217	5.6e-217	714.0	0.0	1	437	1	475	1	476	0.99	-
XP_028414852.1	-	479	p50-like_cnidaria	-	438	1.3e-216	712.8	0.0	1	1	3.8e-217	1.5e-216	712.6	0.0	1	437	1	475	1	476	0.99	-
CALNXJ010000016.1_p105-like_cnidaria_b4389a93	-	916	p50-like_cnidaria	-	438	2.6e-216	711.8	0.0	1	1	9.4e-217	3.6e-216	711.3	0.0	1	425	1	422	1	459	0.94	-
JAJLRJ010000002.1_p105-like_cnidaria_1c165c91	-	904	p50-like_cnidaria	-	438	1.1e-214	706.4	0.0	1	1	4.3e-215	1.7e-214	705.9	0.0	1	433	1	429	1	433	0.93	-
NW_015441067.1_p105-like_cnidaria_c1c4e8b6	-	912	p50-like_cnidaria	-	438	1.1e-210	693.3	0.0	1	1	3.8e-211	1.5e-210	692.8	0.0	1	437	1	433	1	434	0.98	-
XP_015766406.1	-	835	p50-like_cnidaria	-	438	2.1e-210	692.4	0.0	1	1	2.1e-210	8e-210	690.4	0.0	1	437	1	425	1	426	0.95	-
MPSW01003764.1_p105-like_cnidaria_566e8a75	-	914	p50-like_cnidaria	-	438	5.7e-207	681.0	0.0	1	1	2.1e-207	8e-207	680.5	0.0	1	375	1	375	1	379	0.98	-
XP_031565156.1	-	859	p50-like_cnidaria	-	438	6.8e-207	680.8	0.0	1	2	5.1e-207	2e-206	679.3	0.0	2	429	1	433	1	443	0.93	-
XP_031565156.1	-	859	p50-like_cnidaria	-	438	6.8e-207	680.8	0.0	2	2	2.4	9.3	-1.8	0.0	76	101	604	629	598	653	0.77	-
XP_031565157.1	-	859	p50-like_cnidaria	-	438	6.8e-207	680.8	0.0	1	2	5.1e-207	2e-206	679.3	0.0	2	429	1	433	1	443	0.93	-
XP_031565157.1	-	859	p50-like_cnidaria	-	438	6.8e-207	680.8	0.0	2	2	2.4	9.3	-1.8	0.0	76	101	604	629	598	653	0.77	-
CAH3027709.1	-	912	p50-like_cnidaria	-	438	4.2e-204	671.6	0.0	1	1	1.6e-204	6.1e-204	671.0	0.0	1	435	1	440	1	443	0.94	-
XP_020916759.1	-	848	p50-like_cnidaria	-	438	6e-203	667.8	0.0	1	1	2.9e-203	1.1e-202	666.9	0.0	2	428	1	428	1	467	0.91	-
XP_046859971.1	-	473	p50-like_cnidaria	-	438	3.5e-202	665.3	0.0	1	1	1.1e-202	4.3e-202	665.0	0.0	1	435	1	457	1	461	0.98	-
XP_065051077.1	-	431	p50-like_cnidaria	-	438	5.2e-195	641.6	0.1	1	1	1.5e-195	5.8e-195	641.5	0.1	23	437	8	430	1	431	0.97	-
CALNXK010000057.1_p105-like_cnidaria_3ac67995	-	457	p50-like_cnidaria	-	438	6.1e-188	618.3	0.0	1	1	2.1e-188	8e-188	617.9	0.0	1	429	1	428	1	440	0.92	-
KAK3739735.1	-	837	p50-like_cnidaria	-	438	1.3e-185	610.6	0.0	1	2	1.2e-185	4.5e-185	608.9	0.0	40	430	12	406	5	420	0.90	-
KAK3739735.1	-	837	p50-like_cnidaria	-	438	1.3e-185	610.6	0.0	2	2	2.2	8.6	-1.7	0.0	77	103	577	603	566	628	0.71	-
CM106374.1_p105-like_cnidaria_e0ab6510	-	355	p50-like_cnidaria	-	438	8e-171	561.9	0.0	1	1	2.3e-171	8.9e-171	561.8	0.0	53	406	2	351	1	355	0.93	-

