protein accession	genome accession	contig accession	sequence accession	locus start 1b	locus end 1b	strand	sequence length	feature type	feature index	feature position 1b	error
KAJ7330771.1	GCA_029204205.1	MU827791.1		964277	967185	+	2909	dss	1	401	
KAJ7330771.1	GCA_029204205.1	MU827791.1		964277	967185	+	2909	dss	2	1073	
KAJ7330771.1	GCA_029204205.1	MU827791.1		964277	967185	+	2909	dss	3	1458	
KAJ7330771.1	GCA_029204205.1	MU827791.1		964277	967185	+	2909	dss	4	2211	
KAJ7330771.1	GCA_029204205.1	MU827791.1		964277	967185	+	2909	dss	5	2583	
KAJ7330771.1	GCA_029204205.1	MU827791.1		964277	967185	+	2909	ass	1	968	
KAJ7330771.1	GCA_029204205.1	MU827791.1		964277	967185	+	2909	ass	2	1224	
KAJ7330771.1	GCA_029204205.1	MU827791.1		964277	967185	+	2909	ass	3	2123	
KAJ7330771.1	GCA_029204205.1	MU827791.1		964277	967185	+	2909	ass	4	2335	
KAJ7330771.1	GCA_029204205.1	MU827791.1		964277	967185	+	2909	ass	5	2880	
KAJ7378236.1	GCA_029204205.1	MU826368.1		725539	722801	-	2739	dss	1	7	
KAJ7378236.1	GCA_029204205.1	MU826368.1		725539	722801	-	2739	dss	2	1141	
KAJ7378236.1	GCA_029204205.1	MU826368.1		725539	722801	-	2739	dss	3	2038	
KAJ7378236.1	GCA_029204205.1	MU826368.1		725539	722801	-	2739	dss	4	2540	
KAJ7378236.1	GCA_029204205.1	MU826368.1		725539	722801	-	2739	ass	1	1030	
KAJ7378236.1	GCA_029204205.1	MU826368.1		725539	722801	-	2739	ass	2	1648	
KAJ7378236.1	GCA_029204205.1	MU826368.1		725539	722801	-	2739	ass	3	2322	
KAJ7378236.1	GCA_029204205.1	MU826368.1		725539	722801	-	2739	ass	4	2659	
KAK2566508.1	GCA_032359415.1	JARQWQ010000016.1		1392954	1380231	-	12724	dss	1	914	
KAK2566508.1	GCA_032359415.1	JARQWQ010000016.1		1392954	1380231	-	12724	dss	2	1400	
KAK2566508.1	GCA_032359415.1	JARQWQ010000016.1		1392954	1380231	-	12724	dss	3	4381	
KAK2566508.1	GCA_032359415.1	JARQWQ010000016.1		1392954	1380231	-	12724	dss	4	7412	
KAK2566508.1	GCA_032359415.1	JARQWQ010000016.1		1392954	1380231	-	12724	dss	5	9024	
KAK2566508.1	GCA_032359415.1	JARQWQ010000016.1		1392954	1380231	-	12724	dss	6	9825	
KAK2566508.1	GCA_032359415.1	JARQWQ010000016.1		1392954	1380231	-	12724	ass	1	1052	
KAK2566508.1	GCA_032359415.1	JARQWQ010000016.1		1392954	1380231	-	12724	ass	2	4279	
KAK2566508.1	GCA_032359415.1	JARQWQ010000016.1		1392954	1380231	-	12724	ass	3	7199	
KAK2566508.1	GCA_032359415.1	JARQWQ010000016.1		1392954	1380231	-	12724	ass	4	8936	
KAK2566508.1	GCA_032359415.1	JARQWQ010000016.1		1392954	1380231	-	12724	ass	5	9580	
KAK2566508.1	GCA_032359415.1	JARQWQ010000016.1		1392954	1380231	-	12724	ass	6	9913	
KAK2566512.1	GCA_032359415.1	JARQWQ010000016.1		1416830	1408516	-	8315	dss	1	1060	
KAK2566512.1	GCA_032359415.1	JARQWQ010000016.1		1416830	1408516	-	8315	dss	2	3470	
KAK2566512.1	GCA_032359415.1	JARQWQ010000016.1		1416830	1408516	-	8315	dss	3	4057	
KAK2566512.1	GCA_032359415.1	JARQWQ010000016.1		1416830	1408516	-	8315	dss	4	4808	
KAK2566512.1	GCA_032359415.1	JARQWQ010000016.1		1416830	1408516	-	8315	ass	1	3359	
KAK2566512.1	GCA_032359415.1	JARQWQ010000016.1		1416830	1408516	-	8315	ass	2	3667	
KAK2566512.1	GCA_032359415.1	JARQWQ010000016.1		1416830	1408516	-	8315	ass	3	4599	
KAK2566512.1	GCA_032359415.1	JARQWQ010000016.1		1416830	1408516	-	8315	ass	4	6619	
KAK2567480.1	GCA_032359415.1	JARQWQ010000014.1		289586	300731	+	11146	dss	1	413	
KAK2567480.1	GCA_032359415.1	JARQWQ010000014.1		289586	300731	+	11146	dss	2	941	
KAK2567480.1	GCA_032359415.1	JARQWQ010000014.1		289586	300731	+	11146	dss	3	1355	
KAK2567480.1	GCA_032359415.1	JARQWQ010000014.1		289586	300731	+	11146	dss	4	2297	
KAK2567480.1	GCA_032359415.1	JARQWQ010000014.1		289586	300731	+	11146	dss	5	2920	
KAK2567480.1	GCA_032359415.1	JARQWQ010000014.1		289586	300731	+	11146	dss	6	3140	
KAK2567480.1	GCA_032359415.1	JARQWQ010000014.1		289586	300731	+	11146	dss	7	8197	
KAK2567480.1	GCA_032359415.1	JARQWQ010000014.1		289586	300731	+	11146	dss	8	8867	
KAK2567480.1	GCA_032359415.1	JARQWQ010000014.1		289586	300731	+	11146	ass	1	836	
KAK2567480.1	GCA_032359415.1	JARQWQ010000014.1		289586	300731	+	11146	ass	2	1121	
KAK2567480.1	GCA_032359415.1	JARQWQ010000014.1		289586	300731	+	11146	ass	3	2209	
KAK2567480.1	GCA_032359415.1	JARQWQ010000014.1		289586	300731	+	11146	ass	4	2672	
KAK2567480.1	GCA_032359415.1	JARQWQ010000014.1		289586	300731	+	11146	ass	5	3110	
KAK2567480.1	GCA_032359415.1	JARQWQ010000014.1		289586	300731	+	11146	ass	6	6851	
KAK2567480.1	GCA_032359415.1	JARQWQ010000014.1		289586	300731	+	11146	ass	7	8825	
KAK2567480.1	GCA_032359415.1	JARQWQ010000014.1		289586	300731	+	11146	ass	8	10351	
KAK2568458.1	GCA_032359415.1	JARQWQ010000012.1		1530236	1540451	+	10216	dss	1	2530	
KAK2568458.1	GCA_032359415.1	JARQWQ010000012.1		1530236	1540451	+	10216	dss	2	3436	
KAK2568458.1	GCA_032359415.1	JARQWQ010000012.1		1530236	1540451	+	10216	dss	3	4199	
KAK2568458.1	GCA_032359415.1	JARQWQ010000012.1		1530236	1540451	+	10216	dss	4	4967	
KAK2568458.1	GCA_032359415.1	JARQWQ010000012.1		1530236	1540451	+	10216	dss	5	5628	
KAK2568458.1	GCA_032359415.1	JARQWQ010000012.1		1530236	1540451	+	10216	dss	6	6149	
KAK2568458.1	GCA_032359415.1	JARQWQ010000012.1		1530236	1540451	+	10216	dss	7	7110	
KAK2568458.1	GCA_032359415.1	JARQWQ010000012.1		1530236	1540451	+	10216	dss	8	8318	
KAK2568458.1	GCA_032359415.1	JARQWQ010000012.1		1530236	1540451	+	10216	dss	9	9277	
KAK2568458.1	GCA_032359415.1	JARQWQ010000012.1		1530236	1540451	+	10216	ass	1	3402	
KAK2568458.1	GCA_032359415.1	JARQWQ010000012.1		1530236	1540451	+	10216	ass	2	3949	
KAK2568458.1	GCA_032359415.1	JARQWQ010000012.1		1530236	1540451	+	10216	ass	3	4756	
KAK2568458.1	GCA_032359415.1	JARQWQ010000012.1		1530236	1540451	+	10216	ass	4	5470	
KAK2568458.1	GCA_032359415.1	JARQWQ010000012.1		1530236	1540451	+	10216	ass	5	6045	
KAK2568458.1	GCA_032359415.1	JARQWQ010000012.1		1530236	1540451	+	10216	ass	6	7016	
KAK2568458.1	GCA_032359415.1	JARQWQ010000012.1		1530236	1540451	+	10216	ass	7	8180	
KAK2568458.1	GCA_032359415.1	JARQWQ010000012.1		1530236	1540451	+	10216	ass	8	9083	
KAK2568458.1	GCA_032359415.1	JARQWQ010000012.1		1530236	1540451	+	10216	ass	9	10194	
KAK3739735.1	GCA_033675265.1	JAUJYZ010000622.1		170901	154254	-	16648	dss	1	27	
KAK3739735.1	GCA_033675265.1	JAUJYZ010000622.1		170901	154254	-	16648	dss	2	178	
KAK3739735.1	GCA_033675265.1	JAUJYZ010000622.1		170901	154254	-	16648	dss	3	765	
KAK3739735.1	GCA_033675265.1	JAUJYZ010000622.1		170901	154254	-	16648	dss	4	1512	
KAK3739735.1	GCA_033675265.1	JAUJYZ010000622.1		170901	154254	-	16648	dss	5	3131	
KAK3739735.1	GCA_033675265.1	JAUJYZ010000622.1		170901	154254	-	16648	dss	6	4146	
KAK3739735.1	GCA_033675265.1	JAUJYZ010000622.1		170901	154254	-	16648	dss	7	4604	
KAK3739735.1	GCA_033675265.1	JAUJYZ010000622.1		170901	154254	-	16648	dss	8	5323	
KAK3739735.1	GCA_033675265.1	JAUJYZ010000622.1		170901	154254	-	16648	dss	9	6375	
KAK3739735.1	GCA_033675265.1	JAUJYZ010000622.1		170901	154254	-	16648	dss	10	6988	
KAK3739735.1	GCA_033675265.1	JAUJYZ010000622.1		170901	154254	-	16648	dss	11	10630	
KAK3739735.1	GCA_033675265.1	JAUJYZ010000622.1		170901	154254	-	16648	dss	12	11793	
KAK3739735.1	GCA_033675265.1	JAUJYZ010000622.1		170901	154254	-	16648	dss	13	12410	
KAK3739735.1	GCA_033675265.1	JAUJYZ010000622.1		170901	154254	-	16648	dss	14	12935	
KAK3739735.1	GCA_033675265.1	JAUJYZ010000622.1		170901	154254	-	16648	dss	15	13119	
KAK3739735.1	GCA_033675265.1	JAUJYZ010000622.1		170901	154254	-	16648	dss	16	13745	
KAK3739735.1	GCA_033675265.1	JAUJYZ010000622.1		170901	154254	-	16648	dss	17	14241	
KAK3739735.1	GCA_033675265.1	JAUJYZ010000622.1		170901	154254	-	16648	dss	18	14759	
KAK3739735.1	GCA_033675265.1	JAUJYZ010000622.1		170901	154254	-	16648	dss	19	15573	
KAK3739735.1	GCA_033675265.1	JAUJYZ010000622.1		170901	154254	-	16648	ass	1	131	
KAK3739735.1	GCA_033675265.1	JAUJYZ010000622.1		170901	154254	-	16648	ass	2	667	
KAK3739735.1	GCA_033675265.1	JAUJYZ010000622.1		170901	154254	-	16648	ass	3	1358	
KAK3739735.1	GCA_033675265.1	JAUJYZ010000622.1		170901	154254	-	16648	ass	4	2911	
KAK3739735.1	GCA_033675265.1	JAUJYZ010000622.1		170901	154254	-	16648	ass	5	3988	
KAK3739735.1	GCA_033675265.1	JAUJYZ010000622.1		170901	154254	-	16648	ass	6	4500	
KAK3739735.1	GCA_033675265.1	JAUJYZ010000622.1		170901	154254	-	16648	ass	7	5229	
KAK3739735.1	GCA_033675265.1	JAUJYZ010000622.1		170901	154254	-	16648	ass	8	6237	
KAK3739735.1	GCA_033675265.1	JAUJYZ010000622.1		170901	154254	-	16648	ass	9	6788	
KAK3739735.1	GCA_033675265.1	JAUJYZ010000622.1		170901	154254	-	16648	ass	10	10432	
KAK3739735.1	GCA_033675265.1	JAUJYZ010000622.1		170901	154254	-	16648	ass	11	11682	
KAK3739735.1	GCA_033675265.1	JAUJYZ010000622.1		170901	154254	-	16648	ass	12	12197	
KAK3739735.1	GCA_033675265.1	JAUJYZ010000622.1		170901	154254	-	16648	ass	13	12847	
KAK3739735.1	GCA_033675265.1	JAUJYZ010000622.1		170901	154254	-	16648	ass	14	13039	
KAK3739735.1	GCA_033675265.1	JAUJYZ010000622.1		170901	154254	-	16648	ass	15	13578	
KAK3739735.1	GCA_033675265.1	JAUJYZ010000622.1		170901	154254	-	16648	ass	16	14157	
KAK3739735.1	GCA_033675265.1	JAUJYZ010000622.1		170901	154254	-	16648	ass	17	14694	
KAK3739735.1	GCA_033675265.1	JAUJYZ010000622.1		170901	154254	-	16648	ass	18	15436	
KAK3739735.1	GCA_033675265.1	JAUJYZ010000622.1		170901	154254	-	16648	ass	19	16536	
CAB3997549.1	GCA_902702795.2	CACRXK020003126.1		7901	20041	+	12141	dss	1	481	
CAB3997549.1	GCA_902702795.2	CACRXK020003126.1		7901	20041	+	12141	dss	2	3998	
CAB3997549.1	GCA_902702795.2	CACRXK020003126.1		7901	20041	+	12141	dss	3	5518	
CAB3997549.1	GCA_902702795.2	CACRXK020003126.1		7901	20041	+	12141	dss	4	9553	
CAB3997549.1	GCA_902702795.2	CACRXK020003126.1		7901	20041	+	12141	dss	5	10780	
CAB3997549.1	GCA_902702795.2	CACRXK020003126.1		7901	20041	+	12141	ass	1	3905	
CAB3997549.1	GCA_902702795.2	CACRXK020003126.1		7901	20041	+	12141	ass	2	5410	
CAB3997549.1	GCA_902702795.2	CACRXK020003126.1		7901	20041	+	12141	ass	3	9263	
CAB3997549.1	GCA_902702795.2	CACRXK020003126.1		7901	20041	+	12141	ass	4	10469	
CAB3997549.1	GCA_902702795.2	CACRXK020003126.1		7901	20041	+	12141	ass	5	12052	
CAB4007512.1	GCA_902702795.2	CACRXK020005816.1		13613	22176	+	8564	dss	1	413	
CAB4007512.1	GCA_902702795.2	CACRXK020005816.1		13613	22176	+	8564	dss	2	4138	
CAB4007512.1	GCA_902702795.2	CACRXK020005816.1		13613	22176	+	8564	dss	3	5469	
CAB4007512.1	GCA_902702795.2	CACRXK020005816.1		13613	22176	+	8564	dss	4	6233	
CAB4007512.1	GCA_902702795.2	CACRXK020005816.1		13613	22176	+	8564	dss	5	7264	
CAB4007512.1	GCA_902702795.2	CACRXK020005816.1		13613	22176	+	8564	ass	1	4036	
CAB4007512.1	GCA_902702795.2	CACRXK020005816.1		13613	22176	+	8564	ass	2	5238	
CAB4007512.1	GCA_902702795.2	CACRXK020005816.1		13613	22176	+	8564	ass	3	6145	
CAB4007512.1	GCA_902702795.2	CACRXK020005816.1		13613	22176	+	8564	ass	4	7031	
CAB4007512.1	GCA_902702795.2	CACRXK020005816.1		13613	22176	+	8564	ass	5	8412	
CAB4012946.1	GCA_902702795.2	CACRXK020007693.1		5580	12068	+	6489	dss	1	392	
CAB4012946.1	GCA_902702795.2	CACRXK020007693.1		5580	12068	+	6489	dss	2	1936	
CAB4012946.1	GCA_902702795.2	CACRXK020007693.1		5580	12068	+	6489	dss	3	3281	
CAB4012946.1	GCA_902702795.2	CACRXK020007693.1		5580	12068	+	6489	dss	4	4012	
CAB4012946.1	GCA_902702795.2	CACRXK020007693.1		5580	12068	+	6489	dss	5	5197	
CAB4012946.1	GCA_902702795.2	CACRXK020007693.1		5580	12068	+	6489	ass	1	1834	
CAB4012946.1	GCA_902702795.2	CACRXK020007693.1		5580	12068	+	6489	ass	2	3050	
CAB4012946.1	GCA_902702795.2	CACRXK020007693.1		5580	12068	+	6489	ass	3	3924	
CAB4012946.1	GCA_902702795.2	CACRXK020007693.1		5580	12068	+	6489	ass	4	4964	
CAB4012946.1	GCA_902702795.2	CACRXK020007693.1		5580	12068	+	6489	ass	5	6337	
CAB4029555.1	GCA_902702795.2	CACRXK020016248.1		1239	10537	+	9299	dss	1	23	
CAB4029555.1	GCA_902702795.2	CACRXK020016248.1		1239	10537	+	9299	dss	2	1364	
CAB4029555.1	GCA_902702795.2	CACRXK020016248.1		1239	10537	+	9299	dss	3	1695	
CAB4029555.1	GCA_902702795.2	CACRXK020016248.1		1239	10537	+	9299	dss	4	1871	
CAB4029555.1	GCA_902702795.2	CACRXK020016248.1		1239	10537	+	9299	dss	5	2684	
CAB4029555.1	GCA_902702795.2	CACRXK020016248.1		1239	10537	+	9299	dss	6	6127	
CAB4029555.1	GCA_902702795.2	CACRXK020016248.1		1239	10537	+	9299	dss	7	6887	
CAB4029555.1	GCA_902702795.2	CACRXK020016248.1		1239	10537	+	9299	dss	8	8767	
CAB4029555.1	GCA_902702795.2	CACRXK020016248.1		1239	10537	+	9299	ass	1	1302	
CAB4029555.1	GCA_902702795.2	CACRXK020016248.1		1239	10537	+	9299	ass	2	1617	
CAB4029555.1	GCA_902702795.2	CACRXK020016248.1		1239	10537	+	9299	ass	3	1752	
CAB4029555.1	GCA_902702795.2	CACRXK020016248.1		1239	10537	+	9299	ass	4	2558	
CAB4029555.1	GCA_902702795.2	CACRXK020016248.1		1239	10537	+	9299	ass	5	5914	
CAB4029555.1	GCA_902702795.2	CACRXK020016248.1		1239	10537	+	9299	ass	6	6799	
CAB4029555.1	GCA_902702795.2	CACRXK020016248.1		1239	10537	+	9299	ass	7	8528	
CAB4029555.1	GCA_902702795.2	CACRXK020016248.1		1239	10537	+	9299	ass	8	9249	
CAB4029556.1	GCA_902702795.2	CACRXK020016248.1		2544	10537	+	7994	dss	1	566	
CAB4029556.1	GCA_902702795.2	CACRXK020016248.1		2544	10537	+	7994	dss	2	1379	
CAB4029556.1	GCA_902702795.2	CACRXK020016248.1		2544	10537	+	7994	dss	3	4822	
CAB4029556.1	GCA_902702795.2	CACRXK020016248.1		2544	10537	+	7994	dss	4	5582	
CAB4029556.1	GCA_902702795.2	CACRXK020016248.1		2544	10537	+	7994	dss	5	7462	
CAB4029556.1	GCA_902702795.2	CACRXK020016248.1		2544	10537	+	7994	ass	1	1253	
CAB4029556.1	GCA_902702795.2	CACRXK020016248.1		2544	10537	+	7994	ass	2	4609	
CAB4029556.1	GCA_902702795.2	CACRXK020016248.1		2544	10537	+	7994	ass	3	5494	
CAB4029556.1	GCA_902702795.2	CACRXK020016248.1		2544	10537	+	7994	ass	4	7223	
CAB4029556.1	GCA_902702795.2	CACRXK020016248.1		2544	10537	+	7994	ass	5	7944	
CAH3027367.1	GCA_942486025.1	CALNXI010000448.1		256496	249664	-	6833	dss	1	38	
CAH3027367.1	GCA_942486025.1	CALNXI010000448.1		256496	249664	-	6833	dss	2	2355	
CAH3027367.1	GCA_942486025.1	CALNXI010000448.1		256496	249664	-	6833	dss	3	3107	
CAH3027367.1	GCA_942486025.1	CALNXI010000448.1		256496	249664	-	6833	dss	4	4068	
CAH3027367.1	GCA_942486025.1	CALNXI010000448.1		256496	249664	-	6833	dss	5	4904	
CAH3027367.1	GCA_942486025.1	CALNXI010000448.1		256496	249664	-	6833	ass	1	2253	
CAH3027367.1	GCA_942486025.1	CALNXI010000448.1		256496	249664	-	6833	ass	2	2897	
CAH3027367.1	GCA_942486025.1	CALNXI010000448.1		256496	249664	-	6833	ass	3	3980	
CAH3027367.1	GCA_942486025.1	CALNXI010000448.1		256496	249664	-	6833	ass	4	4659	
CAH3027367.1	GCA_942486025.1	CALNXI010000448.1		256496	249664	-	6833	ass	5	6780	
CAH3027709.1	GCA_942486025.1	CALNXI010000468.1		46614	68215	+	21602	dss	1	124	
CAH3027709.1	GCA_942486025.1	CALNXI010000468.1		46614	68215	+	21602	dss	2	1633	
CAH3027709.1	GCA_942486025.1	CALNXI010000468.1		46614	68215	+	21602	dss	3	2199	
CAH3027709.1	GCA_942486025.1	CALNXI010000468.1		46614	68215	+	21602	dss	4	2949	
CAH3027709.1	GCA_942486025.1	CALNXI010000468.1		46614	68215	+	21602	dss	5	6479	
CAH3027709.1	GCA_942486025.1	CALNXI010000468.1		46614	68215	+	21602	dss	6	6883	
CAH3027709.1	GCA_942486025.1	CALNXI010000468.1		46614	68215	+	21602	dss	7	7320	
CAH3027709.1	GCA_942486025.1	CALNXI010000468.1		46614	68215	+	21602	dss	8	8239	
CAH3027709.1	GCA_942486025.1	CALNXI010000468.1		46614	68215	+	21602	dss	9	9415	
CAH3027709.1	GCA_942486025.1	CALNXI010000468.1		46614	68215	+	21602	dss	10	10112	
CAH3027709.1	GCA_942486025.1	CALNXI010000468.1		46614	68215	+	21602	dss	11	10720	
CAH3027709.1	GCA_942486025.1	CALNXI010000468.1		46614	68215	+	21602	dss	12	12643	
CAH3027709.1	GCA_942486025.1	CALNXI010000468.1		46614	68215	+	21602	dss	13	14486	
CAH3027709.1	GCA_942486025.1	CALNXI010000468.1		46614	68215	+	21602	dss	14	14979	
CAH3027709.1	GCA_942486025.1	CALNXI010000468.1		46614	68215	+	21602	dss	15	18330	
CAH3027709.1	GCA_942486025.1	CALNXI010000468.1		46614	68215	+	21602	dss	16	18992	
CAH3027709.1	GCA_942486025.1	CALNXI010000468.1		46614	68215	+	21602	dss	17	19438	
CAH3027709.1	GCA_942486025.1	CALNXI010000468.1		46614	68215	+	21602	dss	18	19840	
CAH3027709.1	GCA_942486025.1	CALNXI010000468.1		46614	68215	+	21602	dss	19	20216	
CAH3027709.1	GCA_942486025.1	CALNXI010000468.1		46614	68215	+	21602	dss	20	20982	
CAH3027709.1	GCA_942486025.1	CALNXI010000468.1		46614	68215	+	21602	ass	1	1599	
CAH3027709.1	GCA_942486025.1	CALNXI010000468.1		46614	68215	+	21602	ass	2	1874	
CAH3027709.1	GCA_942486025.1	CALNXI010000468.1		46614	68215	+	21602	ass	3	2801	
CAH3027709.1	GCA_942486025.1	CALNXI010000468.1		46614	68215	+	21602	ass	4	6321	
CAH3027709.1	GCA_942486025.1	CALNXI010000468.1		46614	68215	+	21602	ass	5	6779	
CAH3027709.1	GCA_942486025.1	CALNXI010000468.1		46614	68215	+	21602	ass	6	7223	
CAH3027709.1	GCA_942486025.1	CALNXI010000468.1		46614	68215	+	21602	ass	7	8101	
CAH3027709.1	GCA_942486025.1	CALNXI010000468.1		46614	68215	+	21602	ass	8	9236	
CAH3027709.1	GCA_942486025.1	CALNXI010000468.1		46614	68215	+	21602	ass	9	10023	
CAH3027709.1	GCA_942486025.1	CALNXI010000468.1		46614	68215	+	21602	ass	10	10579	
CAH3027709.1	GCA_942486025.1	CALNXI010000468.1		46614	68215	+	21602	ass	11	12532	
CAH3027709.1	GCA_942486025.1	CALNXI010000468.1		46614	68215	+	21602	ass	12	14285	
CAH3027709.1	GCA_942486025.1	CALNXI010000468.1		46614	68215	+	21602	ass	13	14891	
CAH3027709.1	GCA_942486025.1	CALNXI010000468.1		46614	68215	+	21602	ass	14	18250	
CAH3027709.1	GCA_942486025.1	CALNXI010000468.1		46614	68215	+	21602	ass	15	18825	
CAH3027709.1	GCA_942486025.1	CALNXI010000468.1		46614	68215	+	21602	ass	16	19387	
CAH3027709.1	GCA_942486025.1	CALNXI010000468.1		46614	68215	+	21602	ass	17	19802	
CAH3027709.1	GCA_942486025.1	CALNXI010000468.1		46614	68215	+	21602	ass	18	20047	
CAH3027709.1	GCA_942486025.1	CALNXI010000468.1		46614	68215	+	21602	ass	19	20838	
CAH3027709.1	GCA_942486025.1	CALNXI010000468.1		46614	68215	+	21602	ass	20	21469	
CAH3028528.1	GCA_942486025.1	CALNXI010000517.1		234877	231691	-	3187	dss	1	425	
CAH3028528.1	GCA_942486025.1	CALNXI010000517.1		234877	231691	-	3187	dss	2	1065	
CAH3028528.1	GCA_942486025.1	CALNXI010000517.1		234877	231691	-	3187	dss	3	1491	
CAH3028528.1	GCA_942486025.1	CALNXI010000517.1		234877	231691	-	3187	dss	4	2260	
CAH3028528.1	GCA_942486025.1	CALNXI010000517.1		234877	231691	-	3187	ass	1	960	
CAH3028528.1	GCA_942486025.1	CALNXI010000517.1		234877	231691	-	3187	ass	2	1257	
CAH3028528.1	GCA_942486025.1	CALNXI010000517.1		234877	231691	-	3187	ass	3	2172	
CAH3028528.1	GCA_942486025.1	CALNXI010000517.1		234877	231691	-	3187	ass	4	2882	
CAH3148052.1	GCA_942486025.1	CALNXI010000943.1		75619	19649	-	55971	dss	1	1381	
CAH3148052.1	GCA_942486025.1	CALNXI010000943.1		75619	19649	-	55971	dss	2	7068	
CAH3148052.1	GCA_942486025.1	CALNXI010000943.1		75619	19649	-	55971	dss	3	9384	
CAH3148052.1	GCA_942486025.1	CALNXI010000943.1		75619	19649	-	55971	dss	4	10755	
CAH3148052.1	GCA_942486025.1	CALNXI010000943.1		75619	19649	-	55971	dss	5	12884	
CAH3148052.1	GCA_942486025.1	CALNXI010000943.1		75619	19649	-	55971	dss	6	16797	
CAH3148052.1	GCA_942486025.1	CALNXI010000943.1		75619	19649	-	55971	dss	7	19017	
CAH3148052.1	GCA_942486025.1	CALNXI010000943.1		75619	19649	-	55971	dss	8	26851	
CAH3148052.1	GCA_942486025.1	CALNXI010000943.1		75619	19649	-	55971	dss	9	27777	
CAH3148052.1	GCA_942486025.1	CALNXI010000943.1		75619	19649	-	55971	dss	10	30323	
CAH3148052.1	GCA_942486025.1	CALNXI010000943.1		75619	19649	-	55971	dss	11	32190	
CAH3148052.1	GCA_942486025.1	CALNXI010000943.1		75619	19649	-	55971	dss	12	38569	
CAH3148052.1	GCA_942486025.1	CALNXI010000943.1		75619	19649	-	55971	dss	13	39209	
CAH3148052.1	GCA_942486025.1	CALNXI010000943.1		75619	19649	-	55971	dss	14	39635	
CAH3148052.1	GCA_942486025.1	CALNXI010000943.1		75619	19649	-	55971	dss	15	40404	
CAH3148052.1	GCA_942486025.1	CALNXI010000943.1		75619	19649	-	55971	dss	16	41262	
CAH3148052.1	GCA_942486025.1	CALNXI010000943.1		75619	19649	-	55971	dss	17	49728	
CAH3148052.1	GCA_942486025.1	CALNXI010000943.1		75619	19649	-	55971	dss	18	51481	
CAH3148052.1	GCA_942486025.1	CALNXI010000943.1		75619	19649	-	55971	dss	19	52010	
CAH3148052.1	GCA_942486025.1	CALNXI010000943.1		75619	19649	-	55971	dss	20	53317	
CAH3148052.1	GCA_942486025.1	CALNXI010000943.1		75619	19649	-	55971	dss	21	53853	
CAH3148052.1	GCA_942486025.1	CALNXI010000943.1		75619	19649	-	55971	dss	22	54479	
CAH3148052.1	GCA_942486025.1	CALNXI010000943.1		75619	19649	-	55971	dss	23	55456	
CAH3148052.1	GCA_942486025.1	CALNXI010000943.1		75619	19649	-	55971	ass	1	6895	
CAH3148052.1	GCA_942486025.1	CALNXI010000943.1		75619	19649	-	55971	ass	2	8959	
CAH3148052.1	GCA_942486025.1	CALNXI010000943.1		75619	19649	-	55971	ass	3	10366	
CAH3148052.1	GCA_942486025.1	CALNXI010000943.1		75619	19649	-	55971	ass	4	12788	
CAH3148052.1	GCA_942486025.1	CALNXI010000943.1		75619	19649	-	55971	ass	5	16678	
CAH3148052.1	GCA_942486025.1	CALNXI010000943.1		75619	19649	-	55971	ass	6	18797	
CAH3148052.1	GCA_942486025.1	CALNXI010000943.1		75619	19649	-	55971	ass	7	26417	
CAH3148052.1	GCA_942486025.1	CALNXI010000943.1		75619	19649	-	55971	ass	8	27342	
CAH3148052.1	GCA_942486025.1	CALNXI010000943.1		75619	19649	-	55971	ass	9	30268	
CAH3148052.1	GCA_942486025.1	CALNXI010000943.1		75619	19649	-	55971	ass	10	32032	
CAH3148052.1	GCA_942486025.1	CALNXI010000943.1		75619	19649	-	55971	ass	11	38122	
CAH3148052.1	GCA_942486025.1	CALNXI010000943.1		75619	19649	-	55971	ass	12	39104	
CAH3148052.1	GCA_942486025.1	CALNXI010000943.1		75619	19649	-	55971	ass	13	39401	
CAH3148052.1	GCA_942486025.1	CALNXI010000943.1		75619	19649	-	55971	ass	14	40316	
CAH3148052.1	GCA_942486025.1	CALNXI010000943.1		75619	19649	-	55971	ass	15	41026	
CAH3148052.1	GCA_942486025.1	CALNXI010000943.1		75619	19649	-	55971	ass	16	49518	
CAH3148052.1	GCA_942486025.1	CALNXI010000943.1		75619	19649	-	55971	ass	17	51373	
CAH3148052.1	GCA_942486025.1	CALNXI010000943.1		75619	19649	-	55971	ass	18	51891	
CAH3148052.1	GCA_942486025.1	CALNXI010000943.1		75619	19649	-	55971	ass	19	53135	
CAH3148052.1	GCA_942486025.1	CALNXI010000943.1		75619	19649	-	55971	ass	20	53640	
CAH3148052.1	GCA_942486025.1	CALNXI010000943.1		75619	19649	-	55971	ass	21	54306	
CAH3148052.1	GCA_942486025.1	CALNXI010000943.1		75619	19649	-	55971	ass	22	55316	
CAH3148052.1	GCA_942486025.1	CALNXI010000943.1		75619	19649	-	55971	ass	23	55804	
CAH3185197.1	GCA_942486025.1	CALNXI010002241.1		33468	41413	+	7946	dss	1	124	
CAH3185197.1	GCA_942486025.1	CALNXI010002241.1		33468	41413	+	7946	dss	2	1429	
CAH3185197.1	GCA_942486025.1	CALNXI010002241.1		33468	41413	+	7946	dss	3	1925	
CAH3185197.1	GCA_942486025.1	CALNXI010002241.1		33468	41413	+	7946	dss	4	3468	
CAH3185197.1	GCA_942486025.1	CALNXI010002241.1		33468	41413	+	7946	dss	5	4383	
CAH3185197.1	GCA_942486025.1	CALNXI010002241.1		33468	41413	+	7946	dss	6	4811	
CAH3185197.1	GCA_942486025.1	CALNXI010002241.1		33468	41413	+	7946	dss	7	5237	
CAH3185197.1	GCA_942486025.1	CALNXI010002241.1		33468	41413	+	7946	dss	8	5883	
CAH3185197.1	GCA_942486025.1	CALNXI010002241.1		33468	41413	+	7946	ass	1	1395	
CAH3185197.1	GCA_942486025.1	CALNXI010002241.1		33468	41413	+	7946	ass	2	1675	
CAH3185197.1	GCA_942486025.1	CALNXI010002241.1		33468	41413	+	7946	ass	3	3254	
CAH3185197.1	GCA_942486025.1	CALNXI010002241.1		33468	41413	+	7946	ass	4	4225	
CAH3185197.1	GCA_942486025.1	CALNXI010002241.1		33468	41413	+	7946	ass	5	4707	
CAH3185197.1	GCA_942486025.1	CALNXI010002241.1		33468	41413	+	7946	ass	6	5140	
CAH3185197.1	GCA_942486025.1	CALNXI010002241.1		33468	41413	+	7946	ass	7	5745	
CAH3185197.1	GCA_942486025.1	CALNXI010002241.1		33468	41413	+	7946	ass	8	7738	
CAH3197536.1	GCA_942486025.1	CALNXI010005345.1		3964	7851	+	3888	dss	1	537	
CAH3197536.1	GCA_942486025.1	CALNXI010005345.1		3964	7851	+	3888	dss	2	1795	
CAH3197536.1	GCA_942486025.1	CALNXI010005345.1		3964	7851	+	3888	dss	3	3192	
CAH3197536.1	GCA_942486025.1	CALNXI010005345.1		3964	7851	+	3888	ass	1	1677	
CAH3197536.1	GCA_942486025.1	CALNXI010005345.1		3964	7851	+	3888	ass	2	2802	
CAH3197536.1	GCA_942486025.1	CALNXI010005345.1		3964	7851	+	3888	ass	3	3688	
CAH3198638.1	GCA_942486025.1	CALNXI010005773.1		2205	6431	+	4227	dss	1	505	
CAH3198638.1	GCA_942486025.1	CALNXI010005773.1		2205	6431	+	4227	dss	2	2112	
CAH3198638.1	GCA_942486025.1	CALNXI010005773.1		2205	6431	+	4227	dss	3	3517	
CAH3198638.1	GCA_942486025.1	CALNXI010005773.1		2205	6431	+	4227	ass	1	1980	
CAH3198638.1	GCA_942486025.1	CALNXI010005773.1		2205	6431	+	4227	ass	2	3127	
CAH3198638.1	GCA_942486025.1	CALNXI010005773.1		2205	6431	+	4227	ass	3	4027	
CAH3116438.1	GCA_942486035.1	CALNXK010000029.1		2962138	2922125	-	40014	dss	1	46	
CAH3116438.1	GCA_942486035.1	CALNXK010000029.1		2962138	2922125	-	40014	dss	2	1015	
CAH3116438.1	GCA_942486035.1	CALNXK010000029.1		2962138	2922125	-	40014	dss	3	3128	
CAH3116438.1	GCA_942486035.1	CALNXK010000029.1		2962138	2922125	-	40014	dss	4	3815	
CAH3116438.1	GCA_942486035.1	CALNXK010000029.1		2962138	2922125	-	40014	dss	5	6116	
CAH3116438.1	GCA_942486035.1	CALNXK010000029.1		2962138	2922125	-	40014	dss	6	9525	
CAH3116438.1	GCA_942486035.1	CALNXK010000029.1		2962138	2922125	-	40014	dss	7	12846	
CAH3116438.1	GCA_942486035.1	CALNXK010000029.1		2962138	2922125	-	40014	dss	8	15796	
CAH3116438.1	GCA_942486035.1	CALNXK010000029.1		2962138	2922125	-	40014	dss	9	17580	
CAH3116438.1	GCA_942486035.1	CALNXK010000029.1		2962138	2922125	-	40014	dss	10	26952	
CAH3116438.1	GCA_942486035.1	CALNXK010000029.1		2962138	2922125	-	40014	dss	11	27599	
CAH3116438.1	GCA_942486035.1	CALNXK010000029.1		2962138	2922125	-	40014	dss	12	28025	
CAH3116438.1	GCA_942486035.1	CALNXK010000029.1		2962138	2922125	-	40014	dss	13	28793	
CAH3116438.1	GCA_942486035.1	CALNXK010000029.1		2962138	2922125	-	40014	dss	14	29650	
CAH3116438.1	GCA_942486035.1	CALNXK010000029.1		2962138	2922125	-	40014	dss	15	34995	
CAH3116438.1	GCA_942486035.1	CALNXK010000029.1		2962138	2922125	-	40014	dss	16	35896	
CAH3116438.1	GCA_942486035.1	CALNXK010000029.1		2962138	2922125	-	40014	dss	17	36398	
CAH3116438.1	GCA_942486035.1	CALNXK010000029.1		2962138	2922125	-	40014	dss	18	37535	
CAH3116438.1	GCA_942486035.1	CALNXK010000029.1		2962138	2922125	-	40014	dss	19	38085	
CAH3116438.1	GCA_942486035.1	CALNXK010000029.1		2962138	2922125	-	40014	dss	20	38479	
CAH3116438.1	GCA_942486035.1	CALNXK010000029.1		2962138	2922125	-	40014	dss	21	39459	
CAH3116438.1	GCA_942486035.1	CALNXK010000029.1		2962138	2922125	-	40014	ass	1	617	
CAH3116438.1	GCA_942486035.1	CALNXK010000029.1		2962138	2922125	-	40014	ass	2	2947	
CAH3116438.1	GCA_942486035.1	CALNXK010000029.1		2962138	2922125	-	40014	ass	3	3744	
CAH3116438.1	GCA_942486035.1	CALNXK010000029.1		2962138	2922125	-	40014	ass	4	5903	
CAH3116438.1	GCA_942486035.1	CALNXK010000029.1		2962138	2922125	-	40014	ass	5	9091	
CAH3116438.1	GCA_942486035.1	CALNXK010000029.1		2962138	2922125	-	40014	ass	6	12411	
CAH3116438.1	GCA_942486035.1	CALNXK010000029.1		2962138	2922125	-	40014	ass	7	15741	
CAH3116438.1	GCA_942486035.1	CALNXK010000029.1		2962138	2922125	-	40014	ass	8	17422	
CAH3116438.1	GCA_942486035.1	CALNXK010000029.1		2962138	2922125	-	40014	ass	9	26520	
CAH3116438.1	GCA_942486035.1	CALNXK010000029.1		2962138	2922125	-	40014	ass	10	27494	
CAH3116438.1	GCA_942486035.1	CALNXK010000029.1		2962138	2922125	-	40014	ass	11	27791	
CAH3116438.1	GCA_942486035.1	CALNXK010000029.1		2962138	2922125	-	40014	ass	12	28705	
CAH3116438.1	GCA_942486035.1	CALNXK010000029.1		2962138	2922125	-	40014	ass	13	29414	
CAH3116438.1	GCA_942486035.1	CALNXK010000029.1		2962138	2922125	-	40014	ass	14	34794	
CAH3116438.1	GCA_942486035.1	CALNXK010000029.1		2962138	2922125	-	40014	ass	15	35788	
CAH3116438.1	GCA_942486035.1	CALNXK010000029.1		2962138	2922125	-	40014	ass	16	36279	
CAH3116438.1	GCA_942486035.1	CALNXK010000029.1		2962138	2922125	-	40014	ass	17	37353	
CAH3116438.1	GCA_942486035.1	CALNXK010000029.1		2962138	2922125	-	40014	ass	18	37872	
CAH3116438.1	GCA_942486035.1	CALNXK010000029.1		2962138	2922125	-	40014	ass	19	38306	
CAH3116438.1	GCA_942486035.1	CALNXK010000029.1		2962138	2922125	-	40014	ass	20	39319	
CAH3116438.1	GCA_942486035.1	CALNXK010000029.1		2962138	2922125	-	40014	ass	21	39847	
CAH3136379.1	GCA_942486035.1	CALNXK010000057.1		2714358	2730162	+	15805	dss	1	124	
CAH3136379.1	GCA_942486035.1	CALNXK010000057.1		2714358	2730162	+	15805	dss	2	1905	
CAH3136379.1	GCA_942486035.1	CALNXK010000057.1		2714358	2730162	+	15805	dss	3	2398	
CAH3136379.1	GCA_942486035.1	CALNXK010000057.1		2714358	2730162	+	15805	dss	4	4299	
CAH3136379.1	GCA_942486035.1	CALNXK010000057.1		2714358	2730162	+	15805	dss	5	4998	
CAH3136379.1	GCA_942486035.1	CALNXK010000057.1		2714358	2730162	+	15805	dss	6	5424	
CAH3136379.1	GCA_942486035.1	CALNXK010000057.1		2714358	2730162	+	15805	dss	7	5874	
CAH3136379.1	GCA_942486035.1	CALNXK010000057.1		2714358	2730162	+	15805	dss	8	6828	
CAH3136379.1	GCA_942486035.1	CALNXK010000057.1		2714358	2730162	+	15805	dss	9	8007	
CAH3136379.1	GCA_942486035.1	CALNXK010000057.1		2714358	2730162	+	15805	dss	10	8754	
CAH3136379.1	GCA_942486035.1	CALNXK010000057.1		2714358	2730162	+	15805	dss	11	9325	
CAH3136379.1	GCA_942486035.1	CALNXK010000057.1		2714358	2730162	+	15805	dss	12	10038	
CAH3136379.1	GCA_942486035.1	CALNXK010000057.1		2714358	2730162	+	15805	dss	13	11291	
CAH3136379.1	GCA_942486035.1	CALNXK010000057.1		2714358	2730162	+	15805	dss	14	11765	
CAH3136379.1	GCA_942486035.1	CALNXK010000057.1		2714358	2730162	+	15805	dss	15	12226	
CAH3136379.1	GCA_942486035.1	CALNXK010000057.1		2714358	2730162	+	15805	dss	16	12864	
CAH3136379.1	GCA_942486035.1	CALNXK010000057.1		2714358	2730162	+	15805	dss	17	13323	
CAH3136379.1	GCA_942486035.1	CALNXK010000057.1		2714358	2730162	+	15805	dss	18	13723	
CAH3136379.1	GCA_942486035.1	CALNXK010000057.1		2714358	2730162	+	15805	dss	19	14104	
CAH3136379.1	GCA_942486035.1	CALNXK010000057.1		2714358	2730162	+	15805	dss	20	14896	
CAH3136379.1	GCA_942486035.1	CALNXK010000057.1		2714358	2730162	+	15805	ass	1	1871	
CAH3136379.1	GCA_942486035.1	CALNXK010000057.1		2714358	2730162	+	15805	ass	2	2148	
CAH3136379.1	GCA_942486035.1	CALNXK010000057.1		2714358	2730162	+	15805	ass	3	4085	
CAH3136379.1	GCA_942486035.1	CALNXK010000057.1		2714358	2730162	+	15805	ass	4	4840	
CAH3136379.1	GCA_942486035.1	CALNXK010000057.1		2714358	2730162	+	15805	ass	5	5320	
CAH3136379.1	GCA_942486035.1	CALNXK010000057.1		2714358	2730162	+	15805	ass	6	5777	
CAH3136379.1	GCA_942486035.1	CALNXK010000057.1		2714358	2730162	+	15805	ass	7	6690	
CAH3136379.1	GCA_942486035.1	CALNXK010000057.1		2714358	2730162	+	15805	ass	8	7825	
CAH3136379.1	GCA_942486035.1	CALNXK010000057.1		2714358	2730162	+	15805	ass	9	8665	
CAH3136379.1	GCA_942486035.1	CALNXK010000057.1		2714358	2730162	+	15805	ass	10	9184	
CAH3136379.1	GCA_942486035.1	CALNXK010000057.1		2714358	2730162	+	15805	ass	11	9927	
CAH3136379.1	GCA_942486035.1	CALNXK010000057.1		2714358	2730162	+	15805	ass	12	11090	
CAH3136379.1	GCA_942486035.1	CALNXK010000057.1		2714358	2730162	+	15805	ass	13	11677	
CAH3136379.1	GCA_942486035.1	CALNXK010000057.1		2714358	2730162	+	15805	ass	14	12146	
CAH3136379.1	GCA_942486035.1	CALNXK010000057.1		2714358	2730162	+	15805	ass	15	12697	
CAH3136379.1	GCA_942486035.1	CALNXK010000057.1		2714358	2730162	+	15805	ass	16	13272	
CAH3136379.1	GCA_942486035.1	CALNXK010000057.1		2714358	2730162	+	15805	ass	17	13685	
CAH3136379.1	GCA_942486035.1	CALNXK010000057.1		2714358	2730162	+	15805	ass	18	13935	
CAH3136379.1	GCA_942486035.1	CALNXK010000057.1		2714358	2730162	+	15805	ass	19	14752	
CAH3136379.1	GCA_942486035.1	CALNXK010000057.1		2714358	2730162	+	15805	ass	20	15672	
CAH3158544.1	GCA_942486035.1	CALNXK010000111.1		1122441	1127486	+	5046	dss	1	509	
CAH3158544.1	GCA_942486035.1	CALNXK010000111.1		1122441	1127486	+	5046	dss	2	2486	
CAH3158544.1	GCA_942486035.1	CALNXK010000111.1		1122441	1127486	+	5046	dss	3	3845	
CAH3158544.1	GCA_942486035.1	CALNXK010000111.1		1122441	1127486	+	5046	ass	1	2409	
CAH3158544.1	GCA_942486035.1	CALNXK010000111.1		1122441	1127486	+	5046	ass	2	3455	
CAH3158544.1	GCA_942486035.1	CALNXK010000111.1		1122441	1127486	+	5046	ass	3	4846	
CAH3158546.1	GCA_942486035.1	CALNXK010000111.1		1142673	1147397	+	4725	dss	1	452	
CAH3158546.1	GCA_942486035.1	CALNXK010000111.1		1142673	1147397	+	4725	dss	2	2748	
CAH3158546.1	GCA_942486035.1	CALNXK010000111.1		1142673	1147397	+	4725	dss	3	3644	
CAH3158546.1	GCA_942486035.1	CALNXK010000111.1		1142673	1147397	+	4725	dss	4	3869	
CAH3158546.1	GCA_942486035.1	CALNXK010000111.1		1142673	1147397	+	4725	ass	1	2646	
CAH3158546.1	GCA_942486035.1	CALNXK010000111.1		1142673	1147397	+	4725	ass	2	3434	
CAH3158546.1	GCA_942486035.1	CALNXK010000111.1		1142673	1147397	+	4725	ass	3	3781	
CAH3158546.1	GCA_942486035.1	CALNXK010000111.1		1142673	1147397	+	4725	ass	4	4477	
CAH3186482.1	GCA_942486035.1	CALNXK010000483.1		80619	88053	+	7435	dss	1	121	
CAH3186482.1	GCA_942486035.1	CALNXK010000483.1		80619	88053	+	7435	dss	2	1951	
CAH3186482.1	GCA_942486035.1	CALNXK010000483.1		80619	88053	+	7435	dss	3	2447	
CAH3186482.1	GCA_942486035.1	CALNXK010000483.1		80619	88053	+	7435	dss	4	4082	
CAH3186482.1	GCA_942486035.1	CALNXK010000483.1		80619	88053	+	7435	dss	5	5000	
CAH3186482.1	GCA_942486035.1	CALNXK010000483.1		80619	88053	+	7435	dss	6	5386	
CAH3186482.1	GCA_942486035.1	CALNXK010000483.1		80619	88053	+	7435	dss	7	5812	
CAH3186482.1	GCA_942486035.1	CALNXK010000483.1		80619	88053	+	7435	dss	8	6464	
CAH3186482.1	GCA_942486035.1	CALNXK010000483.1		80619	88053	+	7435	ass	1	1917	
CAH3186482.1	GCA_942486035.1	CALNXK010000483.1		80619	88053	+	7435	ass	2	2197	
CAH3186482.1	GCA_942486035.1	CALNXK010000483.1		80619	88053	+	7435	ass	3	3868	
CAH3186482.1	GCA_942486035.1	CALNXK010000483.1		80619	88053	+	7435	ass	4	4842	
CAH3186482.1	GCA_942486035.1	CALNXK010000483.1		80619	88053	+	7435	ass	5	5282	
CAH3186482.1	GCA_942486035.1	CALNXK010000483.1		80619	88053	+	7435	ass	6	5715	
CAH3186482.1	GCA_942486035.1	CALNXK010000483.1		80619	88053	+	7435	ass	7	6326	
CAH3186482.1	GCA_942486035.1	CALNXK010000483.1		80619	88053	+	7435	ass	8	7242	
CAH3186488.1	GCA_942486035.1	CALNXK010000483.1		134929	151190	+	16262	dss	1	124	
CAH3186488.1	GCA_942486035.1	CALNXK010000483.1		134929	151190	+	16262	dss	2	2514	
CAH3186488.1	GCA_942486035.1	CALNXK010000483.1		134929	151190	+	16262	dss	3	3175	
CAH3186488.1	GCA_942486035.1	CALNXK010000483.1		134929	151190	+	16262	dss	4	5077	
CAH3186488.1	GCA_942486035.1	CALNXK010000483.1		134929	151190	+	16262	dss	5	5775	
CAH3186488.1	GCA_942486035.1	CALNXK010000483.1		134929	151190	+	16262	dss	6	6200	
CAH3186488.1	GCA_942486035.1	CALNXK010000483.1		134929	151190	+	16262	dss	7	6650	
CAH3186488.1	GCA_942486035.1	CALNXK010000483.1		134929	151190	+	16262	dss	8	7607	
CAH3186488.1	GCA_942486035.1	CALNXK010000483.1		134929	151190	+	16262	dss	9	8781	
CAH3186488.1	GCA_942486035.1	CALNXK010000483.1		134929	151190	+	16262	dss	10	9529	
CAH3186488.1	GCA_942486035.1	CALNXK010000483.1		134929	151190	+	16262	dss	11	10100	
CAH3186488.1	GCA_942486035.1	CALNXK010000483.1		134929	151190	+	16262	dss	12	10813	
CAH3186488.1	GCA_942486035.1	CALNXK010000483.1		134929	151190	+	16262	dss	13	12049	
CAH3186488.1	GCA_942486035.1	CALNXK010000483.1		134929	151190	+	16262	dss	14	12523	
CAH3186488.1	GCA_942486035.1	CALNXK010000483.1		134929	151190	+	16262	dss	15	12983	
CAH3186488.1	GCA_942486035.1	CALNXK010000483.1		134929	151190	+	16262	dss	16	13622	
CAH3186488.1	GCA_942486035.1	CALNXK010000483.1		134929	151190	+	16262	dss	17	14080	
CAH3186488.1	GCA_942486035.1	CALNXK010000483.1		134929	151190	+	16262	dss	18	14484	
CAH3186488.1	GCA_942486035.1	CALNXK010000483.1		134929	151190	+	16262	dss	19	14865	
CAH3186488.1	GCA_942486035.1	CALNXK010000483.1		134929	151190	+	16262	dss	20	15642	
CAH3186488.1	GCA_942486035.1	CALNXK010000483.1		134929	151190	+	16262	ass	1	2480	
CAH3186488.1	GCA_942486035.1	CALNXK010000483.1		134929	151190	+	16262	ass	2	2925	
CAH3186488.1	GCA_942486035.1	CALNXK010000483.1		134929	151190	+	16262	ass	3	4863	
CAH3186488.1	GCA_942486035.1	CALNXK010000483.1		134929	151190	+	16262	ass	4	5617	
CAH3186488.1	GCA_942486035.1	CALNXK010000483.1		134929	151190	+	16262	ass	5	6096	
CAH3186488.1	GCA_942486035.1	CALNXK010000483.1		134929	151190	+	16262	ass	6	6553	
CAH3186488.1	GCA_942486035.1	CALNXK010000483.1		134929	151190	+	16262	ass	7	7469	
CAH3186488.1	GCA_942486035.1	CALNXK010000483.1		134929	151190	+	16262	ass	8	8599	
CAH3186488.1	GCA_942486035.1	CALNXK010000483.1		134929	151190	+	16262	ass	9	9440	
CAH3186488.1	GCA_942486035.1	CALNXK010000483.1		134929	151190	+	16262	ass	10	9959	
CAH3186488.1	GCA_942486035.1	CALNXK010000483.1		134929	151190	+	16262	ass	11	10702	
CAH3186488.1	GCA_942486035.1	CALNXK010000483.1		134929	151190	+	16262	ass	12	11848	
CAH3186488.1	GCA_942486035.1	CALNXK010000483.1		134929	151190	+	16262	ass	13	12435	
CAH3186488.1	GCA_942486035.1	CALNXK010000483.1		134929	151190	+	16262	ass	14	12903	
CAH3186488.1	GCA_942486035.1	CALNXK010000483.1		134929	151190	+	16262	ass	15	13455	
CAH3186488.1	GCA_942486035.1	CALNXK010000483.1		134929	151190	+	16262	ass	16	14029	
CAH3186488.1	GCA_942486035.1	CALNXK010000483.1		134929	151190	+	16262	ass	17	14446	
CAH3186488.1	GCA_942486035.1	CALNXK010000483.1		134929	151190	+	16262	ass	18	14696	
CAH3186488.1	GCA_942486035.1	CALNXK010000483.1		134929	151190	+	16262	ass	19	15498	
CAH3186488.1	GCA_942486035.1	CALNXK010000483.1		134929	151190	+	16262	ass	20	16129	
CAH3117715.1	GCA_942486045.1	CALNXJ010000016.1		2060176	2050087	-	10090	dss	1	124	
CAH3117715.1	GCA_942486045.1	CALNXJ010000016.1		2060176	2050087	-	10090	dss	2	685	
CAH3117715.1	GCA_942486045.1	CALNXJ010000016.1		2060176	2050087	-	10090	dss	3	1433	
CAH3117715.1	GCA_942486045.1	CALNXJ010000016.1		2060176	2050087	-	10090	dss	4	2195	
CAH3117715.1	GCA_942486045.1	CALNXJ010000016.1		2060176	2050087	-	10090	dss	5	2659	
CAH3117715.1	GCA_942486045.1	CALNXJ010000016.1		2060176	2050087	-	10090	dss	6	3152	
CAH3117715.1	GCA_942486045.1	CALNXJ010000016.1		2060176	2050087	-	10090	dss	7	3371	
CAH3117715.1	GCA_942486045.1	CALNXJ010000016.1		2060176	2050087	-	10090	dss	8	3717	
CAH3117715.1	GCA_942486045.1	CALNXJ010000016.1		2060176	2050087	-	10090	dss	9	4389	
CAH3117715.1	GCA_942486045.1	CALNXJ010000016.1		2060176	2050087	-	10090	dss	10	4918	
CAH3117715.1	GCA_942486045.1	CALNXJ010000016.1		2060176	2050087	-	10090	dss	11	5554	
CAH3117715.1	GCA_942486045.1	CALNXJ010000016.1		2060176	2050087	-	10090	dss	12	5782	
CAH3117715.1	GCA_942486045.1	CALNXJ010000016.1		2060176	2050087	-	10090	dss	13	6340	
CAH3117715.1	GCA_942486045.1	CALNXJ010000016.1		2060176	2050087	-	10090	dss	14	6620	
CAH3117715.1	GCA_942486045.1	CALNXJ010000016.1		2060176	2050087	-	10090	dss	15	7145	
CAH3117715.1	GCA_942486045.1	CALNXJ010000016.1		2060176	2050087	-	10090	dss	16	8040	
CAH3117715.1	GCA_942486045.1	CALNXJ010000016.1		2060176	2050087	-	10090	dss	17	8561	
CAH3117715.1	GCA_942486045.1	CALNXJ010000016.1		2060176	2050087	-	10090	dss	18	8817	
CAH3117715.1	GCA_942486045.1	CALNXJ010000016.1		2060176	2050087	-	10090	dss	19	9191	
CAH3117715.1	GCA_942486045.1	CALNXJ010000016.1		2060176	2050087	-	10090	dss	20	9581	
CAH3117715.1	GCA_942486045.1	CALNXJ010000016.1		2060176	2050087	-	10090	ass	1	651	
CAH3117715.1	GCA_942486045.1	CALNXJ010000016.1		2060176	2050087	-	10090	ass	2	1183	
CAH3117715.1	GCA_942486045.1	CALNXJ010000016.1		2060176	2050087	-	10090	ass	3	1981	
CAH3117715.1	GCA_942486045.1	CALNXJ010000016.1		2060176	2050087	-	10090	ass	4	2501	
CAH3117715.1	GCA_942486045.1	CALNXJ010000016.1		2060176	2050087	-	10090	ass	5	3048	
CAH3117715.1	GCA_942486045.1	CALNXJ010000016.1		2060176	2050087	-	10090	ass	6	3274	
CAH3117715.1	GCA_942486045.1	CALNXJ010000016.1		2060176	2050087	-	10090	ass	7	3579	
CAH3117715.1	GCA_942486045.1	CALNXJ010000016.1		2060176	2050087	-	10090	ass	8	4180	
CAH3117715.1	GCA_942486045.1	CALNXJ010000016.1		2060176	2050087	-	10090	ass	9	4841	
CAH3117715.1	GCA_942486045.1	CALNXJ010000016.1		2060176	2050087	-	10090	ass	10	5419	
CAH3117715.1	GCA_942486045.1	CALNXJ010000016.1		2060176	2050087	-	10090	ass	11	5671	
CAH3117715.1	GCA_942486045.1	CALNXJ010000016.1		2060176	2050087	-	10090	ass	12	6139	
CAH3117715.1	GCA_942486045.1	CALNXJ010000016.1		2060176	2050087	-	10090	ass	13	6532	
CAH3117715.1	GCA_942486045.1	CALNXJ010000016.1		2060176	2050087	-	10090	ass	14	7065	
CAH3117715.1	GCA_942486045.1	CALNXJ010000016.1		2060176	2050087	-	10090	ass	15	7873	
CAH3117715.1	GCA_942486045.1	CALNXJ010000016.1		2060176	2050087	-	10090	ass	16	8504	
CAH3117715.1	GCA_942486045.1	CALNXJ010000016.1		2060176	2050087	-	10090	ass	17	8779	
CAH3117715.1	GCA_942486045.1	CALNXJ010000016.1		2060176	2050087	-	10090	ass	18	9016	
CAH3117715.1	GCA_942486045.1	CALNXJ010000016.1		2060176	2050087	-	10090	ass	19	9437	
CAH3117715.1	GCA_942486045.1	CALNXJ010000016.1		2060176	2050087	-	10090	ass	20	9957	
CAH3140492.1	GCA_942486045.1	CALNXJ010000034.1		783168	808321	+	25154	dss	1	232	
CAH3140492.1	GCA_942486045.1	CALNXJ010000034.1		783168	808321	+	25154	dss	2	1983	
CAH3140492.1	GCA_942486045.1	CALNXJ010000034.1		783168	808321	+	25154	dss	3	2963	
CAH3140492.1	GCA_942486045.1	CALNXJ010000034.1		783168	808321	+	25154	dss	4	3160	
CAH3140492.1	GCA_942486045.1	CALNXJ010000034.1		783168	808321	+	25154	dss	5	3323	
CAH3140492.1	GCA_942486045.1	CALNXJ010000034.1		783168	808321	+	25154	dss	6	5337	
CAH3140492.1	GCA_942486045.1	CALNXJ010000034.1		783168	808321	+	25154	dss	7	6617	
CAH3140492.1	GCA_942486045.1	CALNXJ010000034.1		783168	808321	+	25154	dss	8	9314	
CAH3140492.1	GCA_942486045.1	CALNXJ010000034.1		783168	808321	+	25154	dss	9	10872	
CAH3140492.1	GCA_942486045.1	CALNXJ010000034.1		783168	808321	+	25154	dss	10	11412	
CAH3140492.1	GCA_942486045.1	CALNXJ010000034.1		783168	808321	+	25154	dss	11	12080	
CAH3140492.1	GCA_942486045.1	CALNXJ010000034.1		783168	808321	+	25154	dss	12	16267	
CAH3140492.1	GCA_942486045.1	CALNXJ010000034.1		783168	808321	+	25154	dss	13	16920	
CAH3140492.1	GCA_942486045.1	CALNXJ010000034.1		783168	808321	+	25154	dss	14	17317	
CAH3140492.1	GCA_942486045.1	CALNXJ010000034.1		783168	808321	+	25154	dss	15	17824	
CAH3140492.1	GCA_942486045.1	CALNXJ010000034.1		783168	808321	+	25154	dss	16	18357	
CAH3140492.1	GCA_942486045.1	CALNXJ010000034.1		783168	808321	+	25154	dss	17	18733	
CAH3140492.1	GCA_942486045.1	CALNXJ010000034.1		783168	808321	+	25154	dss	18	20506	
CAH3140492.1	GCA_942486045.1	CALNXJ010000034.1		783168	808321	+	25154	dss	19	21361	
CAH3140492.1	GCA_942486045.1	CALNXJ010000034.1		783168	808321	+	25154	dss	20	22065	
CAH3140492.1	GCA_942486045.1	CALNXJ010000034.1		783168	808321	+	25154	dss	21	22743	
CAH3140492.1	GCA_942486045.1	CALNXJ010000034.1		783168	808321	+	25154	dss	22	23079	
CAH3140492.1	GCA_942486045.1	CALNXJ010000034.1		783168	808321	+	25154	dss	23	23451	
CAH3140492.1	GCA_942486045.1	CALNXJ010000034.1		783168	808321	+	25154	dss	24	24240	
CAH3140492.1	GCA_942486045.1	CALNXJ010000034.1		783168	808321	+	25154	dss	25	24825	
CAH3140492.1	GCA_942486045.1	CALNXJ010000034.1		783168	808321	+	25154	ass	1	1555	
CAH3140492.1	GCA_942486045.1	CALNXJ010000034.1		783168	808321	+	25154	ass	2	2573	
CAH3140492.1	GCA_942486045.1	CALNXJ010000034.1		783168	808321	+	25154	ass	3	3111	
CAH3140492.1	GCA_942486045.1	CALNXJ010000034.1		783168	808321	+	25154	ass	4	3266	
CAH3140492.1	GCA_942486045.1	CALNXJ010000034.1		783168	808321	+	25154	ass	5	5174	
CAH3140492.1	GCA_942486045.1	CALNXJ010000034.1		783168	808321	+	25154	ass	6	6408	
CAH3140492.1	GCA_942486045.1	CALNXJ010000034.1		783168	808321	+	25154	ass	7	8880	
CAH3140492.1	GCA_942486045.1	CALNXJ010000034.1		783168	808321	+	25154	ass	8	10422	
CAH3140492.1	GCA_942486045.1	CALNXJ010000034.1		783168	808321	+	25154	ass	9	11357	
CAH3140492.1	GCA_942486045.1	CALNXJ010000034.1		783168	808321	+	25154	ass	10	11979	
CAH3140492.1	GCA_942486045.1	CALNXJ010000034.1		783168	808321	+	25154	ass	11	15814	
CAH3140492.1	GCA_942486045.1	CALNXJ010000034.1		783168	808321	+	25154	ass	12	16815	
CAH3140492.1	GCA_942486045.1	CALNXJ010000034.1		783168	808321	+	25154	ass	13	17083	
CAH3140492.1	GCA_942486045.1	CALNXJ010000034.1		783168	808321	+	25154	ass	14	17736	
CAH3140492.1	GCA_942486045.1	CALNXJ010000034.1		783168	808321	+	25154	ass	15	18109	
CAH3140492.1	GCA_942486045.1	CALNXJ010000034.1		783168	808321	+	25154	ass	16	18722	
CAH3140492.1	GCA_942486045.1	CALNXJ010000034.1		783168	808321	+	25154	ass	17	20323	
CAH3140492.1	GCA_942486045.1	CALNXJ010000034.1		783168	808321	+	25154	ass	18	21253	
CAH3140492.1	GCA_942486045.1	CALNXJ010000034.1		783168	808321	+	25154	ass	19	21946	
CAH3140492.1	GCA_942486045.1	CALNXJ010000034.1		783168	808321	+	25154	ass	20	22561	
CAH3140492.1	GCA_942486045.1	CALNXJ010000034.1		783168	808321	+	25154	ass	21	22979	
CAH3140492.1	GCA_942486045.1	CALNXJ010000034.1		783168	808321	+	25154	ass	22	23339	
CAH3140492.1	GCA_942486045.1	CALNXJ010000034.1		783168	808321	+	25154	ass	23	24067	
CAH3140492.1	GCA_942486045.1	CALNXJ010000034.1		783168	808321	+	25154	ass	24	24685	
CAH3140492.1	GCA_942486045.1	CALNXJ010000034.1		783168	808321	+	25154	ass	25	24987	
CAH3146082.1	GCA_942486045.1	CALNXJ010000041.1		1465710	1471747	+	6038	dss	1	7	
CAH3146082.1	GCA_942486045.1	CALNXJ010000041.1		1465710	1471747	+	6038	dss	2	601	
CAH3146082.1	GCA_942486045.1	CALNXJ010000041.1		1465710	1471747	+	6038	dss	3	2066	
CAH3146082.1	GCA_942486045.1	CALNXJ010000041.1		1465710	1471747	+	6038	dss	4	2815	
CAH3146082.1	GCA_942486045.1	CALNXJ010000041.1		1465710	1471747	+	6038	dss	5	3737	
CAH3146082.1	GCA_942486045.1	CALNXJ010000041.1		1465710	1471747	+	6038	dss	6	5080	
CAH3146082.1	GCA_942486045.1	CALNXJ010000041.1		1465710	1471747	+	6038	ass	1	145	
CAH3146082.1	GCA_942486045.1	CALNXJ010000041.1		1465710	1471747	+	6038	ass	2	1964	
CAH3146082.1	GCA_942486045.1	CALNXJ010000041.1		1465710	1471747	+	6038	ass	3	2605	
CAH3146082.1	GCA_942486045.1	CALNXJ010000041.1		1465710	1471747	+	6038	ass	4	3649	
CAH3146082.1	GCA_942486045.1	CALNXJ010000041.1		1465710	1471747	+	6038	ass	5	4835	
CAH3146082.1	GCA_942486045.1	CALNXJ010000041.1		1465710	1471747	+	6038	ass	6	5985	
XP_001626962.2	GCF_000209225.1	NW_001834203.1		167821	157789	-	10033	dss	1	1242	
XP_001626962.2	GCF_000209225.1	NW_001834203.1		167821	157789	-	10033	dss	2	1786	
XP_001626962.2	GCF_000209225.1	NW_001834203.1		167821	157789	-	10033	dss	3	4863	
XP_001626962.2	GCF_000209225.1	NW_001834203.1		167821	157789	-	10033	dss	4	5472	
XP_001626962.2	GCF_000209225.1	NW_001834203.1		167821	157789	-	10033	dss	5	6351	
XP_001626962.2	GCF_000209225.1	NW_001834203.1		167821	157789	-	10033	ass	1	1684	
XP_001626962.2	GCF_000209225.1	NW_001834203.1		167821	157789	-	10033	ass	2	4653	
XP_001626962.2	GCF_000209225.1	NW_001834203.1		167821	157789	-	10033	ass	3	5384	
XP_001626962.2	GCF_000209225.1	NW_001834203.1		167821	157789	-	10033	ass	4	6103	
XP_001626962.2	GCF_000209225.1	NW_001834203.1		167821	157789	-	10033	ass	5	9337	
XP_032228246.1	GCF_000209225.1	NW_001834120.1		214300	203767	-	10534	dss	1	1431	
XP_032228246.1	GCF_000209225.1	NW_001834120.1		214300	203767	-	10534	dss	2	2498	
XP_032228246.1	GCF_000209225.1	NW_001834120.1		214300	203767	-	10534	dss	3	2979	
XP_032228246.1	GCF_000209225.1	NW_001834120.1		214300	203767	-	10534	dss	4	3214	
XP_032228246.1	GCF_000209225.1	NW_001834120.1		214300	203767	-	10534	dss	5	3751	
XP_032228246.1	GCF_000209225.1	NW_001834120.1		214300	203767	-	10534	dss	6	7663	
XP_032228246.1	GCF_000209225.1	NW_001834120.1		214300	203767	-	10534	dss	7	8329	
XP_032228246.1	GCF_000209225.1	NW_001834120.1		214300	203767	-	10534	dss	8	8836	
XP_032228246.1	GCF_000209225.1	NW_001834120.1		214300	203767	-	10534	dss	9	9184	
XP_032228246.1	GCF_000209225.1	NW_001834120.1		214300	203767	-	10534	ass	1	2464	
XP_032228246.1	GCF_000209225.1	NW_001834120.1		214300	203767	-	10534	ass	2	2881	
XP_032228246.1	GCF_000209225.1	NW_001834120.1		214300	203767	-	10534	ass	3	3060	
XP_032228246.1	GCF_000209225.1	NW_001834120.1		214300	203767	-	10534	ass	4	3537	
XP_032228246.1	GCF_000209225.1	NW_001834120.1		214300	203767	-	10534	ass	5	7505	
XP_032228246.1	GCF_000209225.1	NW_001834120.1		214300	203767	-	10534	ass	6	8225	
XP_032228246.1	GCF_000209225.1	NW_001834120.1		214300	203767	-	10534	ass	7	8739	
XP_032228246.1	GCF_000209225.1	NW_001834120.1		214300	203767	-	10534	ass	8	9043	
XP_032228246.1	GCF_000209225.1	NW_001834120.1		214300	203767	-	10534	ass	9	9484	
XP_032228503.1	GCF_000209225.1	NW_001834132.1		41076	45169	+	4094	dss	1	606	
XP_032228503.1	GCF_000209225.1	NW_001834132.1		41076	45169	+	4094	dss	2	932	
XP_032228503.1	GCF_000209225.1	NW_001834132.1		41076	45169	+	4094	dss	3	1394	
XP_032228503.1	GCF_000209225.1	NW_001834132.1		41076	45169	+	4094	dss	4	1750	
XP_032228503.1	GCF_000209225.1	NW_001834132.1		41076	45169	+	4094	dss	5	2223	
XP_032228503.1	GCF_000209225.1	NW_001834132.1		41076	45169	+	4094	ass	1	827	
XP_032228503.1	GCF_000209225.1	NW_001834132.1		41076	45169	+	4094	ass	2	1160	
XP_032228503.1	GCF_000209225.1	NW_001834132.1		41076	45169	+	4094	ass	3	1662	
XP_032228503.1	GCF_000209225.1	NW_001834132.1		41076	45169	+	4094	ass	4	1978	
XP_032228503.1	GCF_000209225.1	NW_001834132.1		41076	45169	+	4094	ass	5	2457	
XP_032230483.1	GCF_000209225.1	NW_001834203.1		175419	171281	-	4139	dss	1	455	
XP_032230483.1	GCF_000209225.1	NW_001834203.1		175419	171281	-	4139	dss	2	1448	
XP_032230483.1	GCF_000209225.1	NW_001834203.1		175419	171281	-	4139	dss	3	1731	
XP_032230483.1	GCF_000209225.1	NW_001834203.1		175419	171281	-	4139	dss	4	2532	
XP_032230483.1	GCF_000209225.1	NW_001834203.1		175419	171281	-	4139	ass	1	1310	
XP_032230483.1	GCF_000209225.1	NW_001834203.1		175419	171281	-	4139	ass	2	1629	
XP_032230483.1	GCF_000209225.1	NW_001834203.1		175419	171281	-	4139	ass	3	2248	
XP_032230483.1	GCF_000209225.1	NW_001834203.1		175419	171281	-	4139	ass	4	3226	
XP_032230484.1	GCF_000209225.1	NW_001834203.1		175419	171281	-	4139	dss	1	455	
XP_032230484.1	GCF_000209225.1	NW_001834203.1		175419	171281	-	4139	dss	2	1448	
XP_032230484.1	GCF_000209225.1	NW_001834203.1		175419	171281	-	4139	dss	3	1731	
XP_032230484.1	GCF_000209225.1	NW_001834203.1		175419	171281	-	4139	dss	4	2532	
XP_032230484.1	GCF_000209225.1	NW_001834203.1		175419	171281	-	4139	ass	1	1313	
XP_032230484.1	GCF_000209225.1	NW_001834203.1		175419	171281	-	4139	ass	2	1629	
XP_032230484.1	GCF_000209225.1	NW_001834203.1		175419	171281	-	4139	ass	3	2248	
XP_032230484.1	GCF_000209225.1	NW_001834203.1		175419	171281	-	4139	ass	4	3226	
XP_015766406.1	GCF_000222465.1	NW_015441067.1		1247517	1300505	+	52989	dss	1	2515	
XP_015766406.1	GCF_000222465.1	NW_015441067.1		1247517	1300505	+	52989	dss	2	3117	
XP_015766406.1	GCF_000222465.1	NW_015441067.1		1247517	1300505	+	52989	dss	3	3875	
XP_015766406.1	GCF_000222465.1	NW_015441067.1		1247517	1300505	+	52989	dss	4	4633	
XP_015766406.1	GCF_000222465.1	NW_015441067.1		1247517	1300505	+	52989	dss	5	5225	
XP_015766406.1	GCF_000222465.1	NW_015441067.1		1247517	1300505	+	52989	dss	6	5682	
XP_015766406.1	GCF_000222465.1	NW_015441067.1		1247517	1300505	+	52989	dss	7	6119	
XP_015766406.1	GCF_000222465.1	NW_015441067.1		1247517	1300505	+	52989	dss	8	8018	
XP_015766406.1	GCF_000222465.1	NW_015441067.1		1247517	1300505	+	52989	dss	9	8943	
XP_015766406.1	GCF_000222465.1	NW_015441067.1		1247517	1300505	+	52989	dss	10	12337	
XP_015766406.1	GCF_000222465.1	NW_015441067.1		1247517	1300505	+	52989	dss	11	12809	
XP_015766406.1	GCF_000222465.1	NW_015441067.1		1247517	1300505	+	52989	dss	12	13904	
XP_015766406.1	GCF_000222465.1	NW_015441067.1		1247517	1300505	+	52989	dss	13	14075	
XP_015766406.1	GCF_000222465.1	NW_015441067.1		1247517	1300505	+	52989	dss	14	49762	
XP_015766406.1	GCF_000222465.1	NW_015441067.1		1247517	1300505	+	52989	dss	15	50692	
XP_015766406.1	GCF_000222465.1	NW_015441067.1		1247517	1300505	+	52989	dss	16	51126	
XP_015766406.1	GCF_000222465.1	NW_015441067.1		1247517	1300505	+	52989	dss	17	51485	
XP_015766406.1	GCF_000222465.1	NW_015441067.1		1247517	1300505	+	52989	dss	18	52540	
XP_015766406.1	GCF_000222465.1	NW_015441067.1		1247517	1300505	+	52989	ass	1	3083	
XP_015766406.1	GCF_000222465.1	NW_015441067.1		1247517	1300505	+	52989	ass	2	3625	
XP_015766406.1	GCF_000222465.1	NW_015441067.1		1247517	1300505	+	52989	ass	3	4422	
XP_015766406.1	GCF_000222465.1	NW_015441067.1		1247517	1300505	+	52989	ass	4	5067	
XP_015766406.1	GCF_000222465.1	NW_015441067.1		1247517	1300505	+	52989	ass	5	5578	
XP_015766406.1	GCF_000222465.1	NW_015441067.1		1247517	1300505	+	52989	ass	6	6046	
XP_015766406.1	GCF_000222465.1	NW_015441067.1		1247517	1300505	+	52989	ass	7	7880	
XP_015766406.1	GCF_000222465.1	NW_015441067.1		1247517	1300505	+	52989	ass	8	8749	
XP_015766406.1	GCF_000222465.1	NW_015441067.1		1247517	1300505	+	52989	ass	9	12210	
XP_015766406.1	GCF_000222465.1	NW_015441067.1		1247517	1300505	+	52989	ass	10	12608	
XP_015766406.1	GCF_000222465.1	NW_015441067.1		1247517	1300505	+	52989	ass	11	13816	
XP_015766406.1	GCF_000222465.1	NW_015441067.1		1247517	1300505	+	52989	ass	12	13995	
XP_015766406.1	GCF_000222465.1	NW_015441067.1		1247517	1300505	+	52989	ass	13	49595	
XP_015766406.1	GCF_000222465.1	NW_015441067.1		1247517	1300505	+	52989	ass	14	50641	
XP_015766406.1	GCF_000222465.1	NW_015441067.1		1247517	1300505	+	52989	ass	15	51088	
XP_015766406.1	GCF_000222465.1	NW_015441067.1		1247517	1300505	+	52989	ass	16	51316	
XP_015766406.1	GCF_000222465.1	NW_015441067.1		1247517	1300505	+	52989	ass	17	52390	
XP_015766406.1	GCF_000222465.1	NW_015441067.1		1247517	1300505	+	52989	ass	18	52835	
XP_020901899.1	GCF_001417965.1	NW_018385829.1		155823	158530	+	2708	dss	1	540	
XP_020901899.1	GCF_001417965.1	NW_018385829.1		155823	158530	+	2708	dss	2	864	
XP_020901899.1	GCF_001417965.1	NW_018385829.1		155823	158530	+	2708	dss	3	1198	
XP_020901899.1	GCF_001417965.1	NW_018385829.1		155823	158530	+	2708	dss	4	1514	
XP_020901899.1	GCF_001417965.1	NW_018385829.1		155823	158530	+	2708	dss	5	1874	
XP_020901899.1	GCF_001417965.1	NW_018385829.1		155823	158530	+	2708	ass	1	762	
XP_020901899.1	GCF_001417965.1	NW_018385829.1		155823	158530	+	2708	ass	2	970	
XP_020901899.1	GCF_001417965.1	NW_018385829.1		155823	158530	+	2708	ass	3	1426	
XP_020901899.1	GCF_001417965.1	NW_018385829.1		155823	158530	+	2708	ass	4	1629	
XP_020901899.1	GCF_001417965.1	NW_018385829.1		155823	158530	+	2708	ass	5	2007	
XP_020903771.1	GCF_001417965.1	NW_018384245.1		399108	402388	+	3281	dss	1	763	
XP_020903771.1	GCF_001417965.1	NW_018384245.1		399108	402388	+	3281	dss	2	1991	
XP_020903771.1	GCF_001417965.1	NW_018384245.1		399108	402388	+	3281	dss	3	2437	
XP_020903771.1	GCF_001417965.1	NW_018384245.1		399108	402388	+	3281	dss	4	2758	
XP_020903771.1	GCF_001417965.1	NW_018384245.1		399108	402388	+	3281	dss	5	3067	
XP_020903771.1	GCF_001417965.1	NW_018384245.1		399108	402388	+	3281	ass	1	1889	
XP_020903771.1	GCF_001417965.1	NW_018384245.1		399108	402388	+	3281	ass	2	2227	
XP_020903771.1	GCF_001417965.1	NW_018384245.1		399108	402388	+	3281	ass	3	2670	
XP_020903771.1	GCF_001417965.1	NW_018384245.1		399108	402388	+	3281	ass	4	2822	
XP_020903771.1	GCF_001417965.1	NW_018384245.1		399108	402388	+	3281	ass	5	3141	
XP_020904317.1	GCF_001417965.1	NW_018384245.1		391140	394236	+	3097	dss	1	592	
XP_020904317.1	GCF_001417965.1	NW_018384245.1		391140	394236	+	3097	dss	2	1105	
XP_020904317.1	GCF_001417965.1	NW_018384245.1		391140	394236	+	3097	dss	3	1288	
XP_020904317.1	GCF_001417965.1	NW_018384245.1		391140	394236	+	3097	dss	4	1790	
XP_020904317.1	GCF_001417965.1	NW_018384245.1		391140	394236	+	3097	dss	5	2168	
XP_020904317.1	GCF_001417965.1	NW_018384245.1		391140	394236	+	3097	ass	1	976	
XP_020904317.1	GCF_001417965.1	NW_018384245.1		391140	394236	+	3097	ass	2	1180	
XP_020904317.1	GCF_001417965.1	NW_018384245.1		391140	394236	+	3097	ass	3	1503	
XP_020904317.1	GCF_001417965.1	NW_018384245.1		391140	394236	+	3097	ass	4	1935	
XP_020904317.1	GCF_001417965.1	NW_018384245.1		391140	394236	+	3097	ass	5	2298	
XP_020916759.1	GCF_001417965.1	NW_018388369.1		570020	583477	+	13458	dss	1	1353	
XP_020916759.1	GCF_001417965.1	NW_018388369.1		570020	583477	+	13458	dss	2	1700	
XP_020916759.1	GCF_001417965.1	NW_018388369.1		570020	583477	+	13458	dss	3	2261	
XP_020916759.1	GCF_001417965.1	NW_018388369.1		570020	583477	+	13458	dss	4	2895	
XP_020916759.1	GCF_001417965.1	NW_018388369.1		570020	583477	+	13458	dss	5	3634	
XP_020916759.1	GCF_001417965.1	NW_018388369.1		570020	583477	+	13458	dss	6	4458	
XP_020916759.1	GCF_001417965.1	NW_018388369.1		570020	583477	+	13458	dss	7	4817	
XP_020916759.1	GCF_001417965.1	NW_018388369.1		570020	583477	+	13458	dss	8	5151	
XP_020916759.1	GCF_001417965.1	NW_018388369.1		570020	583477	+	13458	dss	9	5684	
XP_020916759.1	GCF_001417965.1	NW_018388369.1		570020	583477	+	13458	dss	10	6117	
XP_020916759.1	GCF_001417965.1	NW_018388369.1		570020	583477	+	13458	dss	11	8714	
XP_020916759.1	GCF_001417965.1	NW_018388369.1		570020	583477	+	13458	dss	12	10461	
XP_020916759.1	GCF_001417965.1	NW_018388369.1		570020	583477	+	13458	dss	13	10774	
XP_020916759.1	GCF_001417965.1	NW_018388369.1		570020	583477	+	13458	dss	14	11503	
XP_020916759.1	GCF_001417965.1	NW_018388369.1		570020	583477	+	13458	dss	15	11635	
XP_020916759.1	GCF_001417965.1	NW_018388369.1		570020	583477	+	13458	dss	16	12029	
XP_020916759.1	GCF_001417965.1	NW_018388369.1		570020	583477	+	13458	dss	17	12390	
XP_020916759.1	GCF_001417965.1	NW_018388369.1		570020	583477	+	13458	ass	1	1666	
XP_020916759.1	GCF_001417965.1	NW_018388369.1		570020	583477	+	13458	ass	2	2163	
XP_020916759.1	GCF_001417965.1	NW_018388369.1		570020	583477	+	13458	ass	3	2741	
XP_020916759.1	GCF_001417965.1	NW_018388369.1		570020	583477	+	13458	ass	4	3414	
XP_020916759.1	GCF_001417965.1	NW_018388369.1		570020	583477	+	13458	ass	5	4300	
XP_020916759.1	GCF_001417965.1	NW_018388369.1		570020	583477	+	13458	ass	6	4713	
XP_020916759.1	GCF_001417965.1	NW_018388369.1		570020	583477	+	13458	ass	7	5057	
XP_020916759.1	GCF_001417965.1	NW_018388369.1		570020	583477	+	13458	ass	8	5546	
XP_020916759.1	GCF_001417965.1	NW_018388369.1		570020	583477	+	13458	ass	9	5920	
XP_020916759.1	GCF_001417965.1	NW_018388369.1		570020	583477	+	13458	ass	10	8576	
XP_020916759.1	GCF_001417965.1	NW_018388369.1		570020	583477	+	13458	ass	11	10373	
XP_020916759.1	GCF_001417965.1	NW_018388369.1		570020	583477	+	13458	ass	12	10694	
XP_020916759.1	GCF_001417965.1	NW_018388369.1		570020	583477	+	13458	ass	13	11336	
XP_020916759.1	GCF_001417965.1	NW_018388369.1		570020	583477	+	13458	ass	14	11575	
XP_020916759.1	GCF_001417965.1	NW_018388369.1		570020	583477	+	13458	ass	15	11964	
XP_020916759.1	GCF_001417965.1	NW_018388369.1		570020	583477	+	13458	ass	16	12274	
XP_020916759.1	GCF_001417965.1	NW_018388369.1		570020	583477	+	13458	ass	17	12560	
XP_020604254.1	GCF_002042975.1	NW_018148839.1		2870213	2874518	+	4306	dss	1	560	
XP_020604254.1	GCF_002042975.1	NW_018148839.1		2870213	2874518	+	4306	dss	2	1217	
XP_020604254.1	GCF_002042975.1	NW_018148839.1		2870213	2874518	+	4306	dss	3	1637	
XP_020604254.1	GCF_002042975.1	NW_018148839.1		2870213	2874518	+	4306	dss	4	2359	
XP_020604254.1	GCF_002042975.1	NW_018148839.1		2870213	2874518	+	4306	dss	5	3050	
XP_020604254.1	GCF_002042975.1	NW_018148839.1		2870213	2874518	+	4306	ass	1	1112	
XP_020604254.1	GCF_002042975.1	NW_018148839.1		2870213	2874518	+	4306	ass	2	1403	
XP_020604254.1	GCF_002042975.1	NW_018148839.1		2870213	2874518	+	4306	ass	3	2271	
XP_020604254.1	GCF_002042975.1	NW_018148839.1		2870213	2874518	+	4306	ass	4	2764	
XP_020604254.1	GCF_002042975.1	NW_018148839.1		2870213	2874518	+	4306	ass	5	3394	
XP_020604255.1	GCF_002042975.1	NW_018148839.1		2870214	2874518	+	4305	dss	1	559	
XP_020604255.1	GCF_002042975.1	NW_018148839.1		2870214	2874518	+	4305	dss	2	1216	
XP_020604255.1	GCF_002042975.1	NW_018148839.1		2870214	2874518	+	4305	dss	3	1636	
XP_020604255.1	GCF_002042975.1	NW_018148839.1		2870214	2874518	+	4305	dss	4	2358	
XP_020604255.1	GCF_002042975.1	NW_018148839.1		2870214	2874518	+	4305	dss	5	3011	
XP_020604255.1	GCF_002042975.1	NW_018148839.1		2870214	2874518	+	4305	ass	1	1111	
XP_020604255.1	GCF_002042975.1	NW_018148839.1		2870214	2874518	+	4305	ass	2	1402	
XP_020604255.1	GCF_002042975.1	NW_018148839.1		2870214	2874518	+	4305	ass	3	2270	
XP_020604255.1	GCF_002042975.1	NW_018148839.1		2870214	2874518	+	4305	ass	4	2763	
XP_020604255.1	GCF_002042975.1	NW_018148839.1		2870214	2874518	+	4305	ass	5	3393	
XP_020612557.1	GCF_002042975.1	NW_018149324.1		967218	939243	-	27976	dss	1	2208	
XP_020612557.1	GCF_002042975.1	NW_018149324.1		967218	939243	-	27976	dss	2	2676	
XP_020612557.1	GCF_002042975.1	NW_018149324.1		967218	939243	-	27976	dss	3	3441	
XP_020612557.1	GCF_002042975.1	NW_018149324.1		967218	939243	-	27976	dss	4	4261	
XP_020612557.1	GCF_002042975.1	NW_018149324.1		967218	939243	-	27976	dss	5	4987	
XP_020612557.1	GCF_002042975.1	NW_018149324.1		967218	939243	-	27976	dss	6	5608	
XP_020612557.1	GCF_002042975.1	NW_018149324.1		967218	939243	-	27976	dss	7	11624	
XP_020612557.1	GCF_002042975.1	NW_018149324.1		967218	939243	-	27976	dss	8	11822	
XP_020612557.1	GCF_002042975.1	NW_018149324.1		967218	939243	-	27976	dss	9	12667	
XP_020612557.1	GCF_002042975.1	NW_018149324.1		967218	939243	-	27976	dss	10	14499	
XP_020612557.1	GCF_002042975.1	NW_018149324.1		967218	939243	-	27976	dss	11	15563	
XP_020612557.1	GCF_002042975.1	NW_018149324.1		967218	939243	-	27976	dss	12	16135	
XP_020612557.1	GCF_002042975.1	NW_018149324.1		967218	939243	-	27976	dss	13	16639	
XP_020612557.1	GCF_002042975.1	NW_018149324.1		967218	939243	-	27976	dss	14	17211	
XP_020612557.1	GCF_002042975.1	NW_018149324.1		967218	939243	-	27976	dss	15	17774	
XP_020612557.1	GCF_002042975.1	NW_018149324.1		967218	939243	-	27976	dss	16	18350	
XP_020612557.1	GCF_002042975.1	NW_018149324.1		967218	939243	-	27976	dss	17	19039	
XP_020612557.1	GCF_002042975.1	NW_018149324.1		967218	939243	-	27976	dss	18	19744	
XP_020612557.1	GCF_002042975.1	NW_018149324.1		967218	939243	-	27976	dss	19	20133	
XP_020612557.1	GCF_002042975.1	NW_018149324.1		967218	939243	-	27976	dss	20	21073	
XP_020612557.1	GCF_002042975.1	NW_018149324.1		967218	939243	-	27976	dss	21	25674	
XP_020612557.1	GCF_002042975.1	NW_018149324.1		967218	939243	-	27976	dss	22	26435	
XP_020612557.1	GCF_002042975.1	NW_018149324.1		967218	939243	-	27976	dss	23	27084	
XP_020612557.1	GCF_002042975.1	NW_018149324.1		967218	939243	-	27976	dss	24	27725	
XP_020612557.1	GCF_002042975.1	NW_018149324.1		967218	939243	-	27976	ass	1	2642	
XP_020612557.1	GCF_002042975.1	NW_018149324.1		967218	939243	-	27976	ass	2	3191	
XP_020612557.1	GCF_002042975.1	NW_018149324.1		967218	939243	-	27976	ass	3	4050	
XP_020612557.1	GCF_002042975.1	NW_018149324.1		967218	939243	-	27976	ass	4	4829	
XP_020612557.1	GCF_002042975.1	NW_018149324.1		967218	939243	-	27976	ass	5	5504	
XP_020612557.1	GCF_002042975.1	NW_018149324.1		967218	939243	-	27976	ass	6	11511	
XP_020612557.1	GCF_002042975.1	NW_018149324.1		967218	939243	-	27976	ass	7	11725	
XP_020612557.1	GCF_002042975.1	NW_018149324.1		967218	939243	-	27976	ass	8	12529	
XP_020612557.1	GCF_002042975.1	NW_018149324.1		967218	939243	-	27976	ass	9	14296	
XP_020612557.1	GCF_002042975.1	NW_018149324.1		967218	939243	-	27976	ass	10	15477	
XP_020612557.1	GCF_002042975.1	NW_018149324.1		967218	939243	-	27976	ass	11	16000	
XP_020612557.1	GCF_002042975.1	NW_018149324.1		967218	939243	-	27976	ass	12	16539	
XP_020612557.1	GCF_002042975.1	NW_018149324.1		967218	939243	-	27976	ass	13	17076	
XP_020612557.1	GCF_002042975.1	NW_018149324.1		967218	939243	-	27976	ass	14	17663	
XP_020612557.1	GCF_002042975.1	NW_018149324.1		967218	939243	-	27976	ass	15	18149	
XP_020612557.1	GCF_002042975.1	NW_018149324.1		967218	939243	-	27976	ass	16	18951	
XP_020612557.1	GCF_002042975.1	NW_018149324.1		967218	939243	-	27976	ass	17	19403	
XP_020612557.1	GCF_002042975.1	NW_018149324.1		967218	939243	-	27976	ass	18	19974	
XP_020612557.1	GCF_002042975.1	NW_018149324.1		967218	939243	-	27976	ass	19	20962	
XP_020612557.1	GCF_002042975.1	NW_018149324.1		967218	939243	-	27976	ass	20	25589	
XP_020612557.1	GCF_002042975.1	NW_018149324.1		967218	939243	-	27976	ass	21	26359	
XP_020612557.1	GCF_002042975.1	NW_018149324.1		967218	939243	-	27976	ass	22	26917	
XP_020612557.1	GCF_002042975.1	NW_018149324.1		967218	939243	-	27976	ass	23	27668	
XP_020612557.1	GCF_002042975.1	NW_018149324.1		967218	939243	-	27976	ass	24	27805	
XP_020614015.1	GCF_002042975.1	NW_018149371.1		476047	485181	+	9135	dss	1	1918	
XP_020614015.1	GCF_002042975.1	NW_018149371.1		476047	485181	+	9135	dss	2	2492	
XP_020614015.1	GCF_002042975.1	NW_018149371.1		476047	485181	+	9135	dss	3	4197	
XP_020614015.1	GCF_002042975.1	NW_018149371.1		476047	485181	+	9135	dss	4	4589	
XP_020614015.1	GCF_002042975.1	NW_018149371.1		476047	485181	+	9135	dss	5	5536	
XP_020614015.1	GCF_002042975.1	NW_018149371.1		476047	485181	+	9135	dss	6	6610	
XP_020614015.1	GCF_002042975.1	NW_018149371.1		476047	485181	+	9135	ass	1	2060	
XP_020614015.1	GCF_002042975.1	NW_018149371.1		476047	485181	+	9135	ass	2	4095	
XP_020614015.1	GCF_002042975.1	NW_018149371.1		476047	485181	+	9135	ass	3	4379	
XP_020614015.1	GCF_002042975.1	NW_018149371.1		476047	485181	+	9135	ass	4	5448	
XP_020614015.1	GCF_002042975.1	NW_018149371.1		476047	485181	+	9135	ass	5	6365	
XP_020614015.1	GCF_002042975.1	NW_018149371.1		476047	485181	+	9135	ass	6	8762	
XP_020614060.1	GCF_002042975.1	NW_018149371.1		455538	460977	+	5440	dss	1	582	
XP_020614060.1	GCF_002042975.1	NW_018149371.1		455538	460977	+	5440	dss	2	1994	
XP_020614060.1	GCF_002042975.1	NW_018149371.1		455538	460977	+	5440	dss	3	2957	
XP_020614060.1	GCF_002042975.1	NW_018149371.1		455538	460977	+	5440	dss	4	3287	
XP_020614060.1	GCF_002042975.1	NW_018149371.1		455538	460977	+	5440	ass	1	1862	
XP_020614060.1	GCF_002042975.1	NW_018149371.1		455538	460977	+	5440	ass	2	2567	
XP_020614060.1	GCF_002042975.1	NW_018149371.1		455538	460977	+	5440	ass	3	3069	
XP_020614060.1	GCF_002042975.1	NW_018149371.1		455538	460977	+	5440	ass	4	3843	
XP_022789210.1	GCF_002571385.2	NW_019217908.1		516082	502770	-	13313	dss	1	1839	
XP_022789210.1	GCF_002571385.2	NW_019217908.1		516082	502770	-	13313	dss	2	2328	
XP_022789210.1	GCF_002571385.2	NW_019217908.1		516082	502770	-	13313	dss	3	3049	
XP_022789210.1	GCF_002571385.2	NW_019217908.1		516082	502770	-	13313	dss	4	3730	
XP_022789210.1	GCF_002571385.2	NW_019217908.1		516082	502770	-	13313	dss	5	4173	
XP_022789210.1	GCF_002571385.2	NW_019217908.1		516082	502770	-	13313	dss	6	5135	
XP_022789210.1	GCF_002571385.2	NW_019217908.1		516082	502770	-	13313	dss	7	5366	
XP_022789210.1	GCF_002571385.2	NW_019217908.1		516082	502770	-	13313	dss	8	5956	
XP_022789210.1	GCF_002571385.2	NW_019217908.1		516082	502770	-	13313	dss	9	6606	
XP_022789210.1	GCF_002571385.2	NW_019217908.1		516082	502770	-	13313	dss	10	7143	
XP_022789210.1	GCF_002571385.2	NW_019217908.1		516082	502770	-	13313	dss	11	7773	
XP_022789210.1	GCF_002571385.2	NW_019217908.1		516082	502770	-	13313	dss	12	7997	
XP_022789210.1	GCF_002571385.2	NW_019217908.1		516082	502770	-	13313	dss	13	8574	
XP_022789210.1	GCF_002571385.2	NW_019217908.1		516082	502770	-	13313	dss	14	9215	
XP_022789210.1	GCF_002571385.2	NW_019217908.1		516082	502770	-	13313	dss	15	9530	
XP_022789210.1	GCF_002571385.2	NW_019217908.1		516082	502770	-	13313	dss	16	10094	
XP_022789210.1	GCF_002571385.2	NW_019217908.1		516082	502770	-	13313	dss	17	10312	
XP_022789210.1	GCF_002571385.2	NW_019217908.1		516082	502770	-	13313	dss	18	10535	
XP_022789210.1	GCF_002571385.2	NW_019217908.1		516082	502770	-	13313	dss	19	11006	
XP_022789210.1	GCF_002571385.2	NW_019217908.1		516082	502770	-	13313	dss	20	11913	
XP_022789210.1	GCF_002571385.2	NW_019217908.1		516082	502770	-	13313	ass	1	2294	
XP_022789210.1	GCF_002571385.2	NW_019217908.1		516082	502770	-	13313	ass	2	2799	
XP_022789210.1	GCF_002571385.2	NW_019217908.1		516082	502770	-	13313	ass	3	3522	
XP_022789210.1	GCF_002571385.2	NW_019217908.1		516082	502770	-	13313	ass	4	4015	
XP_022789210.1	GCF_002571385.2	NW_019217908.1		516082	502770	-	13313	ass	5	5031	
XP_022789210.1	GCF_002571385.2	NW_019217908.1		516082	502770	-	13313	ass	6	5269	
XP_022789210.1	GCF_002571385.2	NW_019217908.1		516082	502770	-	13313	ass	7	5818	
XP_022789210.1	GCF_002571385.2	NW_019217908.1		516082	502770	-	13313	ass	8	6394	
XP_022789210.1	GCF_002571385.2	NW_019217908.1		516082	502770	-	13313	ass	9	7066	
XP_022789210.1	GCF_002571385.2	NW_019217908.1		516082	502770	-	13313	ass	10	7638	
XP_022789210.1	GCF_002571385.2	NW_019217908.1		516082	502770	-	13313	ass	11	7886	
XP_022789210.1	GCF_002571385.2	NW_019217908.1		516082	502770	-	13313	ass	12	8373	
XP_022789210.1	GCF_002571385.2	NW_019217908.1		516082	502770	-	13313	ass	13	9127	
XP_022789210.1	GCF_002571385.2	NW_019217908.1		516082	502770	-	13313	ass	14	9450	
XP_022789210.1	GCF_002571385.2	NW_019217908.1		516082	502770	-	13313	ass	15	9927	
XP_022789210.1	GCF_002571385.2	NW_019217908.1		516082	502770	-	13313	ass	16	10255	
XP_022789210.1	GCF_002571385.2	NW_019217908.1		516082	502770	-	13313	ass	17	10497	
XP_022789210.1	GCF_002571385.2	NW_019217908.1		516082	502770	-	13313	ass	18	10831	
XP_022789210.1	GCF_002571385.2	NW_019217908.1		516082	502770	-	13313	ass	19	11769	
XP_022789210.1	GCF_002571385.2	NW_019217908.1		516082	502770	-	13313	ass	20	12292	
XP_022789211.1	GCF_002571385.2	NW_019217908.1		516082	502770	-	13313	dss	1	1839	
XP_022789211.1	GCF_002571385.2	NW_019217908.1		516082	502770	-	13313	dss	2	2328	
XP_022789211.1	GCF_002571385.2	NW_019217908.1		516082	502770	-	13313	dss	3	3049	
XP_022789211.1	GCF_002571385.2	NW_019217908.1		516082	502770	-	13313	dss	4	3730	
XP_022789211.1	GCF_002571385.2	NW_019217908.1		516082	502770	-	13313	dss	5	4173	
XP_022789211.1	GCF_002571385.2	NW_019217908.1		516082	502770	-	13313	dss	6	5135	
XP_022789211.1	GCF_002571385.2	NW_019217908.1		516082	502770	-	13313	dss	7	5366	
XP_022789211.1	GCF_002571385.2	NW_019217908.1		516082	502770	-	13313	dss	8	5956	
XP_022789211.1	GCF_002571385.2	NW_019217908.1		516082	502770	-	13313	dss	9	6606	
XP_022789211.1	GCF_002571385.2	NW_019217908.1		516082	502770	-	13313	dss	10	7143	
XP_022789211.1	GCF_002571385.2	NW_019217908.1		516082	502770	-	13313	dss	11	7773	
XP_022789211.1	GCF_002571385.2	NW_019217908.1		516082	502770	-	13313	dss	12	7997	
XP_022789211.1	GCF_002571385.2	NW_019217908.1		516082	502770	-	13313	dss	13	8574	
XP_022789211.1	GCF_002571385.2	NW_019217908.1		516082	502770	-	13313	dss	14	9215	
XP_022789211.1	GCF_002571385.2	NW_019217908.1		516082	502770	-	13313	dss	15	9530	
XP_022789211.1	GCF_002571385.2	NW_019217908.1		516082	502770	-	13313	dss	16	10094	
XP_022789211.1	GCF_002571385.2	NW_019217908.1		516082	502770	-	13313	dss	17	10312	
XP_022789211.1	GCF_002571385.2	NW_019217908.1		516082	502770	-	13313	dss	18	10535	
XP_022789211.1	GCF_002571385.2	NW_019217908.1		516082	502770	-	13313	dss	19	11006	
XP_022789211.1	GCF_002571385.2	NW_019217908.1		516082	502770	-	13313	dss	20	11913	
XP_022789211.1	GCF_002571385.2	NW_019217908.1		516082	502770	-	13313	ass	1	2294	
XP_022789211.1	GCF_002571385.2	NW_019217908.1		516082	502770	-	13313	ass	2	2799	
XP_022789211.1	GCF_002571385.2	NW_019217908.1		516082	502770	-	13313	ass	3	3522	
XP_022789211.1	GCF_002571385.2	NW_019217908.1		516082	502770	-	13313	ass	4	4015	
XP_022789211.1	GCF_002571385.2	NW_019217908.1		516082	502770	-	13313	ass	5	5031	
XP_022789211.1	GCF_002571385.2	NW_019217908.1		516082	502770	-	13313	ass	6	5269	
XP_022789211.1	GCF_002571385.2	NW_019217908.1		516082	502770	-	13313	ass	7	5818	
XP_022789211.1	GCF_002571385.2	NW_019217908.1		516082	502770	-	13313	ass	8	6394	
XP_022789211.1	GCF_002571385.2	NW_019217908.1		516082	502770	-	13313	ass	9	7066	
XP_022789211.1	GCF_002571385.2	NW_019217908.1		516082	502770	-	13313	ass	10	7638	
XP_022789211.1	GCF_002571385.2	NW_019217908.1		516082	502770	-	13313	ass	11	7886	
XP_022789211.1	GCF_002571385.2	NW_019217908.1		516082	502770	-	13313	ass	12	8373	
XP_022789211.1	GCF_002571385.2	NW_019217908.1		516082	502770	-	13313	ass	13	9127	
XP_022789211.1	GCF_002571385.2	NW_019217908.1		516082	502770	-	13313	ass	14	9450	
XP_022789211.1	GCF_002571385.2	NW_019217908.1		516082	502770	-	13313	ass	15	9927	
XP_022789211.1	GCF_002571385.2	NW_019217908.1		516082	502770	-	13313	ass	16	10255	
XP_022789211.1	GCF_002571385.2	NW_019217908.1		516082	502770	-	13313	ass	17	10497	
XP_022789211.1	GCF_002571385.2	NW_019217908.1		516082	502770	-	13313	ass	18	10831	
XP_022789211.1	GCF_002571385.2	NW_019217908.1		516082	502770	-	13313	ass	19	11769	
XP_022789211.1	GCF_002571385.2	NW_019217908.1		516082	502770	-	13313	ass	20	12292	
XP_022798720.1	GCF_002571385.2	NW_019218098.1		130103	133588	+	3486	dss	1	531	
XP_022798720.1	GCF_002571385.2	NW_019218098.1		130103	133588	+	3486	dss	2	1181	
XP_022798720.1	GCF_002571385.2	NW_019218098.1		130103	133588	+	3486	dss	3	1584	
XP_022798720.1	GCF_002571385.2	NW_019218098.1		130103	133588	+	3486	dss	4	2124	
XP_022798720.1	GCF_002571385.2	NW_019218098.1		130103	133588	+	3486	dss	5	2679	
XP_022798720.1	GCF_002571385.2	NW_019218098.1		130103	133588	+	3486	ass	1	1076	
XP_022798720.1	GCF_002571385.2	NW_019218098.1		130103	133588	+	3486	ass	2	1350	
XP_022798720.1	GCF_002571385.2	NW_019218098.1		130103	133588	+	3486	ass	3	2036	
XP_022798720.1	GCF_002571385.2	NW_019218098.1		130103	133588	+	3486	ass	4	2393	
XP_022798720.1	GCF_002571385.2	NW_019218098.1		130103	133588	+	3486	ass	5	2992	
XP_022798721.1	GCF_002571385.2	NW_019218098.1		130103	133595	+	3493	dss	1	531	
XP_022798721.1	GCF_002571385.2	NW_019218098.1		130103	133595	+	3493	dss	2	1181	
XP_022798721.1	GCF_002571385.2	NW_019218098.1		130103	133595	+	3493	dss	3	1584	
XP_022798721.1	GCF_002571385.2	NW_019218098.1		130103	133595	+	3493	dss	4	2124	
XP_022798721.1	GCF_002571385.2	NW_019218098.1		130103	133595	+	3493	dss	5	2641	
XP_022798721.1	GCF_002571385.2	NW_019218098.1		130103	133595	+	3493	ass	1	1076	
XP_022798721.1	GCF_002571385.2	NW_019218098.1		130103	133595	+	3493	ass	2	1350	
XP_022798721.1	GCF_002571385.2	NW_019218098.1		130103	133595	+	3493	ass	3	2036	
XP_022798721.1	GCF_002571385.2	NW_019218098.1		130103	133595	+	3493	ass	4	2393	
XP_022798721.1	GCF_002571385.2	NW_019218098.1		130103	133595	+	3493	ass	5	2992	
XP_022801431.1	GCF_002571385.2	NW_019218178.1		124794	130638	+	5845	dss	1	565	
XP_022801431.1	GCF_002571385.2	NW_019218178.1		124794	130638	+	5845	dss	2	1854	
XP_022801431.1	GCF_002571385.2	NW_019218178.1		124794	130638	+	5845	dss	3	2680	
XP_022801431.1	GCF_002571385.2	NW_019218178.1		124794	130638	+	5845	dss	4	3794	
XP_022801431.1	GCF_002571385.2	NW_019218178.1		124794	130638	+	5845	ass	1	1692	
XP_022801431.1	GCF_002571385.2	NW_019218178.1		124794	130638	+	5845	ass	2	2290	
XP_022801431.1	GCF_002571385.2	NW_019218178.1		124794	130638	+	5845	ass	3	3582	
XP_022801431.1	GCF_002571385.2	NW_019218178.1		124794	130638	+	5845	ass	4	4519	
XP_022801432.1	GCF_002571385.2	NW_019218178.1		148844	155924	+	7081	dss	1	174	
XP_022801432.1	GCF_002571385.2	NW_019218178.1		148844	155924	+	7081	dss	2	772	
XP_022801432.1	GCF_002571385.2	NW_019218178.1		148844	155924	+	7081	dss	3	2200	
XP_022801432.1	GCF_002571385.2	NW_019218178.1		148844	155924	+	7081	dss	4	3240	
XP_022801432.1	GCF_002571385.2	NW_019218178.1		148844	155924	+	7081	dss	5	3947	
XP_022801432.1	GCF_002571385.2	NW_019218178.1		148844	155924	+	7081	dss	6	5544	
XP_022801432.1	GCF_002571385.2	NW_019218178.1		148844	155924	+	7081	ass	1	313	
XP_022801432.1	GCF_002571385.2	NW_019218178.1		148844	155924	+	7081	ass	2	2098	
XP_022801432.1	GCF_002571385.2	NW_019218178.1		148844	155924	+	7081	ass	3	3030	
XP_022801432.1	GCF_002571385.2	NW_019218178.1		148844	155924	+	7081	ass	4	3859	
XP_022801432.1	GCF_002571385.2	NW_019218178.1		148844	155924	+	7081	ass	5	5299	
XP_022801432.1	GCF_002571385.2	NW_019218178.1		148844	155924	+	7081	ass	6	6051	
XP_022801433.1	GCF_002571385.2	NW_019218178.1		147522	155924	+	8403	dss	1	1496	
XP_022801433.1	GCF_002571385.2	NW_019218178.1		147522	155924	+	8403	dss	2	2094	
XP_022801433.1	GCF_002571385.2	NW_019218178.1		147522	155924	+	8403	dss	3	3522	
XP_022801433.1	GCF_002571385.2	NW_019218178.1		147522	155924	+	8403	dss	4	4562	
XP_022801433.1	GCF_002571385.2	NW_019218178.1		147522	155924	+	8403	dss	5	5269	
XP_022801433.1	GCF_002571385.2	NW_019218178.1		147522	155924	+	8403	dss	6	6866	
XP_022801433.1	GCF_002571385.2	NW_019218178.1		147522	155924	+	8403	ass	1	1635	
XP_022801433.1	GCF_002571385.2	NW_019218178.1		147522	155924	+	8403	ass	2	3420	
XP_022801433.1	GCF_002571385.2	NW_019218178.1		147522	155924	+	8403	ass	3	4352	
XP_022801433.1	GCF_002571385.2	NW_019218178.1		147522	155924	+	8403	ass	4	5181	
XP_022801433.1	GCF_002571385.2	NW_019218178.1		147522	155924	+	8403	ass	5	6621	
XP_022801433.1	GCF_002571385.2	NW_019218178.1		147522	155924	+	8403	ass	6	7373	
XP_027038010.1	GCF_003704095.1	NW_020844363.1		727337	739933	+	12597	dss	1	1757	
XP_027038010.1	GCF_003704095.1	NW_020844363.1		727337	739933	+	12597	dss	2	2352	
XP_027038010.1	GCF_003704095.1	NW_020844363.1		727337	739933	+	12597	dss	3	3100	
XP_027038010.1	GCF_003704095.1	NW_020844363.1		727337	739933	+	12597	dss	4	3859	
XP_027038010.1	GCF_003704095.1	NW_020844363.1		727337	739933	+	12597	dss	5	4346	
XP_027038010.1	GCF_003704095.1	NW_020844363.1		727337	739933	+	12597	dss	6	4853	
XP_027038010.1	GCF_003704095.1	NW_020844363.1		727337	739933	+	12597	dss	7	5072	
XP_027038010.1	GCF_003704095.1	NW_020844363.1		727337	739933	+	12597	dss	8	5398	
XP_027038010.1	GCF_003704095.1	NW_020844363.1		727337	739933	+	12597	dss	9	6072	
XP_027038010.1	GCF_003704095.1	NW_020844363.1		727337	739933	+	12597	dss	10	6619	
XP_027038010.1	GCF_003704095.1	NW_020844363.1		727337	739933	+	12597	dss	11	7255	
XP_027038010.1	GCF_003704095.1	NW_020844363.1		727337	739933	+	12597	dss	12	7483	
XP_027038010.1	GCF_003704095.1	NW_020844363.1		727337	739933	+	12597	dss	13	8040	
XP_027038010.1	GCF_003704095.1	NW_020844363.1		727337	739933	+	12597	dss	14	8320	
XP_027038010.1	GCF_003704095.1	NW_020844363.1		727337	739933	+	12597	dss	15	8849	
XP_027038010.1	GCF_003704095.1	NW_020844363.1		727337	739933	+	12597	dss	16	9746	
XP_027038010.1	GCF_003704095.1	NW_020844363.1		727337	739933	+	12597	dss	17	10267	
XP_027038010.1	GCF_003704095.1	NW_020844363.1		727337	739933	+	12597	dss	18	10513	
XP_027038010.1	GCF_003704095.1	NW_020844363.1		727337	739933	+	12597	dss	19	10886	
XP_027038010.1	GCF_003704095.1	NW_020844363.1		727337	739933	+	12597	dss	20	11289	
XP_027038010.1	GCF_003704095.1	NW_020844363.1		727337	739933	+	12597	ass	1	2318	
XP_027038010.1	GCF_003704095.1	NW_020844363.1		727337	739933	+	12597	ass	2	2850	
XP_027038010.1	GCF_003704095.1	NW_020844363.1		727337	739933	+	12597	ass	3	3645	
XP_027038010.1	GCF_003704095.1	NW_020844363.1		727337	739933	+	12597	ass	4	4188	
XP_027038010.1	GCF_003704095.1	NW_020844363.1		727337	739933	+	12597	ass	5	4749	
XP_027038010.1	GCF_003704095.1	NW_020844363.1		727337	739933	+	12597	ass	6	4975	
XP_027038010.1	GCF_003704095.1	NW_020844363.1		727337	739933	+	12597	ass	7	5260	
XP_027038010.1	GCF_003704095.1	NW_020844363.1		727337	739933	+	12597	ass	8	5860	
XP_027038010.1	GCF_003704095.1	NW_020844363.1		727337	739933	+	12597	ass	9	6524	
XP_027038010.1	GCF_003704095.1	NW_020844363.1		727337	739933	+	12597	ass	10	7120	
XP_027038010.1	GCF_003704095.1	NW_020844363.1		727337	739933	+	12597	ass	11	7372	
XP_027038010.1	GCF_003704095.1	NW_020844363.1		727337	739933	+	12597	ass	12	7839	
XP_027038010.1	GCF_003704095.1	NW_020844363.1		727337	739933	+	12597	ass	13	8232	
XP_027038010.1	GCF_003704095.1	NW_020844363.1		727337	739933	+	12597	ass	14	8769	
XP_027038010.1	GCF_003704095.1	NW_020844363.1		727337	739933	+	12597	ass	15	9579	
XP_027038010.1	GCF_003704095.1	NW_020844363.1		727337	739933	+	12597	ass	16	10210	
XP_027038010.1	GCF_003704095.1	NW_020844363.1		727337	739933	+	12597	ass	17	10475	
XP_027038010.1	GCF_003704095.1	NW_020844363.1		727337	739933	+	12597	ass	18	10711	
XP_027038010.1	GCF_003704095.1	NW_020844363.1		727337	739933	+	12597	ass	19	11139	
XP_027038010.1	GCF_003704095.1	NW_020844363.1		727337	739933	+	12597	ass	20	11654	
XP_027051378.1	GCF_003704095.1	NW_020843386.1		48366	54659	+	6294	dss	1	153	
XP_027051378.1	GCF_003704095.1	NW_020843386.1		48366	54659	+	6294	dss	2	735	
XP_027051378.1	GCF_003704095.1	NW_020843386.1		48366	54659	+	6294	dss	3	2203	
XP_027051378.1	GCF_003704095.1	NW_020843386.1		48366	54659	+	6294	dss	4	2951	
XP_027051378.1	GCF_003704095.1	NW_020843386.1		48366	54659	+	6294	dss	5	3879	
XP_027051378.1	GCF_003704095.1	NW_020843386.1		48366	54659	+	6294	dss	6	5223	
XP_027051378.1	GCF_003704095.1	NW_020843386.1		48366	54659	+	6294	ass	1	291	
XP_027051378.1	GCF_003704095.1	NW_020843386.1		48366	54659	+	6294	ass	2	2101	
XP_027051378.1	GCF_003704095.1	NW_020843386.1		48366	54659	+	6294	ass	3	2741	
XP_027051378.1	GCF_003704095.1	NW_020843386.1		48366	54659	+	6294	ass	4	3791	
XP_027051378.1	GCF_003704095.1	NW_020843386.1		48366	54659	+	6294	ass	5	4978	
XP_027051378.1	GCF_003704095.1	NW_020843386.1		48366	54659	+	6294	ass	6	5993	
XP_027051450.1	GCF_003704095.1	NW_020843386.1		47033	54659	+	7627	dss	1	1486	
XP_027051450.1	GCF_003704095.1	NW_020843386.1		47033	54659	+	7627	dss	2	2068	
XP_027051450.1	GCF_003704095.1	NW_020843386.1		47033	54659	+	7627	dss	3	3536	
XP_027051450.1	GCF_003704095.1	NW_020843386.1		47033	54659	+	7627	dss	4	4284	
XP_027051450.1	GCF_003704095.1	NW_020843386.1		47033	54659	+	7627	dss	5	5212	
XP_027051450.1	GCF_003704095.1	NW_020843386.1		47033	54659	+	7627	dss	6	6556	
XP_027051450.1	GCF_003704095.1	NW_020843386.1		47033	54659	+	7627	ass	1	1624	
XP_027051450.1	GCF_003704095.1	NW_020843386.1		47033	54659	+	7627	ass	2	3434	
XP_027051450.1	GCF_003704095.1	NW_020843386.1		47033	54659	+	7627	ass	3	4074	
XP_027051450.1	GCF_003704095.1	NW_020843386.1		47033	54659	+	7627	ass	4	5124	
XP_027051450.1	GCF_003704095.1	NW_020843386.1		47033	54659	+	7627	ass	5	6311	
XP_027051450.1	GCF_003704095.1	NW_020843386.1		47033	54659	+	7627	ass	6	7326	
XP_027052644.1	GCF_003704095.1	NW_020843386.1		29293	34514	+	5222	dss	1	573	
XP_027052644.1	GCF_003704095.1	NW_020843386.1		29293	34514	+	5222	dss	2	1890	
XP_027052644.1	GCF_003704095.1	NW_020843386.1		29293	34514	+	5222	dss	3	3099	
XP_027052644.1	GCF_003704095.1	NW_020843386.1		29293	34514	+	5222	dss	4	3661	
XP_027052644.1	GCF_003704095.1	NW_020843386.1		29293	34514	+	5222	ass	1	1728	
XP_027052644.1	GCF_003704095.1	NW_020843386.1		29293	34514	+	5222	ass	2	2709	
XP_027052644.1	GCF_003704095.1	NW_020843386.1		29293	34514	+	5222	ass	3	3449	
XP_027052644.1	GCF_003704095.1	NW_020843386.1		29293	34514	+	5222	ass	4	4301	
XP_027057621.1	GCF_003704095.1	NW_020847384.1		196918	201120	+	4203	dss	1	551	
XP_027057621.1	GCF_003704095.1	NW_020847384.1		196918	201120	+	4203	dss	2	1205	
XP_027057621.1	GCF_003704095.1	NW_020847384.1		196918	201120	+	4203	dss	3	1602	
XP_027057621.1	GCF_003704095.1	NW_020847384.1		196918	201120	+	4203	dss	4	2109	
XP_027057621.1	GCF_003704095.1	NW_020847384.1		196918	201120	+	4203	dss	5	2680	
XP_027057621.1	GCF_003704095.1	NW_020847384.1		196918	201120	+	4203	ass	1	1100	
XP_027057621.1	GCF_003704095.1	NW_020847384.1		196918	201120	+	4203	ass	2	1368	
XP_027057621.1	GCF_003704095.1	NW_020847384.1		196918	201120	+	4203	ass	3	2021	
XP_027057621.1	GCF_003704095.1	NW_020847384.1		196918	201120	+	4203	ass	4	2394	
XP_027057621.1	GCF_003704095.1	NW_020847384.1		196918	201120	+	4203	ass	5	3007	
XP_027057623.1	GCF_003704095.1	NW_020847384.1		197062	201120	+	4059	dss	1	407	
XP_027057623.1	GCF_003704095.1	NW_020847384.1		197062	201120	+	4059	dss	2	1061	
XP_027057623.1	GCF_003704095.1	NW_020847384.1		197062	201120	+	4059	dss	3	1458	
XP_027057623.1	GCF_003704095.1	NW_020847384.1		197062	201120	+	4059	dss	4	1965	
XP_027057623.1	GCF_003704095.1	NW_020847384.1		197062	201120	+	4059	dss	5	2498	
XP_027057623.1	GCF_003704095.1	NW_020847384.1		197062	201120	+	4059	ass	1	956	
XP_027057623.1	GCF_003704095.1	NW_020847384.1		197062	201120	+	4059	ass	2	1224	
XP_027057623.1	GCF_003704095.1	NW_020847384.1		197062	201120	+	4059	ass	3	1877	
XP_027057623.1	GCF_003704095.1	NW_020847384.1		197062	201120	+	4059	ass	4	2250	
XP_027057623.1	GCF_003704095.1	NW_020847384.1		197062	201120	+	4059	ass	5	2863	
XP_029186950.1	GCF_004143615.1	NW_021126402.1		1019166	1038743	+	19578	dss	1	2904	
XP_029186950.1	GCF_004143615.1	NW_021126402.1		1019166	1038743	+	19578	dss	2	3652	
XP_029186950.1	GCF_004143615.1	NW_021126402.1		1019166	1038743	+	19578	dss	3	4522	
XP_029186950.1	GCF_004143615.1	NW_021126402.1		1019166	1038743	+	19578	dss	4	5287	
XP_029186950.1	GCF_004143615.1	NW_021126402.1		1019166	1038743	+	19578	dss	5	5914	
XP_029186950.1	GCF_004143615.1	NW_021126402.1		1019166	1038743	+	19578	dss	6	6438	
XP_029186950.1	GCF_004143615.1	NW_021126402.1		1019166	1038743	+	19578	dss	7	7319	
XP_029186950.1	GCF_004143615.1	NW_021126402.1		1019166	1038743	+	19578	dss	8	8469	
XP_029186950.1	GCF_004143615.1	NW_021126402.1		1019166	1038743	+	19578	dss	9	9419	
XP_029186950.1	GCF_004143615.1	NW_021126402.1		1019166	1038743	+	19578	dss	10	11851	
XP_029186950.1	GCF_004143615.1	NW_021126402.1		1019166	1038743	+	19578	dss	11	12869	
XP_029186950.1	GCF_004143615.1	NW_021126402.1		1019166	1038743	+	19578	dss	12	13575	
XP_029186950.1	GCF_004143615.1	NW_021126402.1		1019166	1038743	+	19578	dss	13	13917	
XP_029186950.1	GCF_004143615.1	NW_021126402.1		1019166	1038743	+	19578	dss	14	15015	
XP_029186950.1	GCF_004143615.1	NW_021126402.1		1019166	1038743	+	19578	dss	15	15185	
XP_029186950.1	GCF_004143615.1	NW_021126402.1		1019166	1038743	+	19578	dss	16	15797	
XP_029186950.1	GCF_004143615.1	NW_021126402.1		1019166	1038743	+	19578	dss	17	16664	
XP_029186950.1	GCF_004143615.1	NW_021126402.1		1019166	1038743	+	19578	dss	18	17088	
XP_029186950.1	GCF_004143615.1	NW_021126402.1		1019166	1038743	+	19578	dss	19	17448	
XP_029186950.1	GCF_004143615.1	NW_021126402.1		1019166	1038743	+	19578	dss	20	18498	
XP_029186950.1	GCF_004143615.1	NW_021126402.1		1019166	1038743	+	19578	ass	1	3618	
XP_029186950.1	GCF_004143615.1	NW_021126402.1		1019166	1038743	+	19578	ass	2	4272	
XP_029186950.1	GCF_004143615.1	NW_021126402.1		1019166	1038743	+	19578	ass	3	5076	
XP_029186950.1	GCF_004143615.1	NW_021126402.1		1019166	1038743	+	19578	ass	4	5756	
XP_029186950.1	GCF_004143615.1	NW_021126402.1		1019166	1038743	+	19578	ass	5	6334	
XP_029186950.1	GCF_004143615.1	NW_021126402.1		1019166	1038743	+	19578	ass	6	7225	
XP_029186950.1	GCF_004143615.1	NW_021126402.1		1019166	1038743	+	19578	ass	7	8331	
XP_029186950.1	GCF_004143615.1	NW_021126402.1		1019166	1038743	+	19578	ass	8	9225	
XP_029186950.1	GCF_004143615.1	NW_021126402.1		1019166	1038743	+	19578	ass	9	11792	
XP_029186950.1	GCF_004143615.1	NW_021126402.1		1019166	1038743	+	19578	ass	10	12728	
XP_029186950.1	GCF_004143615.1	NW_021126402.1		1019166	1038743	+	19578	ass	11	13464	
XP_029186950.1	GCF_004143615.1	NW_021126402.1		1019166	1038743	+	19578	ass	12	13716	
XP_029186950.1	GCF_004143615.1	NW_021126402.1		1019166	1038743	+	19578	ass	13	14927	
XP_029186950.1	GCF_004143615.1	NW_021126402.1		1019166	1038743	+	19578	ass	14	15105	
XP_029186950.1	GCF_004143615.1	NW_021126402.1		1019166	1038743	+	19578	ass	15	15630	
XP_029186950.1	GCF_004143615.1	NW_021126402.1		1019166	1038743	+	19578	ass	16	16613	
XP_029186950.1	GCF_004143615.1	NW_021126402.1		1019166	1038743	+	19578	ass	17	17050	
XP_029186950.1	GCF_004143615.1	NW_021126402.1		1019166	1038743	+	19578	ass	18	17279	
XP_029186950.1	GCF_004143615.1	NW_021126402.1		1019166	1038743	+	19578	ass	19	18348	
XP_029186950.1	GCF_004143615.1	NW_021126402.1		1019166	1038743	+	19578	ass	20	18791	
XP_029197502.1	GCF_004143615.1	NW_021126503.1		450767	454870	+	4104	dss	1	782	
XP_029197502.1	GCF_004143615.1	NW_021126503.1		450767	454870	+	4104	dss	2	1310	
XP_029197502.1	GCF_004143615.1	NW_021126503.1		450767	454870	+	4104	dss	3	1724	
XP_029197502.1	GCF_004143615.1	NW_021126503.1		450767	454870	+	4104	dss	4	2658	
XP_029197502.1	GCF_004143615.1	NW_021126503.1		450767	454870	+	4104	dss	5	3280	
XP_029197502.1	GCF_004143615.1	NW_021126503.1		450767	454870	+	4104	ass	1	1205	
XP_029197502.1	GCF_004143615.1	NW_021126503.1		450767	454870	+	4104	ass	2	1490	
XP_029197502.1	GCF_004143615.1	NW_021126503.1		450767	454870	+	4104	ass	3	2570	
XP_029197502.1	GCF_004143615.1	NW_021126503.1		450767	454870	+	4104	ass	4	3032	
XP_029197502.1	GCF_004143615.1	NW_021126503.1		450767	454870	+	4104	ass	5	3469	
XP_029214161.1	GCF_004143615.1	NW_021127414.1		139739	146298	+	6560	dss	1	829	
XP_029214161.1	GCF_004143615.1	NW_021127414.1		139739	146298	+	6560	dss	2	3279	
XP_029214161.1	GCF_004143615.1	NW_021127414.1		139739	146298	+	6560	dss	3	4034	
XP_029214161.1	GCF_004143615.1	NW_021127414.1		139739	146298	+	6560	dss	4	4787	
XP_029214161.1	GCF_004143615.1	NW_021127414.1		139739	146298	+	6560	ass	1	3168	
XP_029214161.1	GCF_004143615.1	NW_021127414.1		139739	146298	+	6560	ass	2	3644	
XP_029214161.1	GCF_004143615.1	NW_021127414.1		139739	146298	+	6560	ass	3	4578	
XP_029214161.1	GCF_004143615.1	NW_021127414.1		139739	146298	+	6560	ass	4	6052	
XP_029214164.1	GCF_004143615.1	NW_021127414.1		164486	176074	+	11589	dss	1	805	
XP_029214164.1	GCF_004143615.1	NW_021127414.1		164486	176074	+	11589	dss	2	1289	
XP_029214164.1	GCF_004143615.1	NW_021127414.1		164486	176074	+	11589	dss	3	4045	
XP_029214164.1	GCF_004143615.1	NW_021127414.1		164486	176074	+	11589	dss	4	6943	
XP_029214164.1	GCF_004143615.1	NW_021127414.1		164486	176074	+	11589	dss	5	8515	
XP_029214164.1	GCF_004143615.1	NW_021127414.1		164486	176074	+	11589	dss	6	10257	
XP_029214164.1	GCF_004143615.1	NW_021127414.1		164486	176074	+	11589	ass	1	941	
XP_029214164.1	GCF_004143615.1	NW_021127414.1		164486	176074	+	11589	ass	2	3943	
XP_029214164.1	GCF_004143615.1	NW_021127414.1		164486	176074	+	11589	ass	3	6730	
XP_029214164.1	GCF_004143615.1	NW_021127414.1		164486	176074	+	11589	ass	4	8427	
XP_029214164.1	GCF_004143615.1	NW_021127414.1		164486	176074	+	11589	ass	5	10012	
XP_029214164.1	GCF_004143615.1	NW_021127414.1		164486	176074	+	11589	ass	6	10725	
XP_028396366.1	GCF_004324835.1	NW_021163025.1		2485231	2482732	-	2500	dss	1	648	
XP_028396366.1	GCF_004324835.1	NW_021163025.1		2485231	2482732	-	2500	dss	2	1632	
XP_028396366.1	GCF_004324835.1	NW_021163025.1		2485231	2482732	-	2500	dss	3	1812	
XP_028396366.1	GCF_004324835.1	NW_021163025.1		2485231	2482732	-	2500	ass	1	1301	
XP_028396366.1	GCF_004324835.1	NW_021163025.1		2485231	2482732	-	2500	ass	2	1724	
XP_028396366.1	GCF_004324835.1	NW_021163025.1		2485231	2482732	-	2500	ass	3	1947	
XP_028400134.1	GCF_004324835.1	NW_021163011.1		5714655	5709876	-	4780	dss	1	55	
XP_028400134.1	GCF_004324835.1	NW_021163011.1		5714655	5709876	-	4780	dss	2	1683	
XP_028400134.1	GCF_004324835.1	NW_021163011.1		5714655	5709876	-	4780	dss	3	2114	
XP_028400134.1	GCF_004324835.1	NW_021163011.1		5714655	5709876	-	4780	dss	4	2903	
XP_028400134.1	GCF_004324835.1	NW_021163011.1		5714655	5709876	-	4780	dss	5	3589	
XP_028400134.1	GCF_004324835.1	NW_021163011.1		5714655	5709876	-	4780	dss	6	4025	
XP_028400134.1	GCF_004324835.1	NW_021163011.1		5714655	5709876	-	4780	ass	1	1208	
XP_028400134.1	GCF_004324835.1	NW_021163011.1		5714655	5709876	-	4780	ass	2	2015	
XP_028400134.1	GCF_004324835.1	NW_021163011.1		5714655	5709876	-	4780	ass	3	2675	
XP_028400134.1	GCF_004324835.1	NW_021163011.1		5714655	5709876	-	4780	ass	4	3501	
XP_028400134.1	GCF_004324835.1	NW_021163011.1		5714655	5709876	-	4780	ass	5	3792	
XP_028400134.1	GCF_004324835.1	NW_021163011.1		5714655	5709876	-	4780	ass	6	4341	
XP_028400144.1	GCF_004324835.1	NW_021163011.1		5715949	5709876	-	6074	dss	1	2977	
XP_028400144.1	GCF_004324835.1	NW_021163011.1		5715949	5709876	-	6074	dss	2	3408	
XP_028400144.1	GCF_004324835.1	NW_021163011.1		5715949	5709876	-	6074	dss	3	4197	
XP_028400144.1	GCF_004324835.1	NW_021163011.1		5715949	5709876	-	6074	dss	4	4883	
XP_028400144.1	GCF_004324835.1	NW_021163011.1		5715949	5709876	-	6074	dss	5	5319	
XP_028400144.1	GCF_004324835.1	NW_021163011.1		5715949	5709876	-	6074	ass	1	3309	
XP_028400144.1	GCF_004324835.1	NW_021163011.1		5715949	5709876	-	6074	ass	2	3969	
XP_028400144.1	GCF_004324835.1	NW_021163011.1		5715949	5709876	-	6074	ass	3	4795	
XP_028400144.1	GCF_004324835.1	NW_021163011.1		5715949	5709876	-	6074	ass	4	5086	
XP_028400144.1	GCF_004324835.1	NW_021163011.1		5715949	5709876	-	6074	ass	5	5635	
XP_028400154.1	GCF_004324835.1	NW_021163011.1		5721930	5717295	-	4636	dss	1	182	
XP_028400154.1	GCF_004324835.1	NW_021163011.1		5721930	5717295	-	4636	dss	2	2059	
XP_028400154.1	GCF_004324835.1	NW_021163011.1		5721930	5717295	-	4636	dss	3	2598	
XP_028400154.1	GCF_004324835.1	NW_021163011.1		5721930	5717295	-	4636	dss	4	3115	
XP_028400154.1	GCF_004324835.1	NW_021163011.1		5721930	5717295	-	4636	dss	5	3409	
XP_028400154.1	GCF_004324835.1	NW_021163011.1		5721930	5717295	-	4636	dss	6	4068	
XP_028400154.1	GCF_004324835.1	NW_021163011.1		5721930	5717295	-	4636	ass	1	1573	
XP_028400154.1	GCF_004324835.1	NW_021163011.1		5721930	5717295	-	4636	ass	2	2478	
XP_028400154.1	GCF_004324835.1	NW_021163011.1		5721930	5717295	-	4636	ass	3	2893	
XP_028400154.1	GCF_004324835.1	NW_021163011.1		5721930	5717295	-	4636	ass	4	3321	
XP_028400154.1	GCF_004324835.1	NW_021163011.1		5721930	5717295	-	4636	ass	5	3829	
XP_028400154.1	GCF_004324835.1	NW_021163011.1		5721930	5717295	-	4636	ass	6	4173	
XP_028404342.1	GCF_004324835.1	NW_021163011.1		5744677	5747740	+	3064	dss	1	580	
XP_028404342.1	GCF_004324835.1	NW_021163011.1		5744677	5747740	+	3064	dss	2	916	
XP_028404342.1	GCF_004324835.1	NW_021163011.1		5744677	5747740	+	3064	dss	3	1331	
XP_028404342.1	GCF_004324835.1	NW_021163011.1		5744677	5747740	+	3064	dss	4	1706	
XP_028404342.1	GCF_004324835.1	NW_021163011.1		5744677	5747740	+	3064	dss	5	2228	
XP_028404342.1	GCF_004324835.1	NW_021163011.1		5744677	5747740	+	3064	ass	1	823	
XP_028404342.1	GCF_004324835.1	NW_021163011.1		5744677	5747740	+	3064	ass	2	1223	
XP_028404342.1	GCF_004324835.1	NW_021163011.1		5744677	5747740	+	3064	ass	3	1416	
XP_028404342.1	GCF_004324835.1	NW_021163011.1		5744677	5747740	+	3064	ass	4	1920	
XP_028404342.1	GCF_004324835.1	NW_021163011.1		5744677	5747740	+	3064	ass	5	2542	
XP_028404349.1	GCF_004324835.1	NW_021163011.1		5744677	5747740	+	3064	dss	1	580	
XP_028404349.1	GCF_004324835.1	NW_021163011.1		5744677	5747740	+	3064	dss	2	916	
XP_028404349.1	GCF_004324835.1	NW_021163011.1		5744677	5747740	+	3064	dss	3	1331	
XP_028404349.1	GCF_004324835.1	NW_021163011.1		5744677	5747740	+	3064	dss	4	1706	
XP_028404349.1	GCF_004324835.1	NW_021163011.1		5744677	5747740	+	3064	dss	5	2228	
XP_028404349.1	GCF_004324835.1	NW_021163011.1		5744677	5747740	+	3064	ass	1	826	
XP_028404349.1	GCF_004324835.1	NW_021163011.1		5744677	5747740	+	3064	ass	2	1223	
XP_028404349.1	GCF_004324835.1	NW_021163011.1		5744677	5747740	+	3064	ass	3	1416	
XP_028404349.1	GCF_004324835.1	NW_021163011.1		5744677	5747740	+	3064	ass	4	1920	
XP_028404349.1	GCF_004324835.1	NW_021163011.1		5744677	5747740	+	3064	ass	5	2542	
XP_028407711.1	GCF_004324835.1	NW_021163071.1		306431	304088	-	2344	dss	1	107	
XP_028407711.1	GCF_004324835.1	NW_021163071.1		306431	304088	-	2344	dss	2	1514	
XP_028407711.1	GCF_004324835.1	NW_021163071.1		306431	304088	-	2344	dss	3	1693	
XP_028407711.1	GCF_004324835.1	NW_021163071.1		306431	304088	-	2344	ass	1	1183	
XP_028407711.1	GCF_004324835.1	NW_021163071.1		306431	304088	-	2344	ass	2	1605	
XP_028407711.1	GCF_004324835.1	NW_021163071.1		306431	304088	-	2344	ass	3	1827	
XP_028414684.1	GCF_004324835.1	NW_021163174.1		158130	165296	+	7167	dss	1	1343	
XP_028414684.1	GCF_004324835.1	NW_021163174.1		158130	165296	+	7167	dss	2	2433	
XP_028414684.1	GCF_004324835.1	NW_021163174.1		158130	165296	+	7167	dss	3	2853	
XP_028414684.1	GCF_004324835.1	NW_021163174.1		158130	165296	+	7167	dss	4	3397	
XP_028414684.1	GCF_004324835.1	NW_021163174.1		158130	165296	+	7167	dss	5	3889	
XP_028414684.1	GCF_004324835.1	NW_021163174.1		158130	165296	+	7167	dss	6	4404	
XP_028414684.1	GCF_004324835.1	NW_021163174.1		158130	165296	+	7167	dss	7	4643	
XP_028414684.1	GCF_004324835.1	NW_021163174.1		158130	165296	+	7167	dss	8	4985	
XP_028414684.1	GCF_004324835.1	NW_021163174.1		158130	165296	+	7167	dss	9	5227	
XP_028414684.1	GCF_004324835.1	NW_021163174.1		158130	165296	+	7167	dss	10	5496	
XP_028414684.1	GCF_004324835.1	NW_021163174.1		158130	165296	+	7167	ass	1	2399	
XP_028414684.1	GCF_004324835.1	NW_021163174.1		158130	165296	+	7167	ass	2	2755	
XP_028414684.1	GCF_004324835.1	NW_021163174.1		158130	165296	+	7167	ass	3	3246	
XP_028414684.1	GCF_004324835.1	NW_021163174.1		158130	165296	+	7167	ass	4	3705	
XP_028414684.1	GCF_004324835.1	NW_021163174.1		158130	165296	+	7167	ass	5	4246	
XP_028414684.1	GCF_004324835.1	NW_021163174.1		158130	165296	+	7167	ass	6	4539	
XP_028414684.1	GCF_004324835.1	NW_021163174.1		158130	165296	+	7167	ass	7	4953	
XP_028414684.1	GCF_004324835.1	NW_021163174.1		158130	165296	+	7167	ass	8	5163	
XP_028414684.1	GCF_004324835.1	NW_021163174.1		158130	165296	+	7167	ass	9	5358	
XP_028414684.1	GCF_004324835.1	NW_021163174.1		158130	165296	+	7167	ass	10	5846	
XP_028414852.1	GCF_004324835.1	NW_021163179.1		296043	288825	-	7219	dss	1	1393	
XP_028414852.1	GCF_004324835.1	NW_021163179.1		296043	288825	-	7219	dss	2	2479	
XP_028414852.1	GCF_004324835.1	NW_021163179.1		296043	288825	-	7219	dss	3	2897	
XP_028414852.1	GCF_004324835.1	NW_021163179.1		296043	288825	-	7219	dss	4	3441	
XP_028414852.1	GCF_004324835.1	NW_021163179.1		296043	288825	-	7219	dss	5	3931	
XP_028414852.1	GCF_004324835.1	NW_021163179.1		296043	288825	-	7219	dss	6	4437	
XP_028414852.1	GCF_004324835.1	NW_021163179.1		296043	288825	-	7219	dss	7	4674	
XP_028414852.1	GCF_004324835.1	NW_021163179.1		296043	288825	-	7219	dss	8	5014	
XP_028414852.1	GCF_004324835.1	NW_021163179.1		296043	288825	-	7219	dss	9	5256	
XP_028414852.1	GCF_004324835.1	NW_021163179.1		296043	288825	-	7219	dss	10	5525	
XP_028414852.1	GCF_004324835.1	NW_021163179.1		296043	288825	-	7219	ass	1	2445	
XP_028414852.1	GCF_004324835.1	NW_021163179.1		296043	288825	-	7219	ass	2	2799	
XP_028414852.1	GCF_004324835.1	NW_021163179.1		296043	288825	-	7219	ass	3	3290	
XP_028414852.1	GCF_004324835.1	NW_021163179.1		296043	288825	-	7219	ass	4	3747	
XP_028414852.1	GCF_004324835.1	NW_021163179.1		296043	288825	-	7219	ass	5	4279	
XP_028414852.1	GCF_004324835.1	NW_021163179.1		296043	288825	-	7219	ass	6	4570	
XP_028414852.1	GCF_004324835.1	NW_021163179.1		296043	288825	-	7219	ass	7	4982	
XP_028414852.1	GCF_004324835.1	NW_021163179.1		296043	288825	-	7219	ass	8	5192	
XP_028414852.1	GCF_004324835.1	NW_021163179.1		296043	288825	-	7219	ass	9	5387	
XP_028414852.1	GCF_004324835.1	NW_021163179.1		296043	288825	-	7219	ass	10	5893	
XP_031557780.1	GCF_009602425.1	NW_022259836.1		169008	172087	+	3080	dss	1	616	
XP_031557780.1	GCF_009602425.1	NW_022259836.1		169008	172087	+	3080	dss	2	992	
XP_031557780.1	GCF_009602425.1	NW_022259836.1		169008	172087	+	3080	dss	3	1417	
XP_031557780.1	GCF_009602425.1	NW_022259836.1		169008	172087	+	3080	dss	4	1889	
XP_031557780.1	GCF_009602425.1	NW_022259836.1		169008	172087	+	3080	dss	5	2241	
XP_031557780.1	GCF_009602425.1	NW_022259836.1		169008	172087	+	3080	ass	1	890	
XP_031557780.1	GCF_009602425.1	NW_022259836.1		169008	172087	+	3080	ass	2	1180	
XP_031557780.1	GCF_009602425.1	NW_022259836.1		169008	172087	+	3080	ass	3	1801	
XP_031557780.1	GCF_009602425.1	NW_022259836.1		169008	172087	+	3080	ass	4	1996	
XP_031557780.1	GCF_009602425.1	NW_022259836.1		169008	172087	+	3080	ass	5	2377	
XP_031565156.1	GCF_009602425.1	NW_022261383.1		57805	43200	-	14606	dss	1	1273	
XP_031565156.1	GCF_009602425.1	NW_022261383.1		57805	43200	-	14606	dss	2	1441	
XP_031565156.1	GCF_009602425.1	NW_022261383.1		57805	43200	-	14606	dss	3	2087	
XP_031565156.1	GCF_009602425.1	NW_022261383.1		57805	43200	-	14606	dss	4	2595	
XP_031565156.1	GCF_009602425.1	NW_022261383.1		57805	43200	-	14606	dss	5	3270	
XP_031565156.1	GCF_009602425.1	NW_022261383.1		57805	43200	-	14606	dss	6	3798	
XP_031565156.1	GCF_009602425.1	NW_022261383.1		57805	43200	-	14606	dss	7	4970	
XP_031565156.1	GCF_009602425.1	NW_022261383.1		57805	43200	-	14606	dss	8	5360	
XP_031565156.1	GCF_009602425.1	NW_022261383.1		57805	43200	-	14606	dss	9	6146	
XP_031565156.1	GCF_009602425.1	NW_022261383.1		57805	43200	-	14606	dss	10	6985	
XP_031565156.1	GCF_009602425.1	NW_022261383.1		57805	43200	-	14606	dss	11	9961	
XP_031565156.1	GCF_009602425.1	NW_022261383.1		57805	43200	-	14606	dss	12	10564	
XP_031565156.1	GCF_009602425.1	NW_022261383.1		57805	43200	-	14606	dss	13	11653	
XP_031565156.1	GCF_009602425.1	NW_022261383.1		57805	43200	-	14606	dss	14	12005	
XP_031565156.1	GCF_009602425.1	NW_022261383.1		57805	43200	-	14606	dss	15	12682	
XP_031565156.1	GCF_009602425.1	NW_022261383.1		57805	43200	-	14606	dss	16	12982	
XP_031565156.1	GCF_009602425.1	NW_022261383.1		57805	43200	-	14606	dss	17	13144	
XP_031565156.1	GCF_009602425.1	NW_022261383.1		57805	43200	-	14606	dss	18	13547	
XP_031565156.1	GCF_009602425.1	NW_022261383.1		57805	43200	-	14606	dss	19	13766	
XP_031565156.1	GCF_009602425.1	NW_022261383.1		57805	43200	-	14606	ass	1	1407	
XP_031565156.1	GCF_009602425.1	NW_022261383.1		57805	43200	-	14606	ass	2	1989	
XP_031565156.1	GCF_009602425.1	NW_022261383.1		57805	43200	-	14606	ass	3	2441	
XP_031565156.1	GCF_009602425.1	NW_022261383.1		57805	43200	-	14606	ass	4	3047	
XP_031565156.1	GCF_009602425.1	NW_022261383.1		57805	43200	-	14606	ass	5	3640	
XP_031565156.1	GCF_009602425.1	NW_022261383.1		57805	43200	-	14606	ass	6	4866	
XP_031565156.1	GCF_009602425.1	NW_022261383.1		57805	43200	-	14606	ass	7	5266	
XP_031565156.1	GCF_009602425.1	NW_022261383.1		57805	43200	-	14606	ass	8	6008	
XP_031565156.1	GCF_009602425.1	NW_022261383.1		57805	43200	-	14606	ass	9	6791	
XP_031565156.1	GCF_009602425.1	NW_022261383.1		57805	43200	-	14606	ass	10	9763	
XP_031565156.1	GCF_009602425.1	NW_022261383.1		57805	43200	-	14606	ass	11	10453	
XP_031565156.1	GCF_009602425.1	NW_022261383.1		57805	43200	-	14606	ass	12	11437	
XP_031565156.1	GCF_009602425.1	NW_022261383.1		57805	43200	-	14606	ass	13	11917	
XP_031565156.1	GCF_009602425.1	NW_022261383.1		57805	43200	-	14606	ass	14	12602	
XP_031565156.1	GCF_009602425.1	NW_022261383.1		57805	43200	-	14606	ass	15	12815	
XP_031565156.1	GCF_009602425.1	NW_022261383.1		57805	43200	-	14606	ass	16	13081	
XP_031565156.1	GCF_009602425.1	NW_022261383.1		57805	43200	-	14606	ass	17	13479	
XP_031565156.1	GCF_009602425.1	NW_022261383.1		57805	43200	-	14606	ass	18	13623	
XP_031565156.1	GCF_009602425.1	NW_022261383.1		57805	43200	-	14606	ass	19	13882	
XP_031565157.1	GCF_009602425.1	NW_022261383.1		57705	43200	-	14506	dss	1	1173	
XP_031565157.1	GCF_009602425.1	NW_022261383.1		57705	43200	-	14506	dss	2	1341	
XP_031565157.1	GCF_009602425.1	NW_022261383.1		57705	43200	-	14506	dss	3	1987	
XP_031565157.1	GCF_009602425.1	NW_022261383.1		57705	43200	-	14506	dss	4	2495	
XP_031565157.1	GCF_009602425.1	NW_022261383.1		57705	43200	-	14506	dss	5	3170	
XP_031565157.1	GCF_009602425.1	NW_022261383.1		57705	43200	-	14506	dss	6	3698	
XP_031565157.1	GCF_009602425.1	NW_022261383.1		57705	43200	-	14506	dss	7	4870	
XP_031565157.1	GCF_009602425.1	NW_022261383.1		57705	43200	-	14506	dss	8	5260	
XP_031565157.1	GCF_009602425.1	NW_022261383.1		57705	43200	-	14506	dss	9	6046	
XP_031565157.1	GCF_009602425.1	NW_022261383.1		57705	43200	-	14506	dss	10	6885	
XP_031565157.1	GCF_009602425.1	NW_022261383.1		57705	43200	-	14506	dss	11	9861	
XP_031565157.1	GCF_009602425.1	NW_022261383.1		57705	43200	-	14506	dss	12	10464	
XP_031565157.1	GCF_009602425.1	NW_022261383.1		57705	43200	-	14506	dss	13	11553	
XP_031565157.1	GCF_009602425.1	NW_022261383.1		57705	43200	-	14506	dss	14	11905	
XP_031565157.1	GCF_009602425.1	NW_022261383.1		57705	43200	-	14506	dss	15	12582	
XP_031565157.1	GCF_009602425.1	NW_022261383.1		57705	43200	-	14506	dss	16	12882	
XP_031565157.1	GCF_009602425.1	NW_022261383.1		57705	43200	-	14506	dss	17	13044	
XP_031565157.1	GCF_009602425.1	NW_022261383.1		57705	43200	-	14506	dss	18	13447	
XP_031565157.1	GCF_009602425.1	NW_022261383.1		57705	43200	-	14506	dss	19	13666	
XP_031565157.1	GCF_009602425.1	NW_022261383.1		57705	43200	-	14506	ass	1	1307	
XP_031565157.1	GCF_009602425.1	NW_022261383.1		57705	43200	-	14506	ass	2	1889	
XP_031565157.1	GCF_009602425.1	NW_022261383.1		57705	43200	-	14506	ass	3	2341	
XP_031565157.1	GCF_009602425.1	NW_022261383.1		57705	43200	-	14506	ass	4	2947	
XP_031565157.1	GCF_009602425.1	NW_022261383.1		57705	43200	-	14506	ass	5	3540	
XP_031565157.1	GCF_009602425.1	NW_022261383.1		57705	43200	-	14506	ass	6	4766	
XP_031565157.1	GCF_009602425.1	NW_022261383.1		57705	43200	-	14506	ass	7	5166	
XP_031565157.1	GCF_009602425.1	NW_022261383.1		57705	43200	-	14506	ass	8	5908	
XP_031565157.1	GCF_009602425.1	NW_022261383.1		57705	43200	-	14506	ass	9	6691	
XP_031565157.1	GCF_009602425.1	NW_022261383.1		57705	43200	-	14506	ass	10	9663	
XP_031565157.1	GCF_009602425.1	NW_022261383.1		57705	43200	-	14506	ass	11	10353	
XP_031565157.1	GCF_009602425.1	NW_022261383.1		57705	43200	-	14506	ass	12	11337	
XP_031565157.1	GCF_009602425.1	NW_022261383.1		57705	43200	-	14506	ass	13	11817	
XP_031565157.1	GCF_009602425.1	NW_022261383.1		57705	43200	-	14506	ass	14	12502	
XP_031565157.1	GCF_009602425.1	NW_022261383.1		57705	43200	-	14506	ass	15	12715	
XP_031565157.1	GCF_009602425.1	NW_022261383.1		57705	43200	-	14506	ass	16	12981	
XP_031565157.1	GCF_009602425.1	NW_022261383.1		57705	43200	-	14506	ass	17	13379	
XP_031565157.1	GCF_009602425.1	NW_022261383.1		57705	43200	-	14506	ass	18	13523	
XP_031565157.1	GCF_009602425.1	NW_022261383.1		57705	43200	-	14506	ass	19	13782	
XP_031566534.1	GCF_009602425.1	NW_022261448.1		137023	129755	-	7269	dss	1	902	
XP_031566534.1	GCF_009602425.1	NW_022261448.1		137023	129755	-	7269	dss	2	3957	
XP_031566534.1	GCF_009602425.1	NW_022261448.1		137023	129755	-	7269	dss	3	4647	
XP_031566534.1	GCF_009602425.1	NW_022261448.1		137023	129755	-	7269	dss	4	5007	
XP_031566534.1	GCF_009602425.1	NW_022261448.1		137023	129755	-	7269	dss	5	5602	
XP_031566534.1	GCF_009602425.1	NW_022261448.1		137023	129755	-	7269	ass	1	3855	
XP_031566534.1	GCF_009602425.1	NW_022261448.1		137023	129755	-	7269	ass	2	4437	
XP_031566534.1	GCF_009602425.1	NW_022261448.1		137023	129755	-	7269	ass	3	4919	
XP_031566534.1	GCF_009602425.1	NW_022261448.1		137023	129755	-	7269	ass	4	5357	
XP_031566534.1	GCF_009602425.1	NW_022261448.1		137023	129755	-	7269	ass	5	6397	
XP_031569757.1	GCF_009602425.1	NW_022261607.1		71555	66234	-	5322	dss	1	842	
XP_031569757.1	GCF_009602425.1	NW_022261607.1		71555	66234	-	5322	dss	2	1446	
XP_031569757.1	GCF_009602425.1	NW_022261607.1		71555	66234	-	5322	dss	3	1976	
XP_031569757.1	GCF_009602425.1	NW_022261607.1		71555	66234	-	5322	dss	4	2613	
XP_031569757.1	GCF_009602425.1	NW_022261607.1		71555	66234	-	5322	dss	5	3209	
XP_031569757.1	GCF_009602425.1	NW_022261607.1		71555	66234	-	5322	ass	1	1317	
XP_031569757.1	GCF_009602425.1	NW_022261607.1		71555	66234	-	5322	ass	2	1868	
XP_031569757.1	GCF_009602425.1	NW_022261607.1		71555	66234	-	5322	ass	3	2326	
XP_031569757.1	GCF_009602425.1	NW_022261607.1		71555	66234	-	5322	ass	4	2979	
XP_031569757.1	GCF_009602425.1	NW_022261607.1		71555	66234	-	5322	ass	5	3605	
XP_065051077.1	GCF_013076305.1	NW_027019301.1		1329785	1339025	+	9241	dss	1	579	
XP_065051077.1	GCF_013076305.1	NW_027019301.1		1329785	1339025	+	9241	dss	2	1237	
XP_065051077.1	GCF_013076305.1	NW_027019301.1		1329785	1339025	+	9241	dss	3	2237	
XP_065051077.1	GCF_013076305.1	NW_027019301.1		1329785	1339025	+	9241	dss	4	2770	
XP_065051077.1	GCF_013076305.1	NW_027019301.1		1329785	1339025	+	9241	dss	5	3663	
XP_065051077.1	GCF_013076305.1	NW_027019301.1		1329785	1339025	+	9241	dss	6	4479	
XP_065051077.1	GCF_013076305.1	NW_027019301.1		1329785	1339025	+	9241	dss	7	5380	
XP_065051077.1	GCF_013076305.1	NW_027019301.1		1329785	1339025	+	9241	dss	8	5782	
XP_065051077.1	GCF_013076305.1	NW_027019301.1		1329785	1339025	+	9241	dss	9	6447	
XP_065051077.1	GCF_013076305.1	NW_027019301.1		1329785	1339025	+	9241	dss	10	7488	
XP_065051077.1	GCF_013076305.1	NW_027019301.1		1329785	1339025	+	9241	ass	1	1200	
XP_065051077.1	GCF_013076305.1	NW_027019301.1		1329785	1339025	+	9241	ass	2	2139	
XP_065051077.1	GCF_013076305.1	NW_027019301.1		1329785	1339025	+	9241	ass	3	2622	
XP_065051077.1	GCF_013076305.1	NW_027019301.1		1329785	1339025	+	9241	ass	4	3446	
XP_065051077.1	GCF_013076305.1	NW_027019301.1		1329785	1339025	+	9241	ass	5	4321	
XP_065051077.1	GCF_013076305.1	NW_027019301.1		1329785	1339025	+	9241	ass	6	5276	
XP_065051077.1	GCF_013076305.1	NW_027019301.1		1329785	1339025	+	9241	ass	7	5744	
XP_065051077.1	GCF_013076305.1	NW_027019301.1		1329785	1339025	+	9241	ass	8	6392	
XP_065051077.1	GCF_013076305.1	NW_027019301.1		1329785	1339025	+	9241	ass	9	7350	
XP_065051077.1	GCF_013076305.1	NW_027019301.1		1329785	1339025	+	9241	ass	10	8456	
XP_065056061.1	GCF_013076305.1	NW_027019322.1		3062640	3054526	-	8115	dss	1	1152	
XP_065056061.1	GCF_013076305.1	NW_027019322.1		3062640	3054526	-	8115	dss	2	1903	
XP_065056061.1	GCF_013076305.1	NW_027019322.1		3062640	3054526	-	8115	dss	3	2993	
XP_065056061.1	GCF_013076305.1	NW_027019322.1		3062640	3054526	-	8115	dss	4	4355	
XP_065056061.1	GCF_013076305.1	NW_027019322.1		3062640	3054526	-	8115	dss	5	5866	
XP_065056061.1	GCF_013076305.1	NW_027019322.1		3062640	3054526	-	8115	ass	1	1804	
XP_065056061.1	GCF_013076305.1	NW_027019322.1		3062640	3054526	-	8115	ass	2	2774	
XP_065056061.1	GCF_013076305.1	NW_027019322.1		3062640	3054526	-	8115	ass	3	4255	
XP_065056061.1	GCF_013076305.1	NW_027019322.1		3062640	3054526	-	8115	ass	4	5621	
XP_065056061.1	GCF_013076305.1	NW_027019322.1		3062640	3054526	-	8115	ass	5	6438	
XP_029186950.2	GCF_013753865.1	NC_058069.1		19865257	19845069	-	20189	dss	1	2915	
XP_029186950.2	GCF_013753865.1	NC_058069.1		19865257	19845069	-	20189	dss	2	3662	
XP_029186950.2	GCF_013753865.1	NC_058069.1		19865257	19845069	-	20189	dss	3	4534	
XP_029186950.2	GCF_013753865.1	NC_058069.1		19865257	19845069	-	20189	dss	4	5295	
XP_029186950.2	GCF_013753865.1	NC_058069.1		19865257	19845069	-	20189	dss	5	6067	
XP_029186950.2	GCF_013753865.1	NC_058069.1		19865257	19845069	-	20189	dss	6	6511	
XP_029186950.2	GCF_013753865.1	NC_058069.1		19865257	19845069	-	20189	dss	7	7609	
XP_029186950.2	GCF_013753865.1	NC_058069.1		19865257	19845069	-	20189	dss	8	8817	
XP_029186950.2	GCF_013753865.1	NC_058069.1		19865257	19845069	-	20189	dss	9	9756	
XP_029186950.2	GCF_013753865.1	NC_058069.1		19865257	19845069	-	20189	dss	10	12255	
XP_029186950.2	GCF_013753865.1	NC_058069.1		19865257	19845069	-	20189	dss	11	13262	
XP_029186950.2	GCF_013753865.1	NC_058069.1		19865257	19845069	-	20189	dss	12	14041	
XP_029186950.2	GCF_013753865.1	NC_058069.1		19865257	19845069	-	20189	dss	13	14521	
XP_029186950.2	GCF_013753865.1	NC_058069.1		19865257	19845069	-	20189	dss	14	15619	
XP_029186950.2	GCF_013753865.1	NC_058069.1		19865257	19845069	-	20189	dss	15	15789	
XP_029186950.2	GCF_013753865.1	NC_058069.1		19865257	19845069	-	20189	dss	16	16423	
XP_029186950.2	GCF_013753865.1	NC_058069.1		19865257	19845069	-	20189	dss	17	17290	
XP_029186950.2	GCF_013753865.1	NC_058069.1		19865257	19845069	-	20189	dss	18	17714	
XP_029186950.2	GCF_013753865.1	NC_058069.1		19865257	19845069	-	20189	dss	19	18074	
XP_029186950.2	GCF_013753865.1	NC_058069.1		19865257	19845069	-	20189	dss	20	19118	
XP_029186950.2	GCF_013753865.1	NC_058069.1		19865257	19845069	-	20189	ass	1	3628	
XP_029186950.2	GCF_013753865.1	NC_058069.1		19865257	19845069	-	20189	ass	2	4284	
XP_029186950.2	GCF_013753865.1	NC_058069.1		19865257	19845069	-	20189	ass	3	5084	
XP_029186950.2	GCF_013753865.1	NC_058069.1		19865257	19845069	-	20189	ass	4	5909	
XP_029186950.2	GCF_013753865.1	NC_058069.1		19865257	19845069	-	20189	ass	5	6407	
XP_029186950.2	GCF_013753865.1	NC_058069.1		19865257	19845069	-	20189	ass	6	7515	
XP_029186950.2	GCF_013753865.1	NC_058069.1		19865257	19845069	-	20189	ass	7	8679	
XP_029186950.2	GCF_013753865.1	NC_058069.1		19865257	19845069	-	20189	ass	8	9562	
XP_029186950.2	GCF_013753865.1	NC_058069.1		19865257	19845069	-	20189	ass	9	12196	
XP_029186950.2	GCF_013753865.1	NC_058069.1		19865257	19845069	-	20189	ass	10	13121	
XP_029186950.2	GCF_013753865.1	NC_058069.1		19865257	19845069	-	20189	ass	11	13930	
XP_029186950.2	GCF_013753865.1	NC_058069.1		19865257	19845069	-	20189	ass	12	14320	
XP_029186950.2	GCF_013753865.1	NC_058069.1		19865257	19845069	-	20189	ass	13	15531	
XP_029186950.2	GCF_013753865.1	NC_058069.1		19865257	19845069	-	20189	ass	14	15709	
XP_029186950.2	GCF_013753865.1	NC_058069.1		19865257	19845069	-	20189	ass	15	16256	
XP_029186950.2	GCF_013753865.1	NC_058069.1		19865257	19845069	-	20189	ass	16	17239	
XP_029186950.2	GCF_013753865.1	NC_058069.1		19865257	19845069	-	20189	ass	17	17676	
XP_029186950.2	GCF_013753865.1	NC_058069.1		19865257	19845069	-	20189	ass	18	17905	
XP_029186950.2	GCF_013753865.1	NC_058069.1		19865257	19845069	-	20189	ass	19	18968	
XP_029186950.2	GCF_013753865.1	NC_058069.1		19865257	19845069	-	20189	ass	20	19409	
XP_029197502.2	GCF_013753865.1	NC_058078.1		3848160	3852263	+	4104	dss	1	782	
XP_029197502.2	GCF_013753865.1	NC_058078.1		3848160	3852263	+	4104	dss	2	1310	
XP_029197502.2	GCF_013753865.1	NC_058078.1		3848160	3852263	+	4104	dss	3	1724	
XP_029197502.2	GCF_013753865.1	NC_058078.1		3848160	3852263	+	4104	dss	4	2658	
XP_029197502.2	GCF_013753865.1	NC_058078.1		3848160	3852263	+	4104	dss	5	3280	
XP_029197502.2	GCF_013753865.1	NC_058078.1		3848160	3852263	+	4104	ass	1	1205	
XP_029197502.2	GCF_013753865.1	NC_058078.1		3848160	3852263	+	4104	ass	2	1490	
XP_029197502.2	GCF_013753865.1	NC_058078.1		3848160	3852263	+	4104	ass	3	2570	
XP_029197502.2	GCF_013753865.1	NC_058078.1		3848160	3852263	+	4104	ass	4	3032	
XP_029197502.2	GCF_013753865.1	NC_058078.1		3848160	3852263	+	4104	ass	5	3470	
XP_029214161.2	GCF_013753865.1	NC_058073.1		10267837	10258229	-	9609	dss	1	829	
XP_029214161.2	GCF_013753865.1	NC_058073.1		10267837	10258229	-	9609	dss	2	3295	
XP_029214161.2	GCF_013753865.1	NC_058073.1		10267837	10258229	-	9609	dss	3	4050	
XP_029214161.2	GCF_013753865.1	NC_058073.1		10267837	10258229	-	9609	dss	4	4800	
XP_029214161.2	GCF_013753865.1	NC_058073.1		10267837	10258229	-	9609	ass	1	3184	
XP_029214161.2	GCF_013753865.1	NC_058073.1		10267837	10258229	-	9609	ass	2	3660	
XP_029214161.2	GCF_013753865.1	NC_058073.1		10267837	10258229	-	9609	ass	3	4591	
XP_029214161.2	GCF_013753865.1	NC_058073.1		10267837	10258229	-	9609	ass	4	6715	
XP_029214164.2	GCF_013753865.1	NC_058073.1		10243991	10232806	-	11186	dss	1	805	
XP_029214164.2	GCF_013753865.1	NC_058073.1		10243991	10232806	-	11186	dss	2	1290	
XP_029214164.2	GCF_013753865.1	NC_058073.1		10243991	10232806	-	11186	dss	3	4028	
XP_029214164.2	GCF_013753865.1	NC_058073.1		10243991	10232806	-	11186	dss	4	7421	
XP_029214164.2	GCF_013753865.1	NC_058073.1		10243991	10232806	-	11186	dss	5	9000	
XP_029214164.2	GCF_013753865.1	NC_058073.1		10243991	10232806	-	11186	dss	6	10232	
XP_029214164.2	GCF_013753865.1	NC_058073.1		10243991	10232806	-	11186	ass	1	942	
XP_029214164.2	GCF_013753865.1	NC_058073.1		10243991	10232806	-	11186	ass	2	3926	
XP_029214164.2	GCF_013753865.1	NC_058073.1		10243991	10232806	-	11186	ass	3	7208	
XP_029214164.2	GCF_013753865.1	NC_058073.1		10243991	10232806	-	11186	ass	4	8912	
XP_029214164.2	GCF_013753865.1	NC_058073.1		10243991	10232806	-	11186	ass	5	9987	
XP_029214164.2	GCF_013753865.1	NC_058073.1		10243991	10232806	-	11186	ass	6	10415	
XP_046852093.1	GCF_021976095.1	NW_025813485.1		13478368	13481546	+	3179	dss	1	718	
XP_046852093.1	GCF_021976095.1	NW_025813485.1		13478368	13481546	+	3179	dss	2	1196	
XP_046852093.1	GCF_021976095.1	NW_025813485.1		13478368	13481546	+	3179	dss	3	1419	
XP_046852093.1	GCF_021976095.1	NW_025813485.1		13478368	13481546	+	3179	dss	4	1771	
XP_046852093.1	GCF_021976095.1	NW_025813485.1		13478368	13481546	+	3179	dss	5	2395	
XP_046852093.1	GCF_021976095.1	NW_025813485.1		13478368	13481546	+	3179	ass	1	1109	
XP_046852093.1	GCF_021976095.1	NW_025813485.1		13478368	13481546	+	3179	ass	2	1311	
XP_046852093.1	GCF_021976095.1	NW_025813485.1		13478368	13481546	+	3179	ass	3	1481	
XP_046852093.1	GCF_021976095.1	NW_025813485.1		13478368	13481546	+	3179	ass	4	2081	
XP_046852093.1	GCF_021976095.1	NW_025813485.1		13478368	13481546	+	3179	ass	5	2770	
XP_046852094.1	GCF_021976095.1	NW_025813485.1		13478368	13495722	+	17355	dss	1	718	
XP_046852094.1	GCF_021976095.1	NW_025813485.1		13478368	13495722	+	17355	dss	2	1196	
XP_046852094.1	GCF_021976095.1	NW_025813485.1		13478368	13495722	+	17355	dss	3	1419	
XP_046852094.1	GCF_021976095.1	NW_025813485.1		13478368	13495722	+	17355	dss	4	1771	
XP_046852094.1	GCF_021976095.1	NW_025813485.1		13478368	13495722	+	17355	dss	5	2395	
XP_046852094.1	GCF_021976095.1	NW_025813485.1		13478368	13495722	+	17355	ass	1	1109	
XP_046852094.1	GCF_021976095.1	NW_025813485.1		13478368	13495722	+	17355	ass	2	1311	
XP_046852094.1	GCF_021976095.1	NW_025813485.1		13478368	13495722	+	17355	ass	3	1481	
XP_046852094.1	GCF_021976095.1	NW_025813485.1		13478368	13495722	+	17355	ass	4	2081	
XP_046852094.1	GCF_021976095.1	NW_025813485.1		13478368	13495722	+	17355	ass	5	2770	
XP_046852095.1	GCF_021976095.1	NW_025813485.1		13478367	13487669	+	9303	dss	1	719	
XP_046852095.1	GCF_021976095.1	NW_025813485.1		13478367	13487669	+	9303	dss	2	1197	
XP_046852095.1	GCF_021976095.1	NW_025813485.1		13478367	13487669	+	9303	dss	3	1420	
XP_046852095.1	GCF_021976095.1	NW_025813485.1		13478367	13487669	+	9303	dss	4	1772	
XP_046852095.1	GCF_021976095.1	NW_025813485.1		13478367	13487669	+	9303	dss	5	2396	
XP_046852095.1	GCF_021976095.1	NW_025813485.1		13478367	13487669	+	9303	ass	1	1110	
XP_046852095.1	GCF_021976095.1	NW_025813485.1		13478367	13487669	+	9303	ass	2	1312	
XP_046852095.1	GCF_021976095.1	NW_025813485.1		13478367	13487669	+	9303	ass	3	1482	
XP_046852095.1	GCF_021976095.1	NW_025813485.1		13478367	13487669	+	9303	ass	4	2082	
XP_046852095.1	GCF_021976095.1	NW_025813485.1		13478367	13487669	+	9303	ass	5	2771	
XP_046853941.1	GCF_021976095.1	NW_025813485.1		7535541	7528583	-	6959	dss	1	653	
XP_046853941.1	GCF_021976095.1	NW_025813485.1		7535541	7528583	-	6959	dss	2	2438	
XP_046853941.1	GCF_021976095.1	NW_025813485.1		7535541	7528583	-	6959	dss	3	3072	
XP_046853941.1	GCF_021976095.1	NW_025813485.1		7535541	7528583	-	6959	dss	4	3485	
XP_046853941.1	GCF_021976095.1	NW_025813485.1		7535541	7528583	-	6959	dss	5	5503	
XP_046853941.1	GCF_021976095.1	NW_025813485.1		7535541	7528583	-	6959	dss	6	6128	
XP_046853941.1	GCF_021976095.1	NW_025813485.1		7535541	7528583	-	6959	ass	1	1967	
XP_046853941.1	GCF_021976095.1	NW_025813485.1		7535541	7528583	-	6959	ass	2	2955	
XP_046853941.1	GCF_021976095.1	NW_025813485.1		7535541	7528583	-	6959	ass	3	3266	
XP_046853941.1	GCF_021976095.1	NW_025813485.1		7535541	7528583	-	6959	ass	4	5415	
XP_046853941.1	GCF_021976095.1	NW_025813485.1		7535541	7528583	-	6959	ass	5	5889	
XP_046853941.1	GCF_021976095.1	NW_025813485.1		7535541	7528583	-	6959	ass	6	6422	
XP_046853942.1	GCF_021976095.1	NW_025813485.1		7535551	7524933	-	10619	dss	1	663	
XP_046853942.1	GCF_021976095.1	NW_025813485.1		7535551	7524933	-	10619	dss	2	2448	
XP_046853942.1	GCF_021976095.1	NW_025813485.1		7535551	7524933	-	10619	dss	3	3082	
XP_046853942.1	GCF_021976095.1	NW_025813485.1		7535551	7524933	-	10619	dss	4	3495	
XP_046853942.1	GCF_021976095.1	NW_025813485.1		7535551	7524933	-	10619	dss	5	5513	
XP_046853942.1	GCF_021976095.1	NW_025813485.1		7535551	7524933	-	10619	dss	6	6138	
XP_046853942.1	GCF_021976095.1	NW_025813485.1		7535551	7524933	-	10619	ass	1	1977	
XP_046853942.1	GCF_021976095.1	NW_025813485.1		7535551	7524933	-	10619	ass	2	2965	
XP_046853942.1	GCF_021976095.1	NW_025813485.1		7535551	7524933	-	10619	ass	3	3276	
XP_046853942.1	GCF_021976095.1	NW_025813485.1		7535551	7524933	-	10619	ass	4	5425	
XP_046853942.1	GCF_021976095.1	NW_025813485.1		7535551	7524933	-	10619	ass	5	5899	
XP_046853942.1	GCF_021976095.1	NW_025813485.1		7535551	7524933	-	10619	ass	6	10421	
XP_046853943.1	GCF_021976095.1	NW_025813485.1		7525010	7517749	-	7262	dss	1	2930	
XP_046853943.1	GCF_021976095.1	NW_025813485.1		7525010	7517749	-	7262	dss	2	5227	
XP_046853943.1	GCF_021976095.1	NW_025813485.1		7525010	7517749	-	7262	dss	3	5556	
XP_046853943.1	GCF_021976095.1	NW_025813485.1		7525010	7517749	-	7262	dss	4	5845	
XP_046853943.1	GCF_021976095.1	NW_025813485.1		7525010	7517749	-	7262	dss	5	6435	
XP_046853943.1	GCF_021976095.1	NW_025813485.1		7525010	7517749	-	7262	ass	1	5128	
XP_046853943.1	GCF_021976095.1	NW_025813485.1		7525010	7517749	-	7262	ass	2	5325	
XP_046853943.1	GCF_021976095.1	NW_025813485.1		7525010	7517749	-	7262	ass	3	5757	
XP_046853943.1	GCF_021976095.1	NW_025813485.1		7525010	7517749	-	7262	ass	4	6202	
XP_046853943.1	GCF_021976095.1	NW_025813485.1		7525010	7517749	-	7262	ass	5	7030	
XP_046853944.1	GCF_021976095.1	NW_025813485.1		7525310	7517749	-	7562	dss	1	3230	
XP_046853944.1	GCF_021976095.1	NW_025813485.1		7525310	7517749	-	7562	dss	2	5527	
XP_046853944.1	GCF_021976095.1	NW_025813485.1		7525310	7517749	-	7562	dss	3	5856	
XP_046853944.1	GCF_021976095.1	NW_025813485.1		7525310	7517749	-	7562	dss	4	6145	
XP_046853944.1	GCF_021976095.1	NW_025813485.1		7525310	7517749	-	7562	dss	5	6735	
XP_046853944.1	GCF_021976095.1	NW_025813485.1		7525310	7517749	-	7562	ass	1	5428	
XP_046853944.1	GCF_021976095.1	NW_025813485.1		7525310	7517749	-	7562	ass	2	5625	
XP_046853944.1	GCF_021976095.1	NW_025813485.1		7525310	7517749	-	7562	ass	3	6057	
XP_046853944.1	GCF_021976095.1	NW_025813485.1		7525310	7517749	-	7562	ass	4	6502	
XP_046853944.1	GCF_021976095.1	NW_025813485.1		7525310	7517749	-	7562	ass	5	7330	
XP_046859971.1	GCF_021976095.1	NW_025813488.1		4402974	4408202	+	5229	dss	1	1030	
XP_046859971.1	GCF_021976095.1	NW_025813488.1		4402974	4408202	+	5229	dss	2	1420	
XP_046859971.1	GCF_021976095.1	NW_025813488.1		4402974	4408202	+	5229	dss	3	1621	
XP_046859971.1	GCF_021976095.1	NW_025813488.1		4402974	4408202	+	5229	dss	4	1848	
XP_046859971.1	GCF_021976095.1	NW_025813488.1		4402974	4408202	+	5229	dss	5	2289	
XP_046859971.1	GCF_021976095.1	NW_025813488.1		4402974	4408202	+	5229	dss	6	3115	
XP_046859971.1	GCF_021976095.1	NW_025813488.1		4402974	4408202	+	5229	dss	7	3439	
XP_046859971.1	GCF_021976095.1	NW_025813488.1		4402974	4408202	+	5229	dss	8	3829	
XP_046859971.1	GCF_021976095.1	NW_025813488.1		4402974	4408202	+	5229	dss	9	3967	
XP_046859971.1	GCF_021976095.1	NW_025813488.1		4402974	4408202	+	5229	dss	10	4236	
XP_046859971.1	GCF_021976095.1	NW_025813488.1		4402974	4408202	+	5229	ass	1	1389	
XP_046859971.1	GCF_021976095.1	NW_025813488.1		4402974	4408202	+	5229	ass	2	1523	
XP_046859971.1	GCF_021976095.1	NW_025813488.1		4402974	4408202	+	5229	ass	3	1700	
XP_046859971.1	GCF_021976095.1	NW_025813488.1		4402974	4408202	+	5229	ass	4	2117	
XP_046859971.1	GCF_021976095.1	NW_025813488.1		4402974	4408202	+	5229	ass	5	2957	
XP_046859971.1	GCF_021976095.1	NW_025813488.1		4402974	4408202	+	5229	ass	6	3335	
XP_046859971.1	GCF_021976095.1	NW_025813488.1		4402974	4408202	+	5229	ass	7	3794	
XP_046859971.1	GCF_021976095.1	NW_025813488.1		4402974	4408202	+	5229	ass	8	3894	
XP_046859971.1	GCF_021976095.1	NW_025813488.1		4402974	4408202	+	5229	ass	9	4098	
XP_046859971.1	GCF_021976095.1	NW_025813488.1		4402974	4408202	+	5229	ass	10	4423	
XP_058956196.1	GCF_030620025.1	NW_026710180.1		209932	201602	-	8331	dss	1	1492	
XP_058956196.1	GCF_030620025.1	NW_026710180.1		209932	201602	-	8331	dss	2	2074	
XP_058956196.1	GCF_030620025.1	NW_026710180.1		209932	201602	-	8331	dss	3	3542	
XP_058956196.1	GCF_030620025.1	NW_026710180.1		209932	201602	-	8331	dss	4	4290	
XP_058956196.1	GCF_030620025.1	NW_026710180.1		209932	201602	-	8331	dss	5	5218	
XP_058956196.1	GCF_030620025.1	NW_026710180.1		209932	201602	-	8331	dss	6	6562	
XP_058956196.1	GCF_030620025.1	NW_026710180.1		209932	201602	-	8331	ass	1	1630	
XP_058956196.1	GCF_030620025.1	NW_026710180.1		209932	201602	-	8331	ass	2	3440	
XP_058956196.1	GCF_030620025.1	NW_026710180.1		209932	201602	-	8331	ass	3	4080	
XP_058956196.1	GCF_030620025.1	NW_026710180.1		209932	201602	-	8331	ass	4	5130	
XP_058956196.1	GCF_030620025.1	NW_026710180.1		209932	201602	-	8331	ass	5	6317	
XP_058956196.1	GCF_030620025.1	NW_026710180.1		209932	201602	-	8331	ass	6	7334	
XP_058956197.1	GCF_030620025.1	NW_026710180.1		227792	222232	-	5561	dss	1	560	
XP_058956197.1	GCF_030620025.1	NW_026710180.1		227792	222232	-	5561	dss	2	1843	
XP_058956197.1	GCF_030620025.1	NW_026710180.1		227792	222232	-	5561	dss	3	3072	
XP_058956197.1	GCF_030620025.1	NW_026710180.1		227792	222232	-	5561	dss	4	3634	
XP_058956197.1	GCF_030620025.1	NW_026710180.1		227792	222232	-	5561	ass	1	1681	
XP_058956197.1	GCF_030620025.1	NW_026710180.1		227792	222232	-	5561	ass	2	2682	
XP_058956197.1	GCF_030620025.1	NW_026710180.1		227792	222232	-	5561	ass	3	3422	
XP_058956197.1	GCF_030620025.1	NW_026710180.1		227792	222232	-	5561	ass	4	4285	
XP_058957669.1	GCF_030620025.1	NW_026710258.1		186341	182889	-	3453	dss	1	549	
XP_058957669.1	GCF_030620025.1	NW_026710258.1		186341	182889	-	3453	dss	2	1202	
XP_058957669.1	GCF_030620025.1	NW_026710258.1		186341	182889	-	3453	dss	3	1599	
XP_058957669.1	GCF_030620025.1	NW_026710258.1		186341	182889	-	3453	dss	4	2106	
XP_058957669.1	GCF_030620025.1	NW_026710258.1		186341	182889	-	3453	dss	5	2676	
XP_058957669.1	GCF_030620025.1	NW_026710258.1		186341	182889	-	3453	ass	1	1097	
XP_058957669.1	GCF_030620025.1	NW_026710258.1		186341	182889	-	3453	ass	2	1365	
XP_058957669.1	GCF_030620025.1	NW_026710258.1		186341	182889	-	3453	ass	3	2018	
XP_058957669.1	GCF_030620025.1	NW_026710258.1		186341	182889	-	3453	ass	4	2390	
XP_058957669.1	GCF_030620025.1	NW_026710258.1		186341	182889	-	3453	ass	5	3003	
XP_058957670.1	GCF_030620025.1	NW_026710258.1		186341	182889	-	3453	dss	1	549	
XP_058957670.1	GCF_030620025.1	NW_026710258.1		186341	182889	-	3453	dss	2	1202	
XP_058957670.1	GCF_030620025.1	NW_026710258.1		186341	182889	-	3453	dss	3	1599	
XP_058957670.1	GCF_030620025.1	NW_026710258.1		186341	182889	-	3453	dss	4	2106	
XP_058957670.1	GCF_030620025.1	NW_026710258.1		186341	182889	-	3453	dss	5	2638	
XP_058957670.1	GCF_030620025.1	NW_026710258.1		186341	182889	-	3453	ass	1	1097	
XP_058957670.1	GCF_030620025.1	NW_026710258.1		186341	182889	-	3453	ass	2	1365	
XP_058957670.1	GCF_030620025.1	NW_026710258.1		186341	182889	-	3453	ass	3	2018	
XP_058957670.1	GCF_030620025.1	NW_026710258.1		186341	182889	-	3453	ass	4	2390	
XP_058957670.1	GCF_030620025.1	NW_026710258.1		186341	182889	-	3453	ass	5	3003	
XP_058970121.1	GCF_030620025.1	NW_026710976.1		186095	173532	-	12564	dss	1	1783	
XP_058970121.1	GCF_030620025.1	NW_026710976.1		186095	173532	-	12564	dss	2	2344	
XP_058970121.1	GCF_030620025.1	NW_026710976.1		186095	173532	-	12564	dss	3	3092	
XP_058970121.1	GCF_030620025.1	NW_026710976.1		186095	173532	-	12564	dss	4	3866	
XP_058970121.1	GCF_030620025.1	NW_026710976.1		186095	173532	-	12564	dss	5	4329	
XP_058970121.1	GCF_030620025.1	NW_026710976.1		186095	173532	-	12564	dss	6	4836	
XP_058970121.1	GCF_030620025.1	NW_026710976.1		186095	173532	-	12564	dss	7	5055	
XP_058970121.1	GCF_030620025.1	NW_026710976.1		186095	173532	-	12564	dss	8	5400	
XP_058970121.1	GCF_030620025.1	NW_026710976.1		186095	173532	-	12564	dss	9	6071	
XP_058970121.1	GCF_030620025.1	NW_026710976.1		186095	173532	-	12564	dss	10	6587	
XP_058970121.1	GCF_030620025.1	NW_026710976.1		186095	173532	-	12564	dss	11	7219	
XP_058970121.1	GCF_030620025.1	NW_026710976.1		186095	173532	-	12564	dss	12	7447	
XP_058970121.1	GCF_030620025.1	NW_026710976.1		186095	173532	-	12564	dss	13	8005	
XP_058970121.1	GCF_030620025.1	NW_026710976.1		186095	173532	-	12564	dss	14	8285	
XP_058970121.1	GCF_030620025.1	NW_026710976.1		186095	173532	-	12564	dss	15	8810	
XP_058970121.1	GCF_030620025.1	NW_026710976.1		186095	173532	-	12564	dss	16	9709	
XP_058970121.1	GCF_030620025.1	NW_026710976.1		186095	173532	-	12564	dss	17	10230	
XP_058970121.1	GCF_030620025.1	NW_026710976.1		186095	173532	-	12564	dss	18	10485	
XP_058970121.1	GCF_030620025.1	NW_026710976.1		186095	173532	-	12564	dss	19	10858	
XP_058970121.1	GCF_030620025.1	NW_026710976.1		186095	173532	-	12564	dss	20	11261	
XP_058970121.1	GCF_030620025.1	NW_026710976.1		186095	173532	-	12564	ass	1	2310	
XP_058970121.1	GCF_030620025.1	NW_026710976.1		186095	173532	-	12564	ass	2	2842	
XP_058970121.1	GCF_030620025.1	NW_026710976.1		186095	173532	-	12564	ass	3	3652	
XP_058970121.1	GCF_030620025.1	NW_026710976.1		186095	173532	-	12564	ass	4	4171	
XP_058970121.1	GCF_030620025.1	NW_026710976.1		186095	173532	-	12564	ass	5	4732	
XP_058970121.1	GCF_030620025.1	NW_026710976.1		186095	173532	-	12564	ass	6	4958	
XP_058970121.1	GCF_030620025.1	NW_026710976.1		186095	173532	-	12564	ass	7	5262	
XP_058970121.1	GCF_030620025.1	NW_026710976.1		186095	173532	-	12564	ass	8	5862	
XP_058970121.1	GCF_030620025.1	NW_026710976.1		186095	173532	-	12564	ass	9	6510	
XP_058970121.1	GCF_030620025.1	NW_026710976.1		186095	173532	-	12564	ass	10	7084	
XP_058970121.1	GCF_030620025.1	NW_026710976.1		186095	173532	-	12564	ass	11	7336	
XP_058970121.1	GCF_030620025.1	NW_026710976.1		186095	173532	-	12564	ass	12	7804	
XP_058970121.1	GCF_030620025.1	NW_026710976.1		186095	173532	-	12564	ass	13	8197	
XP_058970121.1	GCF_030620025.1	NW_026710976.1		186095	173532	-	12564	ass	14	8730	
XP_058970121.1	GCF_030620025.1	NW_026710976.1		186095	173532	-	12564	ass	15	9542	
XP_058970121.1	GCF_030620025.1	NW_026710976.1		186095	173532	-	12564	ass	16	10173	
XP_058970121.1	GCF_030620025.1	NW_026710976.1		186095	173532	-	12564	ass	17	10447	
XP_058970121.1	GCF_030620025.1	NW_026710976.1		186095	173532	-	12564	ass	18	10683	
XP_058970121.1	GCF_030620025.1	NW_026710976.1		186095	173532	-	12564	ass	19	11111	
XP_058970121.1	GCF_030620025.1	NW_026710976.1		186095	173532	-	12564	ass	20	11630	
XP_067031383.1	GCF_036669905.1	NC_090037.1		17021903	17025803	+	3901	dss	1	576	
XP_067031383.1	GCF_036669905.1	NC_090037.1		17021903	17025803	+	3901	dss	2	1104	
XP_067031383.1	GCF_036669905.1	NC_090037.1		17021903	17025803	+	3901	dss	3	1518	
XP_067031383.1	GCF_036669905.1	NC_090037.1		17021903	17025803	+	3901	dss	4	2452	
XP_067031383.1	GCF_036669905.1	NC_090037.1		17021903	17025803	+	3901	dss	5	3078	
XP_067031383.1	GCF_036669905.1	NC_090037.1		17021903	17025803	+	3901	ass	1	999	
XP_067031383.1	GCF_036669905.1	NC_090037.1		17021903	17025803	+	3901	ass	2	1284	
XP_067031383.1	GCF_036669905.1	NC_090037.1		17021903	17025803	+	3901	ass	3	2364	
XP_067031383.1	GCF_036669905.1	NC_090037.1		17021903	17025803	+	3901	ass	4	2830	
XP_067031383.1	GCF_036669905.1	NC_090037.1		17021903	17025803	+	3901	ass	5	3267	
XP_067031528.1	GCF_036669905.1	NC_090036.1		17900617	17914518	+	13902	dss	1	181	
XP_067031528.1	GCF_036669905.1	NC_090036.1		17900617	17914518	+	13902	dss	2	666	
XP_067031528.1	GCF_036669905.1	NC_090036.1		17900617	17914518	+	13902	dss	3	6829	
XP_067031528.1	GCF_036669905.1	NC_090036.1		17900617	17914518	+	13902	dss	4	10113	
XP_067031528.1	GCF_036669905.1	NC_090036.1		17900617	17914518	+	13902	dss	5	11685	
XP_067031528.1	GCF_036669905.1	NC_090036.1		17900617	17914518	+	13902	dss	6	12914	
XP_067031528.1	GCF_036669905.1	NC_090036.1		17900617	17914518	+	13902	ass	1	318	
XP_067031528.1	GCF_036669905.1	NC_090036.1		17900617	17914518	+	13902	ass	2	6727	
XP_067031528.1	GCF_036669905.1	NC_090036.1		17900617	17914518	+	13902	ass	3	9900	
XP_067031528.1	GCF_036669905.1	NC_090036.1		17900617	17914518	+	13902	ass	4	11597	
XP_067031528.1	GCF_036669905.1	NC_090036.1		17900617	17914518	+	13902	ass	5	12669	
XP_067031528.1	GCF_036669905.1	NC_090036.1		17900617	17914518	+	13902	ass	6	13097	
XP_067039091.1	GCF_036669905.1	NC_090036.1		17877466	17886409	+	8944	dss	1	828	
XP_067039091.1	GCF_036669905.1	NC_090036.1		17877466	17886409	+	8944	dss	2	3295	
XP_067039091.1	GCF_036669905.1	NC_090036.1		17877466	17886409	+	8944	dss	3	4050	
XP_067039091.1	GCF_036669905.1	NC_090036.1		17877466	17886409	+	8944	dss	4	4801	
XP_067039091.1	GCF_036669905.1	NC_090036.1		17877466	17886409	+	8944	ass	1	3184	
XP_067039091.1	GCF_036669905.1	NC_090036.1		17877466	17886409	+	8944	ass	2	3660	
XP_067039091.1	GCF_036669905.1	NC_090036.1		17877466	17886409	+	8944	ass	3	4592	
XP_067039091.1	GCF_036669905.1	NC_090036.1		17877466	17886409	+	8944	ass	4	6039	
XP_067053651.1	GCF_036669905.1	NC_090044.1		3137116	3156441	+	19326	dss	1	2608	
XP_067053651.1	GCF_036669905.1	NC_090044.1		3137116	3156441	+	19326	dss	2	3349	
XP_067053651.1	GCF_036669905.1	NC_090044.1		3137116	3156441	+	19326	dss	3	4191	
XP_067053651.1	GCF_036669905.1	NC_090044.1		3137116	3156441	+	19326	dss	4	4956	
XP_067053651.1	GCF_036669905.1	NC_090044.1		3137116	3156441	+	19326	dss	5	5583	
XP_067053651.1	GCF_036669905.1	NC_090044.1		3137116	3156441	+	19326	dss	6	6111	
XP_067053651.1	GCF_036669905.1	NC_090044.1		3137116	3156441	+	19326	dss	7	6994	
XP_067053651.1	GCF_036669905.1	NC_090044.1		3137116	3156441	+	19326	dss	8	8148	
XP_067053651.1	GCF_036669905.1	NC_090044.1		3137116	3156441	+	19326	dss	9	9092	
XP_067053651.1	GCF_036669905.1	NC_090044.1		3137116	3156441	+	19326	dss	10	11525	
XP_067053651.1	GCF_036669905.1	NC_090044.1		3137116	3156441	+	19326	dss	11	12540	
XP_067053651.1	GCF_036669905.1	NC_090044.1		3137116	3156441	+	19326	dss	12	13175	
XP_067053651.1	GCF_036669905.1	NC_090044.1		3137116	3156441	+	19326	dss	13	13656	
XP_067053651.1	GCF_036669905.1	NC_090044.1		3137116	3156441	+	19326	dss	14	14754	
XP_067053651.1	GCF_036669905.1	NC_090044.1		3137116	3156441	+	19326	dss	15	14924	
XP_067053651.1	GCF_036669905.1	NC_090044.1		3137116	3156441	+	19326	dss	16	15557	
XP_067053651.1	GCF_036669905.1	NC_090044.1		3137116	3156441	+	19326	dss	17	16424	
XP_067053651.1	GCF_036669905.1	NC_090044.1		3137116	3156441	+	19326	dss	18	16843	
XP_067053651.1	GCF_036669905.1	NC_090044.1		3137116	3156441	+	19326	dss	19	17203	
XP_067053651.1	GCF_036669905.1	NC_090044.1		3137116	3156441	+	19326	dss	20	18252	
XP_067053651.1	GCF_036669905.1	NC_090044.1		3137116	3156441	+	19326	ass	1	3315	
XP_067053651.1	GCF_036669905.1	NC_090044.1		3137116	3156441	+	19326	ass	2	3941	
XP_067053651.1	GCF_036669905.1	NC_090044.1		3137116	3156441	+	19326	ass	3	4745	
XP_067053651.1	GCF_036669905.1	NC_090044.1		3137116	3156441	+	19326	ass	4	5425	
XP_067053651.1	GCF_036669905.1	NC_090044.1		3137116	3156441	+	19326	ass	5	6007	
XP_067053651.1	GCF_036669905.1	NC_090044.1		3137116	3156441	+	19326	ass	6	6900	
XP_067053651.1	GCF_036669905.1	NC_090044.1		3137116	3156441	+	19326	ass	7	8010	
XP_067053651.1	GCF_036669905.1	NC_090044.1		3137116	3156441	+	19326	ass	8	8898	
XP_067053651.1	GCF_036669905.1	NC_090044.1		3137116	3156441	+	19326	ass	9	11466	
XP_067053651.1	GCF_036669905.1	NC_090044.1		3137116	3156441	+	19326	ass	10	12399	
XP_067053651.1	GCF_036669905.1	NC_090044.1		3137116	3156441	+	19326	ass	11	13064	
XP_067053651.1	GCF_036669905.1	NC_090044.1		3137116	3156441	+	19326	ass	12	13455	
XP_067053651.1	GCF_036669905.1	NC_090044.1		3137116	3156441	+	19326	ass	13	14666	
XP_067053651.1	GCF_036669905.1	NC_090044.1		3137116	3156441	+	19326	ass	14	14844	
XP_067053651.1	GCF_036669905.1	NC_090044.1		3137116	3156441	+	19326	ass	15	15390	
XP_067053651.1	GCF_036669905.1	NC_090044.1		3137116	3156441	+	19326	ass	16	16373	
XP_067053651.1	GCF_036669905.1	NC_090044.1		3137116	3156441	+	19326	ass	17	16805	
XP_067053651.1	GCF_036669905.1	NC_090044.1		3137116	3156441	+	19326	ass	18	17034	
XP_067053651.1	GCF_036669905.1	NC_090044.1		3137116	3156441	+	19326	ass	19	18102	
XP_067053651.1	GCF_036669905.1	NC_090044.1		3137116	3156441	+	19326	ass	20	18542	
XP_058956196.2	GCF_036669915.1	NC_089317.1		1774431	1766095	-	8337	dss	1	1490	
XP_058956196.2	GCF_036669915.1	NC_089317.1		1774431	1766095	-	8337	dss	2	2084	
XP_058956196.2	GCF_036669915.1	NC_089317.1		1774431	1766095	-	8337	dss	3	3552	
XP_058956196.2	GCF_036669915.1	NC_089317.1		1774431	1766095	-	8337	dss	4	4300	
XP_058956196.2	GCF_036669915.1	NC_089317.1		1774431	1766095	-	8337	dss	5	5241	
XP_058956196.2	GCF_036669915.1	NC_089317.1		1774431	1766095	-	8337	dss	6	6591	
XP_058956196.2	GCF_036669915.1	NC_089317.1		1774431	1766095	-	8337	ass	1	1628	
XP_058956196.2	GCF_036669915.1	NC_089317.1		1774431	1766095	-	8337	ass	2	3450	
XP_058956196.2	GCF_036669915.1	NC_089317.1		1774431	1766095	-	8337	ass	3	4090	
XP_058956196.2	GCF_036669915.1	NC_089317.1		1774431	1766095	-	8337	ass	4	5153	
XP_058956196.2	GCF_036669915.1	NC_089317.1		1774431	1766095	-	8337	ass	5	6346	
XP_058956196.2	GCF_036669915.1	NC_089317.1		1774431	1766095	-	8337	ass	6	7376	
XP_058957669.2	GCF_036669915.1	NC_089318.1		17474568	17471110	-	3459	dss	1	549	
XP_058957669.2	GCF_036669915.1	NC_089318.1		17474568	17471110	-	3459	dss	2	1204	
XP_058957669.2	GCF_036669915.1	NC_089318.1		17474568	17471110	-	3459	dss	3	1601	
XP_058957669.2	GCF_036669915.1	NC_089318.1		17474568	17471110	-	3459	dss	4	2108	
XP_058957669.2	GCF_036669915.1	NC_089318.1		17474568	17471110	-	3459	dss	5	2678	
XP_058957669.2	GCF_036669915.1	NC_089318.1		17474568	17471110	-	3459	ass	1	1099	
XP_058957669.2	GCF_036669915.1	NC_089318.1		17474568	17471110	-	3459	ass	2	1367	
XP_058957669.2	GCF_036669915.1	NC_089318.1		17474568	17471110	-	3459	ass	3	2020	
XP_058957669.2	GCF_036669915.1	NC_089318.1		17474568	17471110	-	3459	ass	4	2392	
XP_058957669.2	GCF_036669915.1	NC_089318.1		17474568	17471110	-	3459	ass	5	3005	
XP_058957670.2	GCF_036669915.1	NC_089318.1		17474567	17471110	-	3458	dss	1	548	
XP_058957670.2	GCF_036669915.1	NC_089318.1		17474567	17471110	-	3458	dss	2	1203	
XP_058957670.2	GCF_036669915.1	NC_089318.1		17474567	17471110	-	3458	dss	3	1600	
XP_058957670.2	GCF_036669915.1	NC_089318.1		17474567	17471110	-	3458	dss	4	2107	
XP_058957670.2	GCF_036669915.1	NC_089318.1		17474567	17471110	-	3458	dss	5	2639	
XP_058957670.2	GCF_036669915.1	NC_089318.1		17474567	17471110	-	3458	ass	1	1098	
XP_058957670.2	GCF_036669915.1	NC_089318.1		17474567	17471110	-	3458	ass	2	1366	
XP_058957670.2	GCF_036669915.1	NC_089318.1		17474567	17471110	-	3458	ass	3	2019	
XP_058957670.2	GCF_036669915.1	NC_089318.1		17474567	17471110	-	3458	ass	4	2391	
XP_058957670.2	GCF_036669915.1	NC_089318.1		17474567	17471110	-	3458	ass	5	3004	
XP_068721954.1	GCF_036669925.1	NC_090892.1		14132217	14099551	-	32667	dss	1	5061	
XP_068721954.1	GCF_036669925.1	NC_090892.1		14132217	14099551	-	32667	dss	2	6510	
XP_068721954.1	GCF_036669925.1	NC_090892.1		14132217	14099551	-	32667	dss	3	8007	
XP_068721954.1	GCF_036669925.1	NC_090892.1		14132217	14099551	-	32667	dss	4	9670	
XP_068721954.1	GCF_036669925.1	NC_090892.1		14132217	14099551	-	32667	dss	5	13736	
XP_068721954.1	GCF_036669925.1	NC_090892.1		14132217	14099551	-	32667	dss	6	16715	
XP_068721954.1	GCF_036669925.1	NC_090892.1		14132217	14099551	-	32667	dss	7	17348	
XP_068721954.1	GCF_036669925.1	NC_090892.1		14132217	14099551	-	32667	dss	8	18592	
XP_068721954.1	GCF_036669925.1	NC_090892.1		14132217	14099551	-	32667	dss	9	19223	
XP_068721954.1	GCF_036669925.1	NC_090892.1		14132217	14099551	-	32667	dss	10	19316	
XP_068721954.1	GCF_036669925.1	NC_090892.1		14132217	14099551	-	32667	dss	11	20417	
XP_068721954.1	GCF_036669925.1	NC_090892.1		14132217	14099551	-	32667	dss	12	20832	
XP_068721954.1	GCF_036669925.1	NC_090892.1		14132217	14099551	-	32667	dss	13	21580	
XP_068721954.1	GCF_036669925.1	NC_090892.1		14132217	14099551	-	32667	dss	14	22726	
XP_068721954.1	GCF_036669925.1	NC_090892.1		14132217	14099551	-	32667	dss	15	23754	
XP_068721954.1	GCF_036669925.1	NC_090892.1		14132217	14099551	-	32667	dss	16	24663	
XP_068721954.1	GCF_036669925.1	NC_090892.1		14132217	14099551	-	32667	dss	17	25933	
XP_068721954.1	GCF_036669925.1	NC_090892.1		14132217	14099551	-	32667	dss	18	27485	
XP_068721954.1	GCF_036669925.1	NC_090892.1		14132217	14099551	-	32667	dss	19	28825	
XP_068721954.1	GCF_036669925.1	NC_090892.1		14132217	14099551	-	32667	dss	20	29812	
XP_068721954.1	GCF_036669925.1	NC_090892.1		14132217	14099551	-	32667	dss	21	30922	
XP_068721954.1	GCF_036669925.1	NC_090892.1		14132217	14099551	-	32667	ass	1	6476	
XP_068721954.1	GCF_036669925.1	NC_090892.1		14132217	14099551	-	32667	ass	2	7757	
XP_068721954.1	GCF_036669925.1	NC_090892.1		14132217	14099551	-	32667	ass	3	9459	
XP_068721954.1	GCF_036669925.1	NC_090892.1		14132217	14099551	-	32667	ass	4	13578	
XP_068721954.1	GCF_036669925.1	NC_090892.1		14132217	14099551	-	32667	ass	5	16611	
XP_068721954.1	GCF_036669925.1	NC_090892.1		14132217	14099551	-	32667	ass	6	17251	
XP_068721954.1	GCF_036669925.1	NC_090892.1		14132217	14099551	-	32667	ass	7	18454	
XP_068721954.1	GCF_036669925.1	NC_090892.1		14132217	14099551	-	32667	ass	8	19120	
XP_068721954.1	GCF_036669925.1	NC_090892.1		14132217	14099551	-	32667	ass	9	19226	
XP_068721954.1	GCF_036669925.1	NC_090892.1		14132217	14099551	-	32667	ass	10	20319	
XP_068721954.1	GCF_036669925.1	NC_090892.1		14132217	14099551	-	32667	ass	11	20691	
XP_068721954.1	GCF_036669925.1	NC_090892.1		14132217	14099551	-	32667	ass	12	21469	
XP_068721954.1	GCF_036669925.1	NC_090892.1		14132217	14099551	-	32667	ass	13	22525	
XP_068721954.1	GCF_036669925.1	NC_090892.1		14132217	14099551	-	32667	ass	14	23666	
XP_068721954.1	GCF_036669925.1	NC_090892.1		14132217	14099551	-	32667	ass	15	24583	
XP_068721954.1	GCF_036669925.1	NC_090892.1		14132217	14099551	-	32667	ass	16	25766	
XP_068721954.1	GCF_036669925.1	NC_090892.1		14132217	14099551	-	32667	ass	17	27434	
XP_068721954.1	GCF_036669925.1	NC_090892.1		14132217	14099551	-	32667	ass	18	28787	
XP_068721954.1	GCF_036669925.1	NC_090892.1		14132217	14099551	-	32667	ass	19	29637	
XP_068721954.1	GCF_036669925.1	NC_090892.1		14132217	14099551	-	32667	ass	20	30772	
XP_068721954.1	GCF_036669925.1	NC_090892.1		14132217	14099551	-	32667	ass	21	32450	
XP_068728611.1	GCF_036669925.1	NC_090894.1		19794986	19790221	-	4766	dss	1	558	
XP_068728611.1	GCF_036669925.1	NC_090894.1		19794986	19790221	-	4766	dss	2	1167	
XP_068728611.1	GCF_036669925.1	NC_090894.1		19794986	19790221	-	4766	dss	3	1602	
XP_068728611.1	GCF_036669925.1	NC_090894.1		19794986	19790221	-	4766	dss	4	2738	
XP_068728611.1	GCF_036669925.1	NC_090894.1		19794986	19790221	-	4766	dss	5	3939	
XP_068728611.1	GCF_036669925.1	NC_090894.1		19794986	19790221	-	4766	ass	1	1062	
XP_068728611.1	GCF_036669925.1	NC_090894.1		19794986	19790221	-	4766	ass	2	1368	
XP_068728611.1	GCF_036669925.1	NC_090894.1		19794986	19790221	-	4766	ass	3	2650	
XP_068728611.1	GCF_036669925.1	NC_090894.1		19794986	19790221	-	4766	ass	4	3638	
XP_068728611.1	GCF_036669925.1	NC_090894.1		19794986	19790221	-	4766	ass	5	4083	
XP_068728612.1	GCF_036669925.1	NC_090894.1		19794990	19790221	-	4770	dss	1	562	
XP_068728612.1	GCF_036669925.1	NC_090894.1		19794990	19790221	-	4770	dss	2	1171	
XP_068728612.1	GCF_036669925.1	NC_090894.1		19794990	19790221	-	4770	dss	3	1606	
XP_068728612.1	GCF_036669925.1	NC_090894.1		19794990	19790221	-	4770	dss	4	2742	
XP_068728612.1	GCF_036669925.1	NC_090894.1		19794990	19790221	-	4770	dss	5	3890	
XP_068728612.1	GCF_036669925.1	NC_090894.1		19794990	19790221	-	4770	ass	1	1066	
XP_068728612.1	GCF_036669925.1	NC_090894.1		19794990	19790221	-	4770	ass	2	1372	
XP_068728612.1	GCF_036669925.1	NC_090894.1		19794990	19790221	-	4770	ass	3	2654	
XP_068728612.1	GCF_036669925.1	NC_090894.1		19794990	19790221	-	4770	ass	4	3642	
XP_068728612.1	GCF_036669925.1	NC_090894.1		19794990	19790221	-	4770	ass	5	4087	
XP_068731937.1	GCF_036669925.1	NC_090895.1		29529393	29535430	+	6038	dss	1	173	
XP_068731937.1	GCF_036669925.1	NC_090895.1		29529393	29535430	+	6038	dss	2	674	
XP_068731937.1	GCF_036669925.1	NC_090895.1		29529393	29535430	+	6038	dss	3	2816	
XP_068731937.1	GCF_036669925.1	NC_090895.1		29529393	29535430	+	6038	dss	4	3644	
XP_068731937.1	GCF_036669925.1	NC_090895.1		29529393	29535430	+	6038	dss	5	4027	
XP_068731937.1	GCF_036669925.1	NC_090895.1		29529393	29535430	+	6038	dss	6	5092	
XP_068731937.1	GCF_036669925.1	NC_090895.1		29529393	29535430	+	6038	ass	1	290	
XP_068731937.1	GCF_036669925.1	NC_090895.1		29529393	29535430	+	6038	ass	2	2714	
XP_068731937.1	GCF_036669925.1	NC_090895.1		29529393	29535430	+	6038	ass	3	3431	
XP_068731937.1	GCF_036669925.1	NC_090895.1		29529393	29535430	+	6038	ass	4	3939	
XP_068731937.1	GCF_036669925.1	NC_090895.1		29529393	29535430	+	6038	ass	5	4847	
XP_068731937.1	GCF_036669925.1	NC_090895.1		29529393	29535430	+	6038	ass	6	5185	
XP_068731938.1	GCF_036669925.1	NC_090895.1		29529393	29535430	+	6038	dss	1	173	
XP_068731938.1	GCF_036669925.1	NC_090895.1		29529393	29535430	+	6038	dss	2	674	
XP_068731938.1	GCF_036669925.1	NC_090895.1		29529393	29535430	+	6038	dss	3	2816	
XP_068731938.1	GCF_036669925.1	NC_090895.1		29529393	29535430	+	6038	dss	4	3644	
XP_068731938.1	GCF_036669925.1	NC_090895.1		29529393	29535430	+	6038	dss	5	4027	
XP_068731938.1	GCF_036669925.1	NC_090895.1		29529393	29535430	+	6038	dss	6	5092	
XP_068731938.1	GCF_036669925.1	NC_090895.1		29529393	29535430	+	6038	ass	1	293	
XP_068731938.1	GCF_036669925.1	NC_090895.1		29529393	29535430	+	6038	ass	2	2714	
XP_068731938.1	GCF_036669925.1	NC_090895.1		29529393	29535430	+	6038	ass	3	3431	
XP_068731938.1	GCF_036669925.1	NC_090895.1		29529393	29535430	+	6038	ass	4	3939	
XP_068731938.1	GCF_036669925.1	NC_090895.1		29529393	29535430	+	6038	ass	5	4847	
XP_068731938.1	GCF_036669925.1	NC_090895.1		29529393	29535430	+	6038	ass	6	5185	
XP_068731939.1	GCF_036669925.1	NC_090895.1		29529392	29535430	+	6039	dss	1	174	
XP_068731939.1	GCF_036669925.1	NC_090895.1		29529392	29535430	+	6039	dss	2	675	
XP_068731939.1	GCF_036669925.1	NC_090895.1		29529392	29535430	+	6039	dss	3	2817	
XP_068731939.1	GCF_036669925.1	NC_090895.1		29529392	29535430	+	6039	dss	4	3645	
XP_068731939.1	GCF_036669925.1	NC_090895.1		29529392	29535430	+	6039	dss	5	4734	
XP_068731939.1	GCF_036669925.1	NC_090895.1		29529392	29535430	+	6039	dss	6	5093	
XP_068731939.1	GCF_036669925.1	NC_090895.1		29529392	29535430	+	6039	ass	1	291	
XP_068731939.1	GCF_036669925.1	NC_090895.1		29529392	29535430	+	6039	ass	2	2715	
XP_068731939.1	GCF_036669925.1	NC_090895.1		29529392	29535430	+	6039	ass	3	3432	
XP_068731939.1	GCF_036669925.1	NC_090895.1		29529392	29535430	+	6039	ass	4	4685	
XP_068731939.1	GCF_036669925.1	NC_090895.1		29529392	29535430	+	6039	ass	5	4848	
XP_068731939.1	GCF_036669925.1	NC_090895.1		29529392	29535430	+	6039	ass	6	5186	
XP_068733763.1	GCF_036669925.1	NC_090895.1		29504966	29509202	+	4237	dss	1	608	
XP_068733763.1	GCF_036669925.1	NC_090895.1		29504966	29509202	+	4237	dss	2	2014	
XP_068733763.1	GCF_036669925.1	NC_090895.1		29504966	29509202	+	4237	dss	3	2647	
XP_068733763.1	GCF_036669925.1	NC_090895.1		29504966	29509202	+	4237	dss	4	3174	
XP_068733763.1	GCF_036669925.1	NC_090895.1		29504966	29509202	+	4237	ass	1	1906	
XP_068733763.1	GCF_036669925.1	NC_090895.1		29504966	29509202	+	4237	ass	2	2257	
XP_068733763.1	GCF_036669925.1	NC_090895.1		29504966	29509202	+	4237	ass	3	2965	
XP_068733763.1	GCF_036669925.1	NC_090895.1		29504966	29509202	+	4237	ass	4	3602	
XP_068682681.1	GCF_036669935.1	NC_090880.1		36413467	36408715	-	4753	dss	1	545	
XP_068682681.1	GCF_036669935.1	NC_090880.1		36413467	36408715	-	4753	dss	2	1154	
XP_068682681.1	GCF_036669935.1	NC_090880.1		36413467	36408715	-	4753	dss	3	1589	
XP_068682681.1	GCF_036669935.1	NC_090880.1		36413467	36408715	-	4753	dss	4	2725	
XP_068682681.1	GCF_036669935.1	NC_090880.1		36413467	36408715	-	4753	dss	5	3926	
XP_068682681.1	GCF_036669935.1	NC_090880.1		36413467	36408715	-	4753	ass	1	1049	
XP_068682681.1	GCF_036669935.1	NC_090880.1		36413467	36408715	-	4753	ass	2	1355	
XP_068682681.1	GCF_036669935.1	NC_090880.1		36413467	36408715	-	4753	ass	3	2637	
XP_068682681.1	GCF_036669935.1	NC_090880.1		36413467	36408715	-	4753	ass	4	3625	
XP_068682681.1	GCF_036669935.1	NC_090880.1		36413467	36408715	-	4753	ass	5	4070	
XP_068682682.1	GCF_036669935.1	NC_090880.1		36413486	36408715	-	4772	dss	1	564	
XP_068682682.1	GCF_036669935.1	NC_090880.1		36413486	36408715	-	4772	dss	2	1173	
XP_068682682.1	GCF_036669935.1	NC_090880.1		36413486	36408715	-	4772	dss	3	1608	
XP_068682682.1	GCF_036669935.1	NC_090880.1		36413486	36408715	-	4772	dss	4	2744	
XP_068682682.1	GCF_036669935.1	NC_090880.1		36413486	36408715	-	4772	dss	5	3892	
XP_068682682.1	GCF_036669935.1	NC_090880.1		36413486	36408715	-	4772	ass	1	1068	
XP_068682682.1	GCF_036669935.1	NC_090880.1		36413486	36408715	-	4772	ass	2	1374	
XP_068682682.1	GCF_036669935.1	NC_090880.1		36413486	36408715	-	4772	ass	3	2656	
XP_068682682.1	GCF_036669935.1	NC_090880.1		36413486	36408715	-	4772	ass	4	3644	
XP_068682682.1	GCF_036669935.1	NC_090880.1		36413486	36408715	-	4772	ass	5	4089	
XP_068687143.1	GCF_036669935.1	NC_090881.1		31323115	31319130	-	3986	dss	1	631	
XP_068687143.1	GCF_036669935.1	NC_090881.1		31323115	31319130	-	3986	dss	2	2037	
XP_068687143.1	GCF_036669935.1	NC_090881.1		31323115	31319130	-	3986	dss	3	2670	
XP_068687143.1	GCF_036669935.1	NC_090881.1		31323115	31319130	-	3986	dss	4	3197	
XP_068687143.1	GCF_036669935.1	NC_090881.1		31323115	31319130	-	3986	ass	1	1929	
XP_068687143.1	GCF_036669935.1	NC_090881.1		31323115	31319130	-	3986	ass	2	2280	
XP_068687143.1	GCF_036669935.1	NC_090881.1		31323115	31319130	-	3986	ass	3	2988	
XP_068687143.1	GCF_036669935.1	NC_090881.1		31323115	31319130	-	3986	ass	4	3625	
XP_068687145.1	GCF_036669935.1	NC_090881.1		31299246	31293228	-	6019	dss	1	172	
XP_068687145.1	GCF_036669935.1	NC_090881.1		31299246	31293228	-	6019	dss	2	655	
XP_068687145.1	GCF_036669935.1	NC_090881.1		31299246	31293228	-	6019	dss	3	2797	
XP_068687145.1	GCF_036669935.1	NC_090881.1		31299246	31293228	-	6019	dss	4	3625	
XP_068687145.1	GCF_036669935.1	NC_090881.1		31299246	31293228	-	6019	dss	5	4008	
XP_068687145.1	GCF_036669935.1	NC_090881.1		31299246	31293228	-	6019	dss	6	5073	
XP_068687145.1	GCF_036669935.1	NC_090881.1		31299246	31293228	-	6019	ass	1	289	
XP_068687145.1	GCF_036669935.1	NC_090881.1		31299246	31293228	-	6019	ass	2	2695	
XP_068687145.1	GCF_036669935.1	NC_090881.1		31299246	31293228	-	6019	ass	3	3412	
XP_068687145.1	GCF_036669935.1	NC_090881.1		31299246	31293228	-	6019	ass	4	3920	
XP_068687145.1	GCF_036669935.1	NC_090881.1		31299246	31293228	-	6019	ass	5	4828	
XP_068687145.1	GCF_036669935.1	NC_090881.1		31299246	31293228	-	6019	ass	6	5166	
XP_068687146.1	GCF_036669935.1	NC_090881.1		31299239	31293228	-	6012	dss	1	165	
XP_068687146.1	GCF_036669935.1	NC_090881.1		31299239	31293228	-	6012	dss	2	648	
XP_068687146.1	GCF_036669935.1	NC_090881.1		31299239	31293228	-	6012	dss	3	2790	
XP_068687146.1	GCF_036669935.1	NC_090881.1		31299239	31293228	-	6012	dss	4	3618	
XP_068687146.1	GCF_036669935.1	NC_090881.1		31299239	31293228	-	6012	dss	5	4001	
XP_068687146.1	GCF_036669935.1	NC_090881.1		31299239	31293228	-	6012	dss	6	5066	
XP_068687146.1	GCF_036669935.1	NC_090881.1		31299239	31293228	-	6012	ass	1	285	
XP_068687146.1	GCF_036669935.1	NC_090881.1		31299239	31293228	-	6012	ass	2	2688	
XP_068687146.1	GCF_036669935.1	NC_090881.1		31299239	31293228	-	6012	ass	3	3405	
XP_068687146.1	GCF_036669935.1	NC_090881.1		31299239	31293228	-	6012	ass	4	3913	
XP_068687146.1	GCF_036669935.1	NC_090881.1		31299239	31293228	-	6012	ass	5	4821	
XP_068687146.1	GCF_036669935.1	NC_090881.1		31299239	31293228	-	6012	ass	6	5159	
XP_068687147.1	GCF_036669935.1	NC_090881.1		31299239	31293228	-	6012	dss	1	165	
XP_068687147.1	GCF_036669935.1	NC_090881.1		31299239	31293228	-	6012	dss	2	648	
XP_068687147.1	GCF_036669935.1	NC_090881.1		31299239	31293228	-	6012	dss	3	2790	
XP_068687147.1	GCF_036669935.1	NC_090881.1		31299239	31293228	-	6012	dss	4	3618	
XP_068687147.1	GCF_036669935.1	NC_090881.1		31299239	31293228	-	6012	dss	5	4707	
XP_068687147.1	GCF_036669935.1	NC_090881.1		31299239	31293228	-	6012	dss	6	5066	
XP_068687147.1	GCF_036669935.1	NC_090881.1		31299239	31293228	-	6012	ass	1	282	
XP_068687147.1	GCF_036669935.1	NC_090881.1		31299239	31293228	-	6012	ass	2	2688	
XP_068687147.1	GCF_036669935.1	NC_090881.1		31299239	31293228	-	6012	ass	3	3405	
XP_068687147.1	GCF_036669935.1	NC_090881.1		31299239	31293228	-	6012	ass	4	4658	
XP_068687147.1	GCF_036669935.1	NC_090881.1		31299239	31293228	-	6012	ass	5	4821	
XP_068687147.1	GCF_036669935.1	NC_090881.1		31299239	31293228	-	6012	ass	6	5159	
XP_068687149.1	GCF_036669935.1	NC_090881.1		31299239	31294370	-	4870	dss	1	165	
XP_068687149.1	GCF_036669935.1	NC_090881.1		31299239	31294370	-	4870	dss	2	648	
XP_068687149.1	GCF_036669935.1	NC_090881.1		31299239	31294370	-	4870	dss	3	2790	
XP_068687149.1	GCF_036669935.1	NC_090881.1		31299239	31294370	-	4870	dss	4	3618	
XP_068687149.1	GCF_036669935.1	NC_090881.1		31299239	31294370	-	4870	dss	5	4001	
XP_068687149.1	GCF_036669935.1	NC_090881.1		31299239	31294370	-	4870	ass	1	282	
XP_068687149.1	GCF_036669935.1	NC_090881.1		31299239	31294370	-	4870	ass	2	2688	
XP_068687149.1	GCF_036669935.1	NC_090881.1		31299239	31294370	-	4870	ass	3	3405	
XP_068687149.1	GCF_036669935.1	NC_090881.1		31299239	31294370	-	4870	ass	4	3913	
XP_068687149.1	GCF_036669935.1	NC_090881.1		31299239	31294370	-	4870	ass	5	4658	
XP_068704788.1	GCF_036669935.1	NC_090869.1		58263959	58296337	+	32379	dss	1	4010	
XP_068704788.1	GCF_036669935.1	NC_090869.1		58263959	58296337	+	32379	dss	2	5467	
XP_068704788.1	GCF_036669935.1	NC_090869.1		58263959	58296337	+	32379	dss	3	6965	
XP_068704788.1	GCF_036669935.1	NC_090869.1		58263959	58296337	+	32379	dss	4	8635	
XP_068704788.1	GCF_036669935.1	NC_090869.1		58263959	58296337	+	32379	dss	5	13320	
XP_068704788.1	GCF_036669935.1	NC_090869.1		58263959	58296337	+	32379	dss	6	16297	
XP_068704788.1	GCF_036669935.1	NC_090869.1		58263959	58296337	+	32379	dss	7	16929	
XP_068704788.1	GCF_036669935.1	NC_090869.1		58263959	58296337	+	32379	dss	8	18176	
XP_068704788.1	GCF_036669935.1	NC_090869.1		58263959	58296337	+	32379	dss	9	18882	
XP_068704788.1	GCF_036669935.1	NC_090869.1		58263959	58296337	+	32379	dss	10	19974	
XP_068704788.1	GCF_036669935.1	NC_090869.1		58263959	58296337	+	32379	dss	11	20381	
XP_068704788.1	GCF_036669935.1	NC_090869.1		58263959	58296337	+	32379	dss	12	21129	
XP_068704788.1	GCF_036669935.1	NC_090869.1		58263959	58296337	+	32379	dss	13	22275	
XP_068704788.1	GCF_036669935.1	NC_090869.1		58263959	58296337	+	32379	dss	14	23303	
XP_068704788.1	GCF_036669935.1	NC_090869.1		58263959	58296337	+	32379	dss	15	24276	
XP_068704788.1	GCF_036669935.1	NC_090869.1		58263959	58296337	+	32379	dss	16	25554	
XP_068704788.1	GCF_036669935.1	NC_090869.1		58263959	58296337	+	32379	dss	17	27134	
XP_068704788.1	GCF_036669935.1	NC_090869.1		58263959	58296337	+	32379	dss	18	28477	
XP_068704788.1	GCF_036669935.1	NC_090869.1		58263959	58296337	+	32379	dss	19	29464	
XP_068704788.1	GCF_036669935.1	NC_090869.1		58263959	58296337	+	32379	dss	20	30545	
XP_068704788.1	GCF_036669935.1	NC_090869.1		58263959	58296337	+	32379	ass	1	5433	
XP_068704788.1	GCF_036669935.1	NC_090869.1		58263959	58296337	+	32379	ass	2	6715	
XP_068704788.1	GCF_036669935.1	NC_090869.1		58263959	58296337	+	32379	ass	3	8424	
XP_068704788.1	GCF_036669935.1	NC_090869.1		58263959	58296337	+	32379	ass	4	13162	
XP_068704788.1	GCF_036669935.1	NC_090869.1		58263959	58296337	+	32379	ass	5	16193	
XP_068704788.1	GCF_036669935.1	NC_090869.1		58263959	58296337	+	32379	ass	6	16832	
XP_068704788.1	GCF_036669935.1	NC_090869.1		58263959	58296337	+	32379	ass	7	18038	
XP_068704788.1	GCF_036669935.1	NC_090869.1		58263959	58296337	+	32379	ass	8	18688	
XP_068704788.1	GCF_036669935.1	NC_090869.1		58263959	58296337	+	32379	ass	9	19876	
XP_068704788.1	GCF_036669935.1	NC_090869.1		58263959	58296337	+	32379	ass	10	20240	
XP_068704788.1	GCF_036669935.1	NC_090869.1		58263959	58296337	+	32379	ass	11	21018	
XP_068704788.1	GCF_036669935.1	NC_090869.1		58263959	58296337	+	32379	ass	12	22074	
XP_068704788.1	GCF_036669935.1	NC_090869.1		58263959	58296337	+	32379	ass	13	23215	
XP_068704788.1	GCF_036669935.1	NC_090869.1		58263959	58296337	+	32379	ass	14	24196	
XP_068704788.1	GCF_036669935.1	NC_090869.1		58263959	58296337	+	32379	ass	15	25387	
XP_068704788.1	GCF_036669935.1	NC_090869.1		58263959	58296337	+	32379	ass	16	27083	
XP_068704788.1	GCF_036669935.1	NC_090869.1		58263959	58296337	+	32379	ass	17	28439	
XP_068704788.1	GCF_036669935.1	NC_090869.1		58263959	58296337	+	32379	ass	18	29289	
XP_068704788.1	GCF_036669935.1	NC_090869.1		58263959	58296337	+	32379	ass	19	30395	
XP_068704788.1	GCF_036669935.1	NC_090869.1		58263959	58296337	+	32379	ass	20	32094	
XP_032228503.2	GCF_932526225.1	NC_064040.1		4734854	4730787	-	4068	dss	1	573	
XP_032228503.2	GCF_932526225.1	NC_064040.1		4734854	4730787	-	4068	dss	2	899	
XP_032228503.2	GCF_932526225.1	NC_064040.1		4734854	4730787	-	4068	dss	3	1361	
XP_032228503.2	GCF_932526225.1	NC_064040.1		4734854	4730787	-	4068	dss	4	1717	
XP_032228503.2	GCF_932526225.1	NC_064040.1		4734854	4730787	-	4068	dss	5	2189	
XP_032228503.2	GCF_932526225.1	NC_064040.1		4734854	4730787	-	4068	ass	1	794	
XP_032228503.2	GCF_932526225.1	NC_064040.1		4734854	4730787	-	4068	ass	2	1127	
XP_032228503.2	GCF_932526225.1	NC_064040.1		4734854	4730787	-	4068	ass	3	1629	
XP_032228503.2	GCF_932526225.1	NC_064040.1		4734854	4730787	-	4068	ass	4	1944	
XP_032228503.2	GCF_932526225.1	NC_064040.1		4734854	4730787	-	4068	ass	5	2423	
XP_032230483.2	GCF_932526225.1	NC_064042.1		9532184	9536295	+	4112	dss	1	436	
XP_032230483.2	GCF_932526225.1	NC_064042.1		9532184	9536295	+	4112	dss	2	1430	
XP_032230483.2	GCF_932526225.1	NC_064042.1		9532184	9536295	+	4112	dss	3	1713	
XP_032230483.2	GCF_932526225.1	NC_064042.1		9532184	9536295	+	4112	dss	4	2521	
XP_032230483.2	GCF_932526225.1	NC_064042.1		9532184	9536295	+	4112	ass	1	1292	
XP_032230483.2	GCF_932526225.1	NC_064042.1		9532184	9536295	+	4112	ass	2	1611	
XP_032230483.2	GCF_932526225.1	NC_064042.1		9532184	9536295	+	4112	ass	3	2237	
XP_032230483.2	GCF_932526225.1	NC_064042.1		9532184	9536295	+	4112	ass	4	3213	
XP_048580668.1	GCF_932526225.1	NC_064036.1		6833170	6824744	-	8427	dss	1	1499	
XP_048580668.1	GCF_932526225.1	NC_064036.1		6833170	6824744	-	8427	dss	2	2565	
XP_048580668.1	GCF_932526225.1	NC_064036.1		6833170	6824744	-	8427	dss	3	3047	
XP_048580668.1	GCF_932526225.1	NC_064036.1		6833170	6824744	-	8427	dss	4	3282	
XP_048580668.1	GCF_932526225.1	NC_064036.1		6833170	6824744	-	8427	dss	5	3818	
XP_048580668.1	GCF_932526225.1	NC_064036.1		6833170	6824744	-	8427	dss	6	5560	
XP_048580668.1	GCF_932526225.1	NC_064036.1		6833170	6824744	-	8427	dss	7	6225	
XP_048580668.1	GCF_932526225.1	NC_064036.1		6833170	6824744	-	8427	dss	8	6734	
XP_048580668.1	GCF_932526225.1	NC_064036.1		6833170	6824744	-	8427	dss	9	7084	
XP_048580668.1	GCF_932526225.1	NC_064036.1		6833170	6824744	-	8427	ass	1	2531	
XP_048580668.1	GCF_932526225.1	NC_064036.1		6833170	6824744	-	8427	ass	2	2949	
XP_048580668.1	GCF_932526225.1	NC_064036.1		6833170	6824744	-	8427	ass	3	3128	
XP_048580668.1	GCF_932526225.1	NC_064036.1		6833170	6824744	-	8427	ass	4	3604	
XP_048580668.1	GCF_932526225.1	NC_064036.1		6833170	6824744	-	8427	ass	5	5402	
XP_048580668.1	GCF_932526225.1	NC_064036.1		6833170	6824744	-	8427	ass	6	6121	
XP_048580668.1	GCF_932526225.1	NC_064036.1		6833170	6824744	-	8427	ass	7	6637	
XP_048580668.1	GCF_932526225.1	NC_064036.1		6833170	6824744	-	8427	ass	8	6943	
XP_048580668.1	GCF_932526225.1	NC_064036.1		6833170	6824744	-	8427	ass	9	7383	
XP_048580669.1	GCF_932526225.1	NC_064036.1		6833071	6824744	-	8328	dss	1	1400	
XP_048580669.1	GCF_932526225.1	NC_064036.1		6833071	6824744	-	8328	dss	2	2466	
XP_048580669.1	GCF_932526225.1	NC_064036.1		6833071	6824744	-	8328	dss	3	2948	
XP_048580669.1	GCF_932526225.1	NC_064036.1		6833071	6824744	-	8328	dss	4	3183	
XP_048580669.1	GCF_932526225.1	NC_064036.1		6833071	6824744	-	8328	dss	5	3719	
XP_048580669.1	GCF_932526225.1	NC_064036.1		6833071	6824744	-	8328	dss	6	5461	
XP_048580669.1	GCF_932526225.1	NC_064036.1		6833071	6824744	-	8328	dss	7	6126	
XP_048580669.1	GCF_932526225.1	NC_064036.1		6833071	6824744	-	8328	dss	8	6635	
XP_048580669.1	GCF_932526225.1	NC_064036.1		6833071	6824744	-	8328	dss	9	6985	
XP_048580669.1	GCF_932526225.1	NC_064036.1		6833071	6824744	-	8328	ass	1	2432	
XP_048580669.1	GCF_932526225.1	NC_064036.1		6833071	6824744	-	8328	ass	2	2850	
XP_048580669.1	GCF_932526225.1	NC_064036.1		6833071	6824744	-	8328	ass	3	3029	
XP_048580669.1	GCF_932526225.1	NC_064036.1		6833071	6824744	-	8328	ass	4	3505	
XP_048580669.1	GCF_932526225.1	NC_064036.1		6833071	6824744	-	8328	ass	5	5303	
XP_048580669.1	GCF_932526225.1	NC_064036.1		6833071	6824744	-	8328	ass	6	6022	
XP_048580669.1	GCF_932526225.1	NC_064036.1		6833071	6824744	-	8328	ass	7	6538	
XP_048580669.1	GCF_932526225.1	NC_064036.1		6833071	6824744	-	8328	ass	8	6844	
XP_048580669.1	GCF_932526225.1	NC_064036.1		6833071	6824744	-	8328	ass	9	7284	
XP_073234456.1	GCF_958299795.1	NC_133202.1		39484029	39463555	-	20475	dss	1	2150	
XP_073234456.1	GCF_958299795.1	NC_133202.1		39484029	39463555	-	20475	dss	2	3659	
XP_073234456.1	GCF_958299795.1	NC_133202.1		39484029	39463555	-	20475	dss	3	4150	
XP_073234456.1	GCF_958299795.1	NC_133202.1		39484029	39463555	-	20475	dss	4	6288	
XP_073234456.1	GCF_958299795.1	NC_133202.1		39484029	39463555	-	20475	dss	5	9120	
XP_073234456.1	GCF_958299795.1	NC_133202.1		39484029	39463555	-	20475	dss	6	9524	
XP_073234456.1	GCF_958299795.1	NC_133202.1		39484029	39463555	-	20475	dss	7	9961	
XP_073234456.1	GCF_958299795.1	NC_133202.1		39484029	39463555	-	20475	dss	8	10880	
XP_073234456.1	GCF_958299795.1	NC_133202.1		39484029	39463555	-	20475	dss	9	12056	
XP_073234456.1	GCF_958299795.1	NC_133202.1		39484029	39463555	-	20475	dss	10	12758	
XP_073234456.1	GCF_958299795.1	NC_133202.1		39484029	39463555	-	20475	dss	11	13366	
XP_073234456.1	GCF_958299795.1	NC_133202.1		39484029	39463555	-	20475	dss	12	14081	
XP_073234456.1	GCF_958299795.1	NC_133202.1		39484029	39463555	-	20475	dss	13	15875	
XP_073234456.1	GCF_958299795.1	NC_133202.1		39484029	39463555	-	20475	dss	14	16327	
XP_073234456.1	GCF_958299795.1	NC_133202.1		39484029	39463555	-	20475	dss	15	16801	
XP_073234456.1	GCF_958299795.1	NC_133202.1		39484029	39463555	-	20475	dss	16	17463	
XP_073234456.1	GCF_958299795.1	NC_133202.1		39484029	39463555	-	20475	dss	17	17909	
XP_073234456.1	GCF_958299795.1	NC_133202.1		39484029	39463555	-	20475	dss	18	18311	
XP_073234456.1	GCF_958299795.1	NC_133202.1		39484029	39463555	-	20475	dss	19	18687	
XP_073234456.1	GCF_958299795.1	NC_133202.1		39484029	39463555	-	20475	dss	20	19456	
XP_073234456.1	GCF_958299795.1	NC_133202.1		39484029	39463555	-	20475	ass	1	3625	
XP_073234456.1	GCF_958299795.1	NC_133202.1		39484029	39463555	-	20475	ass	2	3900	
XP_073234456.1	GCF_958299795.1	NC_133202.1		39484029	39463555	-	20475	ass	3	6074	
XP_073234456.1	GCF_958299795.1	NC_133202.1		39484029	39463555	-	20475	ass	4	8962	
XP_073234456.1	GCF_958299795.1	NC_133202.1		39484029	39463555	-	20475	ass	5	9420	
XP_073234456.1	GCF_958299795.1	NC_133202.1		39484029	39463555	-	20475	ass	6	9864	
XP_073234456.1	GCF_958299795.1	NC_133202.1		39484029	39463555	-	20475	ass	7	10742	
XP_073234456.1	GCF_958299795.1	NC_133202.1		39484029	39463555	-	20475	ass	8	11877	
XP_073234456.1	GCF_958299795.1	NC_133202.1		39484029	39463555	-	20475	ass	9	12669	
XP_073234456.1	GCF_958299795.1	NC_133202.1		39484029	39463555	-	20475	ass	10	13225	
XP_073234456.1	GCF_958299795.1	NC_133202.1		39484029	39463555	-	20475	ass	11	13970	
XP_073234456.1	GCF_958299795.1	NC_133202.1		39484029	39463555	-	20475	ass	12	15674	
XP_073234456.1	GCF_958299795.1	NC_133202.1		39484029	39463555	-	20475	ass	13	16239	
XP_073234456.1	GCF_958299795.1	NC_133202.1		39484029	39463555	-	20475	ass	14	16721	
XP_073234456.1	GCF_958299795.1	NC_133202.1		39484029	39463555	-	20475	ass	15	17296	
XP_073234456.1	GCF_958299795.1	NC_133202.1		39484029	39463555	-	20475	ass	16	17858	
XP_073234456.1	GCF_958299795.1	NC_133202.1		39484029	39463555	-	20475	ass	17	18273	
XP_073234456.1	GCF_958299795.1	NC_133202.1		39484029	39463555	-	20475	ass	18	18518	
XP_073234456.1	GCF_958299795.1	NC_133202.1		39484029	39463555	-	20475	ass	19	19312	
XP_073234456.1	GCF_958299795.1	NC_133202.1		39484029	39463555	-	20475	ass	20	19943	
XP_073248332.1	GCF_958299795.1	NC_133207.1		7294976	7290807	-	4170	dss	1	551	
XP_073248332.1	GCF_958299795.1	NC_133207.1		7294976	7290807	-	4170	dss	2	1191	
XP_073248332.1	GCF_958299795.1	NC_133207.1		7294976	7290807	-	4170	dss	3	1617	
XP_073248332.1	GCF_958299795.1	NC_133207.1		7294976	7290807	-	4170	dss	4	2386	
XP_073248332.1	GCF_958299795.1	NC_133207.1		7294976	7290807	-	4170	dss	5	3309	
XP_073248332.1	GCF_958299795.1	NC_133207.1		7294976	7290807	-	4170	ass	1	1086	
XP_073248332.1	GCF_958299795.1	NC_133207.1		7294976	7290807	-	4170	ass	2	1383	
XP_073248332.1	GCF_958299795.1	NC_133207.1		7294976	7290807	-	4170	ass	3	2298	
XP_073248332.1	GCF_958299795.1	NC_133207.1		7294976	7290807	-	4170	ass	4	3008	
XP_073248332.1	GCF_958299795.1	NC_133207.1		7294976	7290807	-	4170	ass	5	3773	
XP_073248334.1	GCF_958299795.1	NC_133207.1		7294976	7290807	-	4170	dss	1	551	
XP_073248334.1	GCF_958299795.1	NC_133207.1		7294976	7290807	-	4170	dss	2	1191	
XP_073248334.1	GCF_958299795.1	NC_133207.1		7294976	7290807	-	4170	dss	3	1617	
XP_073248334.1	GCF_958299795.1	NC_133207.1		7294976	7290807	-	4170	dss	4	2386	
XP_073248334.1	GCF_958299795.1	NC_133207.1		7294976	7290807	-	4170	dss	5	3256	
XP_073248334.1	GCF_958299795.1	NC_133207.1		7294976	7290807	-	4170	ass	1	1086	
XP_073248334.1	GCF_958299795.1	NC_133207.1		7294976	7290807	-	4170	ass	2	1383	
XP_073248334.1	GCF_958299795.1	NC_133207.1		7294976	7290807	-	4170	ass	3	2298	
XP_073248334.1	GCF_958299795.1	NC_133207.1		7294976	7290807	-	4170	ass	4	3008	
XP_073248334.1	GCF_958299795.1	NC_133207.1		7294976	7290807	-	4170	ass	5	3773	
XP_073256375.1	GCF_958299795.1	NC_133210.1		31377489	31370470	-	7020	dss	1	606	
XP_073256375.1	GCF_958299795.1	NC_133210.1		31377489	31370470	-	7020	dss	2	2455	
XP_073256375.1	GCF_958299795.1	NC_133210.1		31377489	31370470	-	7020	dss	3	3856	
XP_073256375.1	GCF_958299795.1	NC_133210.1		31377489	31370470	-	7020	dss	4	4717	
XP_073256375.1	GCF_958299795.1	NC_133210.1		31377489	31370470	-	7020	ass	1	2323	
XP_073256375.1	GCF_958299795.1	NC_133210.1		31377489	31370470	-	7020	ass	2	3466	
XP_073256375.1	GCF_958299795.1	NC_133210.1		31377489	31370470	-	7020	ass	3	4502	
XP_073256375.1	GCF_958299795.1	NC_133210.1		31377489	31370470	-	7020	ass	4	5233	
XP_073256376.1	GCF_958299795.1	NC_133210.1		31358030	31349945	-	8086	dss	1	182	
XP_073256376.1	GCF_958299795.1	NC_133210.1		31358030	31349945	-	8086	dss	2	766	
XP_073256376.1	GCF_958299795.1	NC_133210.1		31358030	31349945	-	8086	dss	3	3022	
XP_073256376.1	GCF_958299795.1	NC_133210.1		31358030	31349945	-	8086	dss	4	3774	
XP_073256376.1	GCF_958299795.1	NC_133210.1		31358030	31349945	-	8086	dss	5	4758	
XP_073256376.1	GCF_958299795.1	NC_133210.1		31358030	31349945	-	8086	dss	6	5594	
XP_073256376.1	GCF_958299795.1	NC_133210.1		31358030	31349945	-	8086	ass	1	310	
XP_073256376.1	GCF_958299795.1	NC_133210.1		31358030	31349945	-	8086	ass	2	2920	
XP_073256376.1	GCF_958299795.1	NC_133210.1		31358030	31349945	-	8086	ass	3	3564	
XP_073256376.1	GCF_958299795.1	NC_133210.1		31358030	31349945	-	8086	ass	4	4670	
XP_073256376.1	GCF_958299795.1	NC_133210.1		31358030	31349945	-	8086	ass	5	5349	
XP_073256376.1	GCF_958299795.1	NC_133210.1		31358030	31349945	-	8086	ass	6	7474	
