detection_type	detection_method	batch	query_accession	query_database	query_type	target_accession	target_database	target_type	target_model	query_start	query_end	target_start	target_end	evalue	bitscore	bitscore_threshold	custom_metric_name	custom_metric_value
model	hmm	20260917_b5424051	MPSW01003764.1	GCA_001896105.1	contig	MPSW01003764.1_p105-like_cnidaria_566e8a75	GCA_001896105.1	protein	p105-like_cnidaria	2957	3079	1	41	1.7e-19	64.5			
model	hmm	20260917_b5424051	MPSW01003764.1	GCA_001896105.1	contig	MPSW01003764.1_p105-like_cnidaria_566e8a75	GCA_001896105.1	protein	p105-like_cnidaria	3513	3545	42	52	0.00059	13.0			
model	hmm	20260917_b5424051	MPSW01003764.1	GCA_001896105.1	contig	MPSW01003764.1_p105-like_cnidaria_566e8a75	GCA_001896105.1	protein	p105-like_cnidaria	4060	4311	53	136	1e-58	194.2			
model	hmm	20260917_b5424051	MPSW01003764.1	GCA_001896105.1	contig	MPSW01003764.1_p105-like_cnidaria_566e8a75	GCA_001896105.1	protein	p105-like_cnidaria	4920	5135	137	209	4.7e-27	89.5			
model	hmm	20260917_b5424051	MPSW01003764.1	GCA_001896105.1	contig	MPSW01003764.1_p105-like_cnidaria_566e8a75	GCA_001896105.1	protein	p105-like_cnidaria	5703	5858	210	261	1.8e-31	104.1			
model	hmm	20260917_b5424051	MPSW01003764.1	GCA_001896105.1	contig	MPSW01003764.1_p105-like_cnidaria_566e8a75	GCA_001896105.1	protein	p105-like_cnidaria	12391	12495	262	296	2.8e-22	73.7			
model	hmm	20260917_b5424051	MPSW01003764.1	GCA_001896105.1	contig	MPSW01003764.1_p105-like_cnidaria_566e8a75	GCA_001896105.1	protein	p105-like_cnidaria	12596	12694	297	329	3.1e-13	43.7			
model	hmm	20260917_b5424051	MPSW01003764.1	GCA_001896105.1	contig	MPSW01003764.1_p105-like_cnidaria_566e8a75	GCA_001896105.1	protein	p105-like_cnidaria	13401	13538	330	375	2.4e-28	93.8			
model	hmm	20260917_b5424051	MPSW01003764.1	GCA_001896105.1	contig	MPSW01003764.1_p105-like_cnidaria_566e8a75	GCA_001896105.1	protein	p105-like_cnidaria	16351	16431	438	464	0.0065	9.6			
model	hmm	20260917_b5424051	MPSW01003764.1	GCA_001896105.1	contig	MPSW01003764.1_p105-like_cnidaria_566e8a75	GCA_001896105.1	protein	p105-like_cnidaria	16862	17008	466	514	8.3e-23	75.4			
model	hmm	20260917_b5424051	MPSW01003764.1	GCA_001896105.1	contig	MPSW01003764.1_p105-like_cnidaria_566e8a75	GCA_001896105.1	protein	p105-like_cnidaria	18536	18643	515	550	1.1e-18	61.8			
model	hmm	20260917_b5424051	MPSW01003764.1	GCA_001896105.1	contig	MPSW01003764.1_p105-like_cnidaria_566e8a75	GCA_001896105.1	protein	p105-like_cnidaria	19018	19221	551	618	2.2e-39	130.3			
model	hmm	20260917_b5424051	MPSW01003764.1	GCA_001896105.1	contig	MPSW01003764.1_p105-like_cnidaria_566e8a75	GCA_001896105.1	protein	p105-like_cnidaria	19822	19911	619	648	7e-14	45.9			
model	hmm	20260917_b5424051	MPSW01003764.1	GCA_001896105.1	contig	MPSW01003764.1_p105-like_cnidaria_566e8a75	GCA_001896105.1	protein	p105-like_cnidaria	20275	20352	649	674	4.4e-11	36.6			
model	hmm	20260917_b5424051	MPSW01003764.1	GCA_001896105.1	contig	MPSW01003764.1_p105-like_cnidaria_566e8a75	GCA_001896105.1	protein	p105-like_cnidaria	20413	20616	751	818	3.6e-25	83.3			
model	hmm	20260917_b5424051	MPSW01003764.1	GCA_001896105.1	contig	MPSW01003764.1_p105-like_cnidaria_566e8a75	GCA_001896105.1	protein	p105-like_cnidaria	20846	21004	819	866	1.8e-17	57.8			
model	hmm	20260917_b5424051	MPSW01003764.1	GCA_001896105.1	contig	MPSW01003764.1_p105-like_cnidaria_566e8a75	GCA_001896105.1	protein	p105-like_cnidaria	21833	21964	867	910	3.1e-09	30.5			
model	hmm	20260917_b5424051	MPSW01000736.1	GCA_001896105.1	contig	MPSW01000736.1_p105-like_cnidaria_09ee70cc	GCA_001896105.1	protein	p105-like_cnidaria	52824	53213	515	648	3.5e-27	91.3			
model	hmm	20260917_b5424051	MPSW01000736.1	GCA_001896105.1	contig	MPSW01000736.1_p105-like_cnidaria_09ee70cc	GCA_001896105.1	protein	p105-like_cnidaria	77130	77354	649	724	1.4e-12	43.1			
model	hmm	20260917_b5424051	MPSW01000736.1	GCA_001896105.1	contig	MPSW01000736.1_IkB-like-1_cnidaria_3ae602e1	GCA_001896105.1	protein	IkB-like-1_cnidaria	50352	50840	1	163	5.8e-29	98.3			
model	hmm	20260917_b5424051	MPSW01000736.1	GCA_001896105.1	contig	MPSW01000736.1_IkB-like-1_cnidaria_3ae602e1	GCA_001896105.1	protein	IkB-like-1_cnidaria	52824	53213	218	347	8.1e-81	269.3			
model	hmm	20260917_b5424051	MPSW01000736.1	GCA_001896105.1	contig	MPSW01000736.1_IkB-like-1_cnidaria_3ae602e1	GCA_001896105.1	protein	IkB-like-1_cnidaria	53325	53540	348	419	7.1e-33	111.3			
model	hmm	20260917_b5424051	MPSW01000736.1	GCA_001896105.1	contig	MPSW01000736.1_IkB-like-1_cnidaria_ebcfe0bf	GCA_001896105.1	protein	IkB-like-1_cnidaria	74864	74959	219	250	2.2e-08	30.5			
model	hmm	20260917_b5424051	MPSW01000736.1	GCA_001896105.1	contig	MPSW01000736.1_IkB-like-1_cnidaria_ebcfe0bf	GCA_001896105.1	protein	IkB-like-1_cnidaria	75141	75356	251	318	1.9e-28	96.7			
model	hmm	20260917_b5424051	MPSW01000736.1	GCA_001896105.1	contig	MPSW01000736.1_IkB-like-1_cnidaria_ebcfe0bf	GCA_001896105.1	protein	IkB-like-1_cnidaria	77130	77330	348	414	4.8e-19	65.7			
model	hmm	20260917_b5424051	MPSW01000736.1	GCA_001896105.1	contig	MPSW01000736.1_IkB-like-2_cnidaria_bd81bf55	GCA_001896105.1	protein	IkB-like-2_cnidaria	52827	53213	153	286	4.5e-44	148.0			
model	hmm	20260917_b5424051	MPSW01000736.1	GCA_001896105.1	contig	MPSW01000736.1_IkB-like-2_cnidaria_bd81bf55	GCA_001896105.1	protein	IkB-like-2_cnidaria	77130	77381	287	370	8.9e-51	170.1			
model	hmm	20260917_b5424051	MPSW01000736.1	GCA_001896105.1	contig	MPSW01000736.1_IkB-like-2_cnidaria_21607528	GCA_001896105.1	protein	IkB-like-2_cnidaria	72827	73258	4	151	8.9e-15	51.6			
model	hmm	20260917_b5424051	MPSW01000736.1	GCA_001896105.1	contig	MPSW01000736.1_IkB-like-2_cnidaria_21607528	GCA_001896105.1	protein	IkB-like-2_cnidaria	74861	74959	152	184	7.4e-16	55.1			
model	hmm	20260917_b5424051	MPSW01000736.1	GCA_001896105.1	contig	MPSW01000736.1_IkB-like-2_cnidaria_21607528	GCA_001896105.1	protein	IkB-like-2_cnidaria	75141	75353	185	256	4.9e-42	141.3			
model	hmm	20260917_b5424051	MPSW01000736.1	GCA_001896105.1	contig	MPSW01000736.1_IkB-like-2_cnidaria_21607528	GCA_001896105.1	protein	IkB-like-2_cnidaria	76212	76301	257	286	6.2e-12	42.2			
model	hmm	20260917_b5424051	MPSW01000736.1	GCA_001896105.1	contig	MPSW01000736.1_IkB-like-2_cnidaria_21607528	GCA_001896105.1	protein	IkB-like-2_cnidaria	77130	77381	287	370	8.9e-51	170.1			
model	hmm	20260917_b5424051	MPSW01000736.1	GCA_001896105.1	contig	MPSW01000736.1_IkB-like-2_cnidaria_2fe987a0	GCA_001896105.1	protein	IkB-like-2_cnidaria	72830	73258	5	151	1.5e-14	50.5			
model	hmm	20260917_b5424051	MPSW01000736.1	GCA_001896105.1	contig	MPSW01000736.1_IkB-like-2_cnidaria_2fe987a0	GCA_001896105.1	protein	IkB-like-2_cnidaria	74861	74959	152	184	5.8e-16	55.1			
model	hmm	20260917_b5424051	MPSW01000736.1	GCA_001896105.1	contig	MPSW01000736.1_IkB-like-2_cnidaria_2fe987a0	GCA_001896105.1	protein	IkB-like-2_cnidaria	75141	75353	185	256	3.8e-42	141.3			
model	hmm	20260917_b5424051	MPSW01000736.1	GCA_001896105.1	contig	MPSW01000736.1_IkB-like-2_cnidaria_2fe987a0	GCA_001896105.1	protein	IkB-like-2_cnidaria	76212	76301	257	286	4.9e-12	42.2			
model	hmm	20260917_b5424051	MPSW01000736.1	GCA_001896105.1	contig	MPSW01000736.1_IkB-like-2_cnidaria_2fe987a0	GCA_001896105.1	protein	IkB-like-2_cnidaria	77130	77381	287	370	7e-51	170.1			
model	hmm	20260917_b5424051	MPSW01005782.1	GCA_001896105.1	contig	MPSW01005782.1_IkBa-like_cnidaria_ad08a3a6	GCA_001896105.1	protein	IkBa-like_cnidaria	20228	19833	2	136	8.4e-49	162.1			
model	hmm	20260917_b5424051	MPSW01005782.1	GCA_001896105.1	contig	MPSW01005782.1_IkBa-like_cnidaria_ad08a3a6	GCA_001896105.1	protein	IkBa-like_cnidaria	19281	19153	137	171	2.9e-17	58.3			
model	hmm	20260917_b5424051	MPSW01005782.1	GCA_001896105.1	contig	MPSW01005782.1_IkBa-like_cnidaria_ad08a3a6	GCA_001896105.1	protein	IkBa-like_cnidaria	18991	18740	172	249	8.4e-46	152.2			
model	hmm	20260917_b5424051	MPSW01005782.1	GCA_001896105.1	contig	MPSW01005782.1_IkBa-like_cnidaria_ad08a3a6	GCA_001896105.1	protein	IkBa-like_cnidaria	18136	18032	250	278	3.7e-13	44.8			
model	hmm	20260917_b5424051	MPSW01005782.1	GCA_001896105.1	contig	MPSW01005782.1_IkBa-like_cnidaria_ad08a3a6	GCA_001896105.1	protein	IkBa-like_cnidaria	17645	17349	279	373	1.9e-44	147.7			
model	hmm	20260917_b5424051	MPSW01000736.1	GCA_001896105.1	contig	MPSW01000736.1_IkBa-like_cnidaria_2f0611d9	GCA_001896105.1	protein	IkBa-like_cnidaria	52824	53210	137	278	1.6e-40	136.1			
model	hmm	20260917_b5424051	MPSW01000736.1	GCA_001896105.1	contig	MPSW01000736.1_IkBa-like_cnidaria_2f0611d9	GCA_001896105.1	protein	IkBa-like_cnidaria	77130	77387	280	366	3.6e-22	75.7			
model	hmm	20260917_b5424051	MPSW01000736.1	GCA_001896105.1	contig	MPSW01000736.1_IkBa-like_cnidaria_b146e8a9	GCA_001896105.1	protein	IkBa-like_cnidaria	74864	74959	138	170	0.0012	14.8			
model	hmm	20260917_b5424051	MPSW01000736.1	GCA_001896105.1	contig	MPSW01000736.1_IkBa-like_cnidaria_b146e8a9	GCA_001896105.1	protein	IkBa-like_cnidaria	75141	75320	171	230	6.8e-25	84.6			
model	hmm	20260917_b5424051	MPSW01000736.1	GCA_001896105.1	contig	MPSW01000736.1_IkBa-like_cnidaria_b146e8a9	GCA_001896105.1	protein	IkBa-like_cnidaria	76212	76301	250	279	0.0024	13.7			
model	hmm	20260917_b5424051	MPSW01000736.1	GCA_001896105.1	contig	MPSW01000736.1_IkBa-like_cnidaria_b146e8a9	GCA_001896105.1	protein	IkBa-like_cnidaria	77130	77387	280	366	3.6e-22	75.7			
model	hmm	20260917_b5424051	MPSW01003764.1	GCA_001896105.1	contig	MPSW01003764.1_p105-like_cnidaria_566e8a75	GCA_001896105.1	protein	p105-like_cnidaria	2957	3079	1	41	1.7e-19	64.5			
model	hmm	20260917_b5424051	MPSW01003764.1	GCA_001896105.1	contig	MPSW01003764.1_p105-like_cnidaria_566e8a75	GCA_001896105.1	protein	p105-like_cnidaria	3513	3545	42	52	0.00059	13.0			
model	hmm	20260917_b5424051	MPSW01003764.1	GCA_001896105.1	contig	MPSW01003764.1_p105-like_cnidaria_566e8a75	GCA_001896105.1	protein	p105-like_cnidaria	4060	4311	53	136	1e-58	194.2			
model	hmm	20260917_b5424051	MPSW01003764.1	GCA_001896105.1	contig	MPSW01003764.1_p105-like_cnidaria_566e8a75	GCA_001896105.1	protein	p105-like_cnidaria	4920	5135	137	209	4.7e-27	89.5			
model	hmm	20260917_b5424051	MPSW01003764.1	GCA_001896105.1	contig	MPSW01003764.1_p105-like_cnidaria_566e8a75	GCA_001896105.1	protein	p105-like_cnidaria	5703	5858	210	261	1.8e-31	104.1			
model	hmm	20260917_b5424051	MPSW01003764.1	GCA_001896105.1	contig	MPSW01003764.1_p105-like_cnidaria_566e8a75	GCA_001896105.1	protein	p105-like_cnidaria	12391	12495	262	296	2.8e-22	73.7			
model	hmm	20260917_b5424051	MPSW01003764.1	GCA_001896105.1	contig	MPSW01003764.1_p105-like_cnidaria_566e8a75	GCA_001896105.1	protein	p105-like_cnidaria	12596	12694	297	329	3.1e-13	43.7			
model	hmm	20260917_b5424051	MPSW01003764.1	GCA_001896105.1	contig	MPSW01003764.1_p105-like_cnidaria_566e8a75	GCA_001896105.1	protein	p105-like_cnidaria	13401	13538	330	375	2.4e-28	93.8			
model	hmm	20260917_b5424051	MPSW01003764.1	GCA_001896105.1	contig	MPSW01003764.1_p105-like_cnidaria_566e8a75	GCA_001896105.1	protein	p105-like_cnidaria	16351	16431	438	464	0.0065	9.6			
model	hmm	20260917_b5424051	MPSW01003764.1	GCA_001896105.1	contig	MPSW01003764.1_p105-like_cnidaria_566e8a75	GCA_001896105.1	protein	p105-like_cnidaria	16862	17008	466	514	8.3e-23	75.4			
model	hmm	20260917_b5424051	MPSW01003764.1	GCA_001896105.1	contig	MPSW01003764.1_p105-like_cnidaria_566e8a75	GCA_001896105.1	protein	p105-like_cnidaria	18536	18643	515	550	1.1e-18	61.8			
model	hmm	20260917_b5424051	MPSW01003764.1	GCA_001896105.1	contig	MPSW01003764.1_p105-like_cnidaria_566e8a75	GCA_001896105.1	protein	p105-like_cnidaria	19018	19221	551	618	2.2e-39	130.3			
model	hmm	20260917_b5424051	MPSW01003764.1	GCA_001896105.1	contig	MPSW01003764.1_p105-like_cnidaria_566e8a75	GCA_001896105.1	protein	p105-like_cnidaria	19822	19911	619	648	7e-14	45.9			
model	hmm	20260917_b5424051	MPSW01003764.1	GCA_001896105.1	contig	MPSW01003764.1_p105-like_cnidaria_566e8a75	GCA_001896105.1	protein	p105-like_cnidaria	20275	20352	649	674	4.4e-11	36.6			
model	hmm	20260917_b5424051	MPSW01003764.1	GCA_001896105.1	contig	MPSW01003764.1_p105-like_cnidaria_566e8a75	GCA_001896105.1	protein	p105-like_cnidaria	20413	20616	751	818	3.6e-25	83.3			
model	hmm	20260917_b5424051	MPSW01003764.1	GCA_001896105.1	contig	MPSW01003764.1_p105-like_cnidaria_566e8a75	GCA_001896105.1	protein	p105-like_cnidaria	20846	21004	819	866	1.8e-17	57.8			
model	hmm	20260917_b5424051	MPSW01003764.1	GCA_001896105.1	contig	MPSW01003764.1_p105-like_cnidaria_566e8a75	GCA_001896105.1	protein	p105-like_cnidaria	21833	21964	867	910	3.1e-09	30.5			
model	hmm	20260917_b5424051	MPSW01000736.1	GCA_001896105.1	contig	MPSW01000736.1_p105-like_cnidaria_09ee70cc	GCA_001896105.1	protein	p105-like_cnidaria	52824	53213	515	648	3.5e-27	91.3			
model	hmm	20260917_b5424051	MPSW01000736.1	GCA_001896105.1	contig	MPSW01000736.1_p105-like_cnidaria_09ee70cc	GCA_001896105.1	protein	p105-like_cnidaria	77130	77354	649	724	1.4e-12	43.1			
model	hmm	20260917_b5424051	MPSW01000736.1	GCA_001896105.1	contig	MPSW01000736.1_IkB-like-1_cnidaria_3ae602e1	GCA_001896105.1	protein	IkB-like-1_cnidaria	50352	50840	1	163	5.8e-29	98.3			
model	hmm	20260917_b5424051	MPSW01000736.1	GCA_001896105.1	contig	MPSW01000736.1_IkB-like-1_cnidaria_3ae602e1	GCA_001896105.1	protein	IkB-like-1_cnidaria	52824	53213	218	347	8.1e-81	269.3			
model	hmm	20260917_b5424051	MPSW01000736.1	GCA_001896105.1	contig	MPSW01000736.1_IkB-like-1_cnidaria_3ae602e1	GCA_001896105.1	protein	IkB-like-1_cnidaria	53325	53540	348	419	7.1e-33	111.3			
model	hmm	20260917_b5424051	MPSW01000736.1	GCA_001896105.1	contig	MPSW01000736.1_IkB-like-1_cnidaria_ebcfe0bf	GCA_001896105.1	protein	IkB-like-1_cnidaria	74864	74959	219	250	2.2e-08	30.5			
model	hmm	20260917_b5424051	MPSW01000736.1	GCA_001896105.1	contig	MPSW01000736.1_IkB-like-1_cnidaria_ebcfe0bf	GCA_001896105.1	protein	IkB-like-1_cnidaria	75141	75356	251	318	1.9e-28	96.7			
model	hmm	20260917_b5424051	MPSW01000736.1	GCA_001896105.1	contig	MPSW01000736.1_IkB-like-1_cnidaria_ebcfe0bf	GCA_001896105.1	protein	IkB-like-1_cnidaria	77130	77330	348	414	4.8e-19	65.7			
model	hmm	20260917_b5424051	MPSW01000736.1	GCA_001896105.1	contig	MPSW01000736.1_IkB-like-2_cnidaria_bd81bf55	GCA_001896105.1	protein	IkB-like-2_cnidaria	52827	53213	153	286	4.5e-44	148.0			
model	hmm	20260917_b5424051	MPSW01000736.1	GCA_001896105.1	contig	MPSW01000736.1_IkB-like-2_cnidaria_bd81bf55	GCA_001896105.1	protein	IkB-like-2_cnidaria	77130	77381	287	370	8.9e-51	170.1			
model	hmm	20260917_b5424051	MPSW01000736.1	GCA_001896105.1	contig	MPSW01000736.1_IkB-like-2_cnidaria_21607528	GCA_001896105.1	protein	IkB-like-2_cnidaria	72827	73258	4	151	8.9e-15	51.6			
model	hmm	20260917_b5424051	MPSW01000736.1	GCA_001896105.1	contig	MPSW01000736.1_IkB-like-2_cnidaria_21607528	GCA_001896105.1	protein	IkB-like-2_cnidaria	74861	74959	152	184	7.4e-16	55.1			
model	hmm	20260917_b5424051	MPSW01000736.1	GCA_001896105.1	contig	MPSW01000736.1_IkB-like-2_cnidaria_21607528	GCA_001896105.1	protein	IkB-like-2_cnidaria	75141	75353	185	256	4.9e-42	141.3			
model	hmm	20260917_b5424051	MPSW01000736.1	GCA_001896105.1	contig	MPSW01000736.1_IkB-like-2_cnidaria_21607528	GCA_001896105.1	protein	IkB-like-2_cnidaria	76212	76301	257	286	6.2e-12	42.2			
model	hmm	20260917_b5424051	MPSW01000736.1	GCA_001896105.1	contig	MPSW01000736.1_IkB-like-2_cnidaria_21607528	GCA_001896105.1	protein	IkB-like-2_cnidaria	77130	77381	287	370	8.9e-51	170.1			
model	hmm	20260917_b5424051	MPSW01000736.1	GCA_001896105.1	contig	MPSW01000736.1_IkB-like-2_cnidaria_2fe987a0	GCA_001896105.1	protein	IkB-like-2_cnidaria	72830	73258	5	151	1.5e-14	50.5			
model	hmm	20260917_b5424051	MPSW01000736.1	GCA_001896105.1	contig	MPSW01000736.1_IkB-like-2_cnidaria_2fe987a0	GCA_001896105.1	protein	IkB-like-2_cnidaria	74861	74959	152	184	5.8e-16	55.1			
model	hmm	20260917_b5424051	MPSW01000736.1	GCA_001896105.1	contig	MPSW01000736.1_IkB-like-2_cnidaria_2fe987a0	GCA_001896105.1	protein	IkB-like-2_cnidaria	75141	75353	185	256	3.8e-42	141.3			
model	hmm	20260917_b5424051	MPSW01000736.1	GCA_001896105.1	contig	MPSW01000736.1_IkB-like-2_cnidaria_2fe987a0	GCA_001896105.1	protein	IkB-like-2_cnidaria	76212	76301	257	286	4.9e-12	42.2			
model	hmm	20260917_b5424051	MPSW01000736.1	GCA_001896105.1	contig	MPSW01000736.1_IkB-like-2_cnidaria_2fe987a0	GCA_001896105.1	protein	IkB-like-2_cnidaria	77130	77381	287	370	7e-51	170.1			
model	hmm	20260917_b5424051	MPSW01005782.1	GCA_001896105.1	contig	MPSW01005782.1_IkBa-like_cnidaria_ad08a3a6	GCA_001896105.1	protein	IkBa-like_cnidaria	20228	19833	2	136	8.4e-49	162.1			
model	hmm	20260917_b5424051	MPSW01005782.1	GCA_001896105.1	contig	MPSW01005782.1_IkBa-like_cnidaria_ad08a3a6	GCA_001896105.1	protein	IkBa-like_cnidaria	19281	19153	137	171	2.9e-17	58.3			
model	hmm	20260917_b5424051	MPSW01005782.1	GCA_001896105.1	contig	MPSW01005782.1_IkBa-like_cnidaria_ad08a3a6	GCA_001896105.1	protein	IkBa-like_cnidaria	18991	18740	172	249	8.4e-46	152.2			
model	hmm	20260917_b5424051	MPSW01005782.1	GCA_001896105.1	contig	MPSW01005782.1_IkBa-like_cnidaria_ad08a3a6	GCA_001896105.1	protein	IkBa-like_cnidaria	18136	18032	250	278	3.7e-13	44.8			
model	hmm	20260917_b5424051	MPSW01005782.1	GCA_001896105.1	contig	MPSW01005782.1_IkBa-like_cnidaria_ad08a3a6	GCA_001896105.1	protein	IkBa-like_cnidaria	17645	17349	279	373	1.9e-44	147.7			
model	hmm	20260917_b5424051	MPSW01000736.1	GCA_001896105.1	contig	MPSW01000736.1_IkBa-like_cnidaria_2f0611d9	GCA_001896105.1	protein	IkBa-like_cnidaria	52824	53210	137	278	1.6e-40	136.1			
model	hmm	20260917_b5424051	MPSW01000736.1	GCA_001896105.1	contig	MPSW01000736.1_IkBa-like_cnidaria_2f0611d9	GCA_001896105.1	protein	IkBa-like_cnidaria	77130	77387	280	366	3.6e-22	75.7			
model	hmm	20260917_b5424051	MPSW01000736.1	GCA_001896105.1	contig	MPSW01000736.1_IkBa-like_cnidaria_b146e8a9	GCA_001896105.1	protein	IkBa-like_cnidaria	74864	74959	138	170	0.0012	14.8			
model	hmm	20260917_b5424051	MPSW01000736.1	GCA_001896105.1	contig	MPSW01000736.1_IkBa-like_cnidaria_b146e8a9	GCA_001896105.1	protein	IkBa-like_cnidaria	75141	75320	171	230	6.8e-25	84.6			
model	hmm	20260917_b5424051	MPSW01000736.1	GCA_001896105.1	contig	MPSW01000736.1_IkBa-like_cnidaria_b146e8a9	GCA_001896105.1	protein	IkBa-like_cnidaria	76212	76301	250	279	0.0024	13.7			
model	hmm	20260917_b5424051	MPSW01000736.1	GCA_001896105.1	contig	MPSW01000736.1_IkBa-like_cnidaria_b146e8a9	GCA_001896105.1	protein	IkBa-like_cnidaria	77130	77387	280	366	3.6e-22	75.7			
model	hmm	20260917_b5424051	RDEB01000431.1	GCA_006542545.1	contig	RDEB01000431.1_p105-like_cnidaria_537607cb	GCA_006542545.1	protein	p105-like_cnidaria	182976	182830	1	41	1.6e-19	66.1			
model	hmm	20260917_b5424051	RDEB01000431.1	GCA_006542545.1	contig	RDEB01000431.1_p105-like_cnidaria_537607cb	GCA_006542545.1	protein	p105-like_cnidaria	182657	182622	42	53	0.01	10.5			
model	hmm	20260917_b5424051	RDEB01000431.1	GCA_006542545.1	contig	RDEB01000431.1_p105-like_cnidaria_537607cb	GCA_006542545.1	protein	p105-like_cnidaria	166661	166506	328	375	2.4e-28	95.3			
model	hmm	20260917_b5424051	RDEB01000431.1	GCA_006542545.1	contig	RDEB01000431.1_p105-like_cnidaria_537607cb	GCA_006542545.1	protein	p105-like_cnidaria	165988	165785	376	439	1.2e-24	83.1			
model	hmm	20260917_b5424051	RDEB01000431.1	GCA_006542545.1	contig	RDEB01000431.1_p105-like_cnidaria_537607cb	GCA_006542545.1	protein	p105-like_cnidaria	164813	164703	440	466	0.0011	13.6			
model	hmm	20260917_b5424051	RDEB01000431.1	GCA_006542545.1	contig	RDEB01000431.1_p105-like_cnidaria_537607cb	GCA_006542545.1	protein	p105-like_cnidaria	164437	164276	467	514	2e-23	79.0			
model	hmm	20260917_b5424051	RDEB01000431.1	GCA_006542545.1	contig	RDEB01000431.1_p105-like_cnidaria_537607cb	GCA_006542545.1	protein	p105-like_cnidaria	163642	163505	515	550	5.7e-19	64.3			
model	hmm	20260917_b5424051	RDEB01000431.1	GCA_006542545.1	contig	RDEB01000431.1_p105-like_cnidaria_537607cb	GCA_006542545.1	protein	p105-like_cnidaria	162568	162347	551	618	2.3e-39	131.8			
model	hmm	20260917_b5424051	RDEB01000431.1	GCA_006542545.1	contig	RDEB01000431.1_p105-like_cnidaria_537607cb	GCA_006542545.1	protein	p105-like_cnidaria	161426	161325	619	648	3.8e-13	45.0			
model	hmm	20260917_b5424051	RDEB01000431.1	GCA_006542545.1	contig	RDEB01000431.1_p105-like_cnidaria_537607cb	GCA_006542545.1	protein	p105-like_cnidaria	160476	160372	649	675	2.3e-12	42.4			
model	hmm	20260917_b5424051	RDEB01000431.1	GCA_006542545.1	contig	RDEB01000431.1_p105-like_cnidaria_537607cb	GCA_006542545.1	protein	p105-like_cnidaria	159290	159117	676	733	3.9e-30	101.2			
model	hmm	20260917_b5424051	RDEB01000431.1	GCA_006542545.1	contig	RDEB01000431.1_p105-like_cnidaria_537607cb	GCA_006542545.1	protein	p105-like_cnidaria	154222	154025	755	818	1.1e-22	76.5			
model	hmm	20260917_b5424051	RDEB01000431.1	GCA_006542545.1	contig	RDEB01000431.1_p105-like_cnidaria_537607cb	GCA_006542545.1	protein	p105-like_cnidaria	153096	152947	819	866	6.6e-21	70.7			
model	hmm	20260917_b5424051	RDEB01000431.1	GCA_006542545.1	contig	RDEB01000431.1_p105-like_cnidaria_537607cb	GCA_006542545.1	protein	p105-like_cnidaria	151589	151461	868	910	1.1e-07	26.9			
model	hmm	20260917_b5424051	RDEB01000431.1	GCA_006542545.1	contig	RDEB01000431.1_p105-like_cnidaria_003f9dcd	GCA_006542545.1	protein	p105-like_cnidaria	182976	182830	1	41	1.2e-19	66.1			
model	hmm	20260917_b5424051	RDEB01000431.1	GCA_006542545.1	contig	RDEB01000431.1_p105-like_cnidaria_003f9dcd	GCA_006542545.1	protein	p105-like_cnidaria	182657	182622	42	53	0.0075	10.5			
model	hmm	20260917_b5424051	RDEB01000431.1	GCA_006542545.1	contig	RDEB01000431.1_p105-like_cnidaria_003f9dcd	GCA_006542545.1	protein	p105-like_cnidaria	166661	166506	328	375	1.8e-28	95.3			
model	hmm	20260917_b5424051	RDEB01000431.1	GCA_006542545.1	contig	RDEB01000431.1_p105-like_cnidaria_003f9dcd	GCA_006542545.1	protein	p105-like_cnidaria	165988	165785	376	439	8.5e-25	83.1			
model	hmm	20260917_b5424051	RDEB01000431.1	GCA_006542545.1	contig	RDEB01000431.1_p105-like_cnidaria_003f9dcd	GCA_006542545.1	protein	p105-like_cnidaria	164813	164703	440	466	0.00083	13.6			
model	hmm	20260917_b5424051	RDEB01000431.1	GCA_006542545.1	contig	RDEB01000431.1_p105-like_cnidaria_003f9dcd	GCA_006542545.1	protein	p105-like_cnidaria	164437	164276	467	514	1.5e-23	79.0			
model	hmm	20260917_b5424051	RDEB01000431.1	GCA_006542545.1	contig	RDEB01000431.1_p105-like_cnidaria_003f9dcd	GCA_006542545.1	protein	p105-like_cnidaria	163642	163505	515	550	4.2e-19	64.3			
model	hmm	20260917_b5424051	RDEB01000431.1	GCA_006542545.1	contig	RDEB01000431.1_p105-like_cnidaria_003f9dcd	GCA_006542545.1	protein	p105-like_cnidaria	162568	162347	551	618	1.7e-39	131.8			
model	hmm	20260917_b5424051	RDEB01000431.1	GCA_006542545.1	contig	RDEB01000431.1_p105-like_cnidaria_003f9dcd	GCA_006542545.1	protein	p105-like_cnidaria	161426	161325	619	648	2.8e-13	45.0			
model	hmm	20260917_b5424051	RDEB01000431.1	GCA_006542545.1	contig	RDEB01000431.1_p105-like_cnidaria_003f9dcd	GCA_006542545.1	protein	p105-like_cnidaria	160476	160372	649	675	1.7e-12	42.4			
model	hmm	20260917_b5424051	RDEB01000431.1	GCA_006542545.1	contig	RDEB01000431.1_p105-like_cnidaria_003f9dcd	GCA_006542545.1	protein	p105-like_cnidaria	159290	159117	676	733	2.9e-30	101.2			
model	hmm	20260917_b5424051	RDEB01000431.1	GCA_006542545.1	contig	RDEB01000431.1_p105-like_cnidaria_003f9dcd	GCA_006542545.1	protein	p105-like_cnidaria	154222	154025	755	818	8.4e-23	76.5			
model	hmm	20260917_b5424051	RDEB01000431.1	GCA_006542545.1	contig	RDEB01000431.1_p105-like_cnidaria_003f9dcd	GCA_006542545.1	protein	p105-like_cnidaria	153096	152947	819	866	4.9e-21	70.7			
model	hmm	20260917_b5424051	RDEB01000045.1	GCA_006542545.1	contig	RDEB01000045.1_p105-like_cnidaria_87881393	GCA_006542545.1	protein	p105-like_cnidaria	131619	131395	552	616	8.6e-16	53.8			
model	hmm	20260917_b5424051	RDEB01000045.1	GCA_006542545.1	contig	RDEB01000045.1_p105-like_cnidaria_87881393	GCA_006542545.1	protein	p105-like_cnidaria	131125	130964	617	648	0.0011	13.7			
model	hmm	20260917_b5424051	RDEB01000045.1	GCA_006542545.1	contig	RDEB01000045.1_p105-like_cnidaria_87881393	GCA_006542545.1	protein	p105-like_cnidaria	130187	129963	649	724	2.8e-17	58.7			
model	hmm	20260917_b5424051	RDEB01000045.1	GCA_006542545.1	contig	RDEB01000045.1_IkB-like-1_cnidaria_b587c5b7	GCA_006542545.1	protein	IkB-like-1_cnidaria	132335	132231	219	251	9.9e-07	25.2			
model	hmm	20260917_b5424051	RDEB01000045.1	GCA_006542545.1	contig	RDEB01000045.1_IkB-like-1_cnidaria_b587c5b7	GCA_006542545.1	protein	IkB-like-1_cnidaria	131619	131395	252	315	3.4e-24	82.8			
model	hmm	20260917_b5424051	RDEB01000045.1	GCA_006542545.1	contig	RDEB01000045.1_IkB-like-1_cnidaria_b587c5b7	GCA_006542545.1	protein	IkB-like-1_cnidaria	131119	131003	316	350	0.00016	17.9			
model	hmm	20260917_b5424051	RDEB01000045.1	GCA_006542545.1	contig	RDEB01000045.1_IkB-like-1_cnidaria_b587c5b7	GCA_006542545.1	protein	IkB-like-1_cnidaria	130196	129990	351	413	6e-23	78.7			
model	hmm	20260917_b5424051	RDEB01000045.1	GCA_006542545.1	contig	RDEB01000045.1_IkB-like-1_cnidaria_d454fb31	GCA_006542545.1	protein	IkB-like-1_cnidaria	172580	172089	6	171	2.4e-34	116.3			
model	hmm	20260917_b5424051	RDEB01000045.1	GCA_006542545.1	contig	RDEB01000045.1_IkB-like-1_cnidaria_d454fb31	GCA_006542545.1	protein	IkB-like-1_cnidaria	170773	170666	175	217	1.8e-14	50.8			
model	hmm	20260917_b5424051	RDEB01000045.1	GCA_006542545.1	contig	RDEB01000045.1_IkB-like-1_cnidaria_d454fb31	GCA_006542545.1	protein	IkB-like-1_cnidaria	170423	170034	218	347	5.1e-81	270.1			
model	hmm	20260917_b5424051	RDEB01000045.1	GCA_006542545.1	contig	RDEB01000045.1_IkB-like-1_cnidaria_d454fb31	GCA_006542545.1	protein	IkB-like-1_cnidaria	169673	169452	348	417	9.2e-35	117.6			
model	hmm	20260917_b5424051	RDEB01000045.1	GCA_006542545.1	contig	RDEB01000045.1_IkB-like-2_cnidaria_912ea7a3	GCA_006542545.1	protein	IkB-like-2_cnidaria	134786	134406	3	151	1.2e-17	61.1			
model	hmm	20260917_b5424051	RDEB01000045.1	GCA_006542545.1	contig	RDEB01000045.1_IkB-like-2_cnidaria_912ea7a3	GCA_006542545.1	protein	IkB-like-2_cnidaria	132338	132237	152	185	4.6e-15	52.6			
model	hmm	20260917_b5424051	RDEB01000045.1	GCA_006542545.1	contig	RDEB01000045.1_IkB-like-2_cnidaria_912ea7a3	GCA_006542545.1	protein	IkB-like-2_cnidaria	131619	131389	186	254	1.7e-40	136.4			
model	hmm	20260917_b5424051	RDEB01000045.1	GCA_006542545.1	contig	RDEB01000045.1_IkB-like-2_cnidaria_912ea7a3	GCA_006542545.1	protein	IkB-like-2_cnidaria	131125	130964	255	286	2.7e-13	46.8			
model	hmm	20260917_b5424051	RDEB01000045.1	GCA_006542545.1	contig	RDEB01000045.1_IkB-like-2_cnidaria_912ea7a3	GCA_006542545.1	protein	IkB-like-2_cnidaria	130187	129939	287	369	3.2e-51	171.7			
model	hmm	20260917_b5424051	RDEB01000241.1	GCA_006542545.1	contig	RDEB01000241.1_IkBa-like_cnidaria_d5b655b1	GCA_006542545.1	protein	IkBa-like_cnidaria	215520	215110	1	136	1.3e-49	166.0			
model	hmm	20260917_b5424051	RDEB01000241.1	GCA_006542545.1	contig	RDEB01000241.1_IkBa-like_cnidaria_d5b655b1	GCA_006542545.1	protein	IkBa-like_cnidaria	214620	214498	137	171	8.2e-17	58.0			
model	hmm	20260917_b5424051	RDEB01000241.1	GCA_006542545.1	contig	RDEB01000241.1_IkBa-like_cnidaria_d5b655b1	GCA_006542545.1	protein	IkBa-like_cnidaria	214314	214075	172	249	8.6e-45	150.1			
model	hmm	20260917_b5424051	RDEB01000241.1	GCA_006542545.1	contig	RDEB01000241.1_IkBa-like_cnidaria_d5b655b1	GCA_006542545.1	protein	IkBa-like_cnidaria	213157	213056	250	279	1.1e-12	44.5			
model	hmm	20260917_b5424051	RDEB01000241.1	GCA_006542545.1	contig	RDEB01000241.1_IkBa-like_cnidaria_d5b655b1	GCA_006542545.1	protein	IkBa-like_cnidaria	212166	211879	280	373	2e-50	168.7			
model	hmm	20260917_b5424051	RDEB01000045.1	GCA_006542545.1	contig	RDEB01000045.1_IkBa-like_cnidaria_4d63535b	GCA_006542545.1	protein	IkBa-like_cnidaria	134708	134406	35	136	0.0034	13.3			
model	hmm	20260917_b5424051	RDEB01000045.1	GCA_006542545.1	contig	RDEB01000045.1_IkBa-like_cnidaria_4d63535b	GCA_006542545.1	protein	IkBa-like_cnidaria	131619	131467	172	222	3.5e-21	72.5			
model	hmm	20260917_b5424051	RDEB01000045.1	GCA_006542545.1	contig	RDEB01000045.1_IkBa-like_cnidaria_4d63535b	GCA_006542545.1	protein	IkBa-like_cnidaria	131119	130964	248	279	0.0017	14.3			
model	hmm	20260917_b5424051	RDEB01000045.1	GCA_006542545.1	contig	RDEB01000045.1_IkBa-like_cnidaria_4d63535b	GCA_006542545.1	protein	IkBa-like_cnidaria	130187	129930	280	366	2.9e-26	89.2			
model	hmm	20260917_b5424051	RDEB01000431.1	GCA_006542545.1	contig	RDEB01000431.1_p105-like_cnidaria_537607cb	GCA_006542545.1	protein	p105-like_cnidaria	182976	182830	1	41	1.6e-19	66.1			
model	hmm	20260917_b5424051	RDEB01000431.1	GCA_006542545.1	contig	RDEB01000431.1_p105-like_cnidaria_537607cb	GCA_006542545.1	protein	p105-like_cnidaria	182657	182622	42	53	0.01	10.5			
model	hmm	20260917_b5424051	RDEB01000431.1	GCA_006542545.1	contig	RDEB01000431.1_p105-like_cnidaria_537607cb	GCA_006542545.1	protein	p105-like_cnidaria	166661	166506	328	375	2.4e-28	95.3			
model	hmm	20260917_b5424051	RDEB01000431.1	GCA_006542545.1	contig	RDEB01000431.1_p105-like_cnidaria_537607cb	GCA_006542545.1	protein	p105-like_cnidaria	165988	165785	376	439	1.2e-24	83.1			
model	hmm	20260917_b5424051	RDEB01000431.1	GCA_006542545.1	contig	RDEB01000431.1_p105-like_cnidaria_537607cb	GCA_006542545.1	protein	p105-like_cnidaria	164813	164703	440	466	0.0011	13.6			
model	hmm	20260917_b5424051	RDEB01000431.1	GCA_006542545.1	contig	RDEB01000431.1_p105-like_cnidaria_537607cb	GCA_006542545.1	protein	p105-like_cnidaria	164437	164276	467	514	2e-23	79.0			
model	hmm	20260917_b5424051	RDEB01000431.1	GCA_006542545.1	contig	RDEB01000431.1_p105-like_cnidaria_537607cb	GCA_006542545.1	protein	p105-like_cnidaria	163642	163505	515	550	5.7e-19	64.3			
model	hmm	20260917_b5424051	RDEB01000431.1	GCA_006542545.1	contig	RDEB01000431.1_p105-like_cnidaria_537607cb	GCA_006542545.1	protein	p105-like_cnidaria	162568	162347	551	618	2.3e-39	131.8			
model	hmm	20260917_b5424051	RDEB01000431.1	GCA_006542545.1	contig	RDEB01000431.1_p105-like_cnidaria_537607cb	GCA_006542545.1	protein	p105-like_cnidaria	161426	161325	619	648	3.8e-13	45.0			
model	hmm	20260917_b5424051	RDEB01000431.1	GCA_006542545.1	contig	RDEB01000431.1_p105-like_cnidaria_537607cb	GCA_006542545.1	protein	p105-like_cnidaria	160476	160372	649	675	2.3e-12	42.4			
model	hmm	20260917_b5424051	RDEB01000431.1	GCA_006542545.1	contig	RDEB01000431.1_p105-like_cnidaria_537607cb	GCA_006542545.1	protein	p105-like_cnidaria	159290	159117	676	733	3.9e-30	101.2			
model	hmm	20260917_b5424051	RDEB01000431.1	GCA_006542545.1	contig	RDEB01000431.1_p105-like_cnidaria_537607cb	GCA_006542545.1	protein	p105-like_cnidaria	154222	154025	755	818	1.1e-22	76.5			
model	hmm	20260917_b5424051	RDEB01000431.1	GCA_006542545.1	contig	RDEB01000431.1_p105-like_cnidaria_537607cb	GCA_006542545.1	protein	p105-like_cnidaria	153096	152947	819	866	6.6e-21	70.7			
model	hmm	20260917_b5424051	RDEB01000431.1	GCA_006542545.1	contig	RDEB01000431.1_p105-like_cnidaria_537607cb	GCA_006542545.1	protein	p105-like_cnidaria	151589	151461	868	910	1.1e-07	26.9			
model	hmm	20260917_b5424051	RDEB01000431.1	GCA_006542545.1	contig	RDEB01000431.1_p105-like_cnidaria_003f9dcd	GCA_006542545.1	protein	p105-like_cnidaria	182976	182830	1	41	1.2e-19	66.1			
model	hmm	20260917_b5424051	RDEB01000431.1	GCA_006542545.1	contig	RDEB01000431.1_p105-like_cnidaria_003f9dcd	GCA_006542545.1	protein	p105-like_cnidaria	182657	182622	42	53	0.0075	10.5			
model	hmm	20260917_b5424051	RDEB01000431.1	GCA_006542545.1	contig	RDEB01000431.1_p105-like_cnidaria_003f9dcd	GCA_006542545.1	protein	p105-like_cnidaria	166661	166506	328	375	1.8e-28	95.3			
model	hmm	20260917_b5424051	RDEB01000431.1	GCA_006542545.1	contig	RDEB01000431.1_p105-like_cnidaria_003f9dcd	GCA_006542545.1	protein	p105-like_cnidaria	165988	165785	376	439	8.5e-25	83.1			
model	hmm	20260917_b5424051	RDEB01000431.1	GCA_006542545.1	contig	RDEB01000431.1_p105-like_cnidaria_003f9dcd	GCA_006542545.1	protein	p105-like_cnidaria	164813	164703	440	466	0.00083	13.6			
model	hmm	20260917_b5424051	RDEB01000431.1	GCA_006542545.1	contig	RDEB01000431.1_p105-like_cnidaria_003f9dcd	GCA_006542545.1	protein	p105-like_cnidaria	164437	164276	467	514	1.5e-23	79.0			
model	hmm	20260917_b5424051	RDEB01000431.1	GCA_006542545.1	contig	RDEB01000431.1_p105-like_cnidaria_003f9dcd	GCA_006542545.1	protein	p105-like_cnidaria	163642	163505	515	550	4.2e-19	64.3			
model	hmm	20260917_b5424051	RDEB01000431.1	GCA_006542545.1	contig	RDEB01000431.1_p105-like_cnidaria_003f9dcd	GCA_006542545.1	protein	p105-like_cnidaria	162568	162347	551	618	1.7e-39	131.8			
model	hmm	20260917_b5424051	RDEB01000431.1	GCA_006542545.1	contig	RDEB01000431.1_p105-like_cnidaria_003f9dcd	GCA_006542545.1	protein	p105-like_cnidaria	161426	161325	619	648	2.8e-13	45.0			
model	hmm	20260917_b5424051	RDEB01000431.1	GCA_006542545.1	contig	RDEB01000431.1_p105-like_cnidaria_003f9dcd	GCA_006542545.1	protein	p105-like_cnidaria	160476	160372	649	675	1.7e-12	42.4			
model	hmm	20260917_b5424051	RDEB01000431.1	GCA_006542545.1	contig	RDEB01000431.1_p105-like_cnidaria_003f9dcd	GCA_006542545.1	protein	p105-like_cnidaria	159290	159117	676	733	2.9e-30	101.2			
model	hmm	20260917_b5424051	RDEB01000431.1	GCA_006542545.1	contig	RDEB01000431.1_p105-like_cnidaria_003f9dcd	GCA_006542545.1	protein	p105-like_cnidaria	154222	154025	755	818	8.4e-23	76.5			
model	hmm	20260917_b5424051	RDEB01000431.1	GCA_006542545.1	contig	RDEB01000431.1_p105-like_cnidaria_003f9dcd	GCA_006542545.1	protein	p105-like_cnidaria	153096	152947	819	866	4.9e-21	70.7			
model	hmm	20260917_b5424051	RDEB01000045.1	GCA_006542545.1	contig	RDEB01000045.1_p105-like_cnidaria_87881393	GCA_006542545.1	protein	p105-like_cnidaria	131619	131395	552	616	8.6e-16	53.8			
model	hmm	20260917_b5424051	RDEB01000045.1	GCA_006542545.1	contig	RDEB01000045.1_p105-like_cnidaria_87881393	GCA_006542545.1	protein	p105-like_cnidaria	131125	130964	617	648	0.0011	13.7			
model	hmm	20260917_b5424051	RDEB01000045.1	GCA_006542545.1	contig	RDEB01000045.1_p105-like_cnidaria_87881393	GCA_006542545.1	protein	p105-like_cnidaria	130187	129963	649	724	2.8e-17	58.7			
model	hmm	20260917_b5424051	RDEB01000045.1	GCA_006542545.1	contig	RDEB01000045.1_IkB-like-1_cnidaria_b587c5b7	GCA_006542545.1	protein	IkB-like-1_cnidaria	132335	132231	219	251	9.9e-07	25.2			
model	hmm	20260917_b5424051	RDEB01000045.1	GCA_006542545.1	contig	RDEB01000045.1_IkB-like-1_cnidaria_b587c5b7	GCA_006542545.1	protein	IkB-like-1_cnidaria	131619	131395	252	315	3.4e-24	82.8			
model	hmm	20260917_b5424051	RDEB01000045.1	GCA_006542545.1	contig	RDEB01000045.1_IkB-like-1_cnidaria_b587c5b7	GCA_006542545.1	protein	IkB-like-1_cnidaria	131119	131003	316	350	0.00016	17.9			
model	hmm	20260917_b5424051	RDEB01000045.1	GCA_006542545.1	contig	RDEB01000045.1_IkB-like-1_cnidaria_b587c5b7	GCA_006542545.1	protein	IkB-like-1_cnidaria	130196	129990	351	413	6e-23	78.7			
model	hmm	20260917_b5424051	RDEB01000045.1	GCA_006542545.1	contig	RDEB01000045.1_IkB-like-1_cnidaria_d454fb31	GCA_006542545.1	protein	IkB-like-1_cnidaria	172580	172089	6	171	2.4e-34	116.3			
model	hmm	20260917_b5424051	RDEB01000045.1	GCA_006542545.1	contig	RDEB01000045.1_IkB-like-1_cnidaria_d454fb31	GCA_006542545.1	protein	IkB-like-1_cnidaria	170773	170666	175	217	1.8e-14	50.8			
model	hmm	20260917_b5424051	RDEB01000045.1	GCA_006542545.1	contig	RDEB01000045.1_IkB-like-1_cnidaria_d454fb31	GCA_006542545.1	protein	IkB-like-1_cnidaria	170423	170034	218	347	5.1e-81	270.1			
model	hmm	20260917_b5424051	RDEB01000045.1	GCA_006542545.1	contig	RDEB01000045.1_IkB-like-1_cnidaria_d454fb31	GCA_006542545.1	protein	IkB-like-1_cnidaria	169673	169452	348	417	9.2e-35	117.6			
model	hmm	20260917_b5424051	RDEB01000045.1	GCA_006542545.1	contig	RDEB01000045.1_IkB-like-2_cnidaria_912ea7a3	GCA_006542545.1	protein	IkB-like-2_cnidaria	134786	134406	3	151	1.2e-17	61.1			
model	hmm	20260917_b5424051	RDEB01000045.1	GCA_006542545.1	contig	RDEB01000045.1_IkB-like-2_cnidaria_912ea7a3	GCA_006542545.1	protein	IkB-like-2_cnidaria	132338	132237	152	185	4.6e-15	52.6			
model	hmm	20260917_b5424051	RDEB01000045.1	GCA_006542545.1	contig	RDEB01000045.1_IkB-like-2_cnidaria_912ea7a3	GCA_006542545.1	protein	IkB-like-2_cnidaria	131619	131389	186	254	1.7e-40	136.4			
model	hmm	20260917_b5424051	RDEB01000045.1	GCA_006542545.1	contig	RDEB01000045.1_IkB-like-2_cnidaria_912ea7a3	GCA_006542545.1	protein	IkB-like-2_cnidaria	131125	130964	255	286	2.7e-13	46.8			
model	hmm	20260917_b5424051	RDEB01000045.1	GCA_006542545.1	contig	RDEB01000045.1_IkB-like-2_cnidaria_912ea7a3	GCA_006542545.1	protein	IkB-like-2_cnidaria	130187	129939	287	369	3.2e-51	171.7			
model	hmm	20260917_b5424051	RDEB01000241.1	GCA_006542545.1	contig	RDEB01000241.1_IkBa-like_cnidaria_d5b655b1	GCA_006542545.1	protein	IkBa-like_cnidaria	215520	215110	1	136	1.3e-49	166.0			
model	hmm	20260917_b5424051	RDEB01000241.1	GCA_006542545.1	contig	RDEB01000241.1_IkBa-like_cnidaria_d5b655b1	GCA_006542545.1	protein	IkBa-like_cnidaria	214620	214498	137	171	8.2e-17	58.0			
model	hmm	20260917_b5424051	RDEB01000241.1	GCA_006542545.1	contig	RDEB01000241.1_IkBa-like_cnidaria_d5b655b1	GCA_006542545.1	protein	IkBa-like_cnidaria	214314	214075	172	249	8.6e-45	150.1			
model	hmm	20260917_b5424051	RDEB01000241.1	GCA_006542545.1	contig	RDEB01000241.1_IkBa-like_cnidaria_d5b655b1	GCA_006542545.1	protein	IkBa-like_cnidaria	213157	213056	250	279	1.1e-12	44.5			
model	hmm	20260917_b5424051	RDEB01000241.1	GCA_006542545.1	contig	RDEB01000241.1_IkBa-like_cnidaria_d5b655b1	GCA_006542545.1	protein	IkBa-like_cnidaria	212166	211879	280	373	2e-50	168.7			
model	hmm	20260917_b5424051	RDEB01000045.1	GCA_006542545.1	contig	RDEB01000045.1_IkBa-like_cnidaria_4d63535b	GCA_006542545.1	protein	IkBa-like_cnidaria	134708	134406	35	136	0.0034	13.3			
model	hmm	20260917_b5424051	RDEB01000045.1	GCA_006542545.1	contig	RDEB01000045.1_IkBa-like_cnidaria_4d63535b	GCA_006542545.1	protein	IkBa-like_cnidaria	131619	131467	172	222	3.5e-21	72.5			
model	hmm	20260917_b5424051	RDEB01000045.1	GCA_006542545.1	contig	RDEB01000045.1_IkBa-like_cnidaria_4d63535b	GCA_006542545.1	protein	IkBa-like_cnidaria	131119	130964	248	279	0.0017	14.3			
model	hmm	20260917_b5424051	RDEB01000045.1	GCA_006542545.1	contig	RDEB01000045.1_IkBa-like_cnidaria_4d63535b	GCA_006542545.1	protein	IkBa-like_cnidaria	130187	129930	280	366	2.9e-26	89.2			
model	hmm	20260917_b5424051	BLAZ01000634.1	GCA_014633955.1	contig	BLAZ01000634.1_p105-like_cnidaria_42ec6be3	GCA_014633955.1	protein	p105-like_cnidaria	1429554	1429426	1	41	3.6e-19	65.2			
model	hmm	20260917_b5424051	BLAZ01000634.1	GCA_014633955.1	contig	BLAZ01000634.1_p105-like_cnidaria_42ec6be3	GCA_014633955.1	protein	p105-like_cnidaria	1428573	1428499	42	52	0.00099	14.1			
model	hmm	20260917_b5424051	BLAZ01000634.1	GCA_014633955.1	contig	BLAZ01000634.1_p105-like_cnidaria_42ec6be3	GCA_014633955.1	protein	p105-like_cnidaria	1427823	1427554	53	136	6.8e-59	196.7			
model	hmm	20260917_b5424051	BLAZ01000634.1	GCA_014633955.1	contig	BLAZ01000634.1_p105-like_cnidaria_42ec6be3	GCA_014633955.1	protein	p105-like_cnidaria	1427052	1426822	137	208	6.2e-30	100.8			
model	hmm	20260917_b5424051	BLAZ01000634.1	GCA_014633955.1	contig	BLAZ01000634.1_p105-like_cnidaria_42ec6be3	GCA_014633955.1	protein	p105-like_cnidaria	1426284	1426120	209	261	1.4e-29	99.6			
model	hmm	20260917_b5424051	BLAZ01000634.1	GCA_014633955.1	contig	BLAZ01000634.1_p105-like_cnidaria_42ec6be3	GCA_014633955.1	protein	p105-like_cnidaria	1425724	1425602	262	296	2.3e-21	72.5			
model	hmm	20260917_b5424051	BLAZ01000634.1	GCA_014633955.1	contig	BLAZ01000634.1_p105-like_cnidaria_42ec6be3	GCA_014633955.1	protein	p105-like_cnidaria	1424153	1424028	297	329	2.2e-13	46.1			
model	hmm	20260917_b5424051	BLAZ01000634.1	GCA_014633955.1	contig	BLAZ01000634.1_p105-like_cnidaria_42ec6be3	GCA_014633955.1	protein	p105-like_cnidaria	1423220	1423065	330	375	1.4e-28	96.4			
model	hmm	20260917_b5424051	BLAZ01000634.1	GCA_014633955.1	contig	BLAZ01000634.1_p105-like_cnidaria_42ec6be3	GCA_014633955.1	protein	p105-like_cnidaria	1422269	1422066	376	440	9.7e-26	87.0			
model	hmm	20260917_b5424051	BLAZ01000634.1	GCA_014633955.1	contig	BLAZ01000634.1_p105-like_cnidaria_42ec6be3	GCA_014633955.1	protein	p105-like_cnidaria	1418266	1418123	467	514	6.3e-22	74.3			
model	hmm	20260917_b5424051	BLAZ01000634.1	GCA_014633955.1	contig	BLAZ01000634.1_p105-like_cnidaria_42ec6be3	GCA_014633955.1	protein	p105-like_cnidaria	1417581	1417411	515	551	1.7e-19	66.3			
model	hmm	20260917_b5424051	BLAZ01000634.1	GCA_014633955.1	contig	BLAZ01000634.1_p105-like_cnidaria_42ec6be3	GCA_014633955.1	protein	p105-like_cnidaria	1417345	1417082	552	619	3e-41	138.3			
model	hmm	20260917_b5424051	BLAZ01000634.1	GCA_014633955.1	contig	BLAZ01000634.1_p105-like_cnidaria_42ec6be3	GCA_014633955.1	protein	p105-like_cnidaria	1414908	1414699	672	731	2.7e-32	108.6			
model	hmm	20260917_b5424051	BLAZ01000634.1	GCA_014633955.1	contig	BLAZ01000634.1_p105-like_cnidaria_42ec6be3	GCA_014633955.1	protein	p105-like_cnidaria	1413858	1413802	732	750	0.0095	10.9			
model	hmm	20260917_b5424051	BLAZ01000634.1	GCA_014633955.1	contig	BLAZ01000634.1_p105-like_cnidaria_42ec6be3	GCA_014633955.1	protein	p105-like_cnidaria	1413197	1413003	760	818	3.2e-24	81.9			
model	hmm	20260917_b5424051	BLAZ01000634.1	GCA_014633955.1	contig	BLAZ01000634.1_p105-like_cnidaria_42ec6be3	GCA_014633955.1	protein	p105-like_cnidaria	1412126	1411971	819	867	7.4e-21	70.8			
model	hmm	20260917_b5424051	BLAZ01000634.1	GCA_014633955.1	contig	BLAZ01000634.1_p105-like_cnidaria_42ec6be3	GCA_014633955.1	protein	p105-like_cnidaria	1411191	1411063	868	910	2.9e-08	29.1			
model	hmm	20260917_b5424051	BLAZ01001464.1	GCA_014633955.1	contig	BLAZ01001464.1_p105-like_cnidaria_82d0b796	GCA_014633955.1	protein	p105-like_cnidaria	1571808	1572194	515	647	5.1e-28	94.3			
model	hmm	20260917_b5424051	BLAZ01001464.1	GCA_014633955.1	contig	BLAZ01001464.1_p105-like_cnidaria_82d0b796	GCA_014633955.1	protein	p105-like_cnidaria	1598781	1599005	648	723	1.2e-14	50.0			
model	hmm	20260917_b5424051	BLAZ01001464.1	GCA_014633955.1	contig	BLAZ01001464.1_p105-like_cnidaria_f486ca73	GCA_014633955.1	protein	p105-like_cnidaria	1596605	1596820	551	618	6.4e-18	60.9			
model	hmm	20260917_b5424051	BLAZ01001464.1	GCA_014633955.1	contig	BLAZ01001464.1_p105-like_cnidaria_f486ca73	GCA_014633955.1	protein	p105-like_cnidaria	1598025	1598111	619	647	0.00031	15.6			
model	hmm	20260917_b5424051	BLAZ01001464.1	GCA_014633955.1	contig	BLAZ01001464.1_p105-like_cnidaria_f486ca73	GCA_014633955.1	protein	p105-like_cnidaria	1598781	1599005	648	723	1.2e-14	50.0			
model	hmm	20260917_b5424051	BLAZ01001464.1	GCA_014633955.1	contig	BLAZ01001464.1_IkB-like-1_cnidaria_4841c60e	GCA_014633955.1	protein	IkB-like-1_cnidaria	1567825	1568286	13	171	6.7e-36	121.4			
model	hmm	20260917_b5424051	BLAZ01001464.1	GCA_014633955.1	contig	BLAZ01001464.1_IkB-like-1_cnidaria_4841c60e	GCA_014633955.1	protein	IkB-like-1_cnidaria	1570995	1571108	173	217	4.1e-15	52.9			
model	hmm	20260917_b5424051	BLAZ01001464.1	GCA_014633955.1	contig	BLAZ01001464.1_IkB-like-1_cnidaria_4841c60e	GCA_014633955.1	protein	IkB-like-1_cnidaria	1571808	1572197	218	347	1.2e-80	268.8			
model	hmm	20260917_b5424051	BLAZ01001464.1	GCA_014633955.1	contig	BLAZ01001464.1_IkB-like-1_cnidaria_4841c60e	GCA_014633955.1	protein	IkB-like-1_cnidaria	1573381	1573590	348	417	3.4e-34	115.8			
model	hmm	20260917_b5424051	BLAZ01001464.1	GCA_014633955.1	contig	BLAZ01001464.1_IkB-like-1_cnidaria_5c92a081	GCA_014633955.1	protein	IkB-like-1_cnidaria	1594802	1594897	219	250	2.1e-06	24.1			
model	hmm	20260917_b5424051	BLAZ01001464.1	GCA_014633955.1	contig	BLAZ01001464.1_IkB-like-1_cnidaria_5c92a081	GCA_014633955.1	protein	IkB-like-1_cnidaria	1596605	1596817	251	316	5.4e-26	88.7			
model	hmm	20260917_b5424051	BLAZ01001464.1	GCA_014633955.1	contig	BLAZ01001464.1_IkB-like-1_cnidaria_5c92a081	GCA_014633955.1	protein	IkB-like-1_cnidaria	1598022	1598123	317	350	0.00072	15.8			
model	hmm	20260917_b5424051	BLAZ01001464.1	GCA_014633955.1	contig	BLAZ01001464.1_IkB-like-1_cnidaria_5c92a081	GCA_014633955.1	protein	IkB-like-1_cnidaria	1598793	1598984	351	414	1.6e-18	64.1			
model	hmm	20260917_b5424051	BLAZ01001464.1	GCA_014633955.1	contig	BLAZ01001464.1_IkB-like-2_cnidaria_939597c3	GCA_014633955.1	protein	IkB-like-2_cnidaria	1571811	1572194	153	285	2e-44	149.4			
model	hmm	20260917_b5424051	BLAZ01001464.1	GCA_014633955.1	contig	BLAZ01001464.1_IkB-like-2_cnidaria_939597c3	GCA_014633955.1	protein	IkB-like-2_cnidaria	1598781	1599032	286	369	5.8e-51	170.9			
model	hmm	20260917_b5424051	BLAZ01001464.1	GCA_014633955.1	contig	BLAZ01001464.1_IkB-like-2_cnidaria_6fa67b39	GCA_014633955.1	protein	IkB-like-2_cnidaria	1591380	1591634	3	92	2e-05	20.9			
model	hmm	20260917_b5424051	BLAZ01001464.1	GCA_014633955.1	contig	BLAZ01001464.1_IkB-like-2_cnidaria_6fa67b39	GCA_014633955.1	protein	IkB-like-2_cnidaria	1591647	1591730	124	151	4.3e-07	26.5			
model	hmm	20260917_b5424051	BLAZ01001464.1	GCA_014633955.1	contig	BLAZ01001464.1_IkB-like-2_cnidaria_6fa67b39	GCA_014633955.1	protein	IkB-like-2_cnidaria	1594799	1594897	152	184	1.4e-14	51.1			
model	hmm	20260917_b5424051	BLAZ01001464.1	GCA_014633955.1	contig	BLAZ01001464.1_IkB-like-2_cnidaria_6fa67b39	GCA_014633955.1	protein	IkB-like-2_cnidaria	1596605	1596820	185	256	5.6e-41	138.0			
model	hmm	20260917_b5424051	BLAZ01001464.1	GCA_014633955.1	contig	BLAZ01001464.1_IkB-like-2_cnidaria_6fa67b39	GCA_014633955.1	protein	IkB-like-2_cnidaria	1598025	1598111	257	285	6.2e-12	42.4			
model	hmm	20260917_b5424051	BLAZ01001464.1	GCA_014633955.1	contig	BLAZ01001464.1_IkB-like-2_cnidaria_6fa67b39	GCA_014633955.1	protein	IkB-like-2_cnidaria	1598781	1599032	286	369	5.8e-51	170.9			
model	hmm	20260917_b5424051	BLAZ01000379.1	GCA_014633955.1	contig	BLAZ01000379.1_IkBa-like_cnidaria_d4087f07	GCA_014633955.1	protein	IkBa-like_cnidaria	445743	445330	1	136	2.7e-45	151.9			
model	hmm	20260917_b5424051	BLAZ01000379.1	GCA_014633955.1	contig	BLAZ01000379.1_IkBa-like_cnidaria_d4087f07	GCA_014633955.1	protein	IkBa-like_cnidaria	444894	444784	137	171	6.8e-15	51.9			
model	hmm	20260917_b5424051	BLAZ01000379.1	GCA_014633955.1	contig	BLAZ01000379.1_IkBa-like_cnidaria_d4087f07	GCA_014633955.1	protein	IkBa-like_cnidaria	444609	444370	172	249	1.1e-44	149.9			
model	hmm	20260917_b5424051	BLAZ01000379.1	GCA_014633955.1	contig	BLAZ01000379.1_IkBa-like_cnidaria_d4087f07	GCA_014633955.1	protein	IkBa-like_cnidaria	443534	443436	250	278	1.2e-11	41.2			
model	hmm	20260917_b5424051	BLAZ01000379.1	GCA_014633955.1	contig	BLAZ01000379.1_IkBa-like_cnidaria_d4087f07	GCA_014633955.1	protein	IkBa-like_cnidaria	443071	442787	279	373	1.2e-48	163.0			
model	hmm	20260917_b5424051	BLAZ01001464.1	GCA_014633955.1	contig	BLAZ01001464.1_IkBa-like_cnidaria_0dde36c7	GCA_014633955.1	protein	IkBa-like_cnidaria	1571808	1572194	137	278	3e-38	128.7			
model	hmm	20260917_b5424051	BLAZ01001464.1	GCA_014633955.1	contig	BLAZ01001464.1_IkBa-like_cnidaria_0dde36c7	GCA_014633955.1	protein	IkBa-like_cnidaria	1598781	1599032	279	363	3.9e-22	75.7			
model	hmm	20260917_b5424051	BLAZ01000634.1	GCA_014633955.1	contig	BLAZ01000634.1_p105-like_cnidaria_42ec6be3	GCA_014633955.1	protein	p105-like_cnidaria	1429554	1429426	1	41	3.6e-19	65.2			
model	hmm	20260917_b5424051	BLAZ01000634.1	GCA_014633955.1	contig	BLAZ01000634.1_p105-like_cnidaria_42ec6be3	GCA_014633955.1	protein	p105-like_cnidaria	1428573	1428499	42	52	0.00099	14.1			
model	hmm	20260917_b5424051	BLAZ01000634.1	GCA_014633955.1	contig	BLAZ01000634.1_p105-like_cnidaria_42ec6be3	GCA_014633955.1	protein	p105-like_cnidaria	1427823	1427554	53	136	6.8e-59	196.7			
model	hmm	20260917_b5424051	BLAZ01000634.1	GCA_014633955.1	contig	BLAZ01000634.1_p105-like_cnidaria_42ec6be3	GCA_014633955.1	protein	p105-like_cnidaria	1427052	1426822	137	208	6.2e-30	100.8			
model	hmm	20260917_b5424051	BLAZ01000634.1	GCA_014633955.1	contig	BLAZ01000634.1_p105-like_cnidaria_42ec6be3	GCA_014633955.1	protein	p105-like_cnidaria	1426284	1426120	209	261	1.4e-29	99.6			
model	hmm	20260917_b5424051	BLAZ01000634.1	GCA_014633955.1	contig	BLAZ01000634.1_p105-like_cnidaria_42ec6be3	GCA_014633955.1	protein	p105-like_cnidaria	1425724	1425602	262	296	2.3e-21	72.5			
model	hmm	20260917_b5424051	BLAZ01000634.1	GCA_014633955.1	contig	BLAZ01000634.1_p105-like_cnidaria_42ec6be3	GCA_014633955.1	protein	p105-like_cnidaria	1424153	1424028	297	329	2.2e-13	46.1			
model	hmm	20260917_b5424051	BLAZ01000634.1	GCA_014633955.1	contig	BLAZ01000634.1_p105-like_cnidaria_42ec6be3	GCA_014633955.1	protein	p105-like_cnidaria	1423220	1423065	330	375	1.4e-28	96.4			
model	hmm	20260917_b5424051	BLAZ01000634.1	GCA_014633955.1	contig	BLAZ01000634.1_p105-like_cnidaria_42ec6be3	GCA_014633955.1	protein	p105-like_cnidaria	1422269	1422066	376	440	9.7e-26	87.0			
model	hmm	20260917_b5424051	BLAZ01000634.1	GCA_014633955.1	contig	BLAZ01000634.1_p105-like_cnidaria_42ec6be3	GCA_014633955.1	protein	p105-like_cnidaria	1418266	1418123	467	514	6.3e-22	74.3			
model	hmm	20260917_b5424051	BLAZ01000634.1	GCA_014633955.1	contig	BLAZ01000634.1_p105-like_cnidaria_42ec6be3	GCA_014633955.1	protein	p105-like_cnidaria	1417581	1417411	515	551	1.7e-19	66.3			
model	hmm	20260917_b5424051	BLAZ01000634.1	GCA_014633955.1	contig	BLAZ01000634.1_p105-like_cnidaria_42ec6be3	GCA_014633955.1	protein	p105-like_cnidaria	1417345	1417082	552	619	3e-41	138.3			
model	hmm	20260917_b5424051	BLAZ01000634.1	GCA_014633955.1	contig	BLAZ01000634.1_p105-like_cnidaria_42ec6be3	GCA_014633955.1	protein	p105-like_cnidaria	1414908	1414699	672	731	2.7e-32	108.6			
model	hmm	20260917_b5424051	BLAZ01000634.1	GCA_014633955.1	contig	BLAZ01000634.1_p105-like_cnidaria_42ec6be3	GCA_014633955.1	protein	p105-like_cnidaria	1413858	1413802	732	750	0.0095	10.9			
model	hmm	20260917_b5424051	BLAZ01000634.1	GCA_014633955.1	contig	BLAZ01000634.1_p105-like_cnidaria_42ec6be3	GCA_014633955.1	protein	p105-like_cnidaria	1413197	1413003	760	818	3.2e-24	81.9			
model	hmm	20260917_b5424051	BLAZ01000634.1	GCA_014633955.1	contig	BLAZ01000634.1_p105-like_cnidaria_42ec6be3	GCA_014633955.1	protein	p105-like_cnidaria	1412126	1411971	819	867	7.4e-21	70.8			
model	hmm	20260917_b5424051	BLAZ01000634.1	GCA_014633955.1	contig	BLAZ01000634.1_p105-like_cnidaria_42ec6be3	GCA_014633955.1	protein	p105-like_cnidaria	1411191	1411063	868	910	2.9e-08	29.1			
model	hmm	20260917_b5424051	BLAZ01001464.1	GCA_014633955.1	contig	BLAZ01001464.1_p105-like_cnidaria_82d0b796	GCA_014633955.1	protein	p105-like_cnidaria	1571808	1572194	515	647	5.1e-28	94.3			
model	hmm	20260917_b5424051	BLAZ01001464.1	GCA_014633955.1	contig	BLAZ01001464.1_p105-like_cnidaria_82d0b796	GCA_014633955.1	protein	p105-like_cnidaria	1598781	1599005	648	723	1.2e-14	50.0			
model	hmm	20260917_b5424051	BLAZ01001464.1	GCA_014633955.1	contig	BLAZ01001464.1_p105-like_cnidaria_f486ca73	GCA_014633955.1	protein	p105-like_cnidaria	1596605	1596820	551	618	6.4e-18	60.9			
model	hmm	20260917_b5424051	BLAZ01001464.1	GCA_014633955.1	contig	BLAZ01001464.1_p105-like_cnidaria_f486ca73	GCA_014633955.1	protein	p105-like_cnidaria	1598025	1598111	619	647	0.00031	15.6			
model	hmm	20260917_b5424051	BLAZ01001464.1	GCA_014633955.1	contig	BLAZ01001464.1_p105-like_cnidaria_f486ca73	GCA_014633955.1	protein	p105-like_cnidaria	1598781	1599005	648	723	1.2e-14	50.0			
model	hmm	20260917_b5424051	BLAZ01001464.1	GCA_014633955.1	contig	BLAZ01001464.1_IkB-like-1_cnidaria_4841c60e	GCA_014633955.1	protein	IkB-like-1_cnidaria	1567825	1568286	13	171	6.7e-36	121.4			
model	hmm	20260917_b5424051	BLAZ01001464.1	GCA_014633955.1	contig	BLAZ01001464.1_IkB-like-1_cnidaria_4841c60e	GCA_014633955.1	protein	IkB-like-1_cnidaria	1570995	1571108	173	217	4.1e-15	52.9			
model	hmm	20260917_b5424051	BLAZ01001464.1	GCA_014633955.1	contig	BLAZ01001464.1_IkB-like-1_cnidaria_4841c60e	GCA_014633955.1	protein	IkB-like-1_cnidaria	1571808	1572197	218	347	1.2e-80	268.8			
model	hmm	20260917_b5424051	BLAZ01001464.1	GCA_014633955.1	contig	BLAZ01001464.1_IkB-like-1_cnidaria_4841c60e	GCA_014633955.1	protein	IkB-like-1_cnidaria	1573381	1573590	348	417	3.4e-34	115.8			
model	hmm	20260917_b5424051	BLAZ01001464.1	GCA_014633955.1	contig	BLAZ01001464.1_IkB-like-1_cnidaria_5c92a081	GCA_014633955.1	protein	IkB-like-1_cnidaria	1594802	1594897	219	250	2.1e-06	24.1			
model	hmm	20260917_b5424051	BLAZ01001464.1	GCA_014633955.1	contig	BLAZ01001464.1_IkB-like-1_cnidaria_5c92a081	GCA_014633955.1	protein	IkB-like-1_cnidaria	1596605	1596817	251	316	5.4e-26	88.7			
model	hmm	20260917_b5424051	BLAZ01001464.1	GCA_014633955.1	contig	BLAZ01001464.1_IkB-like-1_cnidaria_5c92a081	GCA_014633955.1	protein	IkB-like-1_cnidaria	1598022	1598123	317	350	0.00072	15.8			
model	hmm	20260917_b5424051	BLAZ01001464.1	GCA_014633955.1	contig	BLAZ01001464.1_IkB-like-1_cnidaria_5c92a081	GCA_014633955.1	protein	IkB-like-1_cnidaria	1598793	1598984	351	414	1.6e-18	64.1			
model	hmm	20260917_b5424051	BLAZ01001464.1	GCA_014633955.1	contig	BLAZ01001464.1_IkB-like-2_cnidaria_939597c3	GCA_014633955.1	protein	IkB-like-2_cnidaria	1571811	1572194	153	285	2e-44	149.4			
model	hmm	20260917_b5424051	BLAZ01001464.1	GCA_014633955.1	contig	BLAZ01001464.1_IkB-like-2_cnidaria_939597c3	GCA_014633955.1	protein	IkB-like-2_cnidaria	1598781	1599032	286	369	5.8e-51	170.9			
model	hmm	20260917_b5424051	BLAZ01001464.1	GCA_014633955.1	contig	BLAZ01001464.1_IkB-like-2_cnidaria_6fa67b39	GCA_014633955.1	protein	IkB-like-2_cnidaria	1591380	1591634	3	92	2e-05	20.9			
model	hmm	20260917_b5424051	BLAZ01001464.1	GCA_014633955.1	contig	BLAZ01001464.1_IkB-like-2_cnidaria_6fa67b39	GCA_014633955.1	protein	IkB-like-2_cnidaria	1591647	1591730	124	151	4.3e-07	26.5			
model	hmm	20260917_b5424051	BLAZ01001464.1	GCA_014633955.1	contig	BLAZ01001464.1_IkB-like-2_cnidaria_6fa67b39	GCA_014633955.1	protein	IkB-like-2_cnidaria	1594799	1594897	152	184	1.4e-14	51.1			
model	hmm	20260917_b5424051	BLAZ01001464.1	GCA_014633955.1	contig	BLAZ01001464.1_IkB-like-2_cnidaria_6fa67b39	GCA_014633955.1	protein	IkB-like-2_cnidaria	1596605	1596820	185	256	5.6e-41	138.0			
model	hmm	20260917_b5424051	BLAZ01001464.1	GCA_014633955.1	contig	BLAZ01001464.1_IkB-like-2_cnidaria_6fa67b39	GCA_014633955.1	protein	IkB-like-2_cnidaria	1598025	1598111	257	285	6.2e-12	42.4			
model	hmm	20260917_b5424051	BLAZ01001464.1	GCA_014633955.1	contig	BLAZ01001464.1_IkB-like-2_cnidaria_6fa67b39	GCA_014633955.1	protein	IkB-like-2_cnidaria	1598781	1599032	286	369	5.8e-51	170.9			
model	hmm	20260917_b5424051	BLAZ01000379.1	GCA_014633955.1	contig	BLAZ01000379.1_IkBa-like_cnidaria_d4087f07	GCA_014633955.1	protein	IkBa-like_cnidaria	445743	445330	1	136	2.7e-45	151.9			
model	hmm	20260917_b5424051	BLAZ01000379.1	GCA_014633955.1	contig	BLAZ01000379.1_IkBa-like_cnidaria_d4087f07	GCA_014633955.1	protein	IkBa-like_cnidaria	444894	444784	137	171	6.8e-15	51.9			
model	hmm	20260917_b5424051	BLAZ01000379.1	GCA_014633955.1	contig	BLAZ01000379.1_IkBa-like_cnidaria_d4087f07	GCA_014633955.1	protein	IkBa-like_cnidaria	444609	444370	172	249	1.1e-44	149.9			
model	hmm	20260917_b5424051	BLAZ01000379.1	GCA_014633955.1	contig	BLAZ01000379.1_IkBa-like_cnidaria_d4087f07	GCA_014633955.1	protein	IkBa-like_cnidaria	443534	443436	250	278	1.2e-11	41.2			
model	hmm	20260917_b5424051	BLAZ01000379.1	GCA_014633955.1	contig	BLAZ01000379.1_IkBa-like_cnidaria_d4087f07	GCA_014633955.1	protein	IkBa-like_cnidaria	443071	442787	279	373	1.2e-48	163.0			
model	hmm	20260917_b5424051	BLAZ01001464.1	GCA_014633955.1	contig	BLAZ01001464.1_IkBa-like_cnidaria_0dde36c7	GCA_014633955.1	protein	IkBa-like_cnidaria	1571808	1572194	137	278	3e-38	128.7			
model	hmm	20260917_b5424051	BLAZ01001464.1	GCA_014633955.1	contig	BLAZ01001464.1_IkBa-like_cnidaria_0dde36c7	GCA_014633955.1	protein	IkBa-like_cnidaria	1598781	1599032	279	363	3.9e-22	75.7			
model	hmm	20260917_b5424051	BLEZ01000773.1	GCA_014633975.1	contig	BLEZ01000773.1_p105-like_cnidaria_c43d54bd	GCA_014633975.1	protein	p105-like_cnidaria	447862	447984	1	41	2.7e-19	65.7			
model	hmm	20260917_b5424051	BLEZ01000773.1	GCA_014633975.1	contig	BLEZ01000773.1_p105-like_cnidaria_c43d54bd	GCA_014633975.1	protein	p105-like_cnidaria	448697	448729	42	52	0.0023	12.9			
model	hmm	20260917_b5424051	BLEZ01000773.1	GCA_014633975.1	contig	BLEZ01000773.1_p105-like_cnidaria_c43d54bd	GCA_014633975.1	protein	p105-like_cnidaria	449239	449490	53	136	1e-59	199.5			
model	hmm	20260917_b5424051	BLEZ01000773.1	GCA_014633975.1	contig	BLEZ01000773.1_p105-like_cnidaria_c43d54bd	GCA_014633975.1	protein	p105-like_cnidaria	450039	450251	137	208	1.4e-29	99.7			
model	hmm	20260917_b5424051	BLEZ01000773.1	GCA_014633975.1	contig	BLEZ01000773.1_p105-like_cnidaria_c43d54bd	GCA_014633975.1	protein	p105-like_cnidaria	450744	450902	209	261	1.2e-28	96.6			
model	hmm	20260917_b5424051	BLEZ01000773.1	GCA_014633975.1	contig	BLEZ01000773.1_p105-like_cnidaria_c43d54bd	GCA_014633975.1	protein	p105-like_cnidaria	451316	451420	262	296	2.6e-21	72.3			
model	hmm	20260917_b5424051	BLEZ01000773.1	GCA_014633975.1	contig	BLEZ01000773.1_p105-like_cnidaria_c43d54bd	GCA_014633975.1	protein	p105-like_cnidaria	452723	452818	297	329	1.2e-13	47.0			
model	hmm	20260917_b5424051	BLEZ01000773.1	GCA_014633975.1	contig	BLEZ01000773.1_p105-like_cnidaria_c43d54bd	GCA_014633975.1	protein	p105-like_cnidaria	453933	454070	330	375	6.3e-29	97.6			
model	hmm	20260917_b5424051	BLEZ01000773.1	GCA_014633975.1	contig	BLEZ01000773.1_p105-like_cnidaria_c43d54bd	GCA_014633975.1	protein	p105-like_cnidaria	454842	455039	376	440	5.9e-29	97.6			
model	hmm	20260917_b5424051	BLEZ01000773.1	GCA_014633975.1	contig	BLEZ01000773.1_p105-like_cnidaria_c43d54bd	GCA_014633975.1	protein	p105-like_cnidaria	458395	458538	467	514	3e-22	75.4			
model	hmm	20260917_b5424051	BLEZ01000773.1	GCA_014633975.1	contig	BLEZ01000773.1_p105-like_cnidaria_c43d54bd	GCA_014633975.1	protein	p105-like_cnidaria	459127	459234	515	550	2.5e-20	69.1			
model	hmm	20260917_b5424051	BLEZ01000773.1	GCA_014633975.1	contig	BLEZ01000773.1_p105-like_cnidaria_c43d54bd	GCA_014633975.1	protein	p105-like_cnidaria	459508	459711	551	618	5.2e-41	137.5			
model	hmm	20260917_b5424051	BLEZ01000773.1	GCA_014633975.1	contig	BLEZ01000773.1_p105-like_cnidaria_c43d54bd	GCA_014633975.1	protein	p105-like_cnidaria	460716	460805	619	648	7.8e-13	44.3			
model	hmm	20260917_b5424051	BLEZ01000773.1	GCA_014633975.1	contig	BLEZ01000773.1_p105-like_cnidaria_c43d54bd	GCA_014633975.1	protein	p105-like_cnidaria	460895	460975	649	675	1.4e-12	43.5			
model	hmm	20260917_b5424051	BLEZ01000773.1	GCA_014633975.1	contig	BLEZ01000773.1_p105-like_cnidaria_c43d54bd	GCA_014633975.1	protein	p105-like_cnidaria	461441	461608	676	731	5.3e-33	111.0			
model	hmm	20260917_b5424051	BLEZ01000773.1	GCA_014633975.1	contig	BLEZ01000773.1_p105-like_cnidaria_c43d54bd	GCA_014633975.1	protein	p105-like_cnidaria	462472	462525	732	749	0.021	9.8			
model	hmm	20260917_b5424051	BLEZ01000773.1	GCA_014633975.1	contig	BLEZ01000773.1_p105-like_cnidaria_c43d54bd	GCA_014633975.1	protein	p105-like_cnidaria	463123	463299	760	818	1.5e-25	86.4			
model	hmm	20260917_b5424051	BLEZ01000773.1	GCA_014633975.1	contig	BLEZ01000773.1_p105-like_cnidaria_c43d54bd	GCA_014633975.1	protein	p105-like_cnidaria	464190	464342	819	866	4e-20	68.4			
model	hmm	20260917_b5424051	BLEZ01000773.1	GCA_014633975.1	contig	BLEZ01000773.1_p105-like_cnidaria_c43d54bd	GCA_014633975.1	protein	p105-like_cnidaria	464635	464766	867	910	8.3e-09	31.0			
model	hmm	20260917_b5424051	BLEZ01000629.1	GCA_014633975.1	contig	BLEZ01000629.1_p105-like_cnidaria_7c0a1676	GCA_014633975.1	protein	p105-like_cnidaria	517966	518352	515	647	1.8e-28	95.8			
model	hmm	20260917_b5424051	BLEZ01000629.1	GCA_014633975.1	contig	BLEZ01000629.1_p105-like_cnidaria_7c0a1676	GCA_014633975.1	protein	p105-like_cnidaria	546536	546763	648	724	1.7e-14	49.6			
model	hmm	20260917_b5424051	BLEZ01000629.1	GCA_014633975.1	contig	BLEZ01000629.1_p105-like_cnidaria_106c7b10	GCA_014633975.1	protein	p105-like_cnidaria	543769	543984	551	618	1e-17	60.3			
model	hmm	20260917_b5424051	BLEZ01000629.1	GCA_014633975.1	contig	BLEZ01000629.1_p105-like_cnidaria_106c7b10	GCA_014633975.1	protein	p105-like_cnidaria	545472	545558	619	647	0.001	13.9			
model	hmm	20260917_b5424051	BLEZ01000629.1	GCA_014633975.1	contig	BLEZ01000629.1_p105-like_cnidaria_106c7b10	GCA_014633975.1	protein	p105-like_cnidaria	546536	546763	648	724	1.7e-14	49.6			
model	hmm	20260917_b5424051	BLEZ01003045.1	GCA_014633975.1	contig	BLEZ01003045.1_p105-like_cnidaria_8aba4300	GCA_014633975.1	protein	p105-like_cnidaria	1161387	1161497	514	552	0.022	9.4			
model	hmm	20260917_b5424051	BLEZ01003045.1	GCA_014633975.1	contig	BLEZ01003045.1_p105-like_cnidaria_8aba4300	GCA_014633975.1	protein	p105-like_cnidaria	1161677	1161832	553	604	1e-14	50.2			
model	hmm	20260917_b5424051	BLEZ01003045.1	GCA_014633975.1	contig	BLEZ01003045.1_p105-like_cnidaria_8aba4300	GCA_014633975.1	protein	p105-like_cnidaria	1162747	1162839	617	647	0.026	9.1			
model	hmm	20260917_b5424051	BLEZ01003045.1	GCA_014633975.1	contig	BLEZ01003045.1_p105-like_cnidaria_8aba4300	GCA_014633975.1	protein	p105-like_cnidaria	1163214	1163468	648	732	3.9e-26	88.0			
model	hmm	20260917_b5424051	BLEZ01000629.1	GCA_014633975.1	contig	BLEZ01000629.1_IkB-like-1_cnidaria_01b137d4	GCA_014633975.1	protein	IkB-like-1_cnidaria	514093	514551	14	171	2.5e-36	122.8			
model	hmm	20260917_b5424051	BLEZ01000629.1	GCA_014633975.1	contig	BLEZ01000629.1_IkB-like-1_cnidaria_01b137d4	GCA_014633975.1	protein	IkB-like-1_cnidaria	517234	517347	173	217	4.1e-15	52.9			
model	hmm	20260917_b5424051	BLEZ01000629.1	GCA_014633975.1	contig	BLEZ01000629.1_IkB-like-1_cnidaria_01b137d4	GCA_014633975.1	protein	IkB-like-1_cnidaria	517966	518355	218	347	7.5e-82	272.9			
model	hmm	20260917_b5424051	BLEZ01000629.1	GCA_014633975.1	contig	BLEZ01000629.1_IkB-like-1_cnidaria_01b137d4	GCA_014633975.1	protein	IkB-like-1_cnidaria	518899	519111	348	418	5.3e-36	121.8			
model	hmm	20260917_b5424051	BLEZ01000629.1	GCA_014633975.1	contig	BLEZ01000629.1_IkB-like-1_cnidaria_77eb8d12	GCA_014633975.1	protein	IkB-like-1_cnidaria	542850	542945	219	250	7.4e-07	25.7			
model	hmm	20260917_b5424051	BLEZ01000629.1	GCA_014633975.1	contig	BLEZ01000629.1_IkB-like-1_cnidaria_77eb8d12	GCA_014633975.1	protein	IkB-like-1_cnidaria	543769	543981	251	316	2e-25	86.9			
model	hmm	20260917_b5424051	BLEZ01000629.1	GCA_014633975.1	contig	BLEZ01000629.1_IkB-like-1_cnidaria_77eb8d12	GCA_014633975.1	protein	IkB-like-1_cnidaria	545469	545570	317	350	0.0028	13.9			
model	hmm	20260917_b5424051	BLEZ01000629.1	GCA_014633975.1	contig	BLEZ01000629.1_IkB-like-1_cnidaria_77eb8d12	GCA_014633975.1	protein	IkB-like-1_cnidaria	546548	546739	351	414	2.2e-18	63.7			
model	hmm	20260917_b5424051	BLEZ01000629.1	GCA_014633975.1	contig	BLEZ01000629.1_IkB-like-2_cnidaria_385c15d5	GCA_014633975.1	protein	IkB-like-2_cnidaria	517969	518352	153	285	9.7e-45	150.4			
model	hmm	20260917_b5424051	BLEZ01000629.1	GCA_014633975.1	contig	BLEZ01000629.1_IkB-like-2_cnidaria_385c15d5	GCA_014633975.1	protein	IkB-like-2_cnidaria	518896	519072	286	344	1.3e-20	71.0			
model	hmm	20260917_b5424051	BLEZ01000629.1	GCA_014633975.1	contig	BLEZ01000629.1_IkB-like-2_cnidaria_5a4bf7fa	GCA_014633975.1	protein	IkB-like-2_cnidaria	517969	518352	153	285	9.7e-45	150.4			
model	hmm	20260917_b5424051	BLEZ01000629.1	GCA_014633975.1	contig	BLEZ01000629.1_IkB-like-2_cnidaria_5a4bf7fa	GCA_014633975.1	protein	IkB-like-2_cnidaria	546536	546799	286	373	1.6e-51	172.8			
model	hmm	20260917_b5424051	BLEZ01000629.1	GCA_014633975.1	contig	BLEZ01000629.1_IkB-like-2_cnidaria_0572989b	GCA_014633975.1	protein	IkB-like-2_cnidaria	539683	539943	3	94	4.9e-06	23.0			
model	hmm	20260917_b5424051	BLEZ01000629.1	GCA_014633975.1	contig	BLEZ01000629.1_IkB-like-2_cnidaria_0572989b	GCA_014633975.1	protein	IkB-like-2_cnidaria	539950	540033	124	151	1.1e-07	28.4			
model	hmm	20260917_b5424051	BLEZ01000629.1	GCA_014633975.1	contig	BLEZ01000629.1_IkB-like-2_cnidaria_0572989b	GCA_014633975.1	protein	IkB-like-2_cnidaria	542847	542945	152	184	4.7e-15	52.7			
model	hmm	20260917_b5424051	BLEZ01000629.1	GCA_014633975.1	contig	BLEZ01000629.1_IkB-like-2_cnidaria_0572989b	GCA_014633975.1	protein	IkB-like-2_cnidaria	543769	543984	185	256	1.8e-40	136.4			
model	hmm	20260917_b5424051	BLEZ01000629.1	GCA_014633975.1	contig	BLEZ01000629.1_IkB-like-2_cnidaria_0572989b	GCA_014633975.1	protein	IkB-like-2_cnidaria	545472	545558	257	285	1.4e-11	41.3			
model	hmm	20260917_b5424051	BLEZ01000629.1	GCA_014633975.1	contig	BLEZ01000629.1_IkB-like-2_cnidaria_0572989b	GCA_014633975.1	protein	IkB-like-2_cnidaria	546536	546799	286	373	1.6e-51	172.8			
model	hmm	20260917_b5424051	BLEZ01003045.1	GCA_014633975.1	contig	BLEZ01003045.1_IkBa-like_cnidaria_dbd06efd	GCA_014633975.1	protein	IkBa-like_cnidaria	1160554	1160967	1	136	1.9e-49	165.5			
model	hmm	20260917_b5424051	BLEZ01003045.1	GCA_014633975.1	contig	BLEZ01003045.1_IkBa-like_cnidaria_dbd06efd	GCA_014633975.1	protein	IkBa-like_cnidaria	1161390	1161494	137	171	2.7e-15	53.1			
model	hmm	20260917_b5424051	BLEZ01003045.1	GCA_014633975.1	contig	BLEZ01003045.1_IkBa-like_cnidaria_dbd06efd	GCA_014633975.1	protein	IkBa-like_cnidaria	1161674	1161907	172	249	1.1e-44	149.8			
model	hmm	20260917_b5424051	BLEZ01003045.1	GCA_014633975.1	contig	BLEZ01003045.1_IkBa-like_cnidaria_dbd06efd	GCA_014633975.1	protein	IkBa-like_cnidaria	1162753	1162839	250	278	1.3e-11	41.1			
model	hmm	20260917_b5424051	BLEZ01003045.1	GCA_014633975.1	contig	BLEZ01003045.1_IkBa-like_cnidaria_dbd06efd	GCA_014633975.1	protein	IkBa-like_cnidaria	1163214	1163498	279	373	7.7e-50	166.8			
model	hmm	20260917_b5424051	BLEZ01000629.1	GCA_014633975.1	contig	BLEZ01000629.1_IkBa-like_cnidaria_056634c8	GCA_014633975.1	protein	IkBa-like_cnidaria	517966	518352	137	278	4.8e-38	128.1			
model	hmm	20260917_b5424051	BLEZ01000629.1	GCA_014633975.1	contig	BLEZ01000629.1_IkBa-like_cnidaria_056634c8	GCA_014633975.1	protein	IkBa-like_cnidaria	546536	546793	279	365	2e-22	76.7			
model	hmm	20260917_b5424051	BLEZ01000773.1	GCA_014633975.1	contig	BLEZ01000773.1_p105-like_cnidaria_c43d54bd	GCA_014633975.1	protein	p105-like_cnidaria	447862	447984	1	41	2.7e-19	65.7			
model	hmm	20260917_b5424051	BLEZ01000773.1	GCA_014633975.1	contig	BLEZ01000773.1_p105-like_cnidaria_c43d54bd	GCA_014633975.1	protein	p105-like_cnidaria	448697	448729	42	52	0.0023	12.9			
model	hmm	20260917_b5424051	BLEZ01000773.1	GCA_014633975.1	contig	BLEZ01000773.1_p105-like_cnidaria_c43d54bd	GCA_014633975.1	protein	p105-like_cnidaria	449239	449490	53	136	1e-59	199.5			
model	hmm	20260917_b5424051	BLEZ01000773.1	GCA_014633975.1	contig	BLEZ01000773.1_p105-like_cnidaria_c43d54bd	GCA_014633975.1	protein	p105-like_cnidaria	450039	450251	137	208	1.4e-29	99.7			
model	hmm	20260917_b5424051	BLEZ01000773.1	GCA_014633975.1	contig	BLEZ01000773.1_p105-like_cnidaria_c43d54bd	GCA_014633975.1	protein	p105-like_cnidaria	450744	450902	209	261	1.2e-28	96.6			
model	hmm	20260917_b5424051	BLEZ01000773.1	GCA_014633975.1	contig	BLEZ01000773.1_p105-like_cnidaria_c43d54bd	GCA_014633975.1	protein	p105-like_cnidaria	451316	451420	262	296	2.6e-21	72.3			
model	hmm	20260917_b5424051	BLEZ01000773.1	GCA_014633975.1	contig	BLEZ01000773.1_p105-like_cnidaria_c43d54bd	GCA_014633975.1	protein	p105-like_cnidaria	452723	452818	297	329	1.2e-13	47.0			
model	hmm	20260917_b5424051	BLEZ01000773.1	GCA_014633975.1	contig	BLEZ01000773.1_p105-like_cnidaria_c43d54bd	GCA_014633975.1	protein	p105-like_cnidaria	453933	454070	330	375	6.3e-29	97.6			
model	hmm	20260917_b5424051	BLEZ01000773.1	GCA_014633975.1	contig	BLEZ01000773.1_p105-like_cnidaria_c43d54bd	GCA_014633975.1	protein	p105-like_cnidaria	454842	455039	376	440	5.9e-29	97.6			
model	hmm	20260917_b5424051	BLEZ01000773.1	GCA_014633975.1	contig	BLEZ01000773.1_p105-like_cnidaria_c43d54bd	GCA_014633975.1	protein	p105-like_cnidaria	458395	458538	467	514	3e-22	75.4			
model	hmm	20260917_b5424051	BLEZ01000773.1	GCA_014633975.1	contig	BLEZ01000773.1_p105-like_cnidaria_c43d54bd	GCA_014633975.1	protein	p105-like_cnidaria	459127	459234	515	550	2.5e-20	69.1			
model	hmm	20260917_b5424051	BLEZ01000773.1	GCA_014633975.1	contig	BLEZ01000773.1_p105-like_cnidaria_c43d54bd	GCA_014633975.1	protein	p105-like_cnidaria	459508	459711	551	618	5.2e-41	137.5			
model	hmm	20260917_b5424051	BLEZ01000773.1	GCA_014633975.1	contig	BLEZ01000773.1_p105-like_cnidaria_c43d54bd	GCA_014633975.1	protein	p105-like_cnidaria	460716	460805	619	648	7.8e-13	44.3			
model	hmm	20260917_b5424051	BLEZ01000773.1	GCA_014633975.1	contig	BLEZ01000773.1_p105-like_cnidaria_c43d54bd	GCA_014633975.1	protein	p105-like_cnidaria	460895	460975	649	675	1.4e-12	43.5			
model	hmm	20260917_b5424051	BLEZ01000773.1	GCA_014633975.1	contig	BLEZ01000773.1_p105-like_cnidaria_c43d54bd	GCA_014633975.1	protein	p105-like_cnidaria	461441	461608	676	731	5.3e-33	111.0			
model	hmm	20260917_b5424051	BLEZ01000773.1	GCA_014633975.1	contig	BLEZ01000773.1_p105-like_cnidaria_c43d54bd	GCA_014633975.1	protein	p105-like_cnidaria	462472	462525	732	749	0.021	9.8			
model	hmm	20260917_b5424051	BLEZ01000773.1	GCA_014633975.1	contig	BLEZ01000773.1_p105-like_cnidaria_c43d54bd	GCA_014633975.1	protein	p105-like_cnidaria	463123	463299	760	818	1.5e-25	86.4			
model	hmm	20260917_b5424051	BLEZ01000773.1	GCA_014633975.1	contig	BLEZ01000773.1_p105-like_cnidaria_c43d54bd	GCA_014633975.1	protein	p105-like_cnidaria	464190	464342	819	866	4e-20	68.4			
model	hmm	20260917_b5424051	BLEZ01000773.1	GCA_014633975.1	contig	BLEZ01000773.1_p105-like_cnidaria_c43d54bd	GCA_014633975.1	protein	p105-like_cnidaria	464635	464766	867	910	8.3e-09	31.0			
model	hmm	20260917_b5424051	BLEZ01000629.1	GCA_014633975.1	contig	BLEZ01000629.1_p105-like_cnidaria_7c0a1676	GCA_014633975.1	protein	p105-like_cnidaria	517966	518352	515	647	1.8e-28	95.8			
model	hmm	20260917_b5424051	BLEZ01000629.1	GCA_014633975.1	contig	BLEZ01000629.1_p105-like_cnidaria_7c0a1676	GCA_014633975.1	protein	p105-like_cnidaria	546536	546763	648	724	1.7e-14	49.6			
model	hmm	20260917_b5424051	BLEZ01000629.1	GCA_014633975.1	contig	BLEZ01000629.1_p105-like_cnidaria_106c7b10	GCA_014633975.1	protein	p105-like_cnidaria	543769	543984	551	618	1e-17	60.3			
model	hmm	20260917_b5424051	BLEZ01000629.1	GCA_014633975.1	contig	BLEZ01000629.1_p105-like_cnidaria_106c7b10	GCA_014633975.1	protein	p105-like_cnidaria	545472	545558	619	647	0.001	13.9			
model	hmm	20260917_b5424051	BLEZ01000629.1	GCA_014633975.1	contig	BLEZ01000629.1_p105-like_cnidaria_106c7b10	GCA_014633975.1	protein	p105-like_cnidaria	546536	546763	648	724	1.7e-14	49.6			
model	hmm	20260917_b5424051	BLEZ01003045.1	GCA_014633975.1	contig	BLEZ01003045.1_p105-like_cnidaria_8aba4300	GCA_014633975.1	protein	p105-like_cnidaria	1161387	1161497	514	552	0.022	9.4			
model	hmm	20260917_b5424051	BLEZ01003045.1	GCA_014633975.1	contig	BLEZ01003045.1_p105-like_cnidaria_8aba4300	GCA_014633975.1	protein	p105-like_cnidaria	1161677	1161832	553	604	1e-14	50.2			
model	hmm	20260917_b5424051	BLEZ01003045.1	GCA_014633975.1	contig	BLEZ01003045.1_p105-like_cnidaria_8aba4300	GCA_014633975.1	protein	p105-like_cnidaria	1162747	1162839	617	647	0.026	9.1			
model	hmm	20260917_b5424051	BLEZ01003045.1	GCA_014633975.1	contig	BLEZ01003045.1_p105-like_cnidaria_8aba4300	GCA_014633975.1	protein	p105-like_cnidaria	1163214	1163468	648	732	3.9e-26	88.0			
model	hmm	20260917_b5424051	BLEZ01000629.1	GCA_014633975.1	contig	BLEZ01000629.1_IkB-like-1_cnidaria_01b137d4	GCA_014633975.1	protein	IkB-like-1_cnidaria	514093	514551	14	171	2.5e-36	122.8			
model	hmm	20260917_b5424051	BLEZ01000629.1	GCA_014633975.1	contig	BLEZ01000629.1_IkB-like-1_cnidaria_01b137d4	GCA_014633975.1	protein	IkB-like-1_cnidaria	517234	517347	173	217	4.1e-15	52.9			
model	hmm	20260917_b5424051	BLEZ01000629.1	GCA_014633975.1	contig	BLEZ01000629.1_IkB-like-1_cnidaria_01b137d4	GCA_014633975.1	protein	IkB-like-1_cnidaria	517966	518355	218	347	7.5e-82	272.9			
model	hmm	20260917_b5424051	BLEZ01000629.1	GCA_014633975.1	contig	BLEZ01000629.1_IkB-like-1_cnidaria_01b137d4	GCA_014633975.1	protein	IkB-like-1_cnidaria	518899	519111	348	418	5.3e-36	121.8			
model	hmm	20260917_b5424051	BLEZ01000629.1	GCA_014633975.1	contig	BLEZ01000629.1_IkB-like-1_cnidaria_77eb8d12	GCA_014633975.1	protein	IkB-like-1_cnidaria	542850	542945	219	250	7.4e-07	25.7			
model	hmm	20260917_b5424051	BLEZ01000629.1	GCA_014633975.1	contig	BLEZ01000629.1_IkB-like-1_cnidaria_77eb8d12	GCA_014633975.1	protein	IkB-like-1_cnidaria	543769	543981	251	316	2e-25	86.9			
model	hmm	20260917_b5424051	BLEZ01000629.1	GCA_014633975.1	contig	BLEZ01000629.1_IkB-like-1_cnidaria_77eb8d12	GCA_014633975.1	protein	IkB-like-1_cnidaria	545469	545570	317	350	0.0028	13.9			
model	hmm	20260917_b5424051	BLEZ01000629.1	GCA_014633975.1	contig	BLEZ01000629.1_IkB-like-1_cnidaria_77eb8d12	GCA_014633975.1	protein	IkB-like-1_cnidaria	546548	546739	351	414	2.2e-18	63.7			
model	hmm	20260917_b5424051	BLEZ01000629.1	GCA_014633975.1	contig	BLEZ01000629.1_IkB-like-2_cnidaria_385c15d5	GCA_014633975.1	protein	IkB-like-2_cnidaria	517969	518352	153	285	9.7e-45	150.4			
model	hmm	20260917_b5424051	BLEZ01000629.1	GCA_014633975.1	contig	BLEZ01000629.1_IkB-like-2_cnidaria_385c15d5	GCA_014633975.1	protein	IkB-like-2_cnidaria	518896	519072	286	344	1.3e-20	71.0			
model	hmm	20260917_b5424051	BLEZ01000629.1	GCA_014633975.1	contig	BLEZ01000629.1_IkB-like-2_cnidaria_5a4bf7fa	GCA_014633975.1	protein	IkB-like-2_cnidaria	517969	518352	153	285	9.7e-45	150.4			
model	hmm	20260917_b5424051	BLEZ01000629.1	GCA_014633975.1	contig	BLEZ01000629.1_IkB-like-2_cnidaria_5a4bf7fa	GCA_014633975.1	protein	IkB-like-2_cnidaria	546536	546799	286	373	1.6e-51	172.8			
model	hmm	20260917_b5424051	BLEZ01000629.1	GCA_014633975.1	contig	BLEZ01000629.1_IkB-like-2_cnidaria_0572989b	GCA_014633975.1	protein	IkB-like-2_cnidaria	539683	539943	3	94	4.9e-06	23.0			
model	hmm	20260917_b5424051	BLEZ01000629.1	GCA_014633975.1	contig	BLEZ01000629.1_IkB-like-2_cnidaria_0572989b	GCA_014633975.1	protein	IkB-like-2_cnidaria	539950	540033	124	151	1.1e-07	28.4			
model	hmm	20260917_b5424051	BLEZ01000629.1	GCA_014633975.1	contig	BLEZ01000629.1_IkB-like-2_cnidaria_0572989b	GCA_014633975.1	protein	IkB-like-2_cnidaria	542847	542945	152	184	4.7e-15	52.7			
model	hmm	20260917_b5424051	BLEZ01000629.1	GCA_014633975.1	contig	BLEZ01000629.1_IkB-like-2_cnidaria_0572989b	GCA_014633975.1	protein	IkB-like-2_cnidaria	543769	543984	185	256	1.8e-40	136.4			
model	hmm	20260917_b5424051	BLEZ01000629.1	GCA_014633975.1	contig	BLEZ01000629.1_IkB-like-2_cnidaria_0572989b	GCA_014633975.1	protein	IkB-like-2_cnidaria	545472	545558	257	285	1.4e-11	41.3			
model	hmm	20260917_b5424051	BLEZ01000629.1	GCA_014633975.1	contig	BLEZ01000629.1_IkB-like-2_cnidaria_0572989b	GCA_014633975.1	protein	IkB-like-2_cnidaria	546536	546799	286	373	1.6e-51	172.8			
model	hmm	20260917_b5424051	BLEZ01003045.1	GCA_014633975.1	contig	BLEZ01003045.1_IkBa-like_cnidaria_dbd06efd	GCA_014633975.1	protein	IkBa-like_cnidaria	1160554	1160967	1	136	1.9e-49	165.5			
model	hmm	20260917_b5424051	BLEZ01003045.1	GCA_014633975.1	contig	BLEZ01003045.1_IkBa-like_cnidaria_dbd06efd	GCA_014633975.1	protein	IkBa-like_cnidaria	1161390	1161494	137	171	2.7e-15	53.1			
model	hmm	20260917_b5424051	BLEZ01003045.1	GCA_014633975.1	contig	BLEZ01003045.1_IkBa-like_cnidaria_dbd06efd	GCA_014633975.1	protein	IkBa-like_cnidaria	1161674	1161907	172	249	1.1e-44	149.8			
model	hmm	20260917_b5424051	BLEZ01003045.1	GCA_014633975.1	contig	BLEZ01003045.1_IkBa-like_cnidaria_dbd06efd	GCA_014633975.1	protein	IkBa-like_cnidaria	1162753	1162839	250	278	1.3e-11	41.1			
model	hmm	20260917_b5424051	BLEZ01003045.1	GCA_014633975.1	contig	BLEZ01003045.1_IkBa-like_cnidaria_dbd06efd	GCA_014633975.1	protein	IkBa-like_cnidaria	1163214	1163498	279	373	7.7e-50	166.8			
model	hmm	20260917_b5424051	BLEZ01000629.1	GCA_014633975.1	contig	BLEZ01000629.1_IkBa-like_cnidaria_056634c8	GCA_014633975.1	protein	IkBa-like_cnidaria	517966	518352	137	278	4.8e-38	128.1			
model	hmm	20260917_b5424051	BLEZ01000629.1	GCA_014633975.1	contig	BLEZ01000629.1_IkBa-like_cnidaria_056634c8	GCA_014633975.1	protein	IkBa-like_cnidaria	546536	546793	279	365	2e-22	76.7			
model	hmm	20260917_b5424051	BLFE01006569.1	GCA_014634605.1	contig	BLFE01006569.1_p105-like_cnidaria_aa59d0aa	GCA_014634605.1	protein	p105-like_cnidaria	197875	197997	1	41	2.6e-19	65.7			
model	hmm	20260917_b5424051	BLFE01006569.1	GCA_014634605.1	contig	BLFE01006569.1_p105-like_cnidaria_aa59d0aa	GCA_014634605.1	protein	p105-like_cnidaria	198709	198741	42	52	0.0022	13.0			
model	hmm	20260917_b5424051	BLFE01006569.1	GCA_014634605.1	contig	BLFE01006569.1_p105-like_cnidaria_aa59d0aa	GCA_014634605.1	protein	p105-like_cnidaria	199250	199501	53	136	9.5e-60	199.5			
model	hmm	20260917_b5424051	BLFE01006569.1	GCA_014634605.1	contig	BLFE01006569.1_p105-like_cnidaria_aa59d0aa	GCA_014634605.1	protein	p105-like_cnidaria	200045	200257	137	208	2.8e-30	102.0			
model	hmm	20260917_b5424051	BLFE01006569.1	GCA_014634605.1	contig	BLFE01006569.1_p105-like_cnidaria_aa59d0aa	GCA_014634605.1	protein	p105-like_cnidaria	200818	200976	209	261	8.2e-30	100.4			
model	hmm	20260917_b5424051	BLFE01006569.1	GCA_014634605.1	contig	BLFE01006569.1_p105-like_cnidaria_aa59d0aa	GCA_014634605.1	protein	p105-like_cnidaria	201388	201492	262	296	2.7e-21	72.3			
model	hmm	20260917_b5424051	BLFE01006569.1	GCA_014634605.1	contig	BLFE01006569.1_p105-like_cnidaria_aa59d0aa	GCA_014634605.1	protein	p105-like_cnidaria	202471	202566	297	329	3.3e-13	45.5			
model	hmm	20260917_b5424051	BLFE01006569.1	GCA_014634605.1	contig	BLFE01006569.1_p105-like_cnidaria_aa59d0aa	GCA_014634605.1	protein	p105-like_cnidaria	203688	203825	330	375	1.6e-29	99.5			
model	hmm	20260917_b5424051	BLFE01006569.1	GCA_014634605.1	contig	BLFE01006569.1_p105-like_cnidaria_aa59d0aa	GCA_014634605.1	protein	p105-like_cnidaria	204556	204753	376	440	5.3e-29	97.8			
model	hmm	20260917_b5424051	BLFE01006569.1	GCA_014634605.1	contig	BLFE01006569.1_p105-like_cnidaria_aa59d0aa	GCA_014634605.1	protein	p105-like_cnidaria	208550	208693	467	514	1.8e-22	76.2			
model	hmm	20260917_b5424051	BLFE01006569.1	GCA_014634605.1	contig	BLFE01006569.1_p105-like_cnidaria_aa59d0aa	GCA_014634605.1	protein	p105-like_cnidaria	210090	210197	515	550	1.2e-19	66.8			
model	hmm	20260917_b5424051	BLFE01006569.1	GCA_014634605.1	contig	BLFE01006569.1_p105-like_cnidaria_aa59d0aa	GCA_014634605.1	protein	p105-like_cnidaria	210328	210531	551	618	5.3e-40	134.2			
model	hmm	20260917_b5424051	BLFE01006569.1	GCA_014634605.1	contig	BLFE01006569.1_p105-like_cnidaria_aa59d0aa	GCA_014634605.1	protein	p105-like_cnidaria	211552	211641	619	648	2e-12	42.9			
model	hmm	20260917_b5424051	BLFE01006569.1	GCA_014634605.1	contig	BLFE01006569.1_p105-like_cnidaria_aa59d0aa	GCA_014634605.1	protein	p105-like_cnidaria	211731	211811	649	675	1.5e-12	43.3			
model	hmm	20260917_b5424051	BLFE01006569.1	GCA_014634605.1	contig	BLFE01006569.1_p105-like_cnidaria_aa59d0aa	GCA_014634605.1	protein	p105-like_cnidaria	212279	212446	676	731	4e-33	111.4			
model	hmm	20260917_b5424051	BLFE01006569.1	GCA_014634605.1	contig	BLFE01006569.1_p105-like_cnidaria_aa59d0aa	GCA_014634605.1	protein	p105-like_cnidaria	213321	213395	732	755	0.019	9.9			
model	hmm	20260917_b5424051	BLFE01006569.1	GCA_014634605.1	contig	BLFE01006569.1_p105-like_cnidaria_aa59d0aa	GCA_014634605.1	protein	p105-like_cnidaria	213988	214164	760	818	7e-26	87.4			
model	hmm	20260917_b5424051	BLFE01006569.1	GCA_014634605.1	contig	BLFE01006569.1_p105-like_cnidaria_aa59d0aa	GCA_014634605.1	protein	p105-like_cnidaria	215069	215227	819	868	3.7e-20	68.5			
model	hmm	20260917_b5424051	BLFE01006569.1	GCA_014634605.1	contig	BLFE01006569.1_p105-like_cnidaria_aa59d0aa	GCA_014634605.1	protein	p105-like_cnidaria	215513	215635	870	910	3.9e-08	28.7			
model	hmm	20260917_b5424051	BLFE01004004.1	GCA_014634605.1	contig	BLFE01004004.1_p105-like_cnidaria_d854ff8d	GCA_014634605.1	protein	p105-like_cnidaria	250461	250240	551	618	7.4e-18	60.5			
model	hmm	20260917_b5424051	BLFE01004004.1	GCA_014634605.1	contig	BLFE01004004.1_p105-like_cnidaria_d854ff8d	GCA_014634605.1	protein	p105-like_cnidaria	248776	248648	619	647	0.00027	15.6			
model	hmm	20260917_b5424051	BLFE01004004.1	GCA_014634605.1	contig	BLFE01004004.1_p105-like_cnidaria_d854ff8d	GCA_014634605.1	protein	p105-like_cnidaria	248159	247899	648	735	1.2e-14	49.9			
model	hmm	20260917_b5424051	BLFE01004004.1	GCA_014634605.1	contig	BLFE01004004.1_IkB-like-1_cnidaria_237d3d89	GCA_014634605.1	protein	IkB-like-1_cnidaria	251917	251810	219	250	6.2e-07	25.7			
model	hmm	20260917_b5424051	BLFE01004004.1	GCA_014634605.1	contig	BLFE01004004.1_IkB-like-1_cnidaria_237d3d89	GCA_014634605.1	protein	IkB-like-1_cnidaria	250461	250237	251	316	1.6e-25	87.0			
model	hmm	20260917_b5424051	BLFE01004004.1	GCA_014634605.1	contig	BLFE01004004.1_IkB-like-1_cnidaria_237d3d89	GCA_014634605.1	protein	IkB-like-1_cnidaria	248767	248660	317	350	0.00063	15.8			
model	hmm	20260917_b5424051	BLFE01004004.1	GCA_014634605.1	contig	BLFE01004004.1_IkB-like-1_cnidaria_237d3d89	GCA_014634605.1	protein	IkB-like-1_cnidaria	248171	247956	351	414	2.8e-18	63.1			
model	hmm	20260917_b5424051	BLFE01004004.1	GCA_014634605.1	contig	BLFE01004004.1_IkB-like-1_cnidaria_d30b3adf	GCA_014634605.1	protein	IkB-like-1_cnidaria	284749	284288	13	171	1e-35	120.7			
model	hmm	20260917_b5424051	BLFE01004004.1	GCA_014634605.1	contig	BLFE01004004.1_IkB-like-1_cnidaria_d30b3adf	GCA_014634605.1	protein	IkB-like-1_cnidaria	281979	281866	173	217	3.7e-15	52.9			
model	hmm	20260917_b5424051	BLFE01004004.1	GCA_014634605.1	contig	BLFE01004004.1_IkB-like-1_cnidaria_d30b3adf	GCA_014634605.1	protein	IkB-like-1_cnidaria	281316	280927	218	347	3e-81	270.7			
model	hmm	20260917_b5424051	BLFE01004004.1	GCA_014634605.1	contig	BLFE01004004.1_IkB-like-1_cnidaria_d30b3adf	GCA_014634605.1	protein	IkB-like-1_cnidaria	280392	280174	348	418	1.6e-35	120.0			
model	hmm	20260917_b5424051	BLFE01004004.1	GCA_014634605.1	contig	BLFE01004004.1_IkB-like-2_cnidaria_73e285fc	GCA_014634605.1	protein	IkB-like-2_cnidaria	281313	280924	153	285	2.1e-44	149.1			
model	hmm	20260917_b5424051	BLFE01004004.1	GCA_014634605.1	contig	BLFE01004004.1_IkB-like-2_cnidaria_73e285fc	GCA_014634605.1	protein	IkB-like-2_cnidaria	248159	247890	286	375	4.5e-52	174.3			
model	hmm	20260917_b5424051	BLFE01004004.1	GCA_014634605.1	contig	BLFE01004004.1_IkB-like-2_cnidaria_bb7b20e5	GCA_014634605.1	protein	IkB-like-2_cnidaria	254155	253910	3	89	2.5e-05	20.4			
model	hmm	20260917_b5424051	BLFE01004004.1	GCA_014634605.1	contig	BLFE01004004.1_IkB-like-2_cnidaria_bb7b20e5	GCA_014634605.1	protein	IkB-like-2_cnidaria	253897	253808	122	151	2.3e-08	30.5			
model	hmm	20260917_b5424051	BLFE01004004.1	GCA_014634605.1	contig	BLFE01004004.1_IkB-like-2_cnidaria_bb7b20e5	GCA_014634605.1	protein	IkB-like-2_cnidaria	251920	251816	152	184	4e-15	52.7			
model	hmm	20260917_b5424051	BLFE01004004.1	GCA_014634605.1	contig	BLFE01004004.1_IkB-like-2_cnidaria_bb7b20e5	GCA_014634605.1	protein	IkB-like-2_cnidaria	250461	250240	185	256	7.3e-41	137.4			
model	hmm	20260917_b5424051	BLFE01004004.1	GCA_014634605.1	contig	BLFE01004004.1_IkB-like-2_cnidaria_bb7b20e5	GCA_014634605.1	protein	IkB-like-2_cnidaria	248770	248654	257	285	5.4e-12	42.4			
model	hmm	20260917_b5424051	BLFE01004004.1	GCA_014634605.1	contig	BLFE01004004.1_IkB-like-2_cnidaria_bb7b20e5	GCA_014634605.1	protein	IkB-like-2_cnidaria	248159	247890	286	375	4.5e-52	174.3			
model	hmm	20260917_b5424051	BLFE01000447.1	GCA_014634605.1	contig	BLFE01000447.1_IkBa-like_cnidaria_12d513b1	GCA_014634605.1	protein	IkBa-like_cnidaria	26489	26076	1	136	7.5e-48	160.2			
model	hmm	20260917_b5424051	BLFE01000447.1	GCA_014634605.1	contig	BLFE01000447.1_IkBa-like_cnidaria_12d513b1	GCA_014634605.1	protein	IkBa-like_cnidaria	25654	25544	137	171	1.3e-14	50.8			
model	hmm	20260917_b5424051	BLFE01000447.1	GCA_014634605.1	contig	BLFE01000447.1_IkBa-like_cnidaria_12d513b1	GCA_014634605.1	protein	IkBa-like_cnidaria	25370	25131	172	249	1e-42	143.3			
model	hmm	20260917_b5424051	BLFE01000447.1	GCA_014634605.1	contig	BLFE01000447.1_IkBa-like_cnidaria_12d513b1	GCA_014634605.1	protein	IkBa-like_cnidaria	24292	24194	250	278	7.2e-11	38.5			
model	hmm	20260917_b5424051	BLFE01000447.1	GCA_014634605.1	contig	BLFE01000447.1_IkBa-like_cnidaria_12d513b1	GCA_014634605.1	protein	IkBa-like_cnidaria	23828	23544	279	373	3.1e-49	164.7			
model	hmm	20260917_b5424051	BLFE01006569.1	GCA_014634605.1	contig	BLFE01006569.1_p105-like_cnidaria_aa59d0aa	GCA_014634605.1	protein	p105-like_cnidaria	197875	197997	1	41	2.6e-19	65.7			
model	hmm	20260917_b5424051	BLFE01006569.1	GCA_014634605.1	contig	BLFE01006569.1_p105-like_cnidaria_aa59d0aa	GCA_014634605.1	protein	p105-like_cnidaria	198709	198741	42	52	0.0022	13.0			
model	hmm	20260917_b5424051	BLFE01006569.1	GCA_014634605.1	contig	BLFE01006569.1_p105-like_cnidaria_aa59d0aa	GCA_014634605.1	protein	p105-like_cnidaria	199250	199501	53	136	9.5e-60	199.5			
model	hmm	20260917_b5424051	BLFE01006569.1	GCA_014634605.1	contig	BLFE01006569.1_p105-like_cnidaria_aa59d0aa	GCA_014634605.1	protein	p105-like_cnidaria	200045	200257	137	208	2.8e-30	102.0			
model	hmm	20260917_b5424051	BLFE01006569.1	GCA_014634605.1	contig	BLFE01006569.1_p105-like_cnidaria_aa59d0aa	GCA_014634605.1	protein	p105-like_cnidaria	200818	200976	209	261	8.2e-30	100.4			
model	hmm	20260917_b5424051	BLFE01006569.1	GCA_014634605.1	contig	BLFE01006569.1_p105-like_cnidaria_aa59d0aa	GCA_014634605.1	protein	p105-like_cnidaria	201388	201492	262	296	2.7e-21	72.3			
model	hmm	20260917_b5424051	BLFE01006569.1	GCA_014634605.1	contig	BLFE01006569.1_p105-like_cnidaria_aa59d0aa	GCA_014634605.1	protein	p105-like_cnidaria	202471	202566	297	329	3.3e-13	45.5			
model	hmm	20260917_b5424051	BLFE01006569.1	GCA_014634605.1	contig	BLFE01006569.1_p105-like_cnidaria_aa59d0aa	GCA_014634605.1	protein	p105-like_cnidaria	203688	203825	330	375	1.6e-29	99.5			
model	hmm	20260917_b5424051	BLFE01006569.1	GCA_014634605.1	contig	BLFE01006569.1_p105-like_cnidaria_aa59d0aa	GCA_014634605.1	protein	p105-like_cnidaria	204556	204753	376	440	5.3e-29	97.8			
model	hmm	20260917_b5424051	BLFE01006569.1	GCA_014634605.1	contig	BLFE01006569.1_p105-like_cnidaria_aa59d0aa	GCA_014634605.1	protein	p105-like_cnidaria	208550	208693	467	514	1.8e-22	76.2			
model	hmm	20260917_b5424051	BLFE01006569.1	GCA_014634605.1	contig	BLFE01006569.1_p105-like_cnidaria_aa59d0aa	GCA_014634605.1	protein	p105-like_cnidaria	210090	210197	515	550	1.2e-19	66.8			
model	hmm	20260917_b5424051	BLFE01006569.1	GCA_014634605.1	contig	BLFE01006569.1_p105-like_cnidaria_aa59d0aa	GCA_014634605.1	protein	p105-like_cnidaria	210328	210531	551	618	5.3e-40	134.2			
model	hmm	20260917_b5424051	BLFE01006569.1	GCA_014634605.1	contig	BLFE01006569.1_p105-like_cnidaria_aa59d0aa	GCA_014634605.1	protein	p105-like_cnidaria	211552	211641	619	648	2e-12	42.9			
model	hmm	20260917_b5424051	BLFE01006569.1	GCA_014634605.1	contig	BLFE01006569.1_p105-like_cnidaria_aa59d0aa	GCA_014634605.1	protein	p105-like_cnidaria	211731	211811	649	675	1.5e-12	43.3			
model	hmm	20260917_b5424051	BLFE01006569.1	GCA_014634605.1	contig	BLFE01006569.1_p105-like_cnidaria_aa59d0aa	GCA_014634605.1	protein	p105-like_cnidaria	212279	212446	676	731	4e-33	111.4			
model	hmm	20260917_b5424051	BLFE01006569.1	GCA_014634605.1	contig	BLFE01006569.1_p105-like_cnidaria_aa59d0aa	GCA_014634605.1	protein	p105-like_cnidaria	213321	213395	732	755	0.019	9.9			
model	hmm	20260917_b5424051	BLFE01006569.1	GCA_014634605.1	contig	BLFE01006569.1_p105-like_cnidaria_aa59d0aa	GCA_014634605.1	protein	p105-like_cnidaria	213988	214164	760	818	7e-26	87.4			
model	hmm	20260917_b5424051	BLFE01006569.1	GCA_014634605.1	contig	BLFE01006569.1_p105-like_cnidaria_aa59d0aa	GCA_014634605.1	protein	p105-like_cnidaria	215069	215227	819	868	3.7e-20	68.5			
model	hmm	20260917_b5424051	BLFE01006569.1	GCA_014634605.1	contig	BLFE01006569.1_p105-like_cnidaria_aa59d0aa	GCA_014634605.1	protein	p105-like_cnidaria	215513	215635	870	910	3.9e-08	28.7			
model	hmm	20260917_b5424051	BLFE01004004.1	GCA_014634605.1	contig	BLFE01004004.1_p105-like_cnidaria_d854ff8d	GCA_014634605.1	protein	p105-like_cnidaria	250461	250240	551	618	7.4e-18	60.5			
model	hmm	20260917_b5424051	BLFE01004004.1	GCA_014634605.1	contig	BLFE01004004.1_p105-like_cnidaria_d854ff8d	GCA_014634605.1	protein	p105-like_cnidaria	248776	248648	619	647	0.00027	15.6			
model	hmm	20260917_b5424051	BLFE01004004.1	GCA_014634605.1	contig	BLFE01004004.1_p105-like_cnidaria_d854ff8d	GCA_014634605.1	protein	p105-like_cnidaria	248159	247899	648	735	1.2e-14	49.9			
model	hmm	20260917_b5424051	BLFE01004004.1	GCA_014634605.1	contig	BLFE01004004.1_IkB-like-1_cnidaria_237d3d89	GCA_014634605.1	protein	IkB-like-1_cnidaria	251917	251810	219	250	6.2e-07	25.7			
model	hmm	20260917_b5424051	BLFE01004004.1	GCA_014634605.1	contig	BLFE01004004.1_IkB-like-1_cnidaria_237d3d89	GCA_014634605.1	protein	IkB-like-1_cnidaria	250461	250237	251	316	1.6e-25	87.0			
model	hmm	20260917_b5424051	BLFE01004004.1	GCA_014634605.1	contig	BLFE01004004.1_IkB-like-1_cnidaria_237d3d89	GCA_014634605.1	protein	IkB-like-1_cnidaria	248767	248660	317	350	0.00063	15.8			
model	hmm	20260917_b5424051	BLFE01004004.1	GCA_014634605.1	contig	BLFE01004004.1_IkB-like-1_cnidaria_237d3d89	GCA_014634605.1	protein	IkB-like-1_cnidaria	248171	247956	351	414	2.8e-18	63.1			
model	hmm	20260917_b5424051	BLFE01004004.1	GCA_014634605.1	contig	BLFE01004004.1_IkB-like-1_cnidaria_d30b3adf	GCA_014634605.1	protein	IkB-like-1_cnidaria	284749	284288	13	171	1e-35	120.7			
model	hmm	20260917_b5424051	BLFE01004004.1	GCA_014634605.1	contig	BLFE01004004.1_IkB-like-1_cnidaria_d30b3adf	GCA_014634605.1	protein	IkB-like-1_cnidaria	281979	281866	173	217	3.7e-15	52.9			
model	hmm	20260917_b5424051	BLFE01004004.1	GCA_014634605.1	contig	BLFE01004004.1_IkB-like-1_cnidaria_d30b3adf	GCA_014634605.1	protein	IkB-like-1_cnidaria	281316	280927	218	347	3e-81	270.7			
model	hmm	20260917_b5424051	BLFE01004004.1	GCA_014634605.1	contig	BLFE01004004.1_IkB-like-1_cnidaria_d30b3adf	GCA_014634605.1	protein	IkB-like-1_cnidaria	280392	280174	348	418	1.6e-35	120.0			
model	hmm	20260917_b5424051	BLFE01004004.1	GCA_014634605.1	contig	BLFE01004004.1_IkB-like-2_cnidaria_73e285fc	GCA_014634605.1	protein	IkB-like-2_cnidaria	281313	280924	153	285	2.1e-44	149.1			
model	hmm	20260917_b5424051	BLFE01004004.1	GCA_014634605.1	contig	BLFE01004004.1_IkB-like-2_cnidaria_73e285fc	GCA_014634605.1	protein	IkB-like-2_cnidaria	248159	247890	286	375	4.5e-52	174.3			
model	hmm	20260917_b5424051	BLFE01004004.1	GCA_014634605.1	contig	BLFE01004004.1_IkB-like-2_cnidaria_bb7b20e5	GCA_014634605.1	protein	IkB-like-2_cnidaria	254155	253910	3	89	2.5e-05	20.4			
model	hmm	20260917_b5424051	BLFE01004004.1	GCA_014634605.1	contig	BLFE01004004.1_IkB-like-2_cnidaria_bb7b20e5	GCA_014634605.1	protein	IkB-like-2_cnidaria	253897	253808	122	151	2.3e-08	30.5			
model	hmm	20260917_b5424051	BLFE01004004.1	GCA_014634605.1	contig	BLFE01004004.1_IkB-like-2_cnidaria_bb7b20e5	GCA_014634605.1	protein	IkB-like-2_cnidaria	251920	251816	152	184	4e-15	52.7			
model	hmm	20260917_b5424051	BLFE01004004.1	GCA_014634605.1	contig	BLFE01004004.1_IkB-like-2_cnidaria_bb7b20e5	GCA_014634605.1	protein	IkB-like-2_cnidaria	250461	250240	185	256	7.3e-41	137.4			
model	hmm	20260917_b5424051	BLFE01004004.1	GCA_014634605.1	contig	BLFE01004004.1_IkB-like-2_cnidaria_bb7b20e5	GCA_014634605.1	protein	IkB-like-2_cnidaria	248770	248654	257	285	5.4e-12	42.4			
model	hmm	20260917_b5424051	BLFE01004004.1	GCA_014634605.1	contig	BLFE01004004.1_IkB-like-2_cnidaria_bb7b20e5	GCA_014634605.1	protein	IkB-like-2_cnidaria	248159	247890	286	375	4.5e-52	174.3			
model	hmm	20260917_b5424051	BLFE01000447.1	GCA_014634605.1	contig	BLFE01000447.1_IkBa-like_cnidaria_12d513b1	GCA_014634605.1	protein	IkBa-like_cnidaria	26489	26076	1	136	7.5e-48	160.2			
model	hmm	20260917_b5424051	BLFE01000447.1	GCA_014634605.1	contig	BLFE01000447.1_IkBa-like_cnidaria_12d513b1	GCA_014634605.1	protein	IkBa-like_cnidaria	25654	25544	137	171	1.3e-14	50.8			
model	hmm	20260917_b5424051	BLFE01000447.1	GCA_014634605.1	contig	BLFE01000447.1_IkBa-like_cnidaria_12d513b1	GCA_014634605.1	protein	IkBa-like_cnidaria	25370	25131	172	249	1e-42	143.3			
model	hmm	20260917_b5424051	BLFE01000447.1	GCA_014634605.1	contig	BLFE01000447.1_IkBa-like_cnidaria_12d513b1	GCA_014634605.1	protein	IkBa-like_cnidaria	24292	24194	250	278	7.2e-11	38.5			
model	hmm	20260917_b5424051	BLFE01000447.1	GCA_014634605.1	contig	BLFE01000447.1_IkBa-like_cnidaria_12d513b1	GCA_014634605.1	protein	IkBa-like_cnidaria	23828	23544	279	373	3.1e-49	164.7			
model	hmm	20260917_b5424051	JAJLRJ010000002.1	GCA_024195265.1	contig	JAJLRJ010000002.1_p105-like_cnidaria_1c165c91	GCA_024195265.1	protein	p105-like_cnidaria	17917617	17917751	1	45	4.6e-19	64.9			
model	hmm	20260917_b5424051	JAJLRJ010000002.1	GCA_024195265.1	contig	JAJLRJ010000002.1_p105-like_cnidaria_1c165c91	GCA_024195265.1	protein	p105-like_cnidaria	17918545	17918796	53	136	1.1e-57	192.7			
model	hmm	20260917_b5424051	JAJLRJ010000002.1	GCA_024195265.1	contig	JAJLRJ010000002.1_p105-like_cnidaria_1c165c91	GCA_024195265.1	protein	p105-like_cnidaria	17919548	17919742	137	208	3.8e-22	75.1			
model	hmm	20260917_b5424051	JAJLRJ010000002.1	GCA_024195265.1	contig	JAJLRJ010000002.1_p105-like_cnidaria_1c165c91	GCA_024195265.1	protein	p105-like_cnidaria	17921041	17921196	209	260	7.4e-31	103.9			
model	hmm	20260917_b5424051	JAJLRJ010000002.1	GCA_024195265.1	contig	JAJLRJ010000002.1_p105-like_cnidaria_1c165c91	GCA_024195265.1	protein	p105-like_cnidaria	17921492	17921599	261	296	8e-23	77.3			
model	hmm	20260917_b5424051	JAJLRJ010000002.1	GCA_024195265.1	contig	JAJLRJ010000002.1_p105-like_cnidaria_1c165c91	GCA_024195265.1	protein	p105-like_cnidaria	17921719	17921817	297	329	2.7e-14	49.1			
model	hmm	20260917_b5424051	JAJLRJ010000002.1	GCA_024195265.1	contig	JAJLRJ010000002.1_p105-like_cnidaria_1c165c91	GCA_024195265.1	protein	p105-like_cnidaria	17922535	17922672	330	375	2.4e-27	92.3			
model	hmm	20260917_b5424051	JAJLRJ010000002.1	GCA_024195265.1	contig	JAJLRJ010000002.1_p105-like_cnidaria_1c165c91	GCA_024195265.1	protein	p105-like_cnidaria	17923135	17923317	376	439	8.2e-20	67.4			
model	hmm	20260917_b5424051	JAJLRJ010000002.1	GCA_024195265.1	contig	JAJLRJ010000002.1_p105-like_cnidaria_1c165c91	GCA_024195265.1	protein	p105-like_cnidaria	17923909	17923983	440	464	0.0013	13.8			
model	hmm	20260917_b5424051	JAJLRJ010000002.1	GCA_024195265.1	contig	JAJLRJ010000002.1_p105-like_cnidaria_1c165c91	GCA_024195265.1	protein	p105-like_cnidaria	17924249	17924392	467	514	2.7e-22	75.6			
model	hmm	20260917_b5424051	JAJLRJ010000002.1	GCA_024195265.1	contig	JAJLRJ010000002.1_p105-like_cnidaria_1c165c91	GCA_024195265.1	protein	p105-like_cnidaria	17924897	17925004	515	550	1.1e-18	63.6			
model	hmm	20260917_b5424051	JAJLRJ010000002.1	GCA_024195265.1	contig	JAJLRJ010000002.1_p105-like_cnidaria_1c165c91	GCA_024195265.1	protein	p105-like_cnidaria	17925630	17925833	551	618	2e-38	128.9			
model	hmm	20260917_b5424051	JAJLRJ010000002.1	GCA_024195265.1	contig	JAJLRJ010000002.1_p105-like_cnidaria_1c165c91	GCA_024195265.1	protein	p105-like_cnidaria	17926367	17926456	619	648	6.5e-12	41.2			
model	hmm	20260917_b5424051	JAJLRJ010000002.1	GCA_024195265.1	contig	JAJLRJ010000002.1_p105-like_cnidaria_1c165c91	GCA_024195265.1	protein	p105-like_cnidaria	17927355	17927435	649	675	1.6e-12	43.3			
model	hmm	20260917_b5424051	JAJLRJ010000002.1	GCA_024195265.1	contig	JAJLRJ010000002.1_p105-like_cnidaria_1c165c91	GCA_024195265.1	protein	p105-like_cnidaria	17928358	17928525	676	731	5.6e-29	97.7			
model	hmm	20260917_b5424051	JAJLRJ010000002.1	GCA_024195265.1	contig	JAJLRJ010000002.1_p105-like_cnidaria_1c165c91	GCA_024195265.1	protein	p105-like_cnidaria	17928699	17928749	732	748	0.013	10.4			
model	hmm	20260917_b5424051	JAJLRJ010000002.1	GCA_024195265.1	contig	JAJLRJ010000002.1_p105-like_cnidaria_1c165c91	GCA_024195265.1	protein	p105-like_cnidaria	17929408	17929587	762	818	1.3e-20	70.0			
model	hmm	20260917_b5424051	JAJLRJ010000002.1	GCA_024195265.1	contig	JAJLRJ010000002.1_p105-like_cnidaria_1c165c91	GCA_024195265.1	protein	p105-like_cnidaria	17931244	17931390	819	866	3.9e-20	68.4			
model	hmm	20260917_b5424051	JAJLRJ010000002.1	GCA_024195265.1	contig	JAJLRJ010000002.1_p105-like_cnidaria_1c165c91	GCA_024195265.1	protein	p105-like_cnidaria	17931969	17932100	867	910	1.3e-08	30.3			
model	hmm	20260917_b5424051	JAJLRJ010000010.1	GCA_024195265.1	contig	JAJLRJ010000010.1_IkB-like-1_cnidaria_49902b19	GCA_024195265.1	protein	IkB-like-1_cnidaria	2348316	2348807	1	165	2.1e-31	106.6			
model	hmm	20260917_b5424051	JAJLRJ010000010.1	GCA_024195265.1	contig	JAJLRJ010000010.1_IkB-like-1_cnidaria_49902b19	GCA_024195265.1	protein	IkB-like-1_cnidaria	2350660	2350788	175	217	8.4e-21	71.7			
model	hmm	20260917_b5424051	JAJLRJ010000010.1	GCA_024195265.1	contig	JAJLRJ010000010.1_IkB-like-1_cnidaria_49902b19	GCA_024195265.1	protein	IkB-like-1_cnidaria	2351422	2351811	218	347	8.9e-80	266.0			
model	hmm	20260917_b5424051	JAJLRJ010000010.1	GCA_024195265.1	contig	JAJLRJ010000010.1_IkB-like-1_cnidaria_49902b19	GCA_024195265.1	protein	IkB-like-1_cnidaria	2352542	2352772	348	424	6.3e-34	114.9			
model	hmm	20260917_b5424051	JAJLRJ010000010.1	GCA_024195265.1	contig	JAJLRJ010000010.1_IkB-like-1_cnidaria_3d900de6	GCA_024195265.1	protein	IkB-like-1_cnidaria	2527986	2528084	219	251	5.6e-08	29.3			
model	hmm	20260917_b5424051	JAJLRJ010000010.1	GCA_024195265.1	contig	JAJLRJ010000010.1_IkB-like-1_cnidaria_3d900de6	GCA_024195265.1	protein	IkB-like-1_cnidaria	2528569	2528781	252	318	2e-24	83.5			
model	hmm	20260917_b5424051	JAJLRJ010000010.1	GCA_024195265.1	contig	JAJLRJ010000010.1_IkB-like-1_cnidaria_3d900de6	GCA_024195265.1	protein	IkB-like-1_cnidaria	2532154	2532354	347	413	8e-22	74.9			
model	hmm	20260917_b5424051	JAJLRJ010000010.1	GCA_024195265.1	contig	JAJLRJ010000010.1_IkB-like-2_cnidaria_28b8c9bb	GCA_024195265.1	protein	IkB-like-2_cnidaria	2495226	2495465	27	115	0.056	9.6			
model	hmm	20260917_b5424051	JAJLRJ010000010.1	GCA_024195265.1	contig	JAJLRJ010000010.1_IkB-like-2_cnidaria_28b8c9bb	GCA_024195265.1	protein	IkB-like-2_cnidaria	2527983	2528084	152	185	5.6e-16	55.7			
model	hmm	20260917_b5424051	JAJLRJ010000010.1	GCA_024195265.1	contig	JAJLRJ010000010.1_IkB-like-2_cnidaria_28b8c9bb	GCA_024195265.1	protein	IkB-like-2_cnidaria	2528569	2528778	186	256	2e-39	132.9			
model	hmm	20260917_b5424051	JAJLRJ010000010.1	GCA_024195265.1	contig	JAJLRJ010000010.1_IkB-like-2_cnidaria_28b8c9bb	GCA_024195265.1	protein	IkB-like-2_cnidaria	2529148	2529234	257	285	7.6e-12	42.1			
model	hmm	20260917_b5424051	JAJLRJ010000010.1	GCA_024195265.1	contig	JAJLRJ010000010.1_IkB-like-2_cnidaria_28b8c9bb	GCA_024195265.1	protein	IkB-like-2_cnidaria	2532154	2532405	286	369	9.6e-52	173.4			
model	hmm	20260917_b5424051	JAJLRJ010000010.1	GCA_024195265.1	contig	JAJLRJ010000010.1_IkB-like-2_cnidaria_0ad31e39	GCA_024195265.1	protein	IkB-like-2_cnidaria	2523923	2524384	5	151	2.8e-14	50.1			
model	hmm	20260917_b5424051	JAJLRJ010000010.1	GCA_024195265.1	contig	JAJLRJ010000010.1_IkB-like-2_cnidaria_0ad31e39	GCA_024195265.1	protein	IkB-like-2_cnidaria	2527983	2528084	152	185	5.6e-16	55.7			
model	hmm	20260917_b5424051	JAJLRJ010000010.1	GCA_024195265.1	contig	JAJLRJ010000010.1_IkB-like-2_cnidaria_0ad31e39	GCA_024195265.1	protein	IkB-like-2_cnidaria	2528569	2528778	186	256	2e-39	132.9			
model	hmm	20260917_b5424051	JAJLRJ010000010.1	GCA_024195265.1	contig	JAJLRJ010000010.1_IkB-like-2_cnidaria_0ad31e39	GCA_024195265.1	protein	IkB-like-2_cnidaria	2529148	2529234	257	285	7.6e-12	42.1			
model	hmm	20260917_b5424051	JAJLRJ010000010.1	GCA_024195265.1	contig	JAJLRJ010000010.1_IkB-like-2_cnidaria_0ad31e39	GCA_024195265.1	protein	IkB-like-2_cnidaria	2532154	2532405	286	369	9.6e-52	173.4			
model	hmm	20260917_b5424051	JAJLRJ010000006.1	GCA_024195265.1	contig	JAJLRJ010000006.1_IkBa-like_cnidaria_b0374efe	GCA_024195265.1	protein	IkBa-like_cnidaria	26356213	26356614	2	136	5e-51	170.8			
model	hmm	20260917_b5424051	JAJLRJ010000006.1	GCA_024195265.1	contig	JAJLRJ010000006.1_IkBa-like_cnidaria_b0374efe	GCA_024195265.1	protein	IkBa-like_cnidaria	26357128	26357232	137	171	4.7e-16	55.7			
model	hmm	20260917_b5424051	JAJLRJ010000006.1	GCA_024195265.1	contig	JAJLRJ010000006.1_IkBa-like_cnidaria_b0374efe	GCA_024195265.1	protein	IkBa-like_cnidaria	26357434	26357667	172	249	1.8e-44	149.2			
model	hmm	20260917_b5424051	JAJLRJ010000006.1	GCA_024195265.1	contig	JAJLRJ010000006.1_IkBa-like_cnidaria_b0374efe	GCA_024195265.1	protein	IkBa-like_cnidaria	26358509	26358595	250	278	1.4e-12	44.3			
model	hmm	20260917_b5424051	JAJLRJ010000006.1	GCA_024195265.1	contig	JAJLRJ010000006.1_IkBa-like_cnidaria_b0374efe	GCA_024195265.1	protein	IkBa-like_cnidaria	26358885	26359172	279	374	1.1e-48	163.1			
model	hmm	20260917_b5424051	JAJLRJ010000010.1	GCA_024195265.1	contig	JAJLRJ010000010.1_IkBa-like_cnidaria_962f6636	GCA_024195265.1	protein	IkBa-like_cnidaria	2351422	2351811	137	279	4.5e-38	128.1			
model	hmm	20260917_b5424051	JAJLRJ010000010.1	GCA_024195265.1	contig	JAJLRJ010000010.1_IkBa-like_cnidaria_962f6636	GCA_024195265.1	protein	IkBa-like_cnidaria	2352542	2352715	280	338	1.2e-16	57.6			
model	hmm	20260917_b5424051	JAJLRJ010000002.1	GCA_024195265.1	contig	JAJLRJ010000002.1_p105-like_cnidaria_1c165c91	GCA_024195265.1	protein	p105-like_cnidaria	17917617	17917751	1	45	4.6e-19	64.9			
model	hmm	20260917_b5424051	JAJLRJ010000002.1	GCA_024195265.1	contig	JAJLRJ010000002.1_p105-like_cnidaria_1c165c91	GCA_024195265.1	protein	p105-like_cnidaria	17918545	17918796	53	136	1.1e-57	192.7			
model	hmm	20260917_b5424051	JAJLRJ010000002.1	GCA_024195265.1	contig	JAJLRJ010000002.1_p105-like_cnidaria_1c165c91	GCA_024195265.1	protein	p105-like_cnidaria	17919548	17919742	137	208	3.8e-22	75.1			
model	hmm	20260917_b5424051	JAJLRJ010000002.1	GCA_024195265.1	contig	JAJLRJ010000002.1_p105-like_cnidaria_1c165c91	GCA_024195265.1	protein	p105-like_cnidaria	17921041	17921196	209	260	7.4e-31	103.9			
model	hmm	20260917_b5424051	JAJLRJ010000002.1	GCA_024195265.1	contig	JAJLRJ010000002.1_p105-like_cnidaria_1c165c91	GCA_024195265.1	protein	p105-like_cnidaria	17921492	17921599	261	296	8e-23	77.3			
model	hmm	20260917_b5424051	JAJLRJ010000002.1	GCA_024195265.1	contig	JAJLRJ010000002.1_p105-like_cnidaria_1c165c91	GCA_024195265.1	protein	p105-like_cnidaria	17921719	17921817	297	329	2.7e-14	49.1			
model	hmm	20260917_b5424051	JAJLRJ010000002.1	GCA_024195265.1	contig	JAJLRJ010000002.1_p105-like_cnidaria_1c165c91	GCA_024195265.1	protein	p105-like_cnidaria	17922535	17922672	330	375	2.4e-27	92.3			
model	hmm	20260917_b5424051	JAJLRJ010000002.1	GCA_024195265.1	contig	JAJLRJ010000002.1_p105-like_cnidaria_1c165c91	GCA_024195265.1	protein	p105-like_cnidaria	17923135	17923317	376	439	8.2e-20	67.4			
model	hmm	20260917_b5424051	JAJLRJ010000002.1	GCA_024195265.1	contig	JAJLRJ010000002.1_p105-like_cnidaria_1c165c91	GCA_024195265.1	protein	p105-like_cnidaria	17923909	17923983	440	464	0.0013	13.8			
model	hmm	20260917_b5424051	JAJLRJ010000002.1	GCA_024195265.1	contig	JAJLRJ010000002.1_p105-like_cnidaria_1c165c91	GCA_024195265.1	protein	p105-like_cnidaria	17924249	17924392	467	514	2.7e-22	75.6			
model	hmm	20260917_b5424051	JAJLRJ010000002.1	GCA_024195265.1	contig	JAJLRJ010000002.1_p105-like_cnidaria_1c165c91	GCA_024195265.1	protein	p105-like_cnidaria	17924897	17925004	515	550	1.1e-18	63.6			
model	hmm	20260917_b5424051	JAJLRJ010000002.1	GCA_024195265.1	contig	JAJLRJ010000002.1_p105-like_cnidaria_1c165c91	GCA_024195265.1	protein	p105-like_cnidaria	17925630	17925833	551	618	2e-38	128.9			
model	hmm	20260917_b5424051	JAJLRJ010000002.1	GCA_024195265.1	contig	JAJLRJ010000002.1_p105-like_cnidaria_1c165c91	GCA_024195265.1	protein	p105-like_cnidaria	17926367	17926456	619	648	6.5e-12	41.2			
model	hmm	20260917_b5424051	JAJLRJ010000002.1	GCA_024195265.1	contig	JAJLRJ010000002.1_p105-like_cnidaria_1c165c91	GCA_024195265.1	protein	p105-like_cnidaria	17927355	17927435	649	675	1.6e-12	43.3			
model	hmm	20260917_b5424051	JAJLRJ010000002.1	GCA_024195265.1	contig	JAJLRJ010000002.1_p105-like_cnidaria_1c165c91	GCA_024195265.1	protein	p105-like_cnidaria	17928358	17928525	676	731	5.6e-29	97.7			
model	hmm	20260917_b5424051	JAJLRJ010000002.1	GCA_024195265.1	contig	JAJLRJ010000002.1_p105-like_cnidaria_1c165c91	GCA_024195265.1	protein	p105-like_cnidaria	17928699	17928749	732	748	0.013	10.4			
model	hmm	20260917_b5424051	JAJLRJ010000002.1	GCA_024195265.1	contig	JAJLRJ010000002.1_p105-like_cnidaria_1c165c91	GCA_024195265.1	protein	p105-like_cnidaria	17929408	17929587	762	818	1.3e-20	70.0			
model	hmm	20260917_b5424051	JAJLRJ010000002.1	GCA_024195265.1	contig	JAJLRJ010000002.1_p105-like_cnidaria_1c165c91	GCA_024195265.1	protein	p105-like_cnidaria	17931244	17931390	819	866	3.9e-20	68.4			
model	hmm	20260917_b5424051	JAJLRJ010000002.1	GCA_024195265.1	contig	JAJLRJ010000002.1_p105-like_cnidaria_1c165c91	GCA_024195265.1	protein	p105-like_cnidaria	17931969	17932100	867	910	1.3e-08	30.3			
model	hmm	20260917_b5424051	JAJLRJ010000010.1	GCA_024195265.1	contig	JAJLRJ010000010.1_IkB-like-1_cnidaria_49902b19	GCA_024195265.1	protein	IkB-like-1_cnidaria	2348316	2348807	1	165	2.1e-31	106.6			
model	hmm	20260917_b5424051	JAJLRJ010000010.1	GCA_024195265.1	contig	JAJLRJ010000010.1_IkB-like-1_cnidaria_49902b19	GCA_024195265.1	protein	IkB-like-1_cnidaria	2350660	2350788	175	217	8.4e-21	71.7			
model	hmm	20260917_b5424051	JAJLRJ010000010.1	GCA_024195265.1	contig	JAJLRJ010000010.1_IkB-like-1_cnidaria_49902b19	GCA_024195265.1	protein	IkB-like-1_cnidaria	2351422	2351811	218	347	8.9e-80	266.0			
model	hmm	20260917_b5424051	JAJLRJ010000010.1	GCA_024195265.1	contig	JAJLRJ010000010.1_IkB-like-1_cnidaria_49902b19	GCA_024195265.1	protein	IkB-like-1_cnidaria	2352542	2352772	348	424	6.3e-34	114.9			
model	hmm	20260917_b5424051	JAJLRJ010000010.1	GCA_024195265.1	contig	JAJLRJ010000010.1_IkB-like-1_cnidaria_3d900de6	GCA_024195265.1	protein	IkB-like-1_cnidaria	2527986	2528084	219	251	5.6e-08	29.3			
model	hmm	20260917_b5424051	JAJLRJ010000010.1	GCA_024195265.1	contig	JAJLRJ010000010.1_IkB-like-1_cnidaria_3d900de6	GCA_024195265.1	protein	IkB-like-1_cnidaria	2528569	2528781	252	318	2e-24	83.5			
model	hmm	20260917_b5424051	JAJLRJ010000010.1	GCA_024195265.1	contig	JAJLRJ010000010.1_IkB-like-1_cnidaria_3d900de6	GCA_024195265.1	protein	IkB-like-1_cnidaria	2532154	2532354	347	413	8e-22	74.9			
model	hmm	20260917_b5424051	JAJLRJ010000010.1	GCA_024195265.1	contig	JAJLRJ010000010.1_IkB-like-2_cnidaria_28b8c9bb	GCA_024195265.1	protein	IkB-like-2_cnidaria	2495226	2495465	27	115	0.056	9.6			
model	hmm	20260917_b5424051	JAJLRJ010000010.1	GCA_024195265.1	contig	JAJLRJ010000010.1_IkB-like-2_cnidaria_28b8c9bb	GCA_024195265.1	protein	IkB-like-2_cnidaria	2527983	2528084	152	185	5.6e-16	55.7			
model	hmm	20260917_b5424051	JAJLRJ010000010.1	GCA_024195265.1	contig	JAJLRJ010000010.1_IkB-like-2_cnidaria_28b8c9bb	GCA_024195265.1	protein	IkB-like-2_cnidaria	2528569	2528778	186	256	2e-39	132.9			
model	hmm	20260917_b5424051	JAJLRJ010000010.1	GCA_024195265.1	contig	JAJLRJ010000010.1_IkB-like-2_cnidaria_28b8c9bb	GCA_024195265.1	protein	IkB-like-2_cnidaria	2529148	2529234	257	285	7.6e-12	42.1			
model	hmm	20260917_b5424051	JAJLRJ010000010.1	GCA_024195265.1	contig	JAJLRJ010000010.1_IkB-like-2_cnidaria_28b8c9bb	GCA_024195265.1	protein	IkB-like-2_cnidaria	2532154	2532405	286	369	9.6e-52	173.4			
model	hmm	20260917_b5424051	JAJLRJ010000010.1	GCA_024195265.1	contig	JAJLRJ010000010.1_IkB-like-2_cnidaria_0ad31e39	GCA_024195265.1	protein	IkB-like-2_cnidaria	2523923	2524384	5	151	2.8e-14	50.1			
model	hmm	20260917_b5424051	JAJLRJ010000010.1	GCA_024195265.1	contig	JAJLRJ010000010.1_IkB-like-2_cnidaria_0ad31e39	GCA_024195265.1	protein	IkB-like-2_cnidaria	2527983	2528084	152	185	5.6e-16	55.7			
model	hmm	20260917_b5424051	JAJLRJ010000010.1	GCA_024195265.1	contig	JAJLRJ010000010.1_IkB-like-2_cnidaria_0ad31e39	GCA_024195265.1	protein	IkB-like-2_cnidaria	2528569	2528778	186	256	2e-39	132.9			
model	hmm	20260917_b5424051	JAJLRJ010000010.1	GCA_024195265.1	contig	JAJLRJ010000010.1_IkB-like-2_cnidaria_0ad31e39	GCA_024195265.1	protein	IkB-like-2_cnidaria	2529148	2529234	257	285	7.6e-12	42.1			
model	hmm	20260917_b5424051	JAJLRJ010000010.1	GCA_024195265.1	contig	JAJLRJ010000010.1_IkB-like-2_cnidaria_0ad31e39	GCA_024195265.1	protein	IkB-like-2_cnidaria	2532154	2532405	286	369	9.6e-52	173.4			
model	hmm	20260917_b5424051	JAJLRJ010000006.1	GCA_024195265.1	contig	JAJLRJ010000006.1_IkBa-like_cnidaria_b0374efe	GCA_024195265.1	protein	IkBa-like_cnidaria	26356213	26356614	2	136	5e-51	170.8			
model	hmm	20260917_b5424051	JAJLRJ010000006.1	GCA_024195265.1	contig	JAJLRJ010000006.1_IkBa-like_cnidaria_b0374efe	GCA_024195265.1	protein	IkBa-like_cnidaria	26357128	26357232	137	171	4.7e-16	55.7			
model	hmm	20260917_b5424051	JAJLRJ010000006.1	GCA_024195265.1	contig	JAJLRJ010000006.1_IkBa-like_cnidaria_b0374efe	GCA_024195265.1	protein	IkBa-like_cnidaria	26357434	26357667	172	249	1.8e-44	149.2			
model	hmm	20260917_b5424051	JAJLRJ010000006.1	GCA_024195265.1	contig	JAJLRJ010000006.1_IkBa-like_cnidaria_b0374efe	GCA_024195265.1	protein	IkBa-like_cnidaria	26358509	26358595	250	278	1.4e-12	44.3			
model	hmm	20260917_b5424051	JAJLRJ010000006.1	GCA_024195265.1	contig	JAJLRJ010000006.1_IkBa-like_cnidaria_b0374efe	GCA_024195265.1	protein	IkBa-like_cnidaria	26358885	26359172	279	374	1.1e-48	163.1			
model	hmm	20260917_b5424051	JAJLRJ010000010.1	GCA_024195265.1	contig	JAJLRJ010000010.1_IkBa-like_cnidaria_962f6636	GCA_024195265.1	protein	IkBa-like_cnidaria	2351422	2351811	137	279	4.5e-38	128.1			
model	hmm	20260917_b5424051	JAJLRJ010000010.1	GCA_024195265.1	contig	JAJLRJ010000010.1_IkBa-like_cnidaria_962f6636	GCA_024195265.1	protein	IkBa-like_cnidaria	2352542	2352715	280	338	1.2e-16	57.6			
model	hmm	20260917_b5424051	MU826351.1	GCA_029204205.1	contig	MU826351.1_p105-like_cnidaria_8da2a243	GCA_029204205.1	protein	p105-like_cnidaria	4138251	4138123	1	41	8.8e-17	57.3			
model	hmm	20260917_b5424051	MU826351.1	GCA_029204205.1	contig	MU826351.1_p105-like_cnidaria_8da2a243	GCA_029204205.1	protein	p105-like_cnidaria	4136835	4136797	42	52	0.012	10.6			
model	hmm	20260917_b5424051	MU826351.1	GCA_029204205.1	contig	MU826351.1_p105-like_cnidaria_8da2a243	GCA_029204205.1	protein	p105-like_cnidaria	4136546	4136199	53	136	1.2e-60	202.5			
model	hmm	20260917_b5424051	MU826351.1	GCA_029204205.1	contig	MU826351.1_p105-like_cnidaria_8da2a243	GCA_029204205.1	protein	p105-like_cnidaria	4135354	4135121	137	208	1.7e-28	96.0			
model	hmm	20260917_b5424051	MU826351.1	GCA_029204205.1	contig	MU826351.1_p105-like_cnidaria_8da2a243	GCA_029204205.1	protein	p105-like_cnidaria	4134450	4134283	209	258	2e-28	95.8			
model	hmm	20260917_b5424051	MU826351.1	GCA_029204205.1	contig	MU826351.1_p105-like_cnidaria_8da2a243	GCA_029204205.1	protein	p105-like_cnidaria	4134212	4134063	259	296	6e-23	77.7			
model	hmm	20260917_b5424051	MU826351.1	GCA_029204205.1	contig	MU826351.1_p105-like_cnidaria_8da2a243	GCA_029204205.1	protein	p105-like_cnidaria	4133997	4133884	297	328	8.6e-15	50.7			
model	hmm	20260917_b5424051	MU826351.1	GCA_029204205.1	contig	MU826351.1_p105-like_cnidaria_8da2a243	GCA_029204205.1	protein	p105-like_cnidaria	4133357	4133217	329	375	7.4e-29	97.3			
model	hmm	20260917_b5424051	MU826351.1	GCA_029204205.1	contig	MU826351.1_p105-like_cnidaria_8da2a243	GCA_029204205.1	protein	p105-like_cnidaria	4132282	4132058	376	439	1.7e-23	79.5			
model	hmm	20260917_b5424051	MU826351.1	GCA_029204205.1	contig	MU826351.1_p105-like_cnidaria_8da2a243	GCA_029204205.1	protein	p105-like_cnidaria	4131220	4131140	440	464	0.0062	11.5			
model	hmm	20260917_b5424051	MU826351.1	GCA_029204205.1	contig	MU826351.1_p105-like_cnidaria_8da2a243	GCA_029204205.1	protein	p105-like_cnidaria	4130975	4130835	468	514	5.3e-23	77.9			
model	hmm	20260917_b5424051	MU826351.1	GCA_029204205.1	contig	MU826351.1_p105-like_cnidaria_8da2a243	GCA_029204205.1	protein	p105-like_cnidaria	4130062	4129919	515	550	8.4e-18	60.7			
model	hmm	20260917_b5424051	MU826351.1	GCA_029204205.1	contig	MU826351.1_p105-like_cnidaria_8da2a243	GCA_029204205.1	protein	p105-like_cnidaria	4129342	4129109	551	608	2.5e-31	105.4			
model	hmm	20260917_b5424051	MU826351.1	GCA_029204205.1	contig	MU826351.1_p105-like_cnidaria_8da2a243	GCA_029204205.1	protein	p105-like_cnidaria	4129155	4129102	609	618	0.013	10.4			
model	hmm	20260917_b5424051	MU826351.1	GCA_029204205.1	contig	MU826351.1_p105-like_cnidaria_8da2a243	GCA_029204205.1	protein	p105-like_cnidaria	4128507	4128400	619	648	6.5e-12	41.2			
model	hmm	20260917_b5424051	MU826351.1	GCA_029204205.1	contig	MU826351.1_p105-like_cnidaria_8da2a243	GCA_029204205.1	protein	p105-like_cnidaria	4127816	4127712	649	675	1.1e-13	47.1			
model	hmm	20260917_b5424051	MU826351.1	GCA_029204205.1	contig	MU826351.1_p105-like_cnidaria_8da2a243	GCA_029204205.1	protein	p105-like_cnidaria	4127187	4126996	676	731	1.2e-30	103.2			
model	hmm	20260917_b5424051	MU826351.1	GCA_029204205.1	contig	MU826351.1_p105-like_cnidaria_8da2a243	GCA_029204205.1	protein	p105-like_cnidaria	4126364	4126311	732	749	0.0015	13.5			
model	hmm	20260917_b5424051	MU826351.1	GCA_029204205.1	contig	MU826351.1_p105-like_cnidaria_8da2a243	GCA_029204205.1	protein	p105-like_cnidaria	4125702	4125523	761	818	1.3e-25	86.6			
model	hmm	20260917_b5424051	MU826351.1	GCA_029204205.1	contig	MU826351.1_p105-like_cnidaria_8da2a243	GCA_029204205.1	protein	p105-like_cnidaria	4125109	4124924	819	866	5.8e-20	67.8			
model	hmm	20260917_b5424051	MU826351.1	GCA_029204205.1	contig	MU826351.1_p105-like_cnidaria_8da2a243	GCA_029204205.1	protein	p105-like_cnidaria	4124195	4124058	867	910	2.2e-08	29.5			
model	hmm	20260917_b5424051	MU826251.1	GCA_029204205.1	contig	MU826251.1_p105-like_cnidaria_b5fcc90d	GCA_029204205.1	protein	p105-like_cnidaria	7684	7466	375	442	1.5e-19	63.2			
model	hmm	20260917_b5424051	MU826251.1	GCA_029204205.1	contig	MU826251.1_p105-like_cnidaria_b5fcc90d	GCA_029204205.1	protein	p105-like_cnidaria	6404	6285	475	514	2.6e-20	65.8			
model	hmm	20260917_b5424051	MU826251.1	GCA_029204205.1	contig	MU826251.1_p105-like_cnidaria_b5fcc90d	GCA_029204205.1	protein	p105-like_cnidaria	5478	5341	515	552	1.1e-18	60.4			
model	hmm	20260917_b5424051	MU826251.1	GCA_029204205.1	contig	MU826251.1_p105-like_cnidaria_b5fcc90d	GCA_029204205.1	protein	p105-like_cnidaria	4736	4548	553	604	1.6e-15	50.0			
model	hmm	20260917_b5424051	MU826251.1	GCA_029204205.1	contig	MU826251.1_p105-like_cnidaria_b5fcc90d	GCA_029204205.1	protein	p105-like_cnidaria	4135	4031	614	648	1.8e-12	39.9			
model	hmm	20260917_b5424051	MU826251.1	GCA_029204205.1	contig	MU826251.1_p105-like_cnidaria_b5fcc90d	GCA_029204205.1	protein	p105-like_cnidaria	3463	3365	649	681	9.5e-15	47.4			
model	hmm	20260917_b5424051	MU826251.1	GCA_029204205.1	contig	MU826251.1_p105-like_cnidaria_b5fcc90d	GCA_029204205.1	protein	p105-like_cnidaria	2682	2620	687	701	0.00015	13.7			
model	hmm	20260917_b5424051	MU826251.1	GCA_029204205.1	contig	MU826251.1_p105-like_cnidaria_b5fcc90d	GCA_029204205.1	protein	p105-like_cnidaria	2660	2583	702	713	5.9e-05	15.0			
model	hmm	20260917_b5424051	MU826251.1	GCA_029204205.1	contig	MU826251.1_p105-like_cnidaria_b5fcc90d	GCA_029204205.1	protein	p105-like_cnidaria	2599	2552	714	729	0.00025	12.9			
model	hmm	20260917_b5424051	MU826251.1	GCA_029204205.1	contig	MU826251.1_p105-like_cnidaria_b5fcc90d	GCA_029204205.1	protein	p105-like_cnidaria	1064	927	762	805	2.2e-15	49.5			
model	hmm	20260917_b5424051	MU826251.1	GCA_029204205.1	contig	MU826251.1_p105-like_cnidaria_b5fcc90d	GCA_029204205.1	protein	p105-like_cnidaria	362	255	825	860	1.9e-14	46.4			
model	hmm	20260917_b5424051	MU826368.1	GCA_029204205.1	contig	MU826368.1_IkB-like-1_cnidaria_d06fa176	GCA_029204205.1	protein	IkB-like-1_cnidaria	726014	725562	1	153	1.2e-22	77.7			
model	hmm	20260917_b5424051	MU826368.1	GCA_029204205.1	contig	MU826368.1_IkB-like-1_cnidaria_d06fa176	GCA_029204205.1	protein	IkB-like-1_cnidaria	724508	724398	174	217	2.8e-14	50.1			
model	hmm	20260917_b5424051	MU826368.1	GCA_029204205.1	contig	MU826368.1_IkB-like-1_cnidaria_d06fa176	GCA_029204205.1	protein	IkB-like-1_cnidaria	723891	723502	218	347	1.8e-78	261.6			
model	hmm	20260917_b5424051	MU826368.1	GCA_029204205.1	contig	MU826368.1_IkB-like-1_cnidaria_d06fa176	GCA_029204205.1	protein	IkB-like-1_cnidaria	723218	723015	348	415	2.4e-34	116.2			
model	hmm	20260917_b5424051	MU826368.1	GCA_029204205.1	contig	MU826368.1_IkB-like-1_cnidaria_06294bfc	GCA_029204205.1	protein	IkB-like-1_cnidaria	1230783	1230298	1	164	1.6e-27	93.7			
model	hmm	20260917_b5424051	MU826368.1	GCA_029204205.1	contig	MU826368.1_IkB-like-1_cnidaria_06294bfc	GCA_029204205.1	protein	IkB-like-1_cnidaria	1229304	1229194	174	217	2.7e-14	50.1			
model	hmm	20260917_b5424051	MU826368.1	GCA_029204205.1	contig	MU826368.1_IkB-like-1_cnidaria_06294bfc	GCA_029204205.1	protein	IkB-like-1_cnidaria	1228691	1228305	219	347	5.8e-76	253.3			
model	hmm	20260917_b5424051	MU826368.1	GCA_029204205.1	contig	MU826368.1_IkB-like-1_cnidaria_06294bfc	GCA_029204205.1	protein	IkB-like-1_cnidaria	1228015	1227812	348	415	2.3e-34	116.2			
model	hmm	20260917_b5424051	MU826368.1	GCA_029204205.1	contig	MU826368.1_IkB-like-2_cnidaria_eb64b4b9	GCA_029204205.1	protein	IkB-like-2_cnidaria	709105	708983	109	149	2.2e-08	30.5			
model	hmm	20260917_b5424051	MU826368.1	GCA_029204205.1	contig	MU826368.1_IkB-like-2_cnidaria_eb64b4b9	GCA_029204205.1	protein	IkB-like-2_cnidaria	706742	706632	152	184	1.1e-14	51.2			
model	hmm	20260917_b5424051	MU826368.1	GCA_029204205.1	contig	MU826368.1_IkB-like-2_cnidaria_eb64b4b9	GCA_029204205.1	protein	IkB-like-2_cnidaria	705128	705075	185	200	2.3e-07	27.2			
model	hmm	20260917_b5424051	MU826368.1	GCA_029204205.1	contig	MU826368.1_IkB-like-2_cnidaria_eb64b4b9	GCA_029204205.1	protein	IkB-like-2_cnidaria	705081	704893	201	254	9e-29	97.6			
model	hmm	20260917_b5424051	MU826368.1	GCA_029204205.1	contig	MU826368.1_IkB-like-2_cnidaria_eb64b4b9	GCA_029204205.1	protein	IkB-like-2_cnidaria	703625	703569	255	271	0.0028	13.7			
model	hmm	20260917_b5424051	MU826368.1	GCA_029204205.1	contig	MU826368.1_IkB-like-2_cnidaria_eb64b4b9	GCA_029204205.1	protein	IkB-like-2_cnidaria	703597	703523	272	286	0.00021	17.4			
model	hmm	20260917_b5424051	MU826368.1	GCA_029204205.1	contig	MU826368.1_IkB-like-2_cnidaria_eb64b4b9	GCA_029204205.1	protein	IkB-like-2_cnidaria	702486	702358	293	335	2e-24	83.3			
model	hmm	20260917_b5424051	MU826368.1	GCA_029204205.1	contig	MU826368.1_IkB-like-2_cnidaria_eb64b4b9	GCA_029204205.1	protein	IkB-like-2_cnidaria	702380	702246	336	372	3.4e-17	59.5			
model	hmm	20260917_b5424051	MU827791.1	GCA_029204205.1	contig	MU827791.1_IkBa-like_cnidaria_6b58b217	GCA_029204205.1	protein	IkBa-like_cnidaria	964280	964678	2	136	5.4e-51	170.6			
model	hmm	20260917_b5424051	MU827791.1	GCA_029204205.1	contig	MU827791.1_IkBa-like_cnidaria_6b58b217	GCA_029204205.1	protein	IkBa-like_cnidaria	965245	965346	137	170	6.4e-16	55.2			
model	hmm	20260917_b5424051	MU827791.1	GCA_029204205.1	contig	MU827791.1_IkBa-like_cnidaria_6b58b217	GCA_029204205.1	protein	IkBa-like_cnidaria	965497	965733	171	249	1.5e-47	159.3			
model	hmm	20260917_b5424051	MU827791.1	GCA_029204205.1	contig	MU827791.1_IkBa-like_cnidaria_6b58b217	GCA_029204205.1	protein	IkBa-like_cnidaria	966398	966484	250	278	1.9e-12	43.8			
model	hmm	20260917_b5424051	MU827791.1	GCA_029204205.1	contig	MU827791.1_IkBa-like_cnidaria_6b58b217	GCA_029204205.1	protein	IkBa-like_cnidaria	966608	966889	279	372	6.4e-50	167.1			
model	hmm	20260917_b5424051	MU826351.1	GCA_029204205.1	contig	MU826351.1_p105-like_cnidaria_8da2a243	GCA_029204205.1	protein	p105-like_cnidaria	4138251	4138123	1	41	8.8e-17	57.3			
model	hmm	20260917_b5424051	MU826351.1	GCA_029204205.1	contig	MU826351.1_p105-like_cnidaria_8da2a243	GCA_029204205.1	protein	p105-like_cnidaria	4136835	4136797	42	52	0.012	10.6			
model	hmm	20260917_b5424051	MU826351.1	GCA_029204205.1	contig	MU826351.1_p105-like_cnidaria_8da2a243	GCA_029204205.1	protein	p105-like_cnidaria	4136546	4136199	53	136	1.2e-60	202.5			
model	hmm	20260917_b5424051	MU826351.1	GCA_029204205.1	contig	MU826351.1_p105-like_cnidaria_8da2a243	GCA_029204205.1	protein	p105-like_cnidaria	4135354	4135121	137	208	1.7e-28	96.0			
model	hmm	20260917_b5424051	MU826351.1	GCA_029204205.1	contig	MU826351.1_p105-like_cnidaria_8da2a243	GCA_029204205.1	protein	p105-like_cnidaria	4134450	4134283	209	258	2e-28	95.8			
model	hmm	20260917_b5424051	MU826351.1	GCA_029204205.1	contig	MU826351.1_p105-like_cnidaria_8da2a243	GCA_029204205.1	protein	p105-like_cnidaria	4134212	4134063	259	296	6e-23	77.7			
model	hmm	20260917_b5424051	MU826351.1	GCA_029204205.1	contig	MU826351.1_p105-like_cnidaria_8da2a243	GCA_029204205.1	protein	p105-like_cnidaria	4133997	4133884	297	328	8.6e-15	50.7			
model	hmm	20260917_b5424051	MU826351.1	GCA_029204205.1	contig	MU826351.1_p105-like_cnidaria_8da2a243	GCA_029204205.1	protein	p105-like_cnidaria	4133357	4133217	329	375	7.4e-29	97.3			
model	hmm	20260917_b5424051	MU826351.1	GCA_029204205.1	contig	MU826351.1_p105-like_cnidaria_8da2a243	GCA_029204205.1	protein	p105-like_cnidaria	4132282	4132058	376	439	1.7e-23	79.5			
model	hmm	20260917_b5424051	MU826351.1	GCA_029204205.1	contig	MU826351.1_p105-like_cnidaria_8da2a243	GCA_029204205.1	protein	p105-like_cnidaria	4131220	4131140	440	464	0.0062	11.5			
model	hmm	20260917_b5424051	MU826351.1	GCA_029204205.1	contig	MU826351.1_p105-like_cnidaria_8da2a243	GCA_029204205.1	protein	p105-like_cnidaria	4130975	4130835	468	514	5.3e-23	77.9			
model	hmm	20260917_b5424051	MU826351.1	GCA_029204205.1	contig	MU826351.1_p105-like_cnidaria_8da2a243	GCA_029204205.1	protein	p105-like_cnidaria	4130062	4129919	515	550	8.4e-18	60.7			
model	hmm	20260917_b5424051	MU826351.1	GCA_029204205.1	contig	MU826351.1_p105-like_cnidaria_8da2a243	GCA_029204205.1	protein	p105-like_cnidaria	4129342	4129109	551	608	2.5e-31	105.4			
model	hmm	20260917_b5424051	MU826351.1	GCA_029204205.1	contig	MU826351.1_p105-like_cnidaria_8da2a243	GCA_029204205.1	protein	p105-like_cnidaria	4129155	4129102	609	618	0.013	10.4			
model	hmm	20260917_b5424051	MU826351.1	GCA_029204205.1	contig	MU826351.1_p105-like_cnidaria_8da2a243	GCA_029204205.1	protein	p105-like_cnidaria	4128507	4128400	619	648	6.5e-12	41.2			
model	hmm	20260917_b5424051	MU826351.1	GCA_029204205.1	contig	MU826351.1_p105-like_cnidaria_8da2a243	GCA_029204205.1	protein	p105-like_cnidaria	4127816	4127712	649	675	1.1e-13	47.1			
model	hmm	20260917_b5424051	MU826351.1	GCA_029204205.1	contig	MU826351.1_p105-like_cnidaria_8da2a243	GCA_029204205.1	protein	p105-like_cnidaria	4127187	4126996	676	731	1.2e-30	103.2			
model	hmm	20260917_b5424051	MU826351.1	GCA_029204205.1	contig	MU826351.1_p105-like_cnidaria_8da2a243	GCA_029204205.1	protein	p105-like_cnidaria	4126364	4126311	732	749	0.0015	13.5			
model	hmm	20260917_b5424051	MU826351.1	GCA_029204205.1	contig	MU826351.1_p105-like_cnidaria_8da2a243	GCA_029204205.1	protein	p105-like_cnidaria	4125702	4125523	761	818	1.3e-25	86.6			
model	hmm	20260917_b5424051	MU826351.1	GCA_029204205.1	contig	MU826351.1_p105-like_cnidaria_8da2a243	GCA_029204205.1	protein	p105-like_cnidaria	4125109	4124924	819	866	5.8e-20	67.8			
model	hmm	20260917_b5424051	MU826351.1	GCA_029204205.1	contig	MU826351.1_p105-like_cnidaria_8da2a243	GCA_029204205.1	protein	p105-like_cnidaria	4124195	4124058	867	910	2.2e-08	29.5			
model	hmm	20260917_b5424051	MU826251.1	GCA_029204205.1	contig	MU826251.1_p105-like_cnidaria_b5fcc90d	GCA_029204205.1	protein	p105-like_cnidaria	7684	7466	375	442	1.5e-19	63.2			
model	hmm	20260917_b5424051	MU826251.1	GCA_029204205.1	contig	MU826251.1_p105-like_cnidaria_b5fcc90d	GCA_029204205.1	protein	p105-like_cnidaria	6404	6285	475	514	2.6e-20	65.8			
model	hmm	20260917_b5424051	MU826251.1	GCA_029204205.1	contig	MU826251.1_p105-like_cnidaria_b5fcc90d	GCA_029204205.1	protein	p105-like_cnidaria	5478	5341	515	552	1.1e-18	60.4			
model	hmm	20260917_b5424051	MU826251.1	GCA_029204205.1	contig	MU826251.1_p105-like_cnidaria_b5fcc90d	GCA_029204205.1	protein	p105-like_cnidaria	4736	4548	553	604	1.6e-15	50.0			
model	hmm	20260917_b5424051	MU826251.1	GCA_029204205.1	contig	MU826251.1_p105-like_cnidaria_b5fcc90d	GCA_029204205.1	protein	p105-like_cnidaria	4135	4031	614	648	1.8e-12	39.9			
model	hmm	20260917_b5424051	MU826251.1	GCA_029204205.1	contig	MU826251.1_p105-like_cnidaria_b5fcc90d	GCA_029204205.1	protein	p105-like_cnidaria	3463	3365	649	681	9.5e-15	47.4			
model	hmm	20260917_b5424051	MU826251.1	GCA_029204205.1	contig	MU826251.1_p105-like_cnidaria_b5fcc90d	GCA_029204205.1	protein	p105-like_cnidaria	2682	2620	687	701	0.00015	13.7			
model	hmm	20260917_b5424051	MU826251.1	GCA_029204205.1	contig	MU826251.1_p105-like_cnidaria_b5fcc90d	GCA_029204205.1	protein	p105-like_cnidaria	2660	2583	702	713	5.9e-05	15.0			
model	hmm	20260917_b5424051	MU826251.1	GCA_029204205.1	contig	MU826251.1_p105-like_cnidaria_b5fcc90d	GCA_029204205.1	protein	p105-like_cnidaria	2599	2552	714	729	0.00025	12.9			
model	hmm	20260917_b5424051	MU826251.1	GCA_029204205.1	contig	MU826251.1_p105-like_cnidaria_b5fcc90d	GCA_029204205.1	protein	p105-like_cnidaria	1064	927	762	805	2.2e-15	49.5			
model	hmm	20260917_b5424051	MU826251.1	GCA_029204205.1	contig	MU826251.1_p105-like_cnidaria_b5fcc90d	GCA_029204205.1	protein	p105-like_cnidaria	362	255	825	860	1.9e-14	46.4			
model	hmm	20260917_b5424051	MU826368.1	GCA_029204205.1	contig	MU826368.1_IkB-like-1_cnidaria_d06fa176	GCA_029204205.1	protein	IkB-like-1_cnidaria	726014	725562	1	153	1.2e-22	77.7			
model	hmm	20260917_b5424051	MU826368.1	GCA_029204205.1	contig	MU826368.1_IkB-like-1_cnidaria_d06fa176	GCA_029204205.1	protein	IkB-like-1_cnidaria	724508	724398	174	217	2.8e-14	50.1			
model	hmm	20260917_b5424051	MU826368.1	GCA_029204205.1	contig	MU826368.1_IkB-like-1_cnidaria_d06fa176	GCA_029204205.1	protein	IkB-like-1_cnidaria	723891	723502	218	347	1.8e-78	261.6			
model	hmm	20260917_b5424051	MU826368.1	GCA_029204205.1	contig	MU826368.1_IkB-like-1_cnidaria_d06fa176	GCA_029204205.1	protein	IkB-like-1_cnidaria	723218	723015	348	415	2.4e-34	116.2			
model	hmm	20260917_b5424051	MU826368.1	GCA_029204205.1	contig	MU826368.1_IkB-like-1_cnidaria_06294bfc	GCA_029204205.1	protein	IkB-like-1_cnidaria	1230783	1230298	1	164	1.6e-27	93.7			
model	hmm	20260917_b5424051	MU826368.1	GCA_029204205.1	contig	MU826368.1_IkB-like-1_cnidaria_06294bfc	GCA_029204205.1	protein	IkB-like-1_cnidaria	1229304	1229194	174	217	2.7e-14	50.1			
model	hmm	20260917_b5424051	MU826368.1	GCA_029204205.1	contig	MU826368.1_IkB-like-1_cnidaria_06294bfc	GCA_029204205.1	protein	IkB-like-1_cnidaria	1228691	1228305	219	347	5.8e-76	253.3			
model	hmm	20260917_b5424051	MU826368.1	GCA_029204205.1	contig	MU826368.1_IkB-like-1_cnidaria_06294bfc	GCA_029204205.1	protein	IkB-like-1_cnidaria	1228015	1227812	348	415	2.3e-34	116.2			
model	hmm	20260917_b5424051	MU826368.1	GCA_029204205.1	contig	MU826368.1_IkB-like-2_cnidaria_eb64b4b9	GCA_029204205.1	protein	IkB-like-2_cnidaria	709105	708983	109	149	2.2e-08	30.5			
model	hmm	20260917_b5424051	MU826368.1	GCA_029204205.1	contig	MU826368.1_IkB-like-2_cnidaria_eb64b4b9	GCA_029204205.1	protein	IkB-like-2_cnidaria	706742	706632	152	184	1.1e-14	51.2			
model	hmm	20260917_b5424051	MU826368.1	GCA_029204205.1	contig	MU826368.1_IkB-like-2_cnidaria_eb64b4b9	GCA_029204205.1	protein	IkB-like-2_cnidaria	705128	705075	185	200	2.3e-07	27.2			
model	hmm	20260917_b5424051	MU826368.1	GCA_029204205.1	contig	MU826368.1_IkB-like-2_cnidaria_eb64b4b9	GCA_029204205.1	protein	IkB-like-2_cnidaria	705081	704893	201	254	9e-29	97.6			
model	hmm	20260917_b5424051	MU826368.1	GCA_029204205.1	contig	MU826368.1_IkB-like-2_cnidaria_eb64b4b9	GCA_029204205.1	protein	IkB-like-2_cnidaria	703625	703569	255	271	0.0028	13.7			
model	hmm	20260917_b5424051	MU826368.1	GCA_029204205.1	contig	MU826368.1_IkB-like-2_cnidaria_eb64b4b9	GCA_029204205.1	protein	IkB-like-2_cnidaria	703597	703523	272	286	0.00021	17.4			
model	hmm	20260917_b5424051	MU826368.1	GCA_029204205.1	contig	MU826368.1_IkB-like-2_cnidaria_eb64b4b9	GCA_029204205.1	protein	IkB-like-2_cnidaria	702486	702358	293	335	2e-24	83.3			
model	hmm	20260917_b5424051	MU826368.1	GCA_029204205.1	contig	MU826368.1_IkB-like-2_cnidaria_eb64b4b9	GCA_029204205.1	protein	IkB-like-2_cnidaria	702380	702246	336	372	3.4e-17	59.5			
model	hmm	20260917_b5424051	MU827791.1	GCA_029204205.1	contig	MU827791.1_IkBa-like_cnidaria_6b58b217	GCA_029204205.1	protein	IkBa-like_cnidaria	964280	964678	2	136	5.4e-51	170.6			
model	hmm	20260917_b5424051	MU827791.1	GCA_029204205.1	contig	MU827791.1_IkBa-like_cnidaria_6b58b217	GCA_029204205.1	protein	IkBa-like_cnidaria	965245	965346	137	170	6.4e-16	55.2			
model	hmm	20260917_b5424051	MU827791.1	GCA_029204205.1	contig	MU827791.1_IkBa-like_cnidaria_6b58b217	GCA_029204205.1	protein	IkBa-like_cnidaria	965497	965733	171	249	1.5e-47	159.3			
model	hmm	20260917_b5424051	MU827791.1	GCA_029204205.1	contig	MU827791.1_IkBa-like_cnidaria_6b58b217	GCA_029204205.1	protein	IkBa-like_cnidaria	966398	966484	250	278	1.9e-12	43.8			
model	hmm	20260917_b5424051	MU827791.1	GCA_029204205.1	contig	MU827791.1_IkBa-like_cnidaria_6b58b217	GCA_029204205.1	protein	IkBa-like_cnidaria	966608	966889	279	372	6.4e-50	167.1			
model	hmm	20260917_b5424051	JARQWQ010000012.1	GCA_032359415.1	contig	JARQWQ010000012.1_p105-like_cnidaria_21f51161	GCA_032359415.1	protein	p105-like_cnidaria	1532642	1532764	1	41	2.7e-19	65.7			
model	hmm	20260917_b5424051	JARQWQ010000012.1	GCA_032359415.1	contig	JARQWQ010000012.1_p105-like_cnidaria_21f51161	GCA_032359415.1	protein	p105-like_cnidaria	1533636	1533668	42	52	0.0023	12.9			
model	hmm	20260917_b5424051	JARQWQ010000012.1	GCA_032359415.1	contig	JARQWQ010000012.1_p105-like_cnidaria_21f51161	GCA_032359415.1	protein	p105-like_cnidaria	1534181	1534432	53	136	1.5e-59	198.9			
model	hmm	20260917_b5424051	JARQWQ010000012.1	GCA_032359415.1	contig	JARQWQ010000012.1_p105-like_cnidaria_21f51161	GCA_032359415.1	protein	p105-like_cnidaria	1534989	1535201	137	208	2.6e-29	98.8			
model	hmm	20260917_b5424051	JARQWQ010000012.1	GCA_032359415.1	contig	JARQWQ010000012.1_p105-like_cnidaria_21f51161	GCA_032359415.1	protein	p105-like_cnidaria	1535704	1535862	209	261	8.5e-30	100.4			
model	hmm	20260917_b5424051	JARQWQ010000012.1	GCA_032359415.1	contig	JARQWQ010000012.1_p105-like_cnidaria_21f51161	GCA_032359415.1	protein	p105-like_cnidaria	1536279	1536383	262	296	3.3e-21	72.0			
model	hmm	20260917_b5424051	JARQWQ010000012.1	GCA_032359415.1	contig	JARQWQ010000012.1_p105-like_cnidaria_21f51161	GCA_032359415.1	protein	p105-like_cnidaria	1537250	1537345	297	329	1e-13	47.2			
model	hmm	20260917_b5424051	JARQWQ010000012.1	GCA_032359415.1	contig	JARQWQ010000012.1_p105-like_cnidaria_21f51161	GCA_032359415.1	protein	p105-like_cnidaria	1538415	1538552	330	375	1.5e-29	99.6			
model	hmm	20260917_b5424051	JARQWQ010000012.1	GCA_032359415.1	contig	JARQWQ010000012.1_p105-like_cnidaria_21f51161	GCA_032359415.1	protein	p105-like_cnidaria	1539317	1539514	376	440	2.9e-28	95.3			
model	hmm	20260917_b5424051	JARQWQ010000012.1	GCA_032359415.1	contig	JARQWQ010000012.1_p105-like_cnidaria_21f51161	GCA_032359415.1	protein	p105-like_cnidaria	1542906	1543049	467	514	1.7e-22	76.3			
model	hmm	20260917_b5424051	JARQWQ010000012.1	GCA_032359415.1	contig	JARQWQ010000012.1_p105-like_cnidaria_21f51161	GCA_032359415.1	protein	p105-like_cnidaria	1543620	1543727	515	550	5.9e-20	67.9			
model	hmm	20260917_b5424051	JARQWQ010000012.1	GCA_032359415.1	contig	JARQWQ010000012.1_p105-like_cnidaria_21f51161	GCA_032359415.1	protein	p105-like_cnidaria	1543864	1544067	551	618	6.6e-40	133.9			
model	hmm	20260917_b5424051	JARQWQ010000012.1	GCA_032359415.1	contig	JARQWQ010000012.1_p105-like_cnidaria_21f51161	GCA_032359415.1	protein	p105-like_cnidaria	1545075	1545164	619	648	1.6e-12	43.3			
model	hmm	20260917_b5424051	JARQWQ010000012.1	GCA_032359415.1	contig	JARQWQ010000012.1_p105-like_cnidaria_21f51161	GCA_032359415.1	protein	p105-like_cnidaria	1545254	1545334	649	675	1.4e-12	43.5			
model	hmm	20260917_b5424051	JARQWQ010000012.1	GCA_032359415.1	contig	JARQWQ010000012.1_p105-like_cnidaria_21f51161	GCA_032359415.1	protein	p105-like_cnidaria	1545802	1545969	676	731	4.5e-33	111.3			
model	hmm	20260917_b5424051	JARQWQ010000012.1	GCA_032359415.1	contig	JARQWQ010000012.1_p105-like_cnidaria_21f51161	GCA_032359415.1	protein	p105-like_cnidaria	1546212	1546304	732	761	0.012	10.6			
model	hmm	20260917_b5424051	JARQWQ010000012.1	GCA_032359415.1	contig	JARQWQ010000012.1_p105-like_cnidaria_21f51161	GCA_032359415.1	protein	p105-like_cnidaria	1546877	1547047	762	818	2.1e-25	85.9			
model	hmm	20260917_b5424051	JARQWQ010000012.1	GCA_032359415.1	contig	JARQWQ010000012.1_p105-like_cnidaria_21f51161	GCA_032359415.1	protein	p105-like_cnidaria	1547950	1548105	819	868	4.6e-21	71.5			
model	hmm	20260917_b5424051	JARQWQ010000012.1	GCA_032359415.1	contig	JARQWQ010000012.1_p105-like_cnidaria_21f51161	GCA_032359415.1	protein	p105-like_cnidaria	1548398	1548523	869	910	1.1e-08	30.6			
model	hmm	20260917_b5424051	JARQWQ010000016.1	GCA_032359415.1	contig	JARQWQ010000016.1_p105-like_cnidaria_6729c055	GCA_032359415.1	protein	p105-like_cnidaria	1413163	1412771	515	647	1.8e-28	95.8			
model	hmm	20260917_b5424051	JARQWQ010000016.1	GCA_032359415.1	contig	JARQWQ010000016.1_p105-like_cnidaria_6729c055	GCA_032359415.1	protein	p105-like_cnidaria	1383378	1383139	648	728	9.3e-15	50.4			
model	hmm	20260917_b5424051	JARQWQ010000016.1	GCA_032359415.1	contig	JARQWQ010000016.1_p105-like_cnidaria_1e1677bc	GCA_032359415.1	protein	p105-like_cnidaria	1413115	1412771	531	647	4.8e-27	91.1			
model	hmm	20260917_b5424051	JARQWQ010000016.1	GCA_032359415.1	contig	JARQWQ010000016.1_p105-like_cnidaria_1e1677bc	GCA_032359415.1	protein	p105-like_cnidaria	1383378	1383139	648	728	9.3e-15	50.4			
model	hmm	20260917_b5424051	JARQWQ010000016.1	GCA_032359415.1	contig	JARQWQ010000016.1_p105-like_cnidaria_c38b8b8f	GCA_032359415.1	protein	p105-like_cnidaria	1385759	1385538	551	618	8.5e-18	60.5			
model	hmm	20260917_b5424051	JARQWQ010000016.1	GCA_032359415.1	contig	JARQWQ010000016.1_p105-like_cnidaria_c38b8b8f	GCA_032359415.1	protein	p105-like_cnidaria	1384032	1383904	619	647	0.00031	15.6			
model	hmm	20260917_b5424051	JARQWQ010000016.1	GCA_032359415.1	contig	JARQWQ010000016.1_p105-like_cnidaria_c38b8b8f	GCA_032359415.1	protein	p105-like_cnidaria	1383378	1383139	648	728	9.3e-15	50.4			
model	hmm	20260917_b5424051	JARQWQ010000014.1	GCA_032359415.1	contig	JARQWQ010000014.1_p105-like_cnidaria_b57b575b	GCA_032359415.1	protein	p105-like_cnidaria	290419	290529	514	552	0.014	10.1			
model	hmm	20260917_b5424051	JARQWQ010000014.1	GCA_032359415.1	contig	JARQWQ010000014.1_p105-like_cnidaria_b57b575b	GCA_032359415.1	protein	p105-like_cnidaria	290709	290864	553	604	1.3e-14	49.9			
model	hmm	20260917_b5424051	JARQWQ010000014.1	GCA_032359415.1	contig	JARQWQ010000014.1_p105-like_cnidaria_b57b575b	GCA_032359415.1	protein	p105-like_cnidaria	291790	291879	618	647	0.018	9.7			
model	hmm	20260917_b5424051	JARQWQ010000014.1	GCA_032359415.1	contig	JARQWQ010000014.1_p105-like_cnidaria_b57b575b	GCA_032359415.1	protein	p105-like_cnidaria	292254	292508	648	732	4.5e-26	87.8			
model	hmm	20260917_b5424051	JARQWQ010000016.1	GCA_032359415.1	contig	JARQWQ010000016.1_IkB-like-1_cnidaria_fc0388fc	GCA_032359415.1	protein	IkB-like-1_cnidaria	1413473	1413360	173	217	4.1e-15	52.9			
model	hmm	20260917_b5424051	JARQWQ010000016.1	GCA_032359415.1	contig	JARQWQ010000016.1_IkB-like-1_cnidaria_fc0388fc	GCA_032359415.1	protein	IkB-like-1_cnidaria	1413163	1412774	218	347	1.2e-81	272.2			
model	hmm	20260917_b5424051	JARQWQ010000016.1	GCA_032359415.1	contig	JARQWQ010000016.1_IkB-like-1_cnidaria_fc0388fc	GCA_032359415.1	protein	IkB-like-1_cnidaria	1412238	1412020	348	418	1.5e-35	120.2			
model	hmm	20260917_b5424051	JARQWQ010000016.1	GCA_032359415.1	contig	JARQWQ010000016.1_IkB-like-1_cnidaria_49f8f55c	GCA_032359415.1	protein	IkB-like-1_cnidaria	1388672	1388565	219	250	7.6e-07	25.7			
model	hmm	20260917_b5424051	JARQWQ010000016.1	GCA_032359415.1	contig	JARQWQ010000016.1_IkB-like-1_cnidaria_49f8f55c	GCA_032359415.1	protein	IkB-like-1_cnidaria	1385759	1385535	251	316	1.5e-25	87.4			
model	hmm	20260917_b5424051	JARQWQ010000016.1	GCA_032359415.1	contig	JARQWQ010000016.1_IkB-like-1_cnidaria_49f8f55c	GCA_032359415.1	protein	IkB-like-1_cnidaria	1384023	1383916	317	350	0.00076	15.8			
model	hmm	20260917_b5424051	JARQWQ010000016.1	GCA_032359415.1	contig	JARQWQ010000016.1_IkB-like-1_cnidaria_49f8f55c	GCA_032359415.1	protein	IkB-like-1_cnidaria	1383390	1383175	351	414	1.7e-18	64.1			
model	hmm	20260917_b5424051	JARQWQ010000016.1	GCA_032359415.1	contig	JARQWQ010000016.1_IkB-like-1_cnidaria_e67b56b7	GCA_032359415.1	protein	IkB-like-1_cnidaria	1416236	1415775	13	171	1.4e-36	123.7			
model	hmm	20260917_b5424051	JARQWQ010000016.1	GCA_032359415.1	contig	JARQWQ010000016.1_IkB-like-1_cnidaria_e67b56b7	GCA_032359415.1	protein	IkB-like-1_cnidaria	1413473	1413360	173	217	4.3e-15	52.9			
model	hmm	20260917_b5424051	JARQWQ010000016.1	GCA_032359415.1	contig	JARQWQ010000016.1_IkB-like-1_cnidaria_e67b56b7	GCA_032359415.1	protein	IkB-like-1_cnidaria	1413163	1412774	218	347	1.2e-81	272.2			
model	hmm	20260917_b5424051	JARQWQ010000016.1	GCA_032359415.1	contig	JARQWQ010000016.1_IkB-like-1_cnidaria_e67b56b7	GCA_032359415.1	protein	IkB-like-1_cnidaria	1412238	1412020	348	418	1.6e-35	120.2			
model	hmm	20260917_b5424051	JARQWQ010000016.1	GCA_032359415.1	contig	JARQWQ010000016.1_IkB-like-2_cnidaria_74c6b97d	GCA_032359415.1	protein	IkB-like-2_cnidaria	1413160	1412771	153	285	6.6e-45	150.9			
model	hmm	20260917_b5424051	JARQWQ010000016.1	GCA_032359415.1	contig	JARQWQ010000016.1_IkB-like-2_cnidaria_74c6b97d	GCA_032359415.1	protein	IkB-like-2_cnidaria	1383378	1383109	286	375	6.2e-52	174.0			
model	hmm	20260917_b5424051	JARQWQ010000016.1	GCA_032359415.1	contig	JARQWQ010000016.1_IkB-like-2_cnidaria_a587c436	GCA_032359415.1	protein	IkB-like-2_cnidaria	1413103	1412771	172	285	5.5e-37	124.9			
model	hmm	20260917_b5424051	JARQWQ010000016.1	GCA_032359415.1	contig	JARQWQ010000016.1_IkB-like-2_cnidaria_a587c436	GCA_032359415.1	protein	IkB-like-2_cnidaria	1383378	1383109	286	375	6.7e-52	174.0			
model	hmm	20260917_b5424051	JARQWQ010000016.1	GCA_032359415.1	contig	JARQWQ010000016.1_IkB-like-2_cnidaria_2a1d122c	GCA_032359415.1	protein	IkB-like-2_cnidaria	1391904	1391647	3	93	3.2e-06	23.5			
model	hmm	20260917_b5424051	JARQWQ010000016.1	GCA_032359415.1	contig	JARQWQ010000016.1_IkB-like-2_cnidaria_2a1d122c	GCA_032359415.1	protein	IkB-like-2_cnidaria	1391637	1391554	124	151	6.4e-08	29.1			
model	hmm	20260917_b5424051	JARQWQ010000016.1	GCA_032359415.1	contig	JARQWQ010000016.1_IkB-like-2_cnidaria_2a1d122c	GCA_032359415.1	protein	IkB-like-2_cnidaria	1388675	1388571	152	184	4.3e-15	52.7			
model	hmm	20260917_b5424051	JARQWQ010000016.1	GCA_032359415.1	contig	JARQWQ010000016.1_IkB-like-2_cnidaria_2a1d122c	GCA_032359415.1	protein	IkB-like-2_cnidaria	1385759	1385538	185	256	8e-41	137.4			
model	hmm	20260917_b5424051	JARQWQ010000016.1	GCA_032359415.1	contig	JARQWQ010000016.1_IkB-like-2_cnidaria_2a1d122c	GCA_032359415.1	protein	IkB-like-2_cnidaria	1384026	1383910	257	285	5.9e-12	42.4			
model	hmm	20260917_b5424051	JARQWQ010000016.1	GCA_032359415.1	contig	JARQWQ010000016.1_IkB-like-2_cnidaria_2a1d122c	GCA_032359415.1	protein	IkB-like-2_cnidaria	1383378	1383109	286	375	6.2e-52	174.0			
model	hmm	20260917_b5424051	JARQWQ010000014.1	GCA_032359415.1	contig	JARQWQ010000014.1_IkBa-like_cnidaria_9832f2a5	GCA_032359415.1	protein	IkBa-like_cnidaria	289586	289999	1	136	2e-50	168.8			
model	hmm	20260917_b5424051	JARQWQ010000014.1	GCA_032359415.1	contig	JARQWQ010000014.1_IkBa-like_cnidaria_9832f2a5	GCA_032359415.1	protein	IkBa-like_cnidaria	290422	290526	137	171	2.4e-15	53.3			
model	hmm	20260917_b5424051	JARQWQ010000014.1	GCA_032359415.1	contig	JARQWQ010000014.1_IkBa-like_cnidaria_9832f2a5	GCA_032359415.1	protein	IkBa-like_cnidaria	290706	290939	172	249	1.8e-44	149.2			
model	hmm	20260917_b5424051	JARQWQ010000014.1	GCA_032359415.1	contig	JARQWQ010000014.1_IkBa-like_cnidaria_9832f2a5	GCA_032359415.1	protein	IkBa-like_cnidaria	291793	291879	250	278	6.6e-12	42.0			
model	hmm	20260917_b5424051	JARQWQ010000014.1	GCA_032359415.1	contig	JARQWQ010000014.1_IkBa-like_cnidaria_9832f2a5	GCA_032359415.1	protein	IkBa-like_cnidaria	292254	292538	279	373	6.9e-50	167.0			
model	hmm	20260917_b5424051	JARQWQ010000016.1	GCA_032359415.1	contig	JARQWQ010000016.1_IkBa-like_cnidaria_c0e910a4	GCA_032359415.1	protein	IkBa-like_cnidaria	1413163	1412774	137	277	3.6e-38	128.5			
model	hmm	20260917_b5424051	JARQWQ010000016.1	GCA_032359415.1	contig	JARQWQ010000016.1_IkBa-like_cnidaria_c0e910a4	GCA_032359415.1	protein	IkBa-like_cnidaria	1383381	1383121	278	365	1.5e-22	77.1			
model	hmm	20260917_b5424051	JARQWQ010000016.1	GCA_032359415.1	contig	JARQWQ010000016.1_IkBa-like_cnidaria_ce0007a0	GCA_032359415.1	protein	IkBa-like_cnidaria	1413091	1412774	162	277	3.1e-34	115.6			
model	hmm	20260917_b5424051	JARQWQ010000016.1	GCA_032359415.1	contig	JARQWQ010000016.1_IkBa-like_cnidaria_ce0007a0	GCA_032359415.1	protein	IkBa-like_cnidaria	1383381	1383121	278	365	1.5e-22	77.1			
model	hmm	20260917_b5424051	JARQWQ010000012.1	GCA_032359415.1	contig	JARQWQ010000012.1_p105-like_cnidaria_21f51161	GCA_032359415.1	protein	p105-like_cnidaria	1532642	1532764	1	41	2.7e-19	65.7			
model	hmm	20260917_b5424051	JARQWQ010000012.1	GCA_032359415.1	contig	JARQWQ010000012.1_p105-like_cnidaria_21f51161	GCA_032359415.1	protein	p105-like_cnidaria	1533636	1533668	42	52	0.0023	12.9			
model	hmm	20260917_b5424051	JARQWQ010000012.1	GCA_032359415.1	contig	JARQWQ010000012.1_p105-like_cnidaria_21f51161	GCA_032359415.1	protein	p105-like_cnidaria	1534181	1534432	53	136	1.5e-59	198.9			
model	hmm	20260917_b5424051	JARQWQ010000012.1	GCA_032359415.1	contig	JARQWQ010000012.1_p105-like_cnidaria_21f51161	GCA_032359415.1	protein	p105-like_cnidaria	1534989	1535201	137	208	2.6e-29	98.8			
model	hmm	20260917_b5424051	JARQWQ010000012.1	GCA_032359415.1	contig	JARQWQ010000012.1_p105-like_cnidaria_21f51161	GCA_032359415.1	protein	p105-like_cnidaria	1535704	1535862	209	261	8.5e-30	100.4			
model	hmm	20260917_b5424051	JARQWQ010000012.1	GCA_032359415.1	contig	JARQWQ010000012.1_p105-like_cnidaria_21f51161	GCA_032359415.1	protein	p105-like_cnidaria	1536279	1536383	262	296	3.3e-21	72.0			
model	hmm	20260917_b5424051	JARQWQ010000012.1	GCA_032359415.1	contig	JARQWQ010000012.1_p105-like_cnidaria_21f51161	GCA_032359415.1	protein	p105-like_cnidaria	1537250	1537345	297	329	1e-13	47.2			
model	hmm	20260917_b5424051	JARQWQ010000012.1	GCA_032359415.1	contig	JARQWQ010000012.1_p105-like_cnidaria_21f51161	GCA_032359415.1	protein	p105-like_cnidaria	1538415	1538552	330	375	1.5e-29	99.6			
model	hmm	20260917_b5424051	JARQWQ010000012.1	GCA_032359415.1	contig	JARQWQ010000012.1_p105-like_cnidaria_21f51161	GCA_032359415.1	protein	p105-like_cnidaria	1539317	1539514	376	440	2.9e-28	95.3			
model	hmm	20260917_b5424051	JARQWQ010000012.1	GCA_032359415.1	contig	JARQWQ010000012.1_p105-like_cnidaria_21f51161	GCA_032359415.1	protein	p105-like_cnidaria	1542906	1543049	467	514	1.7e-22	76.3			
model	hmm	20260917_b5424051	JARQWQ010000012.1	GCA_032359415.1	contig	JARQWQ010000012.1_p105-like_cnidaria_21f51161	GCA_032359415.1	protein	p105-like_cnidaria	1543620	1543727	515	550	5.9e-20	67.9			
model	hmm	20260917_b5424051	JARQWQ010000012.1	GCA_032359415.1	contig	JARQWQ010000012.1_p105-like_cnidaria_21f51161	GCA_032359415.1	protein	p105-like_cnidaria	1543864	1544067	551	618	6.6e-40	133.9			
model	hmm	20260917_b5424051	JARQWQ010000012.1	GCA_032359415.1	contig	JARQWQ010000012.1_p105-like_cnidaria_21f51161	GCA_032359415.1	protein	p105-like_cnidaria	1545075	1545164	619	648	1.6e-12	43.3			
model	hmm	20260917_b5424051	JARQWQ010000012.1	GCA_032359415.1	contig	JARQWQ010000012.1_p105-like_cnidaria_21f51161	GCA_032359415.1	protein	p105-like_cnidaria	1545254	1545334	649	675	1.4e-12	43.5			
model	hmm	20260917_b5424051	JARQWQ010000012.1	GCA_032359415.1	contig	JARQWQ010000012.1_p105-like_cnidaria_21f51161	GCA_032359415.1	protein	p105-like_cnidaria	1545802	1545969	676	731	4.5e-33	111.3			
model	hmm	20260917_b5424051	JARQWQ010000012.1	GCA_032359415.1	contig	JARQWQ010000012.1_p105-like_cnidaria_21f51161	GCA_032359415.1	protein	p105-like_cnidaria	1546212	1546304	732	761	0.012	10.6			
model	hmm	20260917_b5424051	JARQWQ010000012.1	GCA_032359415.1	contig	JARQWQ010000012.1_p105-like_cnidaria_21f51161	GCA_032359415.1	protein	p105-like_cnidaria	1546877	1547047	762	818	2.1e-25	85.9			
model	hmm	20260917_b5424051	JARQWQ010000012.1	GCA_032359415.1	contig	JARQWQ010000012.1_p105-like_cnidaria_21f51161	GCA_032359415.1	protein	p105-like_cnidaria	1547950	1548105	819	868	4.6e-21	71.5			
model	hmm	20260917_b5424051	JARQWQ010000012.1	GCA_032359415.1	contig	JARQWQ010000012.1_p105-like_cnidaria_21f51161	GCA_032359415.1	protein	p105-like_cnidaria	1548398	1548523	869	910	1.1e-08	30.6			
model	hmm	20260917_b5424051	JARQWQ010000016.1	GCA_032359415.1	contig	JARQWQ010000016.1_p105-like_cnidaria_6729c055	GCA_032359415.1	protein	p105-like_cnidaria	1413163	1412771	515	647	1.8e-28	95.8			
model	hmm	20260917_b5424051	JARQWQ010000016.1	GCA_032359415.1	contig	JARQWQ010000016.1_p105-like_cnidaria_6729c055	GCA_032359415.1	protein	p105-like_cnidaria	1383378	1383139	648	728	9.3e-15	50.4			
model	hmm	20260917_b5424051	JARQWQ010000016.1	GCA_032359415.1	contig	JARQWQ010000016.1_p105-like_cnidaria_1e1677bc	GCA_032359415.1	protein	p105-like_cnidaria	1413115	1412771	531	647	4.8e-27	91.1			
model	hmm	20260917_b5424051	JARQWQ010000016.1	GCA_032359415.1	contig	JARQWQ010000016.1_p105-like_cnidaria_1e1677bc	GCA_032359415.1	protein	p105-like_cnidaria	1383378	1383139	648	728	9.3e-15	50.4			
model	hmm	20260917_b5424051	JARQWQ010000016.1	GCA_032359415.1	contig	JARQWQ010000016.1_p105-like_cnidaria_c38b8b8f	GCA_032359415.1	protein	p105-like_cnidaria	1385759	1385538	551	618	8.5e-18	60.5			
model	hmm	20260917_b5424051	JARQWQ010000016.1	GCA_032359415.1	contig	JARQWQ010000016.1_p105-like_cnidaria_c38b8b8f	GCA_032359415.1	protein	p105-like_cnidaria	1384032	1383904	619	647	0.00031	15.6			
model	hmm	20260917_b5424051	JARQWQ010000016.1	GCA_032359415.1	contig	JARQWQ010000016.1_p105-like_cnidaria_c38b8b8f	GCA_032359415.1	protein	p105-like_cnidaria	1383378	1383139	648	728	9.3e-15	50.4			
model	hmm	20260917_b5424051	JARQWQ010000014.1	GCA_032359415.1	contig	JARQWQ010000014.1_p105-like_cnidaria_b57b575b	GCA_032359415.1	protein	p105-like_cnidaria	290419	290529	514	552	0.014	10.1			
model	hmm	20260917_b5424051	JARQWQ010000014.1	GCA_032359415.1	contig	JARQWQ010000014.1_p105-like_cnidaria_b57b575b	GCA_032359415.1	protein	p105-like_cnidaria	290709	290864	553	604	1.3e-14	49.9			
model	hmm	20260917_b5424051	JARQWQ010000014.1	GCA_032359415.1	contig	JARQWQ010000014.1_p105-like_cnidaria_b57b575b	GCA_032359415.1	protein	p105-like_cnidaria	291790	291879	618	647	0.018	9.7			
model	hmm	20260917_b5424051	JARQWQ010000014.1	GCA_032359415.1	contig	JARQWQ010000014.1_p105-like_cnidaria_b57b575b	GCA_032359415.1	protein	p105-like_cnidaria	292254	292508	648	732	4.5e-26	87.8			
model	hmm	20260917_b5424051	JARQWQ010000016.1	GCA_032359415.1	contig	JARQWQ010000016.1_IkB-like-1_cnidaria_fc0388fc	GCA_032359415.1	protein	IkB-like-1_cnidaria	1413473	1413360	173	217	4.1e-15	52.9			
model	hmm	20260917_b5424051	JARQWQ010000016.1	GCA_032359415.1	contig	JARQWQ010000016.1_IkB-like-1_cnidaria_fc0388fc	GCA_032359415.1	protein	IkB-like-1_cnidaria	1413163	1412774	218	347	1.2e-81	272.2			
model	hmm	20260917_b5424051	JARQWQ010000016.1	GCA_032359415.1	contig	JARQWQ010000016.1_IkB-like-1_cnidaria_fc0388fc	GCA_032359415.1	protein	IkB-like-1_cnidaria	1412238	1412020	348	418	1.5e-35	120.2			
model	hmm	20260917_b5424051	JARQWQ010000016.1	GCA_032359415.1	contig	JARQWQ010000016.1_IkB-like-1_cnidaria_49f8f55c	GCA_032359415.1	protein	IkB-like-1_cnidaria	1388672	1388565	219	250	7.6e-07	25.7			
model	hmm	20260917_b5424051	JARQWQ010000016.1	GCA_032359415.1	contig	JARQWQ010000016.1_IkB-like-1_cnidaria_49f8f55c	GCA_032359415.1	protein	IkB-like-1_cnidaria	1385759	1385535	251	316	1.5e-25	87.4			
model	hmm	20260917_b5424051	JARQWQ010000016.1	GCA_032359415.1	contig	JARQWQ010000016.1_IkB-like-1_cnidaria_49f8f55c	GCA_032359415.1	protein	IkB-like-1_cnidaria	1384023	1383916	317	350	0.00076	15.8			
model	hmm	20260917_b5424051	JARQWQ010000016.1	GCA_032359415.1	contig	JARQWQ010000016.1_IkB-like-1_cnidaria_49f8f55c	GCA_032359415.1	protein	IkB-like-1_cnidaria	1383390	1383175	351	414	1.7e-18	64.1			
model	hmm	20260917_b5424051	JARQWQ010000016.1	GCA_032359415.1	contig	JARQWQ010000016.1_IkB-like-1_cnidaria_e67b56b7	GCA_032359415.1	protein	IkB-like-1_cnidaria	1416236	1415775	13	171	1.4e-36	123.7			
model	hmm	20260917_b5424051	JARQWQ010000016.1	GCA_032359415.1	contig	JARQWQ010000016.1_IkB-like-1_cnidaria_e67b56b7	GCA_032359415.1	protein	IkB-like-1_cnidaria	1413473	1413360	173	217	4.3e-15	52.9			
model	hmm	20260917_b5424051	JARQWQ010000016.1	GCA_032359415.1	contig	JARQWQ010000016.1_IkB-like-1_cnidaria_e67b56b7	GCA_032359415.1	protein	IkB-like-1_cnidaria	1413163	1412774	218	347	1.2e-81	272.2			
model	hmm	20260917_b5424051	JARQWQ010000016.1	GCA_032359415.1	contig	JARQWQ010000016.1_IkB-like-1_cnidaria_e67b56b7	GCA_032359415.1	protein	IkB-like-1_cnidaria	1412238	1412020	348	418	1.6e-35	120.2			
model	hmm	20260917_b5424051	JARQWQ010000016.1	GCA_032359415.1	contig	JARQWQ010000016.1_IkB-like-2_cnidaria_74c6b97d	GCA_032359415.1	protein	IkB-like-2_cnidaria	1413160	1412771	153	285	6.6e-45	150.9			
model	hmm	20260917_b5424051	JARQWQ010000016.1	GCA_032359415.1	contig	JARQWQ010000016.1_IkB-like-2_cnidaria_74c6b97d	GCA_032359415.1	protein	IkB-like-2_cnidaria	1383378	1383109	286	375	6.2e-52	174.0			
model	hmm	20260917_b5424051	JARQWQ010000016.1	GCA_032359415.1	contig	JARQWQ010000016.1_IkB-like-2_cnidaria_a587c436	GCA_032359415.1	protein	IkB-like-2_cnidaria	1413103	1412771	172	285	5.5e-37	124.9			
model	hmm	20260917_b5424051	JARQWQ010000016.1	GCA_032359415.1	contig	JARQWQ010000016.1_IkB-like-2_cnidaria_a587c436	GCA_032359415.1	protein	IkB-like-2_cnidaria	1383378	1383109	286	375	6.7e-52	174.0			
model	hmm	20260917_b5424051	JARQWQ010000016.1	GCA_032359415.1	contig	JARQWQ010000016.1_IkB-like-2_cnidaria_2a1d122c	GCA_032359415.1	protein	IkB-like-2_cnidaria	1391904	1391647	3	93	3.2e-06	23.5			
model	hmm	20260917_b5424051	JARQWQ010000016.1	GCA_032359415.1	contig	JARQWQ010000016.1_IkB-like-2_cnidaria_2a1d122c	GCA_032359415.1	protein	IkB-like-2_cnidaria	1391637	1391554	124	151	6.4e-08	29.1			
model	hmm	20260917_b5424051	JARQWQ010000016.1	GCA_032359415.1	contig	JARQWQ010000016.1_IkB-like-2_cnidaria_2a1d122c	GCA_032359415.1	protein	IkB-like-2_cnidaria	1388675	1388571	152	184	4.3e-15	52.7			
model	hmm	20260917_b5424051	JARQWQ010000016.1	GCA_032359415.1	contig	JARQWQ010000016.1_IkB-like-2_cnidaria_2a1d122c	GCA_032359415.1	protein	IkB-like-2_cnidaria	1385759	1385538	185	256	8e-41	137.4			
model	hmm	20260917_b5424051	JARQWQ010000016.1	GCA_032359415.1	contig	JARQWQ010000016.1_IkB-like-2_cnidaria_2a1d122c	GCA_032359415.1	protein	IkB-like-2_cnidaria	1384026	1383910	257	285	5.9e-12	42.4			
model	hmm	20260917_b5424051	JARQWQ010000016.1	GCA_032359415.1	contig	JARQWQ010000016.1_IkB-like-2_cnidaria_2a1d122c	GCA_032359415.1	protein	IkB-like-2_cnidaria	1383378	1383109	286	375	6.2e-52	174.0			
model	hmm	20260917_b5424051	JARQWQ010000014.1	GCA_032359415.1	contig	JARQWQ010000014.1_IkBa-like_cnidaria_9832f2a5	GCA_032359415.1	protein	IkBa-like_cnidaria	289586	289999	1	136	2e-50	168.8			
model	hmm	20260917_b5424051	JARQWQ010000014.1	GCA_032359415.1	contig	JARQWQ010000014.1_IkBa-like_cnidaria_9832f2a5	GCA_032359415.1	protein	IkBa-like_cnidaria	290422	290526	137	171	2.4e-15	53.3			
model	hmm	20260917_b5424051	JARQWQ010000014.1	GCA_032359415.1	contig	JARQWQ010000014.1_IkBa-like_cnidaria_9832f2a5	GCA_032359415.1	protein	IkBa-like_cnidaria	290706	290939	172	249	1.8e-44	149.2			
model	hmm	20260917_b5424051	JARQWQ010000014.1	GCA_032359415.1	contig	JARQWQ010000014.1_IkBa-like_cnidaria_9832f2a5	GCA_032359415.1	protein	IkBa-like_cnidaria	291793	291879	250	278	6.6e-12	42.0			
model	hmm	20260917_b5424051	JARQWQ010000014.1	GCA_032359415.1	contig	JARQWQ010000014.1_IkBa-like_cnidaria_9832f2a5	GCA_032359415.1	protein	IkBa-like_cnidaria	292254	292538	279	373	6.9e-50	167.0			
model	hmm	20260917_b5424051	JARQWQ010000016.1	GCA_032359415.1	contig	JARQWQ010000016.1_IkBa-like_cnidaria_c0e910a4	GCA_032359415.1	protein	IkBa-like_cnidaria	1413163	1412774	137	277	3.6e-38	128.5			
model	hmm	20260917_b5424051	JARQWQ010000016.1	GCA_032359415.1	contig	JARQWQ010000016.1_IkBa-like_cnidaria_c0e910a4	GCA_032359415.1	protein	IkBa-like_cnidaria	1383381	1383121	278	365	1.5e-22	77.1			
model	hmm	20260917_b5424051	JARQWQ010000016.1	GCA_032359415.1	contig	JARQWQ010000016.1_IkBa-like_cnidaria_ce0007a0	GCA_032359415.1	protein	IkBa-like_cnidaria	1413091	1412774	162	277	3.1e-34	115.6			
model	hmm	20260917_b5424051	JARQWQ010000016.1	GCA_032359415.1	contig	JARQWQ010000016.1_IkBa-like_cnidaria_ce0007a0	GCA_032359415.1	protein	IkBa-like_cnidaria	1383381	1383121	278	365	1.5e-22	77.1			
model	hmm	20260917_b5424051	CM106371.1	GCA_047906015.2	contig	CM106371.1_p105-like_cnidaria_95385fb0	GCA_047906015.2	protein	p105-like_cnidaria	5812842	5812964	1	41	6.1e-16	54.5			
model	hmm	20260917_b5424051	CM106371.1	GCA_047906015.2	contig	CM106371.1_p105-like_cnidaria_95385fb0	GCA_047906015.2	protein	p105-like_cnidaria	5813433	5813465	42	52	0.00055	15.0			
model	hmm	20260917_b5424051	CM106371.1	GCA_047906015.2	contig	CM106371.1_p105-like_cnidaria_95385fb0	GCA_047906015.2	protein	p105-like_cnidaria	5814781	5815032	53	136	3.8e-59	197.5			
model	hmm	20260917_b5424051	CM106371.1	GCA_047906015.2	contig	CM106371.1_p105-like_cnidaria_95385fb0	GCA_047906015.2	protein	p105-like_cnidaria	5816774	5816989	137	208	9e-29	97.0			
model	hmm	20260917_b5424051	CM106371.1	GCA_047906015.2	contig	CM106371.1_p105-like_cnidaria_95385fb0	GCA_047906015.2	protein	p105-like_cnidaria	5818314	5818472	209	261	8.6e-31	103.7			
model	hmm	20260917_b5424051	CM106371.1	GCA_047906015.2	contig	CM106371.1_p105-like_cnidaria_95385fb0	GCA_047906015.2	protein	p105-like_cnidaria	5818808	5818912	262	296	1e-20	70.3			
model	hmm	20260917_b5424051	CM106371.1	GCA_047906015.2	contig	CM106371.1_p105-like_cnidaria_95385fb0	GCA_047906015.2	protein	p105-like_cnidaria	5819274	5819369	297	328	6.7e-14	47.8			
model	hmm	20260917_b5424051	CM106371.1	GCA_047906015.2	contig	CM106371.1_p105-like_cnidaria_95385fb0	GCA_047906015.2	protein	p105-like_cnidaria	5819914	5820054	329	375	1.1e-27	93.4			
model	hmm	20260917_b5424051	CM106371.1	GCA_047906015.2	contig	CM106371.1_p105-like_cnidaria_95385fb0	GCA_047906015.2	protein	p105-like_cnidaria	5820568	5820780	376	439	1.2e-21	73.5			
model	hmm	20260917_b5424051	CM106371.1	GCA_047906015.2	contig	CM106371.1_p105-like_cnidaria_95385fb0	GCA_047906015.2	protein	p105-like_cnidaria	5823161	5823241	440	466	0.0011	14.0			
model	hmm	20260917_b5424051	CM106371.1	GCA_047906015.2	contig	CM106371.1_p105-like_cnidaria_95385fb0	GCA_047906015.2	protein	p105-like_cnidaria	5823902	5824045	467	514	1.1e-22	76.9			
model	hmm	20260917_b5424051	CM106371.1	GCA_047906015.2	contig	CM106371.1_p105-like_cnidaria_95385fb0	GCA_047906015.2	protein	p105-like_cnidaria	5824177	5824284	515	550	2.8e-18	62.3			
model	hmm	20260917_b5424051	CM106371.1	GCA_047906015.2	contig	CM106371.1_p105-like_cnidaria_95385fb0	GCA_047906015.2	protein	p105-like_cnidaria	5824878	5825081	551	618	1.9e-39	132.3			
model	hmm	20260917_b5424051	CM106371.1	GCA_047906015.2	contig	CM106371.1_p105-like_cnidaria_95385fb0	GCA_047906015.2	protein	p105-like_cnidaria	5825664	5825753	619	648	6.3e-13	44.6			
model	hmm	20260917_b5424051	CM106371.1	GCA_047906015.2	contig	CM106371.1_p105-like_cnidaria_95385fb0	GCA_047906015.2	protein	p105-like_cnidaria	5825942	5826022	649	675	6.2e-13	44.6			
model	hmm	20260917_b5424051	CM106371.1	GCA_047906015.2	contig	CM106371.1_p105-like_cnidaria_95385fb0	GCA_047906015.2	protein	p105-like_cnidaria	5826332	5826499	676	731	2.1e-28	95.8			
model	hmm	20260917_b5424051	CM106371.1	GCA_047906015.2	contig	CM106371.1_p105-like_cnidaria_95385fb0	GCA_047906015.2	protein	p105-like_cnidaria	5827148	5827201	732	749	0.00072	14.6			
model	hmm	20260917_b5424051	CM106371.1	GCA_047906015.2	contig	CM106371.1_p105-like_cnidaria_95385fb0	GCA_047906015.2	protein	p105-like_cnidaria	5828654	5828761	762	795	5.2e-11	38.2			
model	hmm	20260917_b5424051	CM106371.1	GCA_047906015.2	contig	CM106371.1_p105-like_cnidaria_95385fb0	GCA_047906015.2	protein	p105-like_cnidaria	5830038	5830181	818	865	2.5e-19	65.7			
model	hmm	20260917_b5424051	CM106371.1	GCA_047906015.2	contig	CM106371.1_p105-like_cnidaria_95385fb0	GCA_047906015.2	protein	p105-like_cnidaria	5830663	5830797	866	910	4e-09	32.0			
model	hmm	20260917_b5424051	CM106374.1	GCA_047906015.2	contig	CM106374.1_p105-like_cnidaria_e0ab6510	GCA_047906015.2	protein	p105-like_cnidaria	19434981	19434709	52	136	5.7e-55	183.5			
model	hmm	20260917_b5424051	CM106374.1	GCA_047906015.2	contig	CM106374.1_p105-like_cnidaria_e0ab6510	GCA_047906015.2	protein	p105-like_cnidaria	19434211	19433990	137	208	2.9e-15	52.1			
model	hmm	20260917_b5424051	CM106374.1	GCA_047906015.2	contig	CM106374.1_p105-like_cnidaria_e0ab6510	GCA_047906015.2	protein	p105-like_cnidaria	19433605	19433432	209	260	2.3e-29	98.8			
model	hmm	20260917_b5424051	CM106374.1	GCA_047906015.2	contig	CM106374.1_p105-like_cnidaria_e0ab6510	GCA_047906015.2	protein	p105-like_cnidaria	19429379	19429206	261	296	5.4e-19	64.5			
model	hmm	20260917_b5424051	CM106374.1	GCA_047906015.2	contig	CM106374.1_p105-like_cnidaria_e0ab6510	GCA_047906015.2	protein	p105-like_cnidaria	19429174	19429052	297	329	4.1e-13	45.0			
model	hmm	20260917_b5424051	CM106374.1	GCA_047906015.2	contig	CM106374.1_p105-like_cnidaria_e0ab6510	GCA_047906015.2	protein	p105-like_cnidaria	19428426	19428211	330	373	8.2e-23	77.1			
model	hmm	20260917_b5424051	CM106374.1	GCA_047906015.2	contig	CM106374.1_p105-like_cnidaria_e0ab6510	GCA_047906015.2	protein	p105-like_cnidaria	19427145	19426993	374	411	4.5e-05	18.4			
model	hmm	20260917_b5424051	CM106375.1	GCA_047906015.2	contig	CM106375.1_p105-like_cnidaria_6bd57c5c	GCA_047906015.2	protein	p105-like_cnidaria	29863632	29864018	515	647	2.8e-28	95.1			
model	hmm	20260917_b5424051	CM106375.1	GCA_047906015.2	contig	CM106375.1_p105-like_cnidaria_6bd57c5c	GCA_047906015.2	protein	p105-like_cnidaria	29864669	29864872	648	716	1.2e-11	40.2			
model	hmm	20260917_b5424051	CM106375.1	GCA_047906015.2	contig	CM106375.1_p105-like_cnidaria_666da46e	GCA_047906015.2	protein	p105-like_cnidaria	29863632	29864015	515	646	2.8e-28	95.1			
model	hmm	20260917_b5424051	CM106375.1	GCA_047906015.2	contig	CM106375.1_p105-like_cnidaria_666da46e	GCA_047906015.2	protein	p105-like_cnidaria	29887713	29887973	647	734	1.5e-16	56.3			
model	hmm	20260917_b5424051	CM106375.1	GCA_047906015.2	contig	CM106375.1_p105-like_cnidaria_372fa33c	GCA_047906015.2	protein	p105-like_cnidaria	29886195	29886428	547	621	1.1e-19	66.7			
model	hmm	20260917_b5424051	CM106375.1	GCA_047906015.2	contig	CM106375.1_p105-like_cnidaria_372fa33c	GCA_047906015.2	protein	p105-like_cnidaria	29887104	29887178	622	646	0.00051	14.9			
model	hmm	20260917_b5424051	CM106375.1	GCA_047906015.2	contig	CM106375.1_p105-like_cnidaria_372fa33c	GCA_047906015.2	protein	p105-like_cnidaria	29887713	29887973	647	734	1.5e-16	56.3			
model	hmm	20260917_b5424051	CM106375.1	GCA_047906015.2	contig	CM106375.1_IkB-like-1_cnidaria_a32257ab	GCA_047906015.2	protein	IkB-like-1_cnidaria	29861534	29862013	1	166	1.8e-30	103.5			
model	hmm	20260917_b5424051	CM106375.1	GCA_047906015.2	contig	CM106375.1_IkB-like-1_cnidaria_a32257ab	GCA_047906015.2	protein	IkB-like-1_cnidaria	29862958	29863086	175	217	1.1e-21	74.6			
model	hmm	20260917_b5424051	CM106375.1	GCA_047906015.2	contig	CM106375.1_IkB-like-1_cnidaria_a32257ab	GCA_047906015.2	protein	IkB-like-1_cnidaria	29863632	29864018	218	346	1.6e-78	261.9			
model	hmm	20260917_b5424051	CM106375.1	GCA_047906015.2	contig	CM106375.1_IkB-like-1_cnidaria_a32257ab	GCA_047906015.2	protein	IkB-like-1_cnidaria	29864669	29864884	347	418	1.9e-36	123.2			
model	hmm	20260917_b5424051	CM106375.1	GCA_047906015.2	contig	CM106375.1_IkB-like-1_cnidaria_af6af9b5	GCA_047906015.2	protein	IkB-like-1_cnidaria	29884733	29884828	219	250	1.3e-07	28.2			
model	hmm	20260917_b5424051	CM106375.1	GCA_047906015.2	contig	CM106375.1_IkB-like-1_cnidaria_af6af9b5	GCA_047906015.2	protein	IkB-like-1_cnidaria	29886207	29886428	251	320	3.4e-29	99.3			
model	hmm	20260917_b5424051	CM106375.1	GCA_047906015.2	contig	CM106375.1_IkB-like-1_cnidaria_af6af9b5	GCA_047906015.2	protein	IkB-like-1_cnidaria	29887104	29887181	321	346	0.00024	17.4			
model	hmm	20260917_b5424051	CM106375.1	GCA_047906015.2	contig	CM106375.1_IkB-like-1_cnidaria_af6af9b5	GCA_047906015.2	protein	IkB-like-1_cnidaria	29887716	29887919	347	414	2.5e-21	73.4			
model	hmm	20260917_b5424051	CM106375.1	GCA_047906015.2	contig	CM106375.1_IkB-like-2_cnidaria_e23c7e50	GCA_047906015.2	protein	IkB-like-2_cnidaria	29863635	29864018	153	285	3.3e-44	148.7			
model	hmm	20260917_b5424051	CM106375.1	GCA_047906015.2	contig	CM106375.1_IkB-like-2_cnidaria_e23c7e50	GCA_047906015.2	protein	IkB-like-2_cnidaria	29887716	29887970	286	370	2.1e-51	172.3			
model	hmm	20260917_b5424051	CM106375.1	GCA_047906015.2	contig	CM106375.1_IkB-like-2_cnidaria_c879bcb4	GCA_047906015.2	protein	IkB-like-2_cnidaria	29882493	29882963	3	151	1.2e-17	61.2			
model	hmm	20260917_b5424051	CM106375.1	GCA_047906015.2	contig	CM106375.1_IkB-like-2_cnidaria_c879bcb4	GCA_047906015.2	protein	IkB-like-2_cnidaria	29884730	29884828	152	184	6.8e-15	52.2			
model	hmm	20260917_b5424051	CM106375.1	GCA_047906015.2	contig	CM106375.1_IkB-like-2_cnidaria_c879bcb4	GCA_047906015.2	protein	IkB-like-2_cnidaria	29886207	29886419	185	256	4.6e-43	144.9			
model	hmm	20260917_b5424051	CM106375.1	GCA_047906015.2	contig	CM106375.1_IkB-like-2_cnidaria_c879bcb4	GCA_047906015.2	protein	IkB-like-2_cnidaria	29887095	29887181	257	285	6.1e-12	42.4			
model	hmm	20260917_b5424051	CM106375.1	GCA_047906015.2	contig	CM106375.1_IkB-like-2_cnidaria_c879bcb4	GCA_047906015.2	protein	IkB-like-2_cnidaria	29887716	29887970	286	370	2.1e-51	172.3			
model	hmm	20260917_b5424051	CM106380.1	GCA_047906015.2	contig	CM106380.1_IkBa-like_cnidaria_9f645d40	GCA_047906015.2	protein	IkBa-like_cnidaria	22931838	22931437	1	136	3.6e-48	161.4			
model	hmm	20260917_b5424051	CM106380.1	GCA_047906015.2	contig	CM106380.1_IkBa-like_cnidaria_9f645d40	GCA_047906015.2	protein	IkBa-like_cnidaria	22930905	22930795	137	171	2.4e-16	56.6			
model	hmm	20260917_b5424051	CM106380.1	GCA_047906015.2	contig	CM106380.1_IkBa-like_cnidaria_9f645d40	GCA_047906015.2	protein	IkBa-like_cnidaria	22930618	22930373	172	249	1.1e-45	153.1			
model	hmm	20260917_b5424051	CM106380.1	GCA_047906015.2	contig	CM106380.1_IkBa-like_cnidaria_9f645d40	GCA_047906015.2	protein	IkBa-like_cnidaria	22929719	22929627	250	278	1.2e-12	44.5			
model	hmm	20260917_b5424051	CM106380.1	GCA_047906015.2	contig	CM106380.1_IkBa-like_cnidaria_9f645d40	GCA_047906015.2	protein	IkBa-like_cnidaria	22929475	22929185	279	373	1.2e-50	169.6			
model	hmm	20260917_b5424051	CM106375.1	GCA_047906015.2	contig	CM106375.1_IkBa-like_cnidaria_b2b41b01	GCA_047906015.2	protein	IkBa-like_cnidaria	29863632	29864018	137	278	1.1e-38	130.2			
model	hmm	20260917_b5424051	CM106375.1	GCA_047906015.2	contig	CM106375.1_IkBa-like_cnidaria_b2b41b01	GCA_047906015.2	protein	IkBa-like_cnidaria	29864669	29864869	279	346	5e-18	62.2			
model	hmm	20260917_b5424051	CM106375.1	GCA_047906015.2	contig	CM106375.1_IkBa-like_cnidaria_8e90a4a6	GCA_047906015.2	protein	IkBa-like_cnidaria	29863632	29864018	137	278	1.1e-38	130.2			
model	hmm	20260917_b5424051	CM106375.1	GCA_047906015.2	contig	CM106375.1_IkBa-like_cnidaria_8e90a4a6	GCA_047906015.2	protein	IkBa-like_cnidaria	29887716	29887976	279	366	2.8e-25	86.1			
model	hmm	20260917_b5424051	CM106375.1	GCA_047906015.2	contig	CM106375.1_IkBa-like_cnidaria_7b446378	GCA_047906015.2	protein	IkBa-like_cnidaria	29884733	29884828	138	170	0.014	11.3			
model	hmm	20260917_b5424051	CM106375.1	GCA_047906015.2	contig	CM106375.1_IkBa-like_cnidaria_7b446378	GCA_047906015.2	protein	IkBa-like_cnidaria	29886207	29886383	171	229	1.7e-25	86.8			
model	hmm	20260917_b5424051	CM106375.1	GCA_047906015.2	contig	CM106375.1_IkBa-like_cnidaria_7b446378	GCA_047906015.2	protein	IkBa-like_cnidaria	29887092	29887181	249	278	7.3e-05	18.9			
model	hmm	20260917_b5424051	CM106375.1	GCA_047906015.2	contig	CM106375.1_IkBa-like_cnidaria_7b446378	GCA_047906015.2	protein	IkBa-like_cnidaria	29887716	29887976	279	366	2.8e-25	86.1			
model	hmm	20260917_b5424051	CM106371.1	GCA_047906015.2	contig	CM106371.1_p105-like_cnidaria_95385fb0	GCA_047906015.2	protein	p105-like_cnidaria	5812842	5812964	1	41	6.1e-16	54.5			
model	hmm	20260917_b5424051	CM106371.1	GCA_047906015.2	contig	CM106371.1_p105-like_cnidaria_95385fb0	GCA_047906015.2	protein	p105-like_cnidaria	5813433	5813465	42	52	0.00055	15.0			
model	hmm	20260917_b5424051	CM106371.1	GCA_047906015.2	contig	CM106371.1_p105-like_cnidaria_95385fb0	GCA_047906015.2	protein	p105-like_cnidaria	5814781	5815032	53	136	3.8e-59	197.5			
model	hmm	20260917_b5424051	CM106371.1	GCA_047906015.2	contig	CM106371.1_p105-like_cnidaria_95385fb0	GCA_047906015.2	protein	p105-like_cnidaria	5816774	5816989	137	208	9e-29	97.0			
model	hmm	20260917_b5424051	CM106371.1	GCA_047906015.2	contig	CM106371.1_p105-like_cnidaria_95385fb0	GCA_047906015.2	protein	p105-like_cnidaria	5818314	5818472	209	261	8.6e-31	103.7			
model	hmm	20260917_b5424051	CM106371.1	GCA_047906015.2	contig	CM106371.1_p105-like_cnidaria_95385fb0	GCA_047906015.2	protein	p105-like_cnidaria	5818808	5818912	262	296	1e-20	70.3			
model	hmm	20260917_b5424051	CM106371.1	GCA_047906015.2	contig	CM106371.1_p105-like_cnidaria_95385fb0	GCA_047906015.2	protein	p105-like_cnidaria	5819274	5819369	297	328	6.7e-14	47.8			
model	hmm	20260917_b5424051	CM106371.1	GCA_047906015.2	contig	CM106371.1_p105-like_cnidaria_95385fb0	GCA_047906015.2	protein	p105-like_cnidaria	5819914	5820054	329	375	1.1e-27	93.4			
model	hmm	20260917_b5424051	CM106371.1	GCA_047906015.2	contig	CM106371.1_p105-like_cnidaria_95385fb0	GCA_047906015.2	protein	p105-like_cnidaria	5820568	5820780	376	439	1.2e-21	73.5			
model	hmm	20260917_b5424051	CM106371.1	GCA_047906015.2	contig	CM106371.1_p105-like_cnidaria_95385fb0	GCA_047906015.2	protein	p105-like_cnidaria	5823161	5823241	440	466	0.0011	14.0			
model	hmm	20260917_b5424051	CM106371.1	GCA_047906015.2	contig	CM106371.1_p105-like_cnidaria_95385fb0	GCA_047906015.2	protein	p105-like_cnidaria	5823902	5824045	467	514	1.1e-22	76.9			
model	hmm	20260917_b5424051	CM106371.1	GCA_047906015.2	contig	CM106371.1_p105-like_cnidaria_95385fb0	GCA_047906015.2	protein	p105-like_cnidaria	5824177	5824284	515	550	2.8e-18	62.3			
model	hmm	20260917_b5424051	CM106371.1	GCA_047906015.2	contig	CM106371.1_p105-like_cnidaria_95385fb0	GCA_047906015.2	protein	p105-like_cnidaria	5824878	5825081	551	618	1.9e-39	132.3			
model	hmm	20260917_b5424051	CM106371.1	GCA_047906015.2	contig	CM106371.1_p105-like_cnidaria_95385fb0	GCA_047906015.2	protein	p105-like_cnidaria	5825664	5825753	619	648	6.3e-13	44.6			
model	hmm	20260917_b5424051	CM106371.1	GCA_047906015.2	contig	CM106371.1_p105-like_cnidaria_95385fb0	GCA_047906015.2	protein	p105-like_cnidaria	5825942	5826022	649	675	6.2e-13	44.6			
model	hmm	20260917_b5424051	CM106371.1	GCA_047906015.2	contig	CM106371.1_p105-like_cnidaria_95385fb0	GCA_047906015.2	protein	p105-like_cnidaria	5826332	5826499	676	731	2.1e-28	95.8			
model	hmm	20260917_b5424051	CM106371.1	GCA_047906015.2	contig	CM106371.1_p105-like_cnidaria_95385fb0	GCA_047906015.2	protein	p105-like_cnidaria	5827148	5827201	732	749	0.00072	14.6			
model	hmm	20260917_b5424051	CM106371.1	GCA_047906015.2	contig	CM106371.1_p105-like_cnidaria_95385fb0	GCA_047906015.2	protein	p105-like_cnidaria	5828654	5828761	762	795	5.2e-11	38.2			
model	hmm	20260917_b5424051	CM106371.1	GCA_047906015.2	contig	CM106371.1_p105-like_cnidaria_95385fb0	GCA_047906015.2	protein	p105-like_cnidaria	5830038	5830181	818	865	2.5e-19	65.7			
model	hmm	20260917_b5424051	CM106371.1	GCA_047906015.2	contig	CM106371.1_p105-like_cnidaria_95385fb0	GCA_047906015.2	protein	p105-like_cnidaria	5830663	5830797	866	910	4e-09	32.0			
model	hmm	20260917_b5424051	CM106374.1	GCA_047906015.2	contig	CM106374.1_p105-like_cnidaria_e0ab6510	GCA_047906015.2	protein	p105-like_cnidaria	19434981	19434709	52	136	5.7e-55	183.5			
model	hmm	20260917_b5424051	CM106374.1	GCA_047906015.2	contig	CM106374.1_p105-like_cnidaria_e0ab6510	GCA_047906015.2	protein	p105-like_cnidaria	19434211	19433990	137	208	2.9e-15	52.1			
model	hmm	20260917_b5424051	CM106374.1	GCA_047906015.2	contig	CM106374.1_p105-like_cnidaria_e0ab6510	GCA_047906015.2	protein	p105-like_cnidaria	19433605	19433432	209	260	2.3e-29	98.8			
model	hmm	20260917_b5424051	CM106374.1	GCA_047906015.2	contig	CM106374.1_p105-like_cnidaria_e0ab6510	GCA_047906015.2	protein	p105-like_cnidaria	19429379	19429206	261	296	5.4e-19	64.5			
model	hmm	20260917_b5424051	CM106374.1	GCA_047906015.2	contig	CM106374.1_p105-like_cnidaria_e0ab6510	GCA_047906015.2	protein	p105-like_cnidaria	19429174	19429052	297	329	4.1e-13	45.0			
model	hmm	20260917_b5424051	CM106374.1	GCA_047906015.2	contig	CM106374.1_p105-like_cnidaria_e0ab6510	GCA_047906015.2	protein	p105-like_cnidaria	19428426	19428211	330	373	8.2e-23	77.1			
model	hmm	20260917_b5424051	CM106374.1	GCA_047906015.2	contig	CM106374.1_p105-like_cnidaria_e0ab6510	GCA_047906015.2	protein	p105-like_cnidaria	19427145	19426993	374	411	4.5e-05	18.4			
model	hmm	20260917_b5424051	CM106375.1	GCA_047906015.2	contig	CM106375.1_p105-like_cnidaria_6bd57c5c	GCA_047906015.2	protein	p105-like_cnidaria	29863632	29864018	515	647	2.8e-28	95.1			
model	hmm	20260917_b5424051	CM106375.1	GCA_047906015.2	contig	CM106375.1_p105-like_cnidaria_6bd57c5c	GCA_047906015.2	protein	p105-like_cnidaria	29864669	29864872	648	716	1.2e-11	40.2			
model	hmm	20260917_b5424051	CM106375.1	GCA_047906015.2	contig	CM106375.1_p105-like_cnidaria_666da46e	GCA_047906015.2	protein	p105-like_cnidaria	29863632	29864015	515	646	2.8e-28	95.1			
model	hmm	20260917_b5424051	CM106375.1	GCA_047906015.2	contig	CM106375.1_p105-like_cnidaria_666da46e	GCA_047906015.2	protein	p105-like_cnidaria	29887713	29887973	647	734	1.5e-16	56.3			
model	hmm	20260917_b5424051	CM106375.1	GCA_047906015.2	contig	CM106375.1_p105-like_cnidaria_372fa33c	GCA_047906015.2	protein	p105-like_cnidaria	29886195	29886428	547	621	1.1e-19	66.7			
model	hmm	20260917_b5424051	CM106375.1	GCA_047906015.2	contig	CM106375.1_p105-like_cnidaria_372fa33c	GCA_047906015.2	protein	p105-like_cnidaria	29887104	29887178	622	646	0.00051	14.9			
model	hmm	20260917_b5424051	CM106375.1	GCA_047906015.2	contig	CM106375.1_p105-like_cnidaria_372fa33c	GCA_047906015.2	protein	p105-like_cnidaria	29887713	29887973	647	734	1.5e-16	56.3			
model	hmm	20260917_b5424051	CM106375.1	GCA_047906015.2	contig	CM106375.1_IkB-like-1_cnidaria_a32257ab	GCA_047906015.2	protein	IkB-like-1_cnidaria	29861534	29862013	1	166	1.8e-30	103.5			
model	hmm	20260917_b5424051	CM106375.1	GCA_047906015.2	contig	CM106375.1_IkB-like-1_cnidaria_a32257ab	GCA_047906015.2	protein	IkB-like-1_cnidaria	29862958	29863086	175	217	1.1e-21	74.6			
model	hmm	20260917_b5424051	CM106375.1	GCA_047906015.2	contig	CM106375.1_IkB-like-1_cnidaria_a32257ab	GCA_047906015.2	protein	IkB-like-1_cnidaria	29863632	29864018	218	346	1.6e-78	261.9			
model	hmm	20260917_b5424051	CM106375.1	GCA_047906015.2	contig	CM106375.1_IkB-like-1_cnidaria_a32257ab	GCA_047906015.2	protein	IkB-like-1_cnidaria	29864669	29864884	347	418	1.9e-36	123.2			
model	hmm	20260917_b5424051	CM106375.1	GCA_047906015.2	contig	CM106375.1_IkB-like-1_cnidaria_af6af9b5	GCA_047906015.2	protein	IkB-like-1_cnidaria	29884733	29884828	219	250	1.3e-07	28.2			
model	hmm	20260917_b5424051	CM106375.1	GCA_047906015.2	contig	CM106375.1_IkB-like-1_cnidaria_af6af9b5	GCA_047906015.2	protein	IkB-like-1_cnidaria	29886207	29886428	251	320	3.4e-29	99.3			
model	hmm	20260917_b5424051	CM106375.1	GCA_047906015.2	contig	CM106375.1_IkB-like-1_cnidaria_af6af9b5	GCA_047906015.2	protein	IkB-like-1_cnidaria	29887104	29887181	321	346	0.00024	17.4			
model	hmm	20260917_b5424051	CM106375.1	GCA_047906015.2	contig	CM106375.1_IkB-like-1_cnidaria_af6af9b5	GCA_047906015.2	protein	IkB-like-1_cnidaria	29887716	29887919	347	414	2.5e-21	73.4			
model	hmm	20260917_b5424051	CM106375.1	GCA_047906015.2	contig	CM106375.1_IkB-like-2_cnidaria_e23c7e50	GCA_047906015.2	protein	IkB-like-2_cnidaria	29863635	29864018	153	285	3.3e-44	148.7			
model	hmm	20260917_b5424051	CM106375.1	GCA_047906015.2	contig	CM106375.1_IkB-like-2_cnidaria_e23c7e50	GCA_047906015.2	protein	IkB-like-2_cnidaria	29887716	29887970	286	370	2.1e-51	172.3			
model	hmm	20260917_b5424051	CM106375.1	GCA_047906015.2	contig	CM106375.1_IkB-like-2_cnidaria_c879bcb4	GCA_047906015.2	protein	IkB-like-2_cnidaria	29882493	29882963	3	151	1.2e-17	61.2			
model	hmm	20260917_b5424051	CM106375.1	GCA_047906015.2	contig	CM106375.1_IkB-like-2_cnidaria_c879bcb4	GCA_047906015.2	protein	IkB-like-2_cnidaria	29884730	29884828	152	184	6.8e-15	52.2			
model	hmm	20260917_b5424051	CM106375.1	GCA_047906015.2	contig	CM106375.1_IkB-like-2_cnidaria_c879bcb4	GCA_047906015.2	protein	IkB-like-2_cnidaria	29886207	29886419	185	256	4.6e-43	144.9			
model	hmm	20260917_b5424051	CM106375.1	GCA_047906015.2	contig	CM106375.1_IkB-like-2_cnidaria_c879bcb4	GCA_047906015.2	protein	IkB-like-2_cnidaria	29887095	29887181	257	285	6.1e-12	42.4			
model	hmm	20260917_b5424051	CM106375.1	GCA_047906015.2	contig	CM106375.1_IkB-like-2_cnidaria_c879bcb4	GCA_047906015.2	protein	IkB-like-2_cnidaria	29887716	29887970	286	370	2.1e-51	172.3			
model	hmm	20260917_b5424051	CM106380.1	GCA_047906015.2	contig	CM106380.1_IkBa-like_cnidaria_9f645d40	GCA_047906015.2	protein	IkBa-like_cnidaria	22931838	22931437	1	136	3.6e-48	161.4			
model	hmm	20260917_b5424051	CM106380.1	GCA_047906015.2	contig	CM106380.1_IkBa-like_cnidaria_9f645d40	GCA_047906015.2	protein	IkBa-like_cnidaria	22930905	22930795	137	171	2.4e-16	56.6			
model	hmm	20260917_b5424051	CM106380.1	GCA_047906015.2	contig	CM106380.1_IkBa-like_cnidaria_9f645d40	GCA_047906015.2	protein	IkBa-like_cnidaria	22930618	22930373	172	249	1.1e-45	153.1			
model	hmm	20260917_b5424051	CM106380.1	GCA_047906015.2	contig	CM106380.1_IkBa-like_cnidaria_9f645d40	GCA_047906015.2	protein	IkBa-like_cnidaria	22929719	22929627	250	278	1.2e-12	44.5			
model	hmm	20260917_b5424051	CM106380.1	GCA_047906015.2	contig	CM106380.1_IkBa-like_cnidaria_9f645d40	GCA_047906015.2	protein	IkBa-like_cnidaria	22929475	22929185	279	373	1.2e-50	169.6			
model	hmm	20260917_b5424051	CM106375.1	GCA_047906015.2	contig	CM106375.1_IkBa-like_cnidaria_b2b41b01	GCA_047906015.2	protein	IkBa-like_cnidaria	29863632	29864018	137	278	1.1e-38	130.2			
model	hmm	20260917_b5424051	CM106375.1	GCA_047906015.2	contig	CM106375.1_IkBa-like_cnidaria_b2b41b01	GCA_047906015.2	protein	IkBa-like_cnidaria	29864669	29864869	279	346	5e-18	62.2			
model	hmm	20260917_b5424051	CM106375.1	GCA_047906015.2	contig	CM106375.1_IkBa-like_cnidaria_8e90a4a6	GCA_047906015.2	protein	IkBa-like_cnidaria	29863632	29864018	137	278	1.1e-38	130.2			
model	hmm	20260917_b5424051	CM106375.1	GCA_047906015.2	contig	CM106375.1_IkBa-like_cnidaria_8e90a4a6	GCA_047906015.2	protein	IkBa-like_cnidaria	29887716	29887976	279	366	2.8e-25	86.1			
model	hmm	20260917_b5424051	CM106375.1	GCA_047906015.2	contig	CM106375.1_IkBa-like_cnidaria_7b446378	GCA_047906015.2	protein	IkBa-like_cnidaria	29884733	29884828	138	170	0.014	11.3			
model	hmm	20260917_b5424051	CM106375.1	GCA_047906015.2	contig	CM106375.1_IkBa-like_cnidaria_7b446378	GCA_047906015.2	protein	IkBa-like_cnidaria	29886207	29886383	171	229	1.7e-25	86.8			
model	hmm	20260917_b5424051	CM106375.1	GCA_047906015.2	contig	CM106375.1_IkBa-like_cnidaria_7b446378	GCA_047906015.2	protein	IkBa-like_cnidaria	29887092	29887181	249	278	7.3e-05	18.9			
model	hmm	20260917_b5424051	CM106375.1	GCA_047906015.2	contig	CM106375.1_IkBa-like_cnidaria_7b446378	GCA_047906015.2	protein	IkBa-like_cnidaria	29887716	29887976	279	366	2.8e-25	86.1			
model	hmm	20260917_b5424051	CALNXI010000468.1	GCA_942486025.1	contig	CALNXI010000468.1_p105-like_cnidaria_622bcb92	GCA_942486025.1	protein	p105-like_cnidaria	8362	8406	136	150	0.00024	15.4			
model	hmm	20260917_b5424051	CALNXI010000468.1	GCA_942486025.1	contig	CALNXI010000468.1_p105-like_cnidaria_622bcb92	GCA_942486025.1	protein	p105-like_cnidaria	8411	8581	151	207	1.3e-16	56.0			
model	hmm	20260917_b5424051	CALNXI010000468.1	GCA_942486025.1	contig	CALNXI010000468.1_p105-like_cnidaria_622bcb92	GCA_942486025.1	protein	p105-like_cnidaria	10122	10280	208	260	2.4e-30	101.4			
model	hmm	20260917_b5424051	CALNXI010000468.1	GCA_942486025.1	contig	CALNXI010000468.1_p105-like_cnidaria_622bcb92	GCA_942486025.1	protein	p105-like_cnidaria	10603	10710	261	296	1.8e-19	65.4			
model	hmm	20260917_b5424051	CALNXI010000468.1	GCA_942486025.1	contig	CALNXI010000468.1_p105-like_cnidaria_622bcb92	GCA_942486025.1	protein	p105-like_cnidaria	11065	11163	297	329	1.3e-14	49.4			
model	hmm	20260917_b5424051	CALNXI010000468.1	GCA_942486025.1	contig	CALNXI010000468.1_p105-like_cnidaria_622bcb92	GCA_942486025.1	protein	p105-like_cnidaria	11660	11797	330	375	3.2e-27	91.1			
model	hmm	20260917_b5424051	CALNXI010000468.1	GCA_942486025.1	contig	CALNXI010000468.1_p105-like_cnidaria_622bcb92	GCA_942486025.1	protein	p105-like_cnidaria	13606	13788	376	439	3.1e-13	44.8			
model	hmm	20260917_b5424051	CALNXI010000468.1	GCA_942486025.1	contig	CALNXI010000468.1_p105-like_cnidaria_e44f21de	GCA_942486025.1	protein	p105-like_cnidaria	27362	27439	16	41	0.0027	12.7			
model	hmm	20260917_b5424051	CALNXI010000468.1	GCA_942486025.1	contig	CALNXI010000468.1_p105-like_cnidaria_e44f21de	GCA_942486025.1	protein	p105-like_cnidaria	48211	48246	42	53	0.001	14.1			
model	hmm	20260917_b5424051	CALNXI010000468.1	GCA_942486025.1	contig	CALNXI010000468.1_p105-like_cnidaria_e44f21de	GCA_942486025.1	protein	p105-like_cnidaria	48487	48810	54	161	4.3e-63	210.6			
model	hmm	20260917_b5424051	CALNXI010000468.1	GCA_942486025.1	contig	CALNXI010000468.1_p105-like_cnidaria_e44f21de	GCA_942486025.1	protein	p105-like_cnidaria	52933	53091	209	262	1.2e-30	103.3			
model	hmm	20260917_b5424051	CALNXI010000468.1	GCA_942486025.1	contig	CALNXI010000468.1_p105-like_cnidaria_e44f21de	GCA_942486025.1	protein	p105-like_cnidaria	53394	53495	263	296	1.2e-21	73.5			
model	hmm	20260917_b5424051	CALNXI010000468.1	GCA_942486025.1	contig	CALNXI010000468.1_p105-like_cnidaria_e44f21de	GCA_942486025.1	protein	p105-like_cnidaria	53835	53933	297	329	8.4e-15	50.8			
model	hmm	20260917_b5424051	CALNXI010000468.1	GCA_942486025.1	contig	CALNXI010000468.1_p105-like_cnidaria_e44f21de	GCA_942486025.1	protein	p105-like_cnidaria	54714	54851	330	375	2.9e-28	95.4			
model	hmm	20260917_b5424051	CALNXI010000468.1	GCA_942486025.1	contig	CALNXI010000468.1_p105-like_cnidaria_e44f21de	GCA_942486025.1	protein	p105-like_cnidaria	55848	56030	376	440	8.1e-24	80.6			
model	hmm	20260917_b5424051	CALNXI010000468.1	GCA_942486025.1	contig	CALNXI010000468.1_p105-like_cnidaria_e44f21de	GCA_942486025.1	protein	p105-like_cnidaria	56641	56712	441	464	0.0012	13.9			
model	hmm	20260917_b5424051	CALNXI010000468.1	GCA_942486025.1	contig	CALNXI010000468.1_p105-like_cnidaria_e44f21de	GCA_942486025.1	protein	p105-like_cnidaria	57185	57334	465	514	1.6e-24	82.9			
model	hmm	20260917_b5424051	CALNXI010000468.1	GCA_942486025.1	contig	CALNXI010000468.1_p105-like_cnidaria_e44f21de	GCA_942486025.1	protein	p105-like_cnidaria	59146	59253	515	550	9.3e-19	63.9			
model	hmm	20260917_b5424051	CALNXI010000468.1	GCA_942486025.1	contig	CALNXI010000468.1_p105-like_cnidaria_e44f21de	GCA_942486025.1	protein	p105-like_cnidaria	60895	61098	551	618	1.5e-37	126.1			
model	hmm	20260917_b5424051	CALNXI010000468.1	GCA_942486025.1	contig	CALNXI010000468.1_p105-like_cnidaria_e44f21de	GCA_942486025.1	protein	p105-like_cnidaria	61503	61589	619	647	6e-12	41.4			
model	hmm	20260917_b5424051	CALNXI010000468.1	GCA_942486025.1	contig	CALNXI010000468.1_p105-like_cnidaria_e44f21de	GCA_942486025.1	protein	p105-like_cnidaria	64860	64943	648	675	5.1e-14	48.2			
model	hmm	20260917_b5424051	CALNXI010000468.1	GCA_942486025.1	contig	CALNXI010000468.1_p105-like_cnidaria_e44f21de	GCA_942486025.1	protein	p105-like_cnidaria	65438	65605	676	731	4.3e-30	101.4			
model	hmm	20260917_b5424051	CALNXI010000468.1	GCA_942486025.1	contig	CALNXI010000468.1_p105-like_cnidaria_e44f21de	GCA_942486025.1	protein	p105-like_cnidaria	66000	66068	732	754	0.0029	12.6			
model	hmm	20260917_b5424051	CALNXI010000468.1	GCA_942486025.1	contig	CALNXI010000468.1_p105-like_cnidaria_e44f21de	GCA_942486025.1	protein	p105-like_cnidaria	66653	66829	760	818	9.6e-25	83.7			
model	hmm	20260917_b5424051	CALNXI010000468.1	GCA_942486025.1	contig	CALNXI010000468.1_p105-like_cnidaria_e44f21de	GCA_942486025.1	protein	p105-like_cnidaria	67451	67594	819	866	1.2e-20	70.2			
model	hmm	20260917_b5424051	CALNXI010000468.1	GCA_942486025.1	contig	CALNXI010000468.1_p105-like_cnidaria_e44f21de	GCA_942486025.1	protein	p105-like_cnidaria	68081	68212	867	910	1.9e-09	33.1			
model	hmm	20260917_b5424051	CALNXI010000468.1	GCA_942486025.1	contig	CALNXI010000468.1_p105-like_cnidaria_7a15f2df	GCA_942486025.1	protein	p105-like_cnidaria	46614	46736	1	41	1.6e-19	66.4			
model	hmm	20260917_b5424051	CALNXI010000468.1	GCA_942486025.1	contig	CALNXI010000468.1_p105-like_cnidaria_7a15f2df	GCA_942486025.1	protein	p105-like_cnidaria	48211	48246	42	53	0.001	14.1			
model	hmm	20260917_b5424051	CALNXI010000468.1	GCA_942486025.1	contig	CALNXI010000468.1_p105-like_cnidaria_7a15f2df	GCA_942486025.1	protein	p105-like_cnidaria	48487	48810	54	161	4.3e-63	210.6			
model	hmm	20260917_b5424051	CALNXI010000468.1	GCA_942486025.1	contig	CALNXI010000468.1_p105-like_cnidaria_7a15f2df	GCA_942486025.1	protein	p105-like_cnidaria	52933	53091	209	262	1.2e-30	103.3			
model	hmm	20260917_b5424051	CALNXI010000468.1	GCA_942486025.1	contig	CALNXI010000468.1_p105-like_cnidaria_7a15f2df	GCA_942486025.1	protein	p105-like_cnidaria	53394	53495	263	296	1.2e-21	73.5			
model	hmm	20260917_b5424051	CALNXI010000468.1	GCA_942486025.1	contig	CALNXI010000468.1_p105-like_cnidaria_7a15f2df	GCA_942486025.1	protein	p105-like_cnidaria	53835	53933	297	329	8.4e-15	50.8			
model	hmm	20260917_b5424051	CALNXI010000468.1	GCA_942486025.1	contig	CALNXI010000468.1_p105-like_cnidaria_7a15f2df	GCA_942486025.1	protein	p105-like_cnidaria	54714	54851	330	375	2.9e-28	95.4			
model	hmm	20260917_b5424051	CALNXI010000468.1	GCA_942486025.1	contig	CALNXI010000468.1_p105-like_cnidaria_7a15f2df	GCA_942486025.1	protein	p105-like_cnidaria	55848	56030	376	440	8.1e-24	80.6			
model	hmm	20260917_b5424051	CALNXI010000468.1	GCA_942486025.1	contig	CALNXI010000468.1_p105-like_cnidaria_7a15f2df	GCA_942486025.1	protein	p105-like_cnidaria	56641	56712	441	464	0.0012	13.9			
model	hmm	20260917_b5424051	CALNXI010000468.1	GCA_942486025.1	contig	CALNXI010000468.1_p105-like_cnidaria_7a15f2df	GCA_942486025.1	protein	p105-like_cnidaria	57185	57334	465	514	1.6e-24	82.9			
model	hmm	20260917_b5424051	CALNXI010000468.1	GCA_942486025.1	contig	CALNXI010000468.1_p105-like_cnidaria_7a15f2df	GCA_942486025.1	protein	p105-like_cnidaria	59146	59253	515	550	9.3e-19	63.9			
model	hmm	20260917_b5424051	CALNXI010000468.1	GCA_942486025.1	contig	CALNXI010000468.1_p105-like_cnidaria_7a15f2df	GCA_942486025.1	protein	p105-like_cnidaria	60895	61098	551	618	1.5e-37	126.1			
model	hmm	20260917_b5424051	CALNXI010000468.1	GCA_942486025.1	contig	CALNXI010000468.1_p105-like_cnidaria_7a15f2df	GCA_942486025.1	protein	p105-like_cnidaria	61503	61589	619	647	6e-12	41.4			
model	hmm	20260917_b5424051	CALNXI010000468.1	GCA_942486025.1	contig	CALNXI010000468.1_p105-like_cnidaria_7a15f2df	GCA_942486025.1	protein	p105-like_cnidaria	64860	64943	648	675	5.1e-14	48.2			
model	hmm	20260917_b5424051	CALNXI010000468.1	GCA_942486025.1	contig	CALNXI010000468.1_p105-like_cnidaria_7a15f2df	GCA_942486025.1	protein	p105-like_cnidaria	65438	65605	676	731	4.3e-30	101.4			
model	hmm	20260917_b5424051	CALNXI010000468.1	GCA_942486025.1	contig	CALNXI010000468.1_p105-like_cnidaria_7a15f2df	GCA_942486025.1	protein	p105-like_cnidaria	66000	66068	732	754	0.0029	12.6			
model	hmm	20260917_b5424051	CALNXI010000468.1	GCA_942486025.1	contig	CALNXI010000468.1_p105-like_cnidaria_7a15f2df	GCA_942486025.1	protein	p105-like_cnidaria	66653	66829	760	818	9.6e-25	83.7			
model	hmm	20260917_b5424051	CALNXI010000468.1	GCA_942486025.1	contig	CALNXI010000468.1_p105-like_cnidaria_7a15f2df	GCA_942486025.1	protein	p105-like_cnidaria	67451	67594	819	866	1.2e-20	70.2			
model	hmm	20260917_b5424051	CALNXI010000468.1	GCA_942486025.1	contig	CALNXI010000468.1_p105-like_cnidaria_7a15f2df	GCA_942486025.1	protein	p105-like_cnidaria	68081	68212	867	910	1.9e-09	33.1			
model	hmm	20260917_b5424051	CALNXI010000468.1	GCA_942486025.1	contig	CALNXI010000468.1_p105-like_cnidaria_ebbbf4c3	GCA_942486025.1	protein	p105-like_cnidaria	57853	57918	443	464	0.02	9.8			
model	hmm	20260917_b5424051	CALNXI010000468.1	GCA_942486025.1	contig	CALNXI010000468.1_p105-like_cnidaria_ebbbf4c3	GCA_942486025.1	protein	p105-like_cnidaria	58391	58540	465	514	1.6e-24	82.9			
model	hmm	20260917_b5424051	CALNXI010000468.1	GCA_942486025.1	contig	CALNXI010000468.1_p105-like_cnidaria_ebbbf4c3	GCA_942486025.1	protein	p105-like_cnidaria	59146	59253	515	550	9.3e-19	63.9			
model	hmm	20260917_b5424051	CALNXI010000468.1	GCA_942486025.1	contig	CALNXI010000468.1_p105-like_cnidaria_ebbbf4c3	GCA_942486025.1	protein	p105-like_cnidaria	60895	61098	551	618	1.5e-37	126.1			
model	hmm	20260917_b5424051	CALNXI010000468.1	GCA_942486025.1	contig	CALNXI010000468.1_p105-like_cnidaria_ebbbf4c3	GCA_942486025.1	protein	p105-like_cnidaria	61503	61589	619	647	6e-12	41.4			
model	hmm	20260917_b5424051	CALNXI010000468.1	GCA_942486025.1	contig	CALNXI010000468.1_p105-like_cnidaria_ebbbf4c3	GCA_942486025.1	protein	p105-like_cnidaria	64860	64943	648	675	5.1e-14	48.2			
model	hmm	20260917_b5424051	CALNXI010000468.1	GCA_942486025.1	contig	CALNXI010000468.1_p105-like_cnidaria_ebbbf4c3	GCA_942486025.1	protein	p105-like_cnidaria	65438	65605	676	731	4.3e-30	101.4			
model	hmm	20260917_b5424051	CALNXI010000468.1	GCA_942486025.1	contig	CALNXI010000468.1_p105-like_cnidaria_ebbbf4c3	GCA_942486025.1	protein	p105-like_cnidaria	66000	66068	732	754	0.0029	12.6			
model	hmm	20260917_b5424051	CALNXI010000468.1	GCA_942486025.1	contig	CALNXI010000468.1_p105-like_cnidaria_ebbbf4c3	GCA_942486025.1	protein	p105-like_cnidaria	66653	66829	760	818	9.6e-25	83.7			
model	hmm	20260917_b5424051	CALNXI010000468.1	GCA_942486025.1	contig	CALNXI010000468.1_p105-like_cnidaria_ebbbf4c3	GCA_942486025.1	protein	p105-like_cnidaria	67451	67594	819	866	1.2e-20	70.2			
model	hmm	20260917_b5424051	CALNXI010000468.1	GCA_942486025.1	contig	CALNXI010000468.1_p105-like_cnidaria_ebbbf4c3	GCA_942486025.1	protein	p105-like_cnidaria	68081	68212	867	910	1.9e-09	33.1			
model	hmm	20260917_b5424051	CALNXI010000468.1	GCA_942486025.1	contig	CALNXI010000468.1_p105-like_cnidaria_8718708f	GCA_942486025.1	protein	p105-like_cnidaria	62107	62220	513	550	1.4e-18	63.3			
model	hmm	20260917_b5424051	CALNXI010000468.1	GCA_942486025.1	contig	CALNXI010000468.1_p105-like_cnidaria_8718708f	GCA_942486025.1	protein	p105-like_cnidaria	63813	64016	551	618	7.1e-38	127.2			
model	hmm	20260917_b5424051	CALNXI010000468.1	GCA_942486025.1	contig	CALNXI010000468.1_p105-like_cnidaria_8718708f	GCA_942486025.1	protein	p105-like_cnidaria	64380	64466	619	647	6e-12	41.4			
model	hmm	20260917_b5424051	CALNXI010000468.1	GCA_942486025.1	contig	CALNXI010000468.1_p105-like_cnidaria_8718708f	GCA_942486025.1	protein	p105-like_cnidaria	64860	64943	648	675	5.1e-14	48.2			
model	hmm	20260917_b5424051	CALNXI010000468.1	GCA_942486025.1	contig	CALNXI010000468.1_p105-like_cnidaria_8718708f	GCA_942486025.1	protein	p105-like_cnidaria	65438	65605	676	731	4.3e-30	101.4			
model	hmm	20260917_b5424051	CALNXI010000468.1	GCA_942486025.1	contig	CALNXI010000468.1_p105-like_cnidaria_8718708f	GCA_942486025.1	protein	p105-like_cnidaria	66000	66068	732	754	0.0029	12.6			
model	hmm	20260917_b5424051	CALNXI010000468.1	GCA_942486025.1	contig	CALNXI010000468.1_p105-like_cnidaria_8718708f	GCA_942486025.1	protein	p105-like_cnidaria	66653	66829	760	818	9.6e-25	83.7			
model	hmm	20260917_b5424051	CALNXI010000468.1	GCA_942486025.1	contig	CALNXI010000468.1_p105-like_cnidaria_8718708f	GCA_942486025.1	protein	p105-like_cnidaria	67451	67594	819	866	1.2e-20	70.2			
model	hmm	20260917_b5424051	CALNXI010000468.1	GCA_942486025.1	contig	CALNXI010000468.1_p105-like_cnidaria_8718708f	GCA_942486025.1	protein	p105-like_cnidaria	68081	68212	867	910	1.9e-09	33.1			
model	hmm	20260917_b5424051	CALNXI010002241.1	GCA_942486025.1	contig	CALNXI010002241.1_p105-like_cnidaria_94c3f8e6	GCA_942486025.1	protein	p105-like_cnidaria	33468	33590	1	41	1.2e-18	63.1			
model	hmm	20260917_b5424051	CALNXI010002241.1	GCA_942486025.1	contig	CALNXI010002241.1_p105-like_cnidaria_94c3f8e6	GCA_942486025.1	protein	p105-like_cnidaria	34861	34896	42	53	0.00073	14.1			
model	hmm	20260917_b5424051	CALNXI010002241.1	GCA_942486025.1	contig	CALNXI010002241.1_p105-like_cnidaria_94c3f8e6	GCA_942486025.1	protein	p105-like_cnidaria	35142	35390	54	136	1.9e-58	194.7			
model	hmm	20260917_b5424051	CALNXI010002241.1	GCA_942486025.1	contig	CALNXI010002241.1_p105-like_cnidaria_94c3f8e6	GCA_942486025.1	protein	p105-like_cnidaria	36719	36931	137	207	2.4e-27	91.8			
model	hmm	20260917_b5424051	CALNXI010002241.1	GCA_942486025.1	contig	CALNXI010002241.1_p105-like_cnidaria_94c3f8e6	GCA_942486025.1	protein	p105-like_cnidaria	37688	37849	208	262	1.9e-32	108.7			
model	hmm	20260917_b5424051	CALNXI010002241.1	GCA_942486025.1	contig	CALNXI010002241.1_p105-like_cnidaria_94c3f8e6	GCA_942486025.1	protein	p105-like_cnidaria	38176	38277	263	296	2.1e-20	68.9			
model	hmm	20260917_b5424051	CALNXI010002241.1	GCA_942486025.1	contig	CALNXI010002241.1_p105-like_cnidaria_94c3f8e6	GCA_942486025.1	protein	p105-like_cnidaria	38606	38704	297	329	6e-15	50.8			
model	hmm	20260917_b5424051	CALNXI010002241.1	GCA_942486025.1	contig	CALNXI010002241.1_p105-like_cnidaria_94c3f8e6	GCA_942486025.1	protein	p105-like_cnidaria	39212	39349	330	375	5.5e-28	94.0			
model	hmm	20260917_b5424051	CALNXI010002241.1	GCA_942486025.1	contig	CALNXI010002241.1_p105-like_cnidaria_94c3f8e6	GCA_942486025.1	protein	p105-like_cnidaria	41204	41389	376	440	1.5e-13	46.2			
model	hmm	20260917_b5424051	CALNXI010005773.1	GCA_942486025.1	contig	CALNXI010005773.1_p105-like_cnidaria_94f4ed4c	GCA_942486025.1	protein	p105-like_cnidaria	5332	5721	515	648	1.2e-29	96.9			
model	hmm	20260917_b5424051	CALNXI010005773.1	GCA_942486025.1	contig	CALNXI010005773.1_p105-like_cnidaria_94f4ed4c	GCA_942486025.1	protein	p105-like_cnidaria	6231	6428	649	715	1.3e-09	30.7			
model	hmm	20260917_b5424051	CALNXI010005345.1	GCA_942486025.1	contig	CALNXI010005345.1_p105-like_cnidaria_df0c0638	GCA_942486025.1	protein	p105-like_cnidaria	6766	7155	515	648	8.4e-28	91.5			
model	hmm	20260917_b5424051	CALNXI010005345.1	GCA_942486025.1	contig	CALNXI010005345.1_p105-like_cnidaria_df0c0638	GCA_942486025.1	protein	p105-like_cnidaria	7651	7848	649	715	2e-09	30.7			
model	hmm	20260917_b5424051	CALNXI010000448.1	GCA_942486025.1	contig	CALNXI010000448.1_p105-like_cnidaria_d65203dc	GCA_942486025.1	protein	p105-like_cnidaria	253600	253379	552	616	2.6e-15	51.7			
model	hmm	20260917_b5424051	CALNXI010000448.1	GCA_942486025.1	contig	CALNXI010000448.1_p105-like_cnidaria_d65203dc	GCA_942486025.1	protein	p105-like_cnidaria	252554	252423	617	646	0.00056	14.2			
model	hmm	20260917_b5424051	CALNXI010000448.1	GCA_942486025.1	contig	CALNXI010000448.1_p105-like_cnidaria_d65203dc	GCA_942486025.1	protein	p105-like_cnidaria	251844	251611	647	725	2.1e-14	48.7			
model	hmm	20260917_b5424051	CALNXI010005773.1	GCA_942486025.1	contig	CALNXI010005773.1_IkB-like-1_cnidaria_faec83ec	GCA_942486025.1	protein	IkB-like-1_cnidaria	10	198	112	174	2.6e-13	44.2			
model	hmm	20260917_b5424051	CALNXI010005773.1	GCA_942486025.1	contig	CALNXI010005773.1_IkB-like-1_cnidaria_faec83ec	GCA_942486025.1	protein	IkB-like-1_cnidaria	4189	4317	175	217	3.8e-23	76.6			
model	hmm	20260917_b5424051	CALNXI010005773.1	GCA_942486025.1	contig	CALNXI010005773.1_IkB-like-1_cnidaria_faec83ec	GCA_942486025.1	protein	IkB-like-1_cnidaria	5332	5721	218	347	5.5e-84	277.1			
model	hmm	20260917_b5424051	CALNXI010005773.1	GCA_942486025.1	contig	CALNXI010005773.1_IkB-like-1_cnidaria_faec83ec	GCA_942486025.1	protein	IkB-like-1_cnidaria	6231	6431	348	414	6.8e-36	118.6			
model	hmm	20260917_b5424051	CALNXI010005773.1	GCA_942486025.1	contig	CALNXI010005773.1_IkB-like-1_cnidaria_164b4ac6	GCA_942486025.1	protein	IkB-like-1_cnidaria	2205	2732	1	174	1.1e-44	147.6			
model	hmm	20260917_b5424051	CALNXI010005773.1	GCA_942486025.1	contig	CALNXI010005773.1_IkB-like-1_cnidaria_164b4ac6	GCA_942486025.1	protein	IkB-like-1_cnidaria	4189	4317	175	217	3.8e-23	76.6			
model	hmm	20260917_b5424051	CALNXI010005773.1	GCA_942486025.1	contig	CALNXI010005773.1_IkB-like-1_cnidaria_164b4ac6	GCA_942486025.1	protein	IkB-like-1_cnidaria	5332	5721	218	347	5.5e-84	277.1			
model	hmm	20260917_b5424051	CALNXI010005773.1	GCA_942486025.1	contig	CALNXI010005773.1_IkB-like-1_cnidaria_164b4ac6	GCA_942486025.1	protein	IkB-like-1_cnidaria	6231	6431	348	414	6.8e-36	118.6			
model	hmm	20260917_b5424051	CALNXI010005345.1	GCA_942486025.1	contig	CALNXI010005345.1_IkB-like-1_cnidaria_38a1ddb0	GCA_942486025.1	protein	IkB-like-1_cnidaria	3964	4491	1	174	1.8e-44	147.6			
model	hmm	20260917_b5424051	CALNXI010005345.1	GCA_942486025.1	contig	CALNXI010005345.1_IkB-like-1_cnidaria_38a1ddb0	GCA_942486025.1	protein	IkB-like-1_cnidaria	5631	5759	175	217	4.8e-23	76.9			
model	hmm	20260917_b5424051	CALNXI010005345.1	GCA_942486025.1	contig	CALNXI010005345.1_IkB-like-1_cnidaria_38a1ddb0	GCA_942486025.1	protein	IkB-like-1_cnidaria	6766	7155	218	347	1.2e-82	273.3			
model	hmm	20260917_b5424051	CALNXI010005345.1	GCA_942486025.1	contig	CALNXI010005345.1_IkB-like-1_cnidaria_38a1ddb0	GCA_942486025.1	protein	IkB-like-1_cnidaria	7651	7851	348	414	1.2e-35	118.4			
model	hmm	20260917_b5424051	CALNXI010000448.1	GCA_942486025.1	contig	CALNXI010000448.1_IkB-like-1_cnidaria_6b48d5f9	GCA_942486025.1	protein	IkB-like-1_cnidaria	254240	254118	219	251	9.7e-08	28.0			
model	hmm	20260917_b5424051	CALNXI010000448.1	GCA_942486025.1	contig	CALNXI010000448.1_IkB-like-1_cnidaria_6b48d5f9	GCA_942486025.1	protein	IkB-like-1_cnidaria	253600	253379	252	315	2.5e-24	82.7			
model	hmm	20260917_b5424051	CALNXI010000448.1	GCA_942486025.1	contig	CALNXI010000448.1_IkB-like-1_cnidaria_6b48d5f9	GCA_942486025.1	protein	IkB-like-1_cnidaria	252560	252435	316	345	0.00023	16.9			
model	hmm	20260917_b5424051	CALNXI010000448.1	GCA_942486025.1	contig	CALNXI010000448.1_IkB-like-1_cnidaria_6b48d5f9	GCA_942486025.1	protein	IkB-like-1_cnidaria	251841	251635	347	415	4.9e-20	68.5			
model	hmm	20260917_b5424051	CALNXI010000448.1	GCA_942486025.1	contig	CALNXI010000448.1_IkB-like-2_cnidaria_23f54323	GCA_942486025.1	protein	IkB-like-2_cnidaria	256910	256458	5	151	1.4e-19	66.9			
model	hmm	20260917_b5424051	CALNXI010000448.1	GCA_942486025.1	contig	CALNXI010000448.1_IkB-like-2_cnidaria_23f54323	GCA_942486025.1	protein	IkB-like-2_cnidaria	254243	254100	152	185	1.2e-15	54.0			
model	hmm	20260917_b5424051	CALNXI010000448.1	GCA_942486025.1	contig	CALNXI010000448.1_IkB-like-2_cnidaria_23f54323	GCA_942486025.1	protein	IkB-like-2_cnidaria	253600	253379	186	254	1.8e-38	129.2			
model	hmm	20260917_b5424051	CALNXI010000448.1	GCA_942486025.1	contig	CALNXI010000448.1_IkB-like-2_cnidaria_23f54323	GCA_942486025.1	protein	IkB-like-2_cnidaria	252560	252426	255	285	1.5e-12	43.8			
model	hmm	20260917_b5424051	CALNXI010000448.1	GCA_942486025.1	contig	CALNXI010000448.1_IkB-like-2_cnidaria_23f54323	GCA_942486025.1	protein	IkB-like-2_cnidaria	251841	251587	286	370	1.3e-51	172.4			
model	hmm	20260917_b5424051	CALNXI010005773.1	GCA_942486025.1	contig	CALNXI010005773.1_IkB-like-2_cnidaria_3eb19fa6	GCA_942486025.1	protein	IkB-like-2_cnidaria	5335	5721	153	286	4.5e-44	145.4			
model	hmm	20260917_b5424051	CALNXI010005773.1	GCA_942486025.1	contig	CALNXI010005773.1_IkB-like-2_cnidaria_3eb19fa6	GCA_942486025.1	protein	IkB-like-2_cnidaria	6231	6416	287	348	5.6e-22	72.6			
model	hmm	20260917_b5424051	CALNXI010005345.1	GCA_942486025.1	contig	CALNXI010005345.1_IkB-like-2_cnidaria_2ab6b54a	GCA_942486025.1	protein	IkB-like-2_cnidaria	6769	7155	153	286	5.2e-42	139.3			
model	hmm	20260917_b5424051	CALNXI010005345.1	GCA_942486025.1	contig	CALNXI010005345.1_IkB-like-2_cnidaria_2ab6b54a	GCA_942486025.1	protein	IkB-like-2_cnidaria	7651	7836	287	348	9e-22	72.6			
model	hmm	20260917_b5424051	CALNXI010000943.1	GCA_942486025.1	contig	CALNXI010000943.1_IkBa-like_cnidaria_00703371	GCA_942486025.1	protein	IkBa-like_cnidaria	37454	37050	2	136	1.3e-54	182.7			
model	hmm	20260917_b5424051	CALNXI010000943.1	GCA_942486025.1	contig	CALNXI010000943.1_IkBa-like_cnidaria_00703371	GCA_942486025.1	protein	IkBa-like_cnidaria	36515	36408	137	172	6e-18	62.0			
model	hmm	20260917_b5424051	CALNXI010000943.1	GCA_942486025.1	contig	CALNXI010000943.1_IkBa-like_cnidaria_00703371	GCA_942486025.1	protein	IkBa-like_cnidaria	36216	35980	173	249	2.3e-44	148.9			
model	hmm	20260917_b5424051	CALNXI010000943.1	GCA_942486025.1	contig	CALNXI010000943.1_IkBa-like_cnidaria_00703371	GCA_942486025.1	protein	IkBa-like_cnidaria	35317	35213	250	278	2.6e-13	46.7			
model	hmm	20260917_b5424051	CALNXI010000943.1	GCA_942486025.1	contig	CALNXI010000943.1_IkBa-like_cnidaria_00703371	GCA_942486025.1	protein	IkBa-like_cnidaria	34603	34313	279	373	1e-49	166.6			
model	hmm	20260917_b5424051	CALNXI010000517.1	GCA_942486025.1	contig	CALNXI010000517.1_IkBa-like_cnidaria_b5c6e24b	GCA_942486025.1	protein	IkBa-like_cnidaria	235714	235514	2	68	4.2e-20	67.9			
model	hmm	20260917_b5424051	CALNXI010000517.1	GCA_942486025.1	contig	CALNXI010000517.1_IkBa-like_cnidaria_b5c6e24b	GCA_942486025.1	protein	IkBa-like_cnidaria	233917	233810	137	172	2.5e-18	62.0			
model	hmm	20260917_b5424051	CALNXI010000517.1	GCA_942486025.1	contig	CALNXI010000517.1_IkBa-like_cnidaria_b5c6e24b	GCA_942486025.1	protein	IkBa-like_cnidaria	233618	233382	173	249	9.7e-45	148.9			
model	hmm	20260917_b5424051	CALNXI010000517.1	GCA_942486025.1	contig	CALNXI010000517.1_IkBa-like_cnidaria_b5c6e24b	GCA_942486025.1	protein	IkBa-like_cnidaria	232719	232615	250	278	1.1e-13	46.7			
model	hmm	20260917_b5424051	CALNXI010000517.1	GCA_942486025.1	contig	CALNXI010000517.1_IkBa-like_cnidaria_b5c6e24b	GCA_942486025.1	protein	IkBa-like_cnidaria	232005	231715	279	373	4.3e-50	166.6			
model	hmm	20260917_b5424051	CALNXI010000517.1	GCA_942486025.1	contig	CALNXI010000517.1_IkBa-like_cnidaria_baacce4c	GCA_942486025.1	protein	IkBa-like_cnidaria	234856	234452	2	136	4.2e-54	179.8			
model	hmm	20260917_b5424051	CALNXI010000517.1	GCA_942486025.1	contig	CALNXI010000517.1_IkBa-like_cnidaria_baacce4c	GCA_942486025.1	protein	IkBa-like_cnidaria	233917	233810	137	172	2.5e-18	62.0			
model	hmm	20260917_b5424051	CALNXI010000517.1	GCA_942486025.1	contig	CALNXI010000517.1_IkBa-like_cnidaria_baacce4c	GCA_942486025.1	protein	IkBa-like_cnidaria	233618	233382	173	249	9.7e-45	148.9			
model	hmm	20260917_b5424051	CALNXI010000517.1	GCA_942486025.1	contig	CALNXI010000517.1_IkBa-like_cnidaria_baacce4c	GCA_942486025.1	protein	IkBa-like_cnidaria	232719	232615	250	278	1.1e-13	46.7			
model	hmm	20260917_b5424051	CALNXI010000517.1	GCA_942486025.1	contig	CALNXI010000517.1_IkBa-like_cnidaria_baacce4c	GCA_942486025.1	protein	IkBa-like_cnidaria	232005	231715	279	373	4.3e-50	166.6			
model	hmm	20260917_b5424051	CALNXI010005773.1	GCA_942486025.1	contig	CALNXI010005773.1_IkBa-like_cnidaria_70b69284	GCA_942486025.1	protein	IkBa-like_cnidaria	5332	5721	137	279	1e-41	137.4			
model	hmm	20260917_b5424051	CALNXI010005773.1	GCA_942486025.1	contig	CALNXI010005773.1_IkBa-like_cnidaria_70b69284	GCA_942486025.1	protein	IkBa-like_cnidaria	6231	6419	280	343	1e-17	58.4			
model	hmm	20260917_b5424051	CALNXI010005345.1	GCA_942486025.1	contig	CALNXI010005345.1_IkBa-like_cnidaria_5dacb909	GCA_942486025.1	protein	IkBa-like_cnidaria	6766	7155	137	279	6.6e-41	135.4			
model	hmm	20260917_b5424051	CALNXI010005345.1	GCA_942486025.1	contig	CALNXI010005345.1_IkBa-like_cnidaria_5dacb909	GCA_942486025.1	protein	IkBa-like_cnidaria	7651	7839	280	343	1.6e-17	58.4			
model	hmm	20260917_b5424051	CALNXI010000448.1	GCA_942486025.1	contig	CALNXI010000448.1_IkBa-like_cnidaria_85d410a9	GCA_942486025.1	protein	IkBa-like_cnidaria	256883	256722	10	63	0.0019	13.6			
model	hmm	20260917_b5424051	CALNXI010000448.1	GCA_942486025.1	contig	CALNXI010000448.1_IkBa-like_cnidaria_85d410a9	GCA_942486025.1	protein	IkBa-like_cnidaria	256694	256458	64	136	0.0019	13.6			
model	hmm	20260917_b5424051	CALNXI010000448.1	GCA_942486025.1	contig	CALNXI010000448.1_IkBa-like_cnidaria_85d410a9	GCA_942486025.1	protein	IkBa-like_cnidaria	254240	254118	138	171	0.0064	11.9			
model	hmm	20260917_b5424051	CALNXI010000448.1	GCA_942486025.1	contig	CALNXI010000448.1_IkBa-like_cnidaria_85d410a9	GCA_942486025.1	protein	IkBa-like_cnidaria	253600	253445	172	223	4.1e-22	75.1			
model	hmm	20260917_b5424051	CALNXI010000448.1	GCA_942486025.1	contig	CALNXI010000448.1_IkBa-like_cnidaria_85d410a9	GCA_942486025.1	protein	IkBa-like_cnidaria	252524	252426	248	278	0.015	10.8			
model	hmm	20260917_b5424051	CALNXI010000448.1	GCA_942486025.1	contig	CALNXI010000448.1_IkBa-like_cnidaria_85d410a9	GCA_942486025.1	protein	IkBa-like_cnidaria	251841	251584	279	365	2.1e-23	79.3			
model	hmm	20260917_b5424051	CALNXI010000468.1	GCA_942486025.1	contig	CALNXI010000468.1_p105-like_cnidaria_622bcb92	GCA_942486025.1	protein	p105-like_cnidaria	8362	8406	136	150	0.00024	15.4			
model	hmm	20260917_b5424051	CALNXI010000468.1	GCA_942486025.1	contig	CALNXI010000468.1_p105-like_cnidaria_622bcb92	GCA_942486025.1	protein	p105-like_cnidaria	8411	8581	151	207	1.3e-16	56.0			
model	hmm	20260917_b5424051	CALNXI010000468.1	GCA_942486025.1	contig	CALNXI010000468.1_p105-like_cnidaria_622bcb92	GCA_942486025.1	protein	p105-like_cnidaria	10122	10280	208	260	2.4e-30	101.4			
model	hmm	20260917_b5424051	CALNXI010000468.1	GCA_942486025.1	contig	CALNXI010000468.1_p105-like_cnidaria_622bcb92	GCA_942486025.1	protein	p105-like_cnidaria	10603	10710	261	296	1.8e-19	65.4			
model	hmm	20260917_b5424051	CALNXI010000468.1	GCA_942486025.1	contig	CALNXI010000468.1_p105-like_cnidaria_622bcb92	GCA_942486025.1	protein	p105-like_cnidaria	11065	11163	297	329	1.3e-14	49.4			
model	hmm	20260917_b5424051	CALNXI010000468.1	GCA_942486025.1	contig	CALNXI010000468.1_p105-like_cnidaria_622bcb92	GCA_942486025.1	protein	p105-like_cnidaria	11660	11797	330	375	3.2e-27	91.1			
model	hmm	20260917_b5424051	CALNXI010000468.1	GCA_942486025.1	contig	CALNXI010000468.1_p105-like_cnidaria_622bcb92	GCA_942486025.1	protein	p105-like_cnidaria	13606	13788	376	439	3.1e-13	44.8			
model	hmm	20260917_b5424051	CALNXI010000468.1	GCA_942486025.1	contig	CALNXI010000468.1_p105-like_cnidaria_e44f21de	GCA_942486025.1	protein	p105-like_cnidaria	27362	27439	16	41	0.0027	12.7			
model	hmm	20260917_b5424051	CALNXI010000468.1	GCA_942486025.1	contig	CALNXI010000468.1_p105-like_cnidaria_e44f21de	GCA_942486025.1	protein	p105-like_cnidaria	48211	48246	42	53	0.001	14.1			
model	hmm	20260917_b5424051	CALNXI010000468.1	GCA_942486025.1	contig	CALNXI010000468.1_p105-like_cnidaria_e44f21de	GCA_942486025.1	protein	p105-like_cnidaria	48487	48810	54	161	4.3e-63	210.6			
model	hmm	20260917_b5424051	CALNXI010000468.1	GCA_942486025.1	contig	CALNXI010000468.1_p105-like_cnidaria_e44f21de	GCA_942486025.1	protein	p105-like_cnidaria	52933	53091	209	262	1.2e-30	103.3			
model	hmm	20260917_b5424051	CALNXI010000468.1	GCA_942486025.1	contig	CALNXI010000468.1_p105-like_cnidaria_e44f21de	GCA_942486025.1	protein	p105-like_cnidaria	53394	53495	263	296	1.2e-21	73.5			
model	hmm	20260917_b5424051	CALNXI010000468.1	GCA_942486025.1	contig	CALNXI010000468.1_p105-like_cnidaria_e44f21de	GCA_942486025.1	protein	p105-like_cnidaria	53835	53933	297	329	8.4e-15	50.8			
model	hmm	20260917_b5424051	CALNXI010000468.1	GCA_942486025.1	contig	CALNXI010000468.1_p105-like_cnidaria_e44f21de	GCA_942486025.1	protein	p105-like_cnidaria	54714	54851	330	375	2.9e-28	95.4			
model	hmm	20260917_b5424051	CALNXI010000468.1	GCA_942486025.1	contig	CALNXI010000468.1_p105-like_cnidaria_e44f21de	GCA_942486025.1	protein	p105-like_cnidaria	55848	56030	376	440	8.1e-24	80.6			
model	hmm	20260917_b5424051	CALNXI010000468.1	GCA_942486025.1	contig	CALNXI010000468.1_p105-like_cnidaria_e44f21de	GCA_942486025.1	protein	p105-like_cnidaria	56641	56712	441	464	0.0012	13.9			
model	hmm	20260917_b5424051	CALNXI010000468.1	GCA_942486025.1	contig	CALNXI010000468.1_p105-like_cnidaria_e44f21de	GCA_942486025.1	protein	p105-like_cnidaria	57185	57334	465	514	1.6e-24	82.9			
model	hmm	20260917_b5424051	CALNXI010000468.1	GCA_942486025.1	contig	CALNXI010000468.1_p105-like_cnidaria_e44f21de	GCA_942486025.1	protein	p105-like_cnidaria	59146	59253	515	550	9.3e-19	63.9			
model	hmm	20260917_b5424051	CALNXI010000468.1	GCA_942486025.1	contig	CALNXI010000468.1_p105-like_cnidaria_e44f21de	GCA_942486025.1	protein	p105-like_cnidaria	60895	61098	551	618	1.5e-37	126.1			
model	hmm	20260917_b5424051	CALNXI010000468.1	GCA_942486025.1	contig	CALNXI010000468.1_p105-like_cnidaria_e44f21de	GCA_942486025.1	protein	p105-like_cnidaria	61503	61589	619	647	6e-12	41.4			
model	hmm	20260917_b5424051	CALNXI010000468.1	GCA_942486025.1	contig	CALNXI010000468.1_p105-like_cnidaria_e44f21de	GCA_942486025.1	protein	p105-like_cnidaria	64860	64943	648	675	5.1e-14	48.2			
model	hmm	20260917_b5424051	CALNXI010000468.1	GCA_942486025.1	contig	CALNXI010000468.1_p105-like_cnidaria_e44f21de	GCA_942486025.1	protein	p105-like_cnidaria	65438	65605	676	731	4.3e-30	101.4			
model	hmm	20260917_b5424051	CALNXI010000468.1	GCA_942486025.1	contig	CALNXI010000468.1_p105-like_cnidaria_e44f21de	GCA_942486025.1	protein	p105-like_cnidaria	66000	66068	732	754	0.0029	12.6			
model	hmm	20260917_b5424051	CALNXI010000468.1	GCA_942486025.1	contig	CALNXI010000468.1_p105-like_cnidaria_e44f21de	GCA_942486025.1	protein	p105-like_cnidaria	66653	66829	760	818	9.6e-25	83.7			
model	hmm	20260917_b5424051	CALNXI010000468.1	GCA_942486025.1	contig	CALNXI010000468.1_p105-like_cnidaria_e44f21de	GCA_942486025.1	protein	p105-like_cnidaria	67451	67594	819	866	1.2e-20	70.2			
model	hmm	20260917_b5424051	CALNXI010000468.1	GCA_942486025.1	contig	CALNXI010000468.1_p105-like_cnidaria_e44f21de	GCA_942486025.1	protein	p105-like_cnidaria	68081	68212	867	910	1.9e-09	33.1			
model	hmm	20260917_b5424051	CALNXI010000468.1	GCA_942486025.1	contig	CALNXI010000468.1_p105-like_cnidaria_7a15f2df	GCA_942486025.1	protein	p105-like_cnidaria	46614	46736	1	41	1.6e-19	66.4			
model	hmm	20260917_b5424051	CALNXI010000468.1	GCA_942486025.1	contig	CALNXI010000468.1_p105-like_cnidaria_7a15f2df	GCA_942486025.1	protein	p105-like_cnidaria	48211	48246	42	53	0.001	14.1			
model	hmm	20260917_b5424051	CALNXI010000468.1	GCA_942486025.1	contig	CALNXI010000468.1_p105-like_cnidaria_7a15f2df	GCA_942486025.1	protein	p105-like_cnidaria	48487	48810	54	161	4.3e-63	210.6			
model	hmm	20260917_b5424051	CALNXI010000468.1	GCA_942486025.1	contig	CALNXI010000468.1_p105-like_cnidaria_7a15f2df	GCA_942486025.1	protein	p105-like_cnidaria	52933	53091	209	262	1.2e-30	103.3			
model	hmm	20260917_b5424051	CALNXI010000468.1	GCA_942486025.1	contig	CALNXI010000468.1_p105-like_cnidaria_7a15f2df	GCA_942486025.1	protein	p105-like_cnidaria	53394	53495	263	296	1.2e-21	73.5			
model	hmm	20260917_b5424051	CALNXI010000468.1	GCA_942486025.1	contig	CALNXI010000468.1_p105-like_cnidaria_7a15f2df	GCA_942486025.1	protein	p105-like_cnidaria	53835	53933	297	329	8.4e-15	50.8			
model	hmm	20260917_b5424051	CALNXI010000468.1	GCA_942486025.1	contig	CALNXI010000468.1_p105-like_cnidaria_7a15f2df	GCA_942486025.1	protein	p105-like_cnidaria	54714	54851	330	375	2.9e-28	95.4			
model	hmm	20260917_b5424051	CALNXI010000468.1	GCA_942486025.1	contig	CALNXI010000468.1_p105-like_cnidaria_7a15f2df	GCA_942486025.1	protein	p105-like_cnidaria	55848	56030	376	440	8.1e-24	80.6			
model	hmm	20260917_b5424051	CALNXI010000468.1	GCA_942486025.1	contig	CALNXI010000468.1_p105-like_cnidaria_7a15f2df	GCA_942486025.1	protein	p105-like_cnidaria	56641	56712	441	464	0.0012	13.9			
model	hmm	20260917_b5424051	CALNXI010000468.1	GCA_942486025.1	contig	CALNXI010000468.1_p105-like_cnidaria_7a15f2df	GCA_942486025.1	protein	p105-like_cnidaria	57185	57334	465	514	1.6e-24	82.9			
model	hmm	20260917_b5424051	CALNXI010000468.1	GCA_942486025.1	contig	CALNXI010000468.1_p105-like_cnidaria_7a15f2df	GCA_942486025.1	protein	p105-like_cnidaria	59146	59253	515	550	9.3e-19	63.9			
model	hmm	20260917_b5424051	CALNXI010000468.1	GCA_942486025.1	contig	CALNXI010000468.1_p105-like_cnidaria_7a15f2df	GCA_942486025.1	protein	p105-like_cnidaria	60895	61098	551	618	1.5e-37	126.1			
model	hmm	20260917_b5424051	CALNXI010000468.1	GCA_942486025.1	contig	CALNXI010000468.1_p105-like_cnidaria_7a15f2df	GCA_942486025.1	protein	p105-like_cnidaria	61503	61589	619	647	6e-12	41.4			
model	hmm	20260917_b5424051	CALNXI010000468.1	GCA_942486025.1	contig	CALNXI010000468.1_p105-like_cnidaria_7a15f2df	GCA_942486025.1	protein	p105-like_cnidaria	64860	64943	648	675	5.1e-14	48.2			
model	hmm	20260917_b5424051	CALNXI010000468.1	GCA_942486025.1	contig	CALNXI010000468.1_p105-like_cnidaria_7a15f2df	GCA_942486025.1	protein	p105-like_cnidaria	65438	65605	676	731	4.3e-30	101.4			
model	hmm	20260917_b5424051	CALNXI010000468.1	GCA_942486025.1	contig	CALNXI010000468.1_p105-like_cnidaria_7a15f2df	GCA_942486025.1	protein	p105-like_cnidaria	66000	66068	732	754	0.0029	12.6			
model	hmm	20260917_b5424051	CALNXI010000468.1	GCA_942486025.1	contig	CALNXI010000468.1_p105-like_cnidaria_7a15f2df	GCA_942486025.1	protein	p105-like_cnidaria	66653	66829	760	818	9.6e-25	83.7			
model	hmm	20260917_b5424051	CALNXI010000468.1	GCA_942486025.1	contig	CALNXI010000468.1_p105-like_cnidaria_7a15f2df	GCA_942486025.1	protein	p105-like_cnidaria	67451	67594	819	866	1.2e-20	70.2			
model	hmm	20260917_b5424051	CALNXI010000468.1	GCA_942486025.1	contig	CALNXI010000468.1_p105-like_cnidaria_7a15f2df	GCA_942486025.1	protein	p105-like_cnidaria	68081	68212	867	910	1.9e-09	33.1			
model	hmm	20260917_b5424051	CALNXI010000468.1	GCA_942486025.1	contig	CALNXI010000468.1_p105-like_cnidaria_ebbbf4c3	GCA_942486025.1	protein	p105-like_cnidaria	57853	57918	443	464	0.02	9.8			
model	hmm	20260917_b5424051	CALNXI010000468.1	GCA_942486025.1	contig	CALNXI010000468.1_p105-like_cnidaria_ebbbf4c3	GCA_942486025.1	protein	p105-like_cnidaria	58391	58540	465	514	1.6e-24	82.9			
model	hmm	20260917_b5424051	CALNXI010000468.1	GCA_942486025.1	contig	CALNXI010000468.1_p105-like_cnidaria_ebbbf4c3	GCA_942486025.1	protein	p105-like_cnidaria	59146	59253	515	550	9.3e-19	63.9			
model	hmm	20260917_b5424051	CALNXI010000468.1	GCA_942486025.1	contig	CALNXI010000468.1_p105-like_cnidaria_ebbbf4c3	GCA_942486025.1	protein	p105-like_cnidaria	60895	61098	551	618	1.5e-37	126.1			
model	hmm	20260917_b5424051	CALNXI010000468.1	GCA_942486025.1	contig	CALNXI010000468.1_p105-like_cnidaria_ebbbf4c3	GCA_942486025.1	protein	p105-like_cnidaria	61503	61589	619	647	6e-12	41.4			
model	hmm	20260917_b5424051	CALNXI010000468.1	GCA_942486025.1	contig	CALNXI010000468.1_p105-like_cnidaria_ebbbf4c3	GCA_942486025.1	protein	p105-like_cnidaria	64860	64943	648	675	5.1e-14	48.2			
model	hmm	20260917_b5424051	CALNXI010000468.1	GCA_942486025.1	contig	CALNXI010000468.1_p105-like_cnidaria_ebbbf4c3	GCA_942486025.1	protein	p105-like_cnidaria	65438	65605	676	731	4.3e-30	101.4			
model	hmm	20260917_b5424051	CALNXI010000468.1	GCA_942486025.1	contig	CALNXI010000468.1_p105-like_cnidaria_ebbbf4c3	GCA_942486025.1	protein	p105-like_cnidaria	66000	66068	732	754	0.0029	12.6			
model	hmm	20260917_b5424051	CALNXI010000468.1	GCA_942486025.1	contig	CALNXI010000468.1_p105-like_cnidaria_ebbbf4c3	GCA_942486025.1	protein	p105-like_cnidaria	66653	66829	760	818	9.6e-25	83.7			
model	hmm	20260917_b5424051	CALNXI010000468.1	GCA_942486025.1	contig	CALNXI010000468.1_p105-like_cnidaria_ebbbf4c3	GCA_942486025.1	protein	p105-like_cnidaria	67451	67594	819	866	1.2e-20	70.2			
model	hmm	20260917_b5424051	CALNXI010000468.1	GCA_942486025.1	contig	CALNXI010000468.1_p105-like_cnidaria_ebbbf4c3	GCA_942486025.1	protein	p105-like_cnidaria	68081	68212	867	910	1.9e-09	33.1			
model	hmm	20260917_b5424051	CALNXI010000468.1	GCA_942486025.1	contig	CALNXI010000468.1_p105-like_cnidaria_8718708f	GCA_942486025.1	protein	p105-like_cnidaria	62107	62220	513	550	1.4e-18	63.3			
model	hmm	20260917_b5424051	CALNXI010000468.1	GCA_942486025.1	contig	CALNXI010000468.1_p105-like_cnidaria_8718708f	GCA_942486025.1	protein	p105-like_cnidaria	63813	64016	551	618	7.1e-38	127.2			
model	hmm	20260917_b5424051	CALNXI010000468.1	GCA_942486025.1	contig	CALNXI010000468.1_p105-like_cnidaria_8718708f	GCA_942486025.1	protein	p105-like_cnidaria	64380	64466	619	647	6e-12	41.4			
model	hmm	20260917_b5424051	CALNXI010000468.1	GCA_942486025.1	contig	CALNXI010000468.1_p105-like_cnidaria_8718708f	GCA_942486025.1	protein	p105-like_cnidaria	64860	64943	648	675	5.1e-14	48.2			
model	hmm	20260917_b5424051	CALNXI010000468.1	GCA_942486025.1	contig	CALNXI010000468.1_p105-like_cnidaria_8718708f	GCA_942486025.1	protein	p105-like_cnidaria	65438	65605	676	731	4.3e-30	101.4			
model	hmm	20260917_b5424051	CALNXI010000468.1	GCA_942486025.1	contig	CALNXI010000468.1_p105-like_cnidaria_8718708f	GCA_942486025.1	protein	p105-like_cnidaria	66000	66068	732	754	0.0029	12.6			
model	hmm	20260917_b5424051	CALNXI010000468.1	GCA_942486025.1	contig	CALNXI010000468.1_p105-like_cnidaria_8718708f	GCA_942486025.1	protein	p105-like_cnidaria	66653	66829	760	818	9.6e-25	83.7			
model	hmm	20260917_b5424051	CALNXI010000468.1	GCA_942486025.1	contig	CALNXI010000468.1_p105-like_cnidaria_8718708f	GCA_942486025.1	protein	p105-like_cnidaria	67451	67594	819	866	1.2e-20	70.2			
model	hmm	20260917_b5424051	CALNXI010000468.1	GCA_942486025.1	contig	CALNXI010000468.1_p105-like_cnidaria_8718708f	GCA_942486025.1	protein	p105-like_cnidaria	68081	68212	867	910	1.9e-09	33.1			
model	hmm	20260917_b5424051	CALNXI010002241.1	GCA_942486025.1	contig	CALNXI010002241.1_p105-like_cnidaria_94c3f8e6	GCA_942486025.1	protein	p105-like_cnidaria	33468	33590	1	41	1.2e-18	63.1			
model	hmm	20260917_b5424051	CALNXI010002241.1	GCA_942486025.1	contig	CALNXI010002241.1_p105-like_cnidaria_94c3f8e6	GCA_942486025.1	protein	p105-like_cnidaria	34861	34896	42	53	0.00073	14.1			
model	hmm	20260917_b5424051	CALNXI010002241.1	GCA_942486025.1	contig	CALNXI010002241.1_p105-like_cnidaria_94c3f8e6	GCA_942486025.1	protein	p105-like_cnidaria	35142	35390	54	136	1.9e-58	194.7			
model	hmm	20260917_b5424051	CALNXI010002241.1	GCA_942486025.1	contig	CALNXI010002241.1_p105-like_cnidaria_94c3f8e6	GCA_942486025.1	protein	p105-like_cnidaria	36719	36931	137	207	2.4e-27	91.8			
model	hmm	20260917_b5424051	CALNXI010002241.1	GCA_942486025.1	contig	CALNXI010002241.1_p105-like_cnidaria_94c3f8e6	GCA_942486025.1	protein	p105-like_cnidaria	37688	37849	208	262	1.9e-32	108.7			
model	hmm	20260917_b5424051	CALNXI010002241.1	GCA_942486025.1	contig	CALNXI010002241.1_p105-like_cnidaria_94c3f8e6	GCA_942486025.1	protein	p105-like_cnidaria	38176	38277	263	296	2.1e-20	68.9			
model	hmm	20260917_b5424051	CALNXI010002241.1	GCA_942486025.1	contig	CALNXI010002241.1_p105-like_cnidaria_94c3f8e6	GCA_942486025.1	protein	p105-like_cnidaria	38606	38704	297	329	6e-15	50.8			
model	hmm	20260917_b5424051	CALNXI010002241.1	GCA_942486025.1	contig	CALNXI010002241.1_p105-like_cnidaria_94c3f8e6	GCA_942486025.1	protein	p105-like_cnidaria	39212	39349	330	375	5.5e-28	94.0			
model	hmm	20260917_b5424051	CALNXI010002241.1	GCA_942486025.1	contig	CALNXI010002241.1_p105-like_cnidaria_94c3f8e6	GCA_942486025.1	protein	p105-like_cnidaria	41204	41389	376	440	1.5e-13	46.2			
model	hmm	20260917_b5424051	CALNXI010005773.1	GCA_942486025.1	contig	CALNXI010005773.1_p105-like_cnidaria_94f4ed4c	GCA_942486025.1	protein	p105-like_cnidaria	5332	5721	515	648	1.2e-29	96.9			
model	hmm	20260917_b5424051	CALNXI010005773.1	GCA_942486025.1	contig	CALNXI010005773.1_p105-like_cnidaria_94f4ed4c	GCA_942486025.1	protein	p105-like_cnidaria	6231	6428	649	715	1.3e-09	30.7			
model	hmm	20260917_b5424051	CALNXI010005345.1	GCA_942486025.1	contig	CALNXI010005345.1_p105-like_cnidaria_df0c0638	GCA_942486025.1	protein	p105-like_cnidaria	6766	7155	515	648	8.4e-28	91.5			
model	hmm	20260917_b5424051	CALNXI010005345.1	GCA_942486025.1	contig	CALNXI010005345.1_p105-like_cnidaria_df0c0638	GCA_942486025.1	protein	p105-like_cnidaria	7651	7848	649	715	2e-09	30.7			
model	hmm	20260917_b5424051	CALNXI010000448.1	GCA_942486025.1	contig	CALNXI010000448.1_p105-like_cnidaria_d65203dc	GCA_942486025.1	protein	p105-like_cnidaria	253600	253379	552	616	2.6e-15	51.7			
model	hmm	20260917_b5424051	CALNXI010000448.1	GCA_942486025.1	contig	CALNXI010000448.1_p105-like_cnidaria_d65203dc	GCA_942486025.1	protein	p105-like_cnidaria	252554	252423	617	646	0.00056	14.2			
model	hmm	20260917_b5424051	CALNXI010000448.1	GCA_942486025.1	contig	CALNXI010000448.1_p105-like_cnidaria_d65203dc	GCA_942486025.1	protein	p105-like_cnidaria	251844	251611	647	725	2.1e-14	48.7			
model	hmm	20260917_b5424051	CALNXI010005773.1	GCA_942486025.1	contig	CALNXI010005773.1_IkB-like-1_cnidaria_faec83ec	GCA_942486025.1	protein	IkB-like-1_cnidaria	10	198	112	174	2.6e-13	44.2			
model	hmm	20260917_b5424051	CALNXI010005773.1	GCA_942486025.1	contig	CALNXI010005773.1_IkB-like-1_cnidaria_faec83ec	GCA_942486025.1	protein	IkB-like-1_cnidaria	4189	4317	175	217	3.8e-23	76.6			
model	hmm	20260917_b5424051	CALNXI010005773.1	GCA_942486025.1	contig	CALNXI010005773.1_IkB-like-1_cnidaria_faec83ec	GCA_942486025.1	protein	IkB-like-1_cnidaria	5332	5721	218	347	5.5e-84	277.1			
model	hmm	20260917_b5424051	CALNXI010005773.1	GCA_942486025.1	contig	CALNXI010005773.1_IkB-like-1_cnidaria_faec83ec	GCA_942486025.1	protein	IkB-like-1_cnidaria	6231	6431	348	414	6.8e-36	118.6			
model	hmm	20260917_b5424051	CALNXI010005773.1	GCA_942486025.1	contig	CALNXI010005773.1_IkB-like-1_cnidaria_164b4ac6	GCA_942486025.1	protein	IkB-like-1_cnidaria	2205	2732	1	174	1.1e-44	147.6			
model	hmm	20260917_b5424051	CALNXI010005773.1	GCA_942486025.1	contig	CALNXI010005773.1_IkB-like-1_cnidaria_164b4ac6	GCA_942486025.1	protein	IkB-like-1_cnidaria	4189	4317	175	217	3.8e-23	76.6			
model	hmm	20260917_b5424051	CALNXI010005773.1	GCA_942486025.1	contig	CALNXI010005773.1_IkB-like-1_cnidaria_164b4ac6	GCA_942486025.1	protein	IkB-like-1_cnidaria	5332	5721	218	347	5.5e-84	277.1			
model	hmm	20260917_b5424051	CALNXI010005773.1	GCA_942486025.1	contig	CALNXI010005773.1_IkB-like-1_cnidaria_164b4ac6	GCA_942486025.1	protein	IkB-like-1_cnidaria	6231	6431	348	414	6.8e-36	118.6			
model	hmm	20260917_b5424051	CALNXI010005345.1	GCA_942486025.1	contig	CALNXI010005345.1_IkB-like-1_cnidaria_38a1ddb0	GCA_942486025.1	protein	IkB-like-1_cnidaria	3964	4491	1	174	1.8e-44	147.6			
model	hmm	20260917_b5424051	CALNXI010005345.1	GCA_942486025.1	contig	CALNXI010005345.1_IkB-like-1_cnidaria_38a1ddb0	GCA_942486025.1	protein	IkB-like-1_cnidaria	5631	5759	175	217	4.8e-23	76.9			
model	hmm	20260917_b5424051	CALNXI010005345.1	GCA_942486025.1	contig	CALNXI010005345.1_IkB-like-1_cnidaria_38a1ddb0	GCA_942486025.1	protein	IkB-like-1_cnidaria	6766	7155	218	347	1.2e-82	273.3			
model	hmm	20260917_b5424051	CALNXI010005345.1	GCA_942486025.1	contig	CALNXI010005345.1_IkB-like-1_cnidaria_38a1ddb0	GCA_942486025.1	protein	IkB-like-1_cnidaria	7651	7851	348	414	1.2e-35	118.4			
model	hmm	20260917_b5424051	CALNXI010000448.1	GCA_942486025.1	contig	CALNXI010000448.1_IkB-like-1_cnidaria_6b48d5f9	GCA_942486025.1	protein	IkB-like-1_cnidaria	254240	254118	219	251	9.7e-08	28.0			
model	hmm	20260917_b5424051	CALNXI010000448.1	GCA_942486025.1	contig	CALNXI010000448.1_IkB-like-1_cnidaria_6b48d5f9	GCA_942486025.1	protein	IkB-like-1_cnidaria	253600	253379	252	315	2.5e-24	82.7			
model	hmm	20260917_b5424051	CALNXI010000448.1	GCA_942486025.1	contig	CALNXI010000448.1_IkB-like-1_cnidaria_6b48d5f9	GCA_942486025.1	protein	IkB-like-1_cnidaria	252560	252435	316	345	0.00023	16.9			
model	hmm	20260917_b5424051	CALNXI010000448.1	GCA_942486025.1	contig	CALNXI010000448.1_IkB-like-1_cnidaria_6b48d5f9	GCA_942486025.1	protein	IkB-like-1_cnidaria	251841	251635	347	415	4.9e-20	68.5			
model	hmm	20260917_b5424051	CALNXI010000448.1	GCA_942486025.1	contig	CALNXI010000448.1_IkB-like-2_cnidaria_23f54323	GCA_942486025.1	protein	IkB-like-2_cnidaria	256910	256458	5	151	1.4e-19	66.9			
model	hmm	20260917_b5424051	CALNXI010000448.1	GCA_942486025.1	contig	CALNXI010000448.1_IkB-like-2_cnidaria_23f54323	GCA_942486025.1	protein	IkB-like-2_cnidaria	254243	254100	152	185	1.2e-15	54.0			
model	hmm	20260917_b5424051	CALNXI010000448.1	GCA_942486025.1	contig	CALNXI010000448.1_IkB-like-2_cnidaria_23f54323	GCA_942486025.1	protein	IkB-like-2_cnidaria	253600	253379	186	254	1.8e-38	129.2			
model	hmm	20260917_b5424051	CALNXI010000448.1	GCA_942486025.1	contig	CALNXI010000448.1_IkB-like-2_cnidaria_23f54323	GCA_942486025.1	protein	IkB-like-2_cnidaria	252560	252426	255	285	1.5e-12	43.8			
model	hmm	20260917_b5424051	CALNXI010000448.1	GCA_942486025.1	contig	CALNXI010000448.1_IkB-like-2_cnidaria_23f54323	GCA_942486025.1	protein	IkB-like-2_cnidaria	251841	251587	286	370	1.3e-51	172.4			
model	hmm	20260917_b5424051	CALNXI010005773.1	GCA_942486025.1	contig	CALNXI010005773.1_IkB-like-2_cnidaria_3eb19fa6	GCA_942486025.1	protein	IkB-like-2_cnidaria	5335	5721	153	286	4.5e-44	145.4			
model	hmm	20260917_b5424051	CALNXI010005773.1	GCA_942486025.1	contig	CALNXI010005773.1_IkB-like-2_cnidaria_3eb19fa6	GCA_942486025.1	protein	IkB-like-2_cnidaria	6231	6416	287	348	5.6e-22	72.6			
model	hmm	20260917_b5424051	CALNXI010005345.1	GCA_942486025.1	contig	CALNXI010005345.1_IkB-like-2_cnidaria_2ab6b54a	GCA_942486025.1	protein	IkB-like-2_cnidaria	6769	7155	153	286	5.2e-42	139.3			
model	hmm	20260917_b5424051	CALNXI010005345.1	GCA_942486025.1	contig	CALNXI010005345.1_IkB-like-2_cnidaria_2ab6b54a	GCA_942486025.1	protein	IkB-like-2_cnidaria	7651	7836	287	348	9e-22	72.6			
model	hmm	20260917_b5424051	CALNXI010000943.1	GCA_942486025.1	contig	CALNXI010000943.1_IkBa-like_cnidaria_00703371	GCA_942486025.1	protein	IkBa-like_cnidaria	37454	37050	2	136	1.3e-54	182.7			
model	hmm	20260917_b5424051	CALNXI010000943.1	GCA_942486025.1	contig	CALNXI010000943.1_IkBa-like_cnidaria_00703371	GCA_942486025.1	protein	IkBa-like_cnidaria	36515	36408	137	172	6e-18	62.0			
model	hmm	20260917_b5424051	CALNXI010000943.1	GCA_942486025.1	contig	CALNXI010000943.1_IkBa-like_cnidaria_00703371	GCA_942486025.1	protein	IkBa-like_cnidaria	36216	35980	173	249	2.3e-44	148.9			
model	hmm	20260917_b5424051	CALNXI010000943.1	GCA_942486025.1	contig	CALNXI010000943.1_IkBa-like_cnidaria_00703371	GCA_942486025.1	protein	IkBa-like_cnidaria	35317	35213	250	278	2.6e-13	46.7			
model	hmm	20260917_b5424051	CALNXI010000943.1	GCA_942486025.1	contig	CALNXI010000943.1_IkBa-like_cnidaria_00703371	GCA_942486025.1	protein	IkBa-like_cnidaria	34603	34313	279	373	1e-49	166.6			
model	hmm	20260917_b5424051	CALNXI010000517.1	GCA_942486025.1	contig	CALNXI010000517.1_IkBa-like_cnidaria_b5c6e24b	GCA_942486025.1	protein	IkBa-like_cnidaria	235714	235514	2	68	4.2e-20	67.9			
model	hmm	20260917_b5424051	CALNXI010000517.1	GCA_942486025.1	contig	CALNXI010000517.1_IkBa-like_cnidaria_b5c6e24b	GCA_942486025.1	protein	IkBa-like_cnidaria	233917	233810	137	172	2.5e-18	62.0			
model	hmm	20260917_b5424051	CALNXI010000517.1	GCA_942486025.1	contig	CALNXI010000517.1_IkBa-like_cnidaria_b5c6e24b	GCA_942486025.1	protein	IkBa-like_cnidaria	233618	233382	173	249	9.7e-45	148.9			
model	hmm	20260917_b5424051	CALNXI010000517.1	GCA_942486025.1	contig	CALNXI010000517.1_IkBa-like_cnidaria_b5c6e24b	GCA_942486025.1	protein	IkBa-like_cnidaria	232719	232615	250	278	1.1e-13	46.7			
model	hmm	20260917_b5424051	CALNXI010000517.1	GCA_942486025.1	contig	CALNXI010000517.1_IkBa-like_cnidaria_b5c6e24b	GCA_942486025.1	protein	IkBa-like_cnidaria	232005	231715	279	373	4.3e-50	166.6			
model	hmm	20260917_b5424051	CALNXI010000517.1	GCA_942486025.1	contig	CALNXI010000517.1_IkBa-like_cnidaria_baacce4c	GCA_942486025.1	protein	IkBa-like_cnidaria	234856	234452	2	136	4.2e-54	179.8			
model	hmm	20260917_b5424051	CALNXI010000517.1	GCA_942486025.1	contig	CALNXI010000517.1_IkBa-like_cnidaria_baacce4c	GCA_942486025.1	protein	IkBa-like_cnidaria	233917	233810	137	172	2.5e-18	62.0			
model	hmm	20260917_b5424051	CALNXI010000517.1	GCA_942486025.1	contig	CALNXI010000517.1_IkBa-like_cnidaria_baacce4c	GCA_942486025.1	protein	IkBa-like_cnidaria	233618	233382	173	249	9.7e-45	148.9			
model	hmm	20260917_b5424051	CALNXI010000517.1	GCA_942486025.1	contig	CALNXI010000517.1_IkBa-like_cnidaria_baacce4c	GCA_942486025.1	protein	IkBa-like_cnidaria	232719	232615	250	278	1.1e-13	46.7			
model	hmm	20260917_b5424051	CALNXI010000517.1	GCA_942486025.1	contig	CALNXI010000517.1_IkBa-like_cnidaria_baacce4c	GCA_942486025.1	protein	IkBa-like_cnidaria	232005	231715	279	373	4.3e-50	166.6			
model	hmm	20260917_b5424051	CALNXI010005773.1	GCA_942486025.1	contig	CALNXI010005773.1_IkBa-like_cnidaria_70b69284	GCA_942486025.1	protein	IkBa-like_cnidaria	5332	5721	137	279	1e-41	137.4			
model	hmm	20260917_b5424051	CALNXI010005773.1	GCA_942486025.1	contig	CALNXI010005773.1_IkBa-like_cnidaria_70b69284	GCA_942486025.1	protein	IkBa-like_cnidaria	6231	6419	280	343	1e-17	58.4			
model	hmm	20260917_b5424051	CALNXI010005345.1	GCA_942486025.1	contig	CALNXI010005345.1_IkBa-like_cnidaria_5dacb909	GCA_942486025.1	protein	IkBa-like_cnidaria	6766	7155	137	279	6.6e-41	135.4			
model	hmm	20260917_b5424051	CALNXI010005345.1	GCA_942486025.1	contig	CALNXI010005345.1_IkBa-like_cnidaria_5dacb909	GCA_942486025.1	protein	IkBa-like_cnidaria	7651	7839	280	343	1.6e-17	58.4			
model	hmm	20260917_b5424051	CALNXI010000448.1	GCA_942486025.1	contig	CALNXI010000448.1_IkBa-like_cnidaria_85d410a9	GCA_942486025.1	protein	IkBa-like_cnidaria	256883	256722	10	63	0.0019	13.6			
model	hmm	20260917_b5424051	CALNXI010000448.1	GCA_942486025.1	contig	CALNXI010000448.1_IkBa-like_cnidaria_85d410a9	GCA_942486025.1	protein	IkBa-like_cnidaria	256694	256458	64	136	0.0019	13.6			
model	hmm	20260917_b5424051	CALNXI010000448.1	GCA_942486025.1	contig	CALNXI010000448.1_IkBa-like_cnidaria_85d410a9	GCA_942486025.1	protein	IkBa-like_cnidaria	254240	254118	138	171	0.0064	11.9			
model	hmm	20260917_b5424051	CALNXI010000448.1	GCA_942486025.1	contig	CALNXI010000448.1_IkBa-like_cnidaria_85d410a9	GCA_942486025.1	protein	IkBa-like_cnidaria	253600	253445	172	223	4.1e-22	75.1			
model	hmm	20260917_b5424051	CALNXI010000448.1	GCA_942486025.1	contig	CALNXI010000448.1_IkBa-like_cnidaria_85d410a9	GCA_942486025.1	protein	IkBa-like_cnidaria	252524	252426	248	278	0.015	10.8			
model	hmm	20260917_b5424051	CALNXI010000448.1	GCA_942486025.1	contig	CALNXI010000448.1_IkBa-like_cnidaria_85d410a9	GCA_942486025.1	protein	IkBa-like_cnidaria	251841	251584	279	365	2.1e-23	79.3			
model	hmm	20260917_b5424051	CALNXK010000057.1	GCA_942486035.1	contig	CALNXK010000057.1_p105-like_cnidaria_3ac67995	GCA_942486035.1	protein	p105-like_cnidaria	2627243	2627344	1	34	1.4e-11	40.2			
model	hmm	20260917_b5424051	CALNXK010000057.1	GCA_942486035.1	contig	CALNXK010000057.1_p105-like_cnidaria_3ac67995	GCA_942486035.1	protein	p105-like_cnidaria	2629150	2629188	41	53	0.001	14.1			
model	hmm	20260917_b5424051	CALNXK010000057.1	GCA_942486035.1	contig	CALNXK010000057.1_p105-like_cnidaria_3ac67995	GCA_942486035.1	protein	p105-like_cnidaria	2629436	2629684	54	136	9.1e-54	179.7			
model	hmm	20260917_b5424051	CALNXK010000057.1	GCA_942486035.1	contig	CALNXK010000057.1_p105-like_cnidaria_3ac67995	GCA_942486035.1	protein	p105-like_cnidaria	2631097	2631246	137	190	1.5e-12	43.3			
model	hmm	20260917_b5424051	CALNXK010000057.1	GCA_942486035.1	contig	CALNXK010000057.1_p105-like_cnidaria_3ac67995	GCA_942486035.1	protein	p105-like_cnidaria	2637855	2638013	208	260	1e-30	103.4			
model	hmm	20260917_b5424051	CALNXK010000057.1	GCA_942486035.1	contig	CALNXK010000057.1_p105-like_cnidaria_3ac67995	GCA_942486035.1	protein	p105-like_cnidaria	2638351	2638458	261	296	2.2e-19	65.9			
model	hmm	20260917_b5424051	CALNXK010000057.1	GCA_942486035.1	contig	CALNXK010000057.1_p105-like_cnidaria_3ac67995	GCA_942486035.1	protein	p105-like_cnidaria	2639909	2640007	297	329	2.5e-13	45.9			
model	hmm	20260917_b5424051	CALNXK010000057.1	GCA_942486035.1	contig	CALNXK010000057.1_p105-like_cnidaria_3ac67995	GCA_942486035.1	protein	p105-like_cnidaria	2640110	2640247	330	375	9.6e-27	90.3			
model	hmm	20260917_b5424051	CALNXK010000057.1	GCA_942486035.1	contig	CALNXK010000057.1_p105-like_cnidaria_3ac67995	GCA_942486035.1	protein	p105-like_cnidaria	2641032	2641130	406	440	0.058	8.3			
model	hmm	20260917_b5424051	CALNXK010000057.1	GCA_942486035.1	contig	CALNXK010000057.1_p105-like_cnidaria_3ac67995	GCA_942486035.1	protein	p105-like_cnidaria	2657662	2657730	441	463	0.00056	15.0			
model	hmm	20260917_b5424051	CALNXK010000057.1	GCA_942486035.1	contig	CALNXK010000057.1_p105-like_cnidaria_10234508	GCA_942486035.1	protein	p105-like_cnidaria	2629150	2629188	41	53	0.00091	14.1			
model	hmm	20260917_b5424051	CALNXK010000057.1	GCA_942486035.1	contig	CALNXK010000057.1_p105-like_cnidaria_10234508	GCA_942486035.1	protein	p105-like_cnidaria	2629436	2629684	54	136	8.3e-54	179.7			
model	hmm	20260917_b5424051	CALNXK010000057.1	GCA_942486035.1	contig	CALNXK010000057.1_p105-like_cnidaria_10234508	GCA_942486035.1	protein	p105-like_cnidaria	2631097	2631246	137	190	1.4e-12	43.3			
model	hmm	20260917_b5424051	CALNXK010000057.1	GCA_942486035.1	contig	CALNXK010000057.1_p105-like_cnidaria_10234508	GCA_942486035.1	protein	p105-like_cnidaria	2637855	2638013	208	260	9.5e-31	103.4			
model	hmm	20260917_b5424051	CALNXK010000057.1	GCA_942486035.1	contig	CALNXK010000057.1_p105-like_cnidaria_10234508	GCA_942486035.1	protein	p105-like_cnidaria	2638351	2638458	261	296	2e-19	65.9			
model	hmm	20260917_b5424051	CALNXK010000057.1	GCA_942486035.1	contig	CALNXK010000057.1_p105-like_cnidaria_10234508	GCA_942486035.1	protein	p105-like_cnidaria	2639909	2640007	297	329	2.3e-13	45.9			
model	hmm	20260917_b5424051	CALNXK010000057.1	GCA_942486035.1	contig	CALNXK010000057.1_p105-like_cnidaria_10234508	GCA_942486035.1	protein	p105-like_cnidaria	2640110	2640247	330	375	8.8e-27	90.3			
model	hmm	20260917_b5424051	CALNXK010000057.1	GCA_942486035.1	contig	CALNXK010000057.1_p105-like_cnidaria_10234508	GCA_942486035.1	protein	p105-like_cnidaria	2641032	2641130	406	440	0.052	8.3			
model	hmm	20260917_b5424051	CALNXK010000057.1	GCA_942486035.1	contig	CALNXK010000057.1_p105-like_cnidaria_10234508	GCA_942486035.1	protein	p105-like_cnidaria	2657662	2657730	441	463	0.00051	15.0			
model	hmm	20260917_b5424051	CALNXK010000057.1	GCA_942486035.1	contig	CALNXK010000057.1_p105-like_cnidaria_83818a9e	GCA_942486035.1	protein	p105-like_cnidaria	2714358	2714480	1	41	1.5e-19	66.6			
model	hmm	20260917_b5424051	CALNXK010000057.1	GCA_942486035.1	contig	CALNXK010000057.1_p105-like_cnidaria_83818a9e	GCA_942486035.1	protein	p105-like_cnidaria	2716227	2716262	42	53	0.001	14.1			
model	hmm	20260917_b5424051	CALNXK010000057.1	GCA_942486035.1	contig	CALNXK010000057.1_p105-like_cnidaria_83818a9e	GCA_942486035.1	protein	p105-like_cnidaria	2716505	2716753	54	136	7.1e-62	206.6			
model	hmm	20260917_b5424051	CALNXK010000057.1	GCA_942486035.1	contig	CALNXK010000057.1_p105-like_cnidaria_83818a9e	GCA_942486035.1	protein	p105-like_cnidaria	2718440	2718655	137	208	4e-27	91.6			
model	hmm	20260917_b5424051	CALNXK010000057.1	GCA_942486035.1	contig	CALNXK010000057.1_p105-like_cnidaria_83818a9e	GCA_942486035.1	protein	p105-like_cnidaria	2719196	2719351	209	260	7.8e-31	103.9			
model	hmm	20260917_b5424051	CALNXK010000057.1	GCA_942486035.1	contig	CALNXK010000057.1_p105-like_cnidaria_83818a9e	GCA_942486035.1	protein	p105-like_cnidaria	2719673	2719780	261	296	3.8e-22	75.1			
model	hmm	20260917_b5424051	CALNXK010000057.1	GCA_942486035.1	contig	CALNXK010000057.1_p105-like_cnidaria_83818a9e	GCA_942486035.1	protein	p105-like_cnidaria	2720133	2720231	297	329	1.4e-14	50.1			
model	hmm	20260917_b5424051	CALNXK010000057.1	GCA_942486035.1	contig	CALNXK010000057.1_p105-like_cnidaria_83818a9e	GCA_942486035.1	protein	p105-like_cnidaria	2721047	2721184	330	375	2.9e-28	95.4			
model	hmm	20260917_b5424051	CALNXK010000057.1	GCA_942486035.1	contig	CALNXK010000057.1_p105-like_cnidaria_83818a9e	GCA_942486035.1	protein	p105-like_cnidaria	2722181	2722366	376	440	5e-24	81.4			
model	hmm	20260917_b5424051	CALNXK010000057.1	GCA_942486035.1	contig	CALNXK010000057.1_p105-like_cnidaria_83818a9e	GCA_942486035.1	protein	p105-like_cnidaria	2723027	2723098	441	464	0.0014	13.7			
model	hmm	20260917_b5424051	CALNXK010000057.1	GCA_942486035.1	contig	CALNXK010000057.1_p105-like_cnidaria_83818a9e	GCA_942486035.1	protein	p105-like_cnidaria	2723540	2723683	467	514	1.5e-24	83.1			
model	hmm	20260917_b5424051	CALNXK010000057.1	GCA_942486035.1	contig	CALNXK010000057.1_p105-like_cnidaria_83818a9e	GCA_942486035.1	protein	p105-like_cnidaria	2724285	2724392	515	550	1.7e-18	63.1			
model	hmm	20260917_b5424051	CALNXK010000057.1	GCA_942486035.1	contig	CALNXK010000057.1_p105-like_cnidaria_83818a9e	GCA_942486035.1	protein	p105-like_cnidaria	2725444	2725647	551	618	3.3e-38	128.3			
model	hmm	20260917_b5424051	CALNXK010000057.1	GCA_942486035.1	contig	CALNXK010000057.1_p105-like_cnidaria_83818a9e	GCA_942486035.1	protein	p105-like_cnidaria	2726033	2726119	619	647	9.1e-12	40.8			
model	hmm	20260917_b5424051	CALNXK010000057.1	GCA_942486035.1	contig	CALNXK010000057.1_p105-like_cnidaria_83818a9e	GCA_942486035.1	protein	p105-like_cnidaria	2726500	2726583	648	675	2.9e-13	45.8			
model	hmm	20260917_b5424051	CALNXK010000057.1	GCA_942486035.1	contig	CALNXK010000057.1_p105-like_cnidaria_83818a9e	GCA_942486035.1	protein	p105-like_cnidaria	2727054	2727224	676	732	1.9e-30	102.6			
model	hmm	20260917_b5424051	CALNXK010000057.1	GCA_942486035.1	contig	CALNXK010000057.1_p105-like_cnidaria_83818a9e	GCA_942486035.1	protein	p105-like_cnidaria	2727632	2727694	733	753	0.0005	15.2			
model	hmm	20260917_b5424051	CALNXK010000057.1	GCA_942486035.1	contig	CALNXK010000057.1_p105-like_cnidaria_83818a9e	GCA_942486035.1	protein	p105-like_cnidaria	2728288	2728461	761	818	1.3e-24	83.3			
model	hmm	20260917_b5424051	CALNXK010000057.1	GCA_942486035.1	contig	CALNXK010000057.1_p105-like_cnidaria_83818a9e	GCA_942486035.1	protein	p105-like_cnidaria	2729109	2729252	819	866	3.8e-21	71.8			
model	hmm	20260917_b5424051	CALNXK010000057.1	GCA_942486035.1	contig	CALNXK010000057.1_p105-like_cnidaria_83818a9e	GCA_942486035.1	protein	p105-like_cnidaria	2730028	2730159	867	910	3.1e-09	32.4			
model	hmm	20260917_b5424051	CALNXK010000057.1	GCA_942486035.1	contig	CALNXK010000057.1_p105-like_cnidaria_5bceb73a	GCA_942486035.1	protein	p105-like_cnidaria	2718440	2718655	137	208	3.2e-27	91.6			
model	hmm	20260917_b5424051	CALNXK010000057.1	GCA_942486035.1	contig	CALNXK010000057.1_p105-like_cnidaria_5bceb73a	GCA_942486035.1	protein	p105-like_cnidaria	2719196	2719351	209	260	6.3e-31	103.9			
model	hmm	20260917_b5424051	CALNXK010000057.1	GCA_942486035.1	contig	CALNXK010000057.1_p105-like_cnidaria_5bceb73a	GCA_942486035.1	protein	p105-like_cnidaria	2719673	2719780	261	296	3.1e-22	75.1			
model	hmm	20260917_b5424051	CALNXK010000057.1	GCA_942486035.1	contig	CALNXK010000057.1_p105-like_cnidaria_5bceb73a	GCA_942486035.1	protein	p105-like_cnidaria	2720133	2720231	297	329	1.2e-14	50.1			
model	hmm	20260917_b5424051	CALNXK010000057.1	GCA_942486035.1	contig	CALNXK010000057.1_p105-like_cnidaria_5bceb73a	GCA_942486035.1	protein	p105-like_cnidaria	2721047	2721184	330	375	2.4e-28	95.4			
model	hmm	20260917_b5424051	CALNXK010000057.1	GCA_942486035.1	contig	CALNXK010000057.1_p105-like_cnidaria_5bceb73a	GCA_942486035.1	protein	p105-like_cnidaria	2722181	2722366	376	440	4e-24	81.4			
model	hmm	20260917_b5424051	CALNXK010000057.1	GCA_942486035.1	contig	CALNXK010000057.1_p105-like_cnidaria_5bceb73a	GCA_942486035.1	protein	p105-like_cnidaria	2723027	2723098	441	464	0.0011	13.7			
model	hmm	20260917_b5424051	CALNXK010000057.1	GCA_942486035.1	contig	CALNXK010000057.1_p105-like_cnidaria_5bceb73a	GCA_942486035.1	protein	p105-like_cnidaria	2723540	2723683	467	514	1.2e-24	83.1			
model	hmm	20260917_b5424051	CALNXK010000057.1	GCA_942486035.1	contig	CALNXK010000057.1_p105-like_cnidaria_5bceb73a	GCA_942486035.1	protein	p105-like_cnidaria	2724285	2724392	515	550	1.4e-18	63.1			
model	hmm	20260917_b5424051	CALNXK010000057.1	GCA_942486035.1	contig	CALNXK010000057.1_p105-like_cnidaria_5bceb73a	GCA_942486035.1	protein	p105-like_cnidaria	2725444	2725647	551	618	2.6e-38	128.3			
model	hmm	20260917_b5424051	CALNXK010000057.1	GCA_942486035.1	contig	CALNXK010000057.1_p105-like_cnidaria_5bceb73a	GCA_942486035.1	protein	p105-like_cnidaria	2726033	2726119	619	647	7.3e-12	40.8			
model	hmm	20260917_b5424051	CALNXK010000057.1	GCA_942486035.1	contig	CALNXK010000057.1_p105-like_cnidaria_5bceb73a	GCA_942486035.1	protein	p105-like_cnidaria	2726500	2726583	648	675	2.3e-13	45.8			
model	hmm	20260917_b5424051	CALNXK010000057.1	GCA_942486035.1	contig	CALNXK010000057.1_p105-like_cnidaria_5bceb73a	GCA_942486035.1	protein	p105-like_cnidaria	2727054	2727224	676	732	1.6e-30	102.6			
model	hmm	20260917_b5424051	CALNXK010000057.1	GCA_942486035.1	contig	CALNXK010000057.1_p105-like_cnidaria_5bceb73a	GCA_942486035.1	protein	p105-like_cnidaria	2727632	2727694	733	753	0.0004	15.2			
model	hmm	20260917_b5424051	CALNXK010000057.1	GCA_942486035.1	contig	CALNXK010000057.1_p105-like_cnidaria_5bceb73a	GCA_942486035.1	protein	p105-like_cnidaria	2728288	2728461	761	818	1.1e-24	83.3			
model	hmm	20260917_b5424051	CALNXK010000057.1	GCA_942486035.1	contig	CALNXK010000057.1_p105-like_cnidaria_5bceb73a	GCA_942486035.1	protein	p105-like_cnidaria	2729109	2729252	819	866	3e-21	71.8			
model	hmm	20260917_b5424051	CALNXK010000057.1	GCA_942486035.1	contig	CALNXK010000057.1_p105-like_cnidaria_5bceb73a	GCA_942486035.1	protein	p105-like_cnidaria	2730028	2730159	867	910	2.5e-09	32.4			
model	hmm	20260917_b5424051	CALNXK010000483.1	GCA_942486035.1	contig	CALNXK010000483.1_p105-like_cnidaria_1f33cb72	GCA_942486035.1	protein	p105-like_cnidaria	80619	80738	1	41	2.8e-16	55.5			
model	hmm	20260917_b5424051	CALNXK010000483.1	GCA_942486035.1	contig	CALNXK010000483.1_p105-like_cnidaria_1f33cb72	GCA_942486035.1	protein	p105-like_cnidaria	82534	82569	42	53	0.0009	14.1			
model	hmm	20260917_b5424051	CALNXK010000483.1	GCA_942486035.1	contig	CALNXK010000483.1_p105-like_cnidaria_1f33cb72	GCA_942486035.1	protein	p105-like_cnidaria	82815	83066	54	136	1.4e-60	202.1			
model	hmm	20260917_b5424051	CALNXK010000483.1	GCA_942486035.1	contig	CALNXK010000483.1_p105-like_cnidaria_1f33cb72	GCA_942486035.1	protein	p105-like_cnidaria	84484	84699	137	208	1.5e-26	89.5			
model	hmm	20260917_b5424051	CALNXK010000483.1	GCA_942486035.1	contig	CALNXK010000483.1_p105-like_cnidaria_1f33cb72	GCA_942486035.1	protein	p105-like_cnidaria	85459	85617	209	262	5.6e-32	107.5			
model	hmm	20260917_b5424051	CALNXK010000483.1	GCA_942486035.1	contig	CALNXK010000483.1_p105-like_cnidaria_1f33cb72	GCA_942486035.1	protein	p105-like_cnidaria	85902	86003	263	296	6.2e-22	74.2			
model	hmm	20260917_b5424051	CALNXK010000483.1	GCA_942486035.1	contig	CALNXK010000483.1_p105-like_cnidaria_1f33cb72	GCA_942486035.1	protein	p105-like_cnidaria	86332	86430	297	329	2e-14	49.4			
model	hmm	20260917_b5424051	CALNXK010000483.1	GCA_942486035.1	contig	CALNXK010000483.1_p105-like_cnidaria_1f33cb72	GCA_942486035.1	protein	p105-like_cnidaria	86944	87081	330	375	6.7e-28	94.0			
model	hmm	20260917_b5424051	CALNXK010000483.1	GCA_942486035.1	contig	CALNXK010000483.1_p105-like_cnidaria_1f33cb72	GCA_942486035.1	protein	p105-like_cnidaria	87859	88041	376	440	4.7e-20	68.0			
model	hmm	20260917_b5424051	CALNXK010000483.1	GCA_942486035.1	contig	CALNXK010000483.1_p105-like_cnidaria_4a5ce231	GCA_942486035.1	protein	p105-like_cnidaria	134929	135051	1	41	1.1e-19	66.7			
model	hmm	20260917_b5424051	CALNXK010000483.1	GCA_942486035.1	contig	CALNXK010000483.1_p105-like_cnidaria_4a5ce231	GCA_942486035.1	protein	p105-like_cnidaria	137407	137442	42	53	0.00079	14.1			
model	hmm	20260917_b5424051	CALNXK010000483.1	GCA_942486035.1	contig	CALNXK010000483.1_p105-like_cnidaria_4a5ce231	GCA_942486035.1	protein	p105-like_cnidaria	137853	138101	54	136	5.4e-62	206.6			
model	hmm	20260917_b5424051	CALNXK010000483.1	GCA_942486035.1	contig	CALNXK010000483.1_p105-like_cnidaria_4a5ce231	GCA_942486035.1	protein	p105-like_cnidaria	139789	140004	137	208	3e-27	91.6			
model	hmm	20260917_b5424051	CALNXK010000483.1	GCA_942486035.1	contig	CALNXK010000483.1_p105-like_cnidaria_4a5ce231	GCA_942486035.1	protein	p105-like_cnidaria	140544	140699	209	260	5.9e-31	103.9			
model	hmm	20260917_b5424051	CALNXK010000483.1	GCA_942486035.1	contig	CALNXK010000483.1_p105-like_cnidaria_4a5ce231	GCA_942486035.1	protein	p105-like_cnidaria	141020	141127	261	296	2.9e-22	75.1			
model	hmm	20260917_b5424051	CALNXK010000483.1	GCA_942486035.1	contig	CALNXK010000483.1_p105-like_cnidaria_4a5ce231	GCA_942486035.1	protein	p105-like_cnidaria	141480	141578	297	329	1.1e-14	50.1			
model	hmm	20260917_b5424051	CALNXK010000483.1	GCA_942486035.1	contig	CALNXK010000483.1_p105-like_cnidaria_4a5ce231	GCA_942486035.1	protein	p105-like_cnidaria	142397	142534	330	375	2.2e-28	95.4			
model	hmm	20260917_b5424051	CALNXK010000483.1	GCA_942486035.1	contig	CALNXK010000483.1_p105-like_cnidaria_4a5ce231	GCA_942486035.1	protein	p105-like_cnidaria	143526	143711	376	440	4.6e-25	84.4			
model	hmm	20260917_b5424051	CALNXK010000483.1	GCA_942486035.1	contig	CALNXK010000483.1_p105-like_cnidaria_4a5ce231	GCA_942486035.1	protein	p105-like_cnidaria	144373	144444	441	464	0.001	13.7			
model	hmm	20260917_b5424051	CALNXK010000483.1	GCA_942486035.1	contig	CALNXK010000483.1_p105-like_cnidaria_4a5ce231	GCA_942486035.1	protein	p105-like_cnidaria	144886	145029	467	514	1.1e-24	83.1			
model	hmm	20260917_b5424051	CALNXK010000483.1	GCA_942486035.1	contig	CALNXK010000483.1_p105-like_cnidaria_4a5ce231	GCA_942486035.1	protein	p105-like_cnidaria	145631	145738	515	550	8.6e-19	63.6			
model	hmm	20260917_b5424051	CALNXK010000483.1	GCA_942486035.1	contig	CALNXK010000483.1_p105-like_cnidaria_4a5ce231	GCA_942486035.1	protein	p105-like_cnidaria	146773	146976	551	618	2.4e-38	128.4			
model	hmm	20260917_b5424051	CALNXK010000483.1	GCA_942486035.1	contig	CALNXK010000483.1_p105-like_cnidaria_4a5ce231	GCA_942486035.1	protein	p105-like_cnidaria	147362	147448	619	647	8.1e-12	40.6			
model	hmm	20260917_b5424051	CALNXK010000483.1	GCA_942486035.1	contig	CALNXK010000483.1_p105-like_cnidaria_4a5ce231	GCA_942486035.1	protein	p105-like_cnidaria	147828	147911	648	675	2.6e-14	48.8			
model	hmm	20260917_b5424051	CALNXK010000483.1	GCA_942486035.1	contig	CALNXK010000483.1_p105-like_cnidaria_4a5ce231	GCA_942486035.1	protein	p105-like_cnidaria	148383	148550	676	731	1e-30	103.1			
model	hmm	20260917_b5424051	CALNXK010000483.1	GCA_942486035.1	contig	CALNXK010000483.1_p105-like_cnidaria_4a5ce231	GCA_942486035.1	protein	p105-like_cnidaria	148957	149022	732	753	0.003	12.2			
model	hmm	20260917_b5424051	CALNXK010000483.1	GCA_942486035.1	contig	CALNXK010000483.1_p105-like_cnidaria_4a5ce231	GCA_942486035.1	protein	p105-like_cnidaria	149620	149793	761	818	8.5e-25	83.5			
model	hmm	20260917_b5424051	CALNXK010000483.1	GCA_942486035.1	contig	CALNXK010000483.1_p105-like_cnidaria_4a5ce231	GCA_942486035.1	protein	p105-like_cnidaria	150426	150569	819	866	2e-21	72.3			
model	hmm	20260917_b5424051	CALNXK010000483.1	GCA_942486035.1	contig	CALNXK010000483.1_p105-like_cnidaria_4a5ce231	GCA_942486035.1	protein	p105-like_cnidaria	151056	151187	867	910	1.8e-09	32.8			
model	hmm	20260917_b5424051	CALNXK010000111.1	GCA_942486035.1	contig	CALNXK010000111.1_p105-like_cnidaria_dee63e0d	GCA_942486035.1	protein	p105-like_cnidaria	1125896	1126285	515	648	9.2e-29	96.7			
model	hmm	20260917_b5424051	CALNXK010000111.1	GCA_942486035.1	contig	CALNXK010000111.1_p105-like_cnidaria_dee63e0d	GCA_942486035.1	protein	p105-like_cnidaria	1127286	1127483	649	715	7.7e-09	30.8			
model	hmm	20260917_b5424051	CALNXK010000111.1	GCA_942486035.1	contig	CALNXK010000111.1_p105-like_cnidaria_970d0c59	GCA_942486035.1	protein	p105-like_cnidaria	1146106	1146309	552	616	3.5e-15	51.8			
model	hmm	20260917_b5424051	CALNXK010000111.1	GCA_942486035.1	contig	CALNXK010000111.1_p105-like_cnidaria_970d0c59	GCA_942486035.1	protein	p105-like_cnidaria	1146446	1146541	617	648	0.00041	15.1			
model	hmm	20260917_b5424051	CALNXK010000111.1	GCA_942486035.1	contig	CALNXK010000111.1_p105-like_cnidaria_970d0c59	GCA_942486035.1	protein	p105-like_cnidaria	1147149	1147376	649	725	2.3e-13	45.7			
model	hmm	20260917_b5424051	CALNXK010000111.1	GCA_942486035.1	contig	CALNXK010000111.1_IkB-like-1_cnidaria_3e11f0e0	GCA_942486035.1	protein	IkB-like-1_cnidaria	1122441	1122947	1	167	7.5e-43	144.3			
model	hmm	20260917_b5424051	CALNXK010000111.1	GCA_942486035.1	contig	CALNXK010000111.1_IkB-like-1_cnidaria_3e11f0e0	GCA_942486035.1	protein	IkB-like-1_cnidaria	1124835	1124927	187	217	2e-17	60.5			
model	hmm	20260917_b5424051	CALNXK010000111.1	GCA_942486035.1	contig	CALNXK010000111.1_IkB-like-1_cnidaria_3e11f0e0	GCA_942486035.1	protein	IkB-like-1_cnidaria	1125896	1126285	218	347	6.4e-83	276.3			
model	hmm	20260917_b5424051	CALNXK010000111.1	GCA_942486035.1	contig	CALNXK010000111.1_IkB-like-1_cnidaria_3e11f0e0	GCA_942486035.1	protein	IkB-like-1_cnidaria	1127286	1127486	348	414	1.6e-35	120.1			
model	hmm	20260917_b5424051	CALNXK010000111.1	GCA_942486035.1	contig	CALNXK010000111.1_IkB-like-1_cnidaria_c983b767	GCA_942486035.1	protein	IkB-like-1_cnidaria	1145322	1145420	219	251	1.7e-09	34.3			
model	hmm	20260917_b5424051	CALNXK010000111.1	GCA_942486035.1	contig	CALNXK010000111.1_IkB-like-1_cnidaria_c983b767	GCA_942486035.1	protein	IkB-like-1_cnidaria	1146106	1146309	252	315	1.7e-24	83.7			
model	hmm	20260917_b5424051	CALNXK010000111.1	GCA_942486035.1	contig	CALNXK010000111.1_IkB-like-1_cnidaria_c983b767	GCA_942486035.1	protein	IkB-like-1_cnidaria	1146446	1146535	316	345	0.00081	15.6			
model	hmm	20260917_b5424051	CALNXK010000111.1	GCA_942486035.1	contig	CALNXK010000111.1_IkB-like-1_cnidaria_c983b767	GCA_942486035.1	protein	IkB-like-1_cnidaria	1147149	1147352	348	415	1.5e-19	67.5			
model	hmm	20260917_b5424051	CALNXK010000111.1	GCA_942486035.1	contig	CALNXK010000111.1_IkB-like-2_cnidaria_d9504b27	GCA_942486035.1	protein	IkB-like-2_cnidaria	1125899	1126285	153	286	2.4e-43	145.7			
model	hmm	20260917_b5424051	CALNXK010000111.1	GCA_942486035.1	contig	CALNXK010000111.1_IkB-like-2_cnidaria_d9504b27	GCA_942486035.1	protein	IkB-like-2_cnidaria	1127286	1127471	287	348	9.4e-22	74.7			
model	hmm	20260917_b5424051	CALNXK010000111.1	GCA_942486035.1	contig	CALNXK010000111.1_IkB-like-2_cnidaria_0ac124f9	GCA_942486035.1	protein	IkB-like-2_cnidaria	1125899	1126285	153	286	2.4e-43	145.7			
model	hmm	20260917_b5424051	CALNXK010000111.1	GCA_942486035.1	contig	CALNXK010000111.1_IkB-like-2_cnidaria_0ac124f9	GCA_942486035.1	protein	IkB-like-2_cnidaria	1147149	1147400	287	370	1.6e-50	169.4			
model	hmm	20260917_b5424051	CALNXK010000111.1	GCA_942486035.1	contig	CALNXK010000111.1_IkB-like-2_cnidaria_c7fbc4f3	GCA_942486035.1	protein	IkB-like-2_cnidaria	1142679	1143125	5	151	1.3e-17	61.1			
model	hmm	20260917_b5424051	CALNXK010000111.1	GCA_942486035.1	contig	CALNXK010000111.1_IkB-like-2_cnidaria_c7fbc4f3	GCA_942486035.1	protein	IkB-like-2_cnidaria	1145319	1145420	152	185	2.1e-17	60.3			
model	hmm	20260917_b5424051	CALNXK010000111.1	GCA_942486035.1	contig	CALNXK010000111.1_IkB-like-2_cnidaria_c7fbc4f3	GCA_942486035.1	protein	IkB-like-2_cnidaria	1146106	1146315	186	256	4.4e-38	128.4			
model	hmm	20260917_b5424051	CALNXK010000111.1	GCA_942486035.1	contig	CALNXK010000111.1_IkB-like-2_cnidaria_c7fbc4f3	GCA_942486035.1	protein	IkB-like-2_cnidaria	1146452	1146541	257	286	1.3e-12	44.6			
model	hmm	20260917_b5424051	CALNXK010000111.1	GCA_942486035.1	contig	CALNXK010000111.1_IkB-like-2_cnidaria_c7fbc4f3	GCA_942486035.1	protein	IkB-like-2_cnidaria	1147149	1147400	287	370	1.6e-50	169.4			
model	hmm	20260917_b5424051	CALNXK010000029.1	GCA_942486035.1	contig	CALNXK010000029.1_IkBa-like_cnidaria_36d8db0b	GCA_942486035.1	protein	IkBa-like_cnidaria	2935590	2935186	2	136	6.8e-54	180.2			
model	hmm	20260917_b5424051	CALNXK010000029.1	GCA_942486035.1	contig	CALNXK010000029.1_IkBa-like_cnidaria_36d8db0b	GCA_942486035.1	protein	IkBa-like_cnidaria	2934644	2934534	137	171	1e-17	61.2			
model	hmm	20260917_b5424051	CALNXK010000029.1	GCA_942486035.1	contig	CALNXK010000029.1_IkBa-like_cnidaria_36d8db0b	GCA_942486035.1	protein	IkBa-like_cnidaria	2934348	2934109	172	249	7.2e-45	150.6			
model	hmm	20260917_b5424051	CALNXK010000029.1	GCA_942486035.1	contig	CALNXK010000029.1_IkBa-like_cnidaria_36d8db0b	GCA_942486035.1	protein	IkBa-like_cnidaria	2933447	2933343	250	278	2.6e-13	46.7			
model	hmm	20260917_b5424051	CALNXK010000029.1	GCA_942486035.1	contig	CALNXK010000029.1_IkBa-like_cnidaria_36d8db0b	GCA_942486035.1	protein	IkBa-like_cnidaria	2932734	2932444	279	373	4.7e-50	167.6			
model	hmm	20260917_b5424051	CALNXK010000111.1	GCA_942486035.1	contig	CALNXK010000111.1_IkBa-like_cnidaria_2625c510	GCA_942486035.1	protein	IkBa-like_cnidaria	1125896	1126285	137	279	4.6e-41	138.0			
model	hmm	20260917_b5424051	CALNXK010000111.1	GCA_942486035.1	contig	CALNXK010000111.1_IkBa-like_cnidaria_2625c510	GCA_942486035.1	protein	IkBa-like_cnidaria	1127286	1127474	280	343	1.2e-16	57.6			
model	hmm	20260917_b5424051	CALNXK010000111.1	GCA_942486035.1	contig	CALNXK010000111.1_IkBa-like_cnidaria_74bf6fe5	GCA_942486035.1	protein	IkBa-like_cnidaria	1125896	1126285	137	279	4.6e-41	138.0			
model	hmm	20260917_b5424051	CALNXK010000111.1	GCA_942486035.1	contig	CALNXK010000111.1_IkBa-like_cnidaria_74bf6fe5	GCA_942486035.1	protein	IkBa-like_cnidaria	1147149	1147403	280	365	1.9e-22	76.7			
model	hmm	20260917_b5424051	CALNXK010000111.1	GCA_942486035.1	contig	CALNXK010000111.1_IkBa-like_cnidaria_b0db5349	GCA_942486035.1	protein	IkBa-like_cnidaria	1142706	1143125	10	136	0.0051	12.8			
model	hmm	20260917_b5424051	CALNXK010000111.1	GCA_942486035.1	contig	CALNXK010000111.1_IkBa-like_cnidaria_b0db5349	GCA_942486035.1	protein	IkBa-like_cnidaria	1145322	1145420	138	171	0.00011	18.3			
model	hmm	20260917_b5424051	CALNXK010000111.1	GCA_942486035.1	contig	CALNXK010000111.1_IkBa-like_cnidaria_b0db5349	GCA_942486035.1	protein	IkBa-like_cnidaria	1146106	1146258	172	222	1.5e-21	73.7			
model	hmm	20260917_b5424051	CALNXK010000111.1	GCA_942486035.1	contig	CALNXK010000111.1_IkBa-like_cnidaria_b0db5349	GCA_942486035.1	protein	IkBa-like_cnidaria	1146446	1146541	248	279	0.018	11.0			
model	hmm	20260917_b5424051	CALNXK010000111.1	GCA_942486035.1	contig	CALNXK010000111.1_IkBa-like_cnidaria_b0db5349	GCA_942486035.1	protein	IkBa-like_cnidaria	1147149	1147403	280	365	1.9e-22	76.7			
model	hmm	20260917_b5424051	CALNXK010000057.1	GCA_942486035.1	contig	CALNXK010000057.1_p105-like_cnidaria_3ac67995	GCA_942486035.1	protein	p105-like_cnidaria	2627243	2627344	1	34	1.4e-11	40.2			
model	hmm	20260917_b5424051	CALNXK010000057.1	GCA_942486035.1	contig	CALNXK010000057.1_p105-like_cnidaria_3ac67995	GCA_942486035.1	protein	p105-like_cnidaria	2629150	2629188	41	53	0.001	14.1			
model	hmm	20260917_b5424051	CALNXK010000057.1	GCA_942486035.1	contig	CALNXK010000057.1_p105-like_cnidaria_3ac67995	GCA_942486035.1	protein	p105-like_cnidaria	2629436	2629684	54	136	9.1e-54	179.7			
model	hmm	20260917_b5424051	CALNXK010000057.1	GCA_942486035.1	contig	CALNXK010000057.1_p105-like_cnidaria_3ac67995	GCA_942486035.1	protein	p105-like_cnidaria	2631097	2631246	137	190	1.5e-12	43.3			
model	hmm	20260917_b5424051	CALNXK010000057.1	GCA_942486035.1	contig	CALNXK010000057.1_p105-like_cnidaria_3ac67995	GCA_942486035.1	protein	p105-like_cnidaria	2637855	2638013	208	260	1e-30	103.4			
model	hmm	20260917_b5424051	CALNXK010000057.1	GCA_942486035.1	contig	CALNXK010000057.1_p105-like_cnidaria_3ac67995	GCA_942486035.1	protein	p105-like_cnidaria	2638351	2638458	261	296	2.2e-19	65.9			
model	hmm	20260917_b5424051	CALNXK010000057.1	GCA_942486035.1	contig	CALNXK010000057.1_p105-like_cnidaria_3ac67995	GCA_942486035.1	protein	p105-like_cnidaria	2639909	2640007	297	329	2.5e-13	45.9			
model	hmm	20260917_b5424051	CALNXK010000057.1	GCA_942486035.1	contig	CALNXK010000057.1_p105-like_cnidaria_3ac67995	GCA_942486035.1	protein	p105-like_cnidaria	2640110	2640247	330	375	9.6e-27	90.3			
model	hmm	20260917_b5424051	CALNXK010000057.1	GCA_942486035.1	contig	CALNXK010000057.1_p105-like_cnidaria_3ac67995	GCA_942486035.1	protein	p105-like_cnidaria	2641032	2641130	406	440	0.058	8.3			
model	hmm	20260917_b5424051	CALNXK010000057.1	GCA_942486035.1	contig	CALNXK010000057.1_p105-like_cnidaria_3ac67995	GCA_942486035.1	protein	p105-like_cnidaria	2657662	2657730	441	463	0.00056	15.0			
model	hmm	20260917_b5424051	CALNXK010000057.1	GCA_942486035.1	contig	CALNXK010000057.1_p105-like_cnidaria_10234508	GCA_942486035.1	protein	p105-like_cnidaria	2629150	2629188	41	53	0.00091	14.1			
model	hmm	20260917_b5424051	CALNXK010000057.1	GCA_942486035.1	contig	CALNXK010000057.1_p105-like_cnidaria_10234508	GCA_942486035.1	protein	p105-like_cnidaria	2629436	2629684	54	136	8.3e-54	179.7			
model	hmm	20260917_b5424051	CALNXK010000057.1	GCA_942486035.1	contig	CALNXK010000057.1_p105-like_cnidaria_10234508	GCA_942486035.1	protein	p105-like_cnidaria	2631097	2631246	137	190	1.4e-12	43.3			
model	hmm	20260917_b5424051	CALNXK010000057.1	GCA_942486035.1	contig	CALNXK010000057.1_p105-like_cnidaria_10234508	GCA_942486035.1	protein	p105-like_cnidaria	2637855	2638013	208	260	9.5e-31	103.4			
model	hmm	20260917_b5424051	CALNXK010000057.1	GCA_942486035.1	contig	CALNXK010000057.1_p105-like_cnidaria_10234508	GCA_942486035.1	protein	p105-like_cnidaria	2638351	2638458	261	296	2e-19	65.9			
model	hmm	20260917_b5424051	CALNXK010000057.1	GCA_942486035.1	contig	CALNXK010000057.1_p105-like_cnidaria_10234508	GCA_942486035.1	protein	p105-like_cnidaria	2639909	2640007	297	329	2.3e-13	45.9			
model	hmm	20260917_b5424051	CALNXK010000057.1	GCA_942486035.1	contig	CALNXK010000057.1_p105-like_cnidaria_10234508	GCA_942486035.1	protein	p105-like_cnidaria	2640110	2640247	330	375	8.8e-27	90.3			
model	hmm	20260917_b5424051	CALNXK010000057.1	GCA_942486035.1	contig	CALNXK010000057.1_p105-like_cnidaria_10234508	GCA_942486035.1	protein	p105-like_cnidaria	2641032	2641130	406	440	0.052	8.3			
model	hmm	20260917_b5424051	CALNXK010000057.1	GCA_942486035.1	contig	CALNXK010000057.1_p105-like_cnidaria_10234508	GCA_942486035.1	protein	p105-like_cnidaria	2657662	2657730	441	463	0.00051	15.0			
model	hmm	20260917_b5424051	CALNXK010000057.1	GCA_942486035.1	contig	CALNXK010000057.1_p105-like_cnidaria_83818a9e	GCA_942486035.1	protein	p105-like_cnidaria	2714358	2714480	1	41	1.5e-19	66.6			
model	hmm	20260917_b5424051	CALNXK010000057.1	GCA_942486035.1	contig	CALNXK010000057.1_p105-like_cnidaria_83818a9e	GCA_942486035.1	protein	p105-like_cnidaria	2716227	2716262	42	53	0.001	14.1			
model	hmm	20260917_b5424051	CALNXK010000057.1	GCA_942486035.1	contig	CALNXK010000057.1_p105-like_cnidaria_83818a9e	GCA_942486035.1	protein	p105-like_cnidaria	2716505	2716753	54	136	7.1e-62	206.6			
model	hmm	20260917_b5424051	CALNXK010000057.1	GCA_942486035.1	contig	CALNXK010000057.1_p105-like_cnidaria_83818a9e	GCA_942486035.1	protein	p105-like_cnidaria	2718440	2718655	137	208	4e-27	91.6			
model	hmm	20260917_b5424051	CALNXK010000057.1	GCA_942486035.1	contig	CALNXK010000057.1_p105-like_cnidaria_83818a9e	GCA_942486035.1	protein	p105-like_cnidaria	2719196	2719351	209	260	7.8e-31	103.9			
model	hmm	20260917_b5424051	CALNXK010000057.1	GCA_942486035.1	contig	CALNXK010000057.1_p105-like_cnidaria_83818a9e	GCA_942486035.1	protein	p105-like_cnidaria	2719673	2719780	261	296	3.8e-22	75.1			
model	hmm	20260917_b5424051	CALNXK010000057.1	GCA_942486035.1	contig	CALNXK010000057.1_p105-like_cnidaria_83818a9e	GCA_942486035.1	protein	p105-like_cnidaria	2720133	2720231	297	329	1.4e-14	50.1			
model	hmm	20260917_b5424051	CALNXK010000057.1	GCA_942486035.1	contig	CALNXK010000057.1_p105-like_cnidaria_83818a9e	GCA_942486035.1	protein	p105-like_cnidaria	2721047	2721184	330	375	2.9e-28	95.4			
model	hmm	20260917_b5424051	CALNXK010000057.1	GCA_942486035.1	contig	CALNXK010000057.1_p105-like_cnidaria_83818a9e	GCA_942486035.1	protein	p105-like_cnidaria	2722181	2722366	376	440	5e-24	81.4			
model	hmm	20260917_b5424051	CALNXK010000057.1	GCA_942486035.1	contig	CALNXK010000057.1_p105-like_cnidaria_83818a9e	GCA_942486035.1	protein	p105-like_cnidaria	2723027	2723098	441	464	0.0014	13.7			
model	hmm	20260917_b5424051	CALNXK010000057.1	GCA_942486035.1	contig	CALNXK010000057.1_p105-like_cnidaria_83818a9e	GCA_942486035.1	protein	p105-like_cnidaria	2723540	2723683	467	514	1.5e-24	83.1			
model	hmm	20260917_b5424051	CALNXK010000057.1	GCA_942486035.1	contig	CALNXK010000057.1_p105-like_cnidaria_83818a9e	GCA_942486035.1	protein	p105-like_cnidaria	2724285	2724392	515	550	1.7e-18	63.1			
model	hmm	20260917_b5424051	CALNXK010000057.1	GCA_942486035.1	contig	CALNXK010000057.1_p105-like_cnidaria_83818a9e	GCA_942486035.1	protein	p105-like_cnidaria	2725444	2725647	551	618	3.3e-38	128.3			
model	hmm	20260917_b5424051	CALNXK010000057.1	GCA_942486035.1	contig	CALNXK010000057.1_p105-like_cnidaria_83818a9e	GCA_942486035.1	protein	p105-like_cnidaria	2726033	2726119	619	647	9.1e-12	40.8			
model	hmm	20260917_b5424051	CALNXK010000057.1	GCA_942486035.1	contig	CALNXK010000057.1_p105-like_cnidaria_83818a9e	GCA_942486035.1	protein	p105-like_cnidaria	2726500	2726583	648	675	2.9e-13	45.8			
model	hmm	20260917_b5424051	CALNXK010000057.1	GCA_942486035.1	contig	CALNXK010000057.1_p105-like_cnidaria_83818a9e	GCA_942486035.1	protein	p105-like_cnidaria	2727054	2727224	676	732	1.9e-30	102.6			
model	hmm	20260917_b5424051	CALNXK010000057.1	GCA_942486035.1	contig	CALNXK010000057.1_p105-like_cnidaria_83818a9e	GCA_942486035.1	protein	p105-like_cnidaria	2727632	2727694	733	753	0.0005	15.2			
model	hmm	20260917_b5424051	CALNXK010000057.1	GCA_942486035.1	contig	CALNXK010000057.1_p105-like_cnidaria_83818a9e	GCA_942486035.1	protein	p105-like_cnidaria	2728288	2728461	761	818	1.3e-24	83.3			
model	hmm	20260917_b5424051	CALNXK010000057.1	GCA_942486035.1	contig	CALNXK010000057.1_p105-like_cnidaria_83818a9e	GCA_942486035.1	protein	p105-like_cnidaria	2729109	2729252	819	866	3.8e-21	71.8			
model	hmm	20260917_b5424051	CALNXK010000057.1	GCA_942486035.1	contig	CALNXK010000057.1_p105-like_cnidaria_83818a9e	GCA_942486035.1	protein	p105-like_cnidaria	2730028	2730159	867	910	3.1e-09	32.4			
model	hmm	20260917_b5424051	CALNXK010000057.1	GCA_942486035.1	contig	CALNXK010000057.1_p105-like_cnidaria_5bceb73a	GCA_942486035.1	protein	p105-like_cnidaria	2718440	2718655	137	208	3.2e-27	91.6			
model	hmm	20260917_b5424051	CALNXK010000057.1	GCA_942486035.1	contig	CALNXK010000057.1_p105-like_cnidaria_5bceb73a	GCA_942486035.1	protein	p105-like_cnidaria	2719196	2719351	209	260	6.3e-31	103.9			
model	hmm	20260917_b5424051	CALNXK010000057.1	GCA_942486035.1	contig	CALNXK010000057.1_p105-like_cnidaria_5bceb73a	GCA_942486035.1	protein	p105-like_cnidaria	2719673	2719780	261	296	3.1e-22	75.1			
model	hmm	20260917_b5424051	CALNXK010000057.1	GCA_942486035.1	contig	CALNXK010000057.1_p105-like_cnidaria_5bceb73a	GCA_942486035.1	protein	p105-like_cnidaria	2720133	2720231	297	329	1.2e-14	50.1			
model	hmm	20260917_b5424051	CALNXK010000057.1	GCA_942486035.1	contig	CALNXK010000057.1_p105-like_cnidaria_5bceb73a	GCA_942486035.1	protein	p105-like_cnidaria	2721047	2721184	330	375	2.4e-28	95.4			
model	hmm	20260917_b5424051	CALNXK010000057.1	GCA_942486035.1	contig	CALNXK010000057.1_p105-like_cnidaria_5bceb73a	GCA_942486035.1	protein	p105-like_cnidaria	2722181	2722366	376	440	4e-24	81.4			
model	hmm	20260917_b5424051	CALNXK010000057.1	GCA_942486035.1	contig	CALNXK010000057.1_p105-like_cnidaria_5bceb73a	GCA_942486035.1	protein	p105-like_cnidaria	2723027	2723098	441	464	0.0011	13.7			
model	hmm	20260917_b5424051	CALNXK010000057.1	GCA_942486035.1	contig	CALNXK010000057.1_p105-like_cnidaria_5bceb73a	GCA_942486035.1	protein	p105-like_cnidaria	2723540	2723683	467	514	1.2e-24	83.1			
model	hmm	20260917_b5424051	CALNXK010000057.1	GCA_942486035.1	contig	CALNXK010000057.1_p105-like_cnidaria_5bceb73a	GCA_942486035.1	protein	p105-like_cnidaria	2724285	2724392	515	550	1.4e-18	63.1			
model	hmm	20260917_b5424051	CALNXK010000057.1	GCA_942486035.1	contig	CALNXK010000057.1_p105-like_cnidaria_5bceb73a	GCA_942486035.1	protein	p105-like_cnidaria	2725444	2725647	551	618	2.6e-38	128.3			
model	hmm	20260917_b5424051	CALNXK010000057.1	GCA_942486035.1	contig	CALNXK010000057.1_p105-like_cnidaria_5bceb73a	GCA_942486035.1	protein	p105-like_cnidaria	2726033	2726119	619	647	7.3e-12	40.8			
model	hmm	20260917_b5424051	CALNXK010000057.1	GCA_942486035.1	contig	CALNXK010000057.1_p105-like_cnidaria_5bceb73a	GCA_942486035.1	protein	p105-like_cnidaria	2726500	2726583	648	675	2.3e-13	45.8			
model	hmm	20260917_b5424051	CALNXK010000057.1	GCA_942486035.1	contig	CALNXK010000057.1_p105-like_cnidaria_5bceb73a	GCA_942486035.1	protein	p105-like_cnidaria	2727054	2727224	676	732	1.6e-30	102.6			
model	hmm	20260917_b5424051	CALNXK010000057.1	GCA_942486035.1	contig	CALNXK010000057.1_p105-like_cnidaria_5bceb73a	GCA_942486035.1	protein	p105-like_cnidaria	2727632	2727694	733	753	0.0004	15.2			
model	hmm	20260917_b5424051	CALNXK010000057.1	GCA_942486035.1	contig	CALNXK010000057.1_p105-like_cnidaria_5bceb73a	GCA_942486035.1	protein	p105-like_cnidaria	2728288	2728461	761	818	1.1e-24	83.3			
model	hmm	20260917_b5424051	CALNXK010000057.1	GCA_942486035.1	contig	CALNXK010000057.1_p105-like_cnidaria_5bceb73a	GCA_942486035.1	protein	p105-like_cnidaria	2729109	2729252	819	866	3e-21	71.8			
model	hmm	20260917_b5424051	CALNXK010000057.1	GCA_942486035.1	contig	CALNXK010000057.1_p105-like_cnidaria_5bceb73a	GCA_942486035.1	protein	p105-like_cnidaria	2730028	2730159	867	910	2.5e-09	32.4			
model	hmm	20260917_b5424051	CALNXK010000483.1	GCA_942486035.1	contig	CALNXK010000483.1_p105-like_cnidaria_1f33cb72	GCA_942486035.1	protein	p105-like_cnidaria	80619	80738	1	41	2.8e-16	55.5			
model	hmm	20260917_b5424051	CALNXK010000483.1	GCA_942486035.1	contig	CALNXK010000483.1_p105-like_cnidaria_1f33cb72	GCA_942486035.1	protein	p105-like_cnidaria	82534	82569	42	53	0.0009	14.1			
model	hmm	20260917_b5424051	CALNXK010000483.1	GCA_942486035.1	contig	CALNXK010000483.1_p105-like_cnidaria_1f33cb72	GCA_942486035.1	protein	p105-like_cnidaria	82815	83066	54	136	1.4e-60	202.1			
model	hmm	20260917_b5424051	CALNXK010000483.1	GCA_942486035.1	contig	CALNXK010000483.1_p105-like_cnidaria_1f33cb72	GCA_942486035.1	protein	p105-like_cnidaria	84484	84699	137	208	1.5e-26	89.5			
model	hmm	20260917_b5424051	CALNXK010000483.1	GCA_942486035.1	contig	CALNXK010000483.1_p105-like_cnidaria_1f33cb72	GCA_942486035.1	protein	p105-like_cnidaria	85459	85617	209	262	5.6e-32	107.5			
model	hmm	20260917_b5424051	CALNXK010000483.1	GCA_942486035.1	contig	CALNXK010000483.1_p105-like_cnidaria_1f33cb72	GCA_942486035.1	protein	p105-like_cnidaria	85902	86003	263	296	6.2e-22	74.2			
model	hmm	20260917_b5424051	CALNXK010000483.1	GCA_942486035.1	contig	CALNXK010000483.1_p105-like_cnidaria_1f33cb72	GCA_942486035.1	protein	p105-like_cnidaria	86332	86430	297	329	2e-14	49.4			
model	hmm	20260917_b5424051	CALNXK010000483.1	GCA_942486035.1	contig	CALNXK010000483.1_p105-like_cnidaria_1f33cb72	GCA_942486035.1	protein	p105-like_cnidaria	86944	87081	330	375	6.7e-28	94.0			
model	hmm	20260917_b5424051	CALNXK010000483.1	GCA_942486035.1	contig	CALNXK010000483.1_p105-like_cnidaria_1f33cb72	GCA_942486035.1	protein	p105-like_cnidaria	87859	88041	376	440	4.7e-20	68.0			
model	hmm	20260917_b5424051	CALNXK010000483.1	GCA_942486035.1	contig	CALNXK010000483.1_p105-like_cnidaria_4a5ce231	GCA_942486035.1	protein	p105-like_cnidaria	134929	135051	1	41	1.1e-19	66.7			
model	hmm	20260917_b5424051	CALNXK010000483.1	GCA_942486035.1	contig	CALNXK010000483.1_p105-like_cnidaria_4a5ce231	GCA_942486035.1	protein	p105-like_cnidaria	137407	137442	42	53	0.00079	14.1			
model	hmm	20260917_b5424051	CALNXK010000483.1	GCA_942486035.1	contig	CALNXK010000483.1_p105-like_cnidaria_4a5ce231	GCA_942486035.1	protein	p105-like_cnidaria	137853	138101	54	136	5.4e-62	206.6			
model	hmm	20260917_b5424051	CALNXK010000483.1	GCA_942486035.1	contig	CALNXK010000483.1_p105-like_cnidaria_4a5ce231	GCA_942486035.1	protein	p105-like_cnidaria	139789	140004	137	208	3e-27	91.6			
model	hmm	20260917_b5424051	CALNXK010000483.1	GCA_942486035.1	contig	CALNXK010000483.1_p105-like_cnidaria_4a5ce231	GCA_942486035.1	protein	p105-like_cnidaria	140544	140699	209	260	5.9e-31	103.9			
model	hmm	20260917_b5424051	CALNXK010000483.1	GCA_942486035.1	contig	CALNXK010000483.1_p105-like_cnidaria_4a5ce231	GCA_942486035.1	protein	p105-like_cnidaria	141020	141127	261	296	2.9e-22	75.1			
model	hmm	20260917_b5424051	CALNXK010000483.1	GCA_942486035.1	contig	CALNXK010000483.1_p105-like_cnidaria_4a5ce231	GCA_942486035.1	protein	p105-like_cnidaria	141480	141578	297	329	1.1e-14	50.1			
model	hmm	20260917_b5424051	CALNXK010000483.1	GCA_942486035.1	contig	CALNXK010000483.1_p105-like_cnidaria_4a5ce231	GCA_942486035.1	protein	p105-like_cnidaria	142397	142534	330	375	2.2e-28	95.4			
model	hmm	20260917_b5424051	CALNXK010000483.1	GCA_942486035.1	contig	CALNXK010000483.1_p105-like_cnidaria_4a5ce231	GCA_942486035.1	protein	p105-like_cnidaria	143526	143711	376	440	4.6e-25	84.4			
model	hmm	20260917_b5424051	CALNXK010000483.1	GCA_942486035.1	contig	CALNXK010000483.1_p105-like_cnidaria_4a5ce231	GCA_942486035.1	protein	p105-like_cnidaria	144373	144444	441	464	0.001	13.7			
model	hmm	20260917_b5424051	CALNXK010000483.1	GCA_942486035.1	contig	CALNXK010000483.1_p105-like_cnidaria_4a5ce231	GCA_942486035.1	protein	p105-like_cnidaria	144886	145029	467	514	1.1e-24	83.1			
model	hmm	20260917_b5424051	CALNXK010000483.1	GCA_942486035.1	contig	CALNXK010000483.1_p105-like_cnidaria_4a5ce231	GCA_942486035.1	protein	p105-like_cnidaria	145631	145738	515	550	8.6e-19	63.6			
model	hmm	20260917_b5424051	CALNXK010000483.1	GCA_942486035.1	contig	CALNXK010000483.1_p105-like_cnidaria_4a5ce231	GCA_942486035.1	protein	p105-like_cnidaria	146773	146976	551	618	2.4e-38	128.4			
model	hmm	20260917_b5424051	CALNXK010000483.1	GCA_942486035.1	contig	CALNXK010000483.1_p105-like_cnidaria_4a5ce231	GCA_942486035.1	protein	p105-like_cnidaria	147362	147448	619	647	8.1e-12	40.6			
model	hmm	20260917_b5424051	CALNXK010000483.1	GCA_942486035.1	contig	CALNXK010000483.1_p105-like_cnidaria_4a5ce231	GCA_942486035.1	protein	p105-like_cnidaria	147828	147911	648	675	2.6e-14	48.8			
model	hmm	20260917_b5424051	CALNXK010000483.1	GCA_942486035.1	contig	CALNXK010000483.1_p105-like_cnidaria_4a5ce231	GCA_942486035.1	protein	p105-like_cnidaria	148383	148550	676	731	1e-30	103.1			
model	hmm	20260917_b5424051	CALNXK010000483.1	GCA_942486035.1	contig	CALNXK010000483.1_p105-like_cnidaria_4a5ce231	GCA_942486035.1	protein	p105-like_cnidaria	148957	149022	732	753	0.003	12.2			
model	hmm	20260917_b5424051	CALNXK010000483.1	GCA_942486035.1	contig	CALNXK010000483.1_p105-like_cnidaria_4a5ce231	GCA_942486035.1	protein	p105-like_cnidaria	149620	149793	761	818	8.5e-25	83.5			
model	hmm	20260917_b5424051	CALNXK010000483.1	GCA_942486035.1	contig	CALNXK010000483.1_p105-like_cnidaria_4a5ce231	GCA_942486035.1	protein	p105-like_cnidaria	150426	150569	819	866	2e-21	72.3			
model	hmm	20260917_b5424051	CALNXK010000483.1	GCA_942486035.1	contig	CALNXK010000483.1_p105-like_cnidaria_4a5ce231	GCA_942486035.1	protein	p105-like_cnidaria	151056	151187	867	910	1.8e-09	32.8			
model	hmm	20260917_b5424051	CALNXK010000111.1	GCA_942486035.1	contig	CALNXK010000111.1_p105-like_cnidaria_dee63e0d	GCA_942486035.1	protein	p105-like_cnidaria	1125896	1126285	515	648	9.2e-29	96.7			
model	hmm	20260917_b5424051	CALNXK010000111.1	GCA_942486035.1	contig	CALNXK010000111.1_p105-like_cnidaria_dee63e0d	GCA_942486035.1	protein	p105-like_cnidaria	1127286	1127483	649	715	7.7e-09	30.8			
model	hmm	20260917_b5424051	CALNXK010000111.1	GCA_942486035.1	contig	CALNXK010000111.1_p105-like_cnidaria_970d0c59	GCA_942486035.1	protein	p105-like_cnidaria	1146106	1146309	552	616	3.5e-15	51.8			
model	hmm	20260917_b5424051	CALNXK010000111.1	GCA_942486035.1	contig	CALNXK010000111.1_p105-like_cnidaria_970d0c59	GCA_942486035.1	protein	p105-like_cnidaria	1146446	1146541	617	648	0.00041	15.1			
model	hmm	20260917_b5424051	CALNXK010000111.1	GCA_942486035.1	contig	CALNXK010000111.1_p105-like_cnidaria_970d0c59	GCA_942486035.1	protein	p105-like_cnidaria	1147149	1147376	649	725	2.3e-13	45.7			
model	hmm	20260917_b5424051	CALNXK010000111.1	GCA_942486035.1	contig	CALNXK010000111.1_IkB-like-1_cnidaria_3e11f0e0	GCA_942486035.1	protein	IkB-like-1_cnidaria	1122441	1122947	1	167	7.5e-43	144.3			
model	hmm	20260917_b5424051	CALNXK010000111.1	GCA_942486035.1	contig	CALNXK010000111.1_IkB-like-1_cnidaria_3e11f0e0	GCA_942486035.1	protein	IkB-like-1_cnidaria	1124835	1124927	187	217	2e-17	60.5			
model	hmm	20260917_b5424051	CALNXK010000111.1	GCA_942486035.1	contig	CALNXK010000111.1_IkB-like-1_cnidaria_3e11f0e0	GCA_942486035.1	protein	IkB-like-1_cnidaria	1125896	1126285	218	347	6.4e-83	276.3			
model	hmm	20260917_b5424051	CALNXK010000111.1	GCA_942486035.1	contig	CALNXK010000111.1_IkB-like-1_cnidaria_3e11f0e0	GCA_942486035.1	protein	IkB-like-1_cnidaria	1127286	1127486	348	414	1.6e-35	120.1			
model	hmm	20260917_b5424051	CALNXK010000111.1	GCA_942486035.1	contig	CALNXK010000111.1_IkB-like-1_cnidaria_c983b767	GCA_942486035.1	protein	IkB-like-1_cnidaria	1145322	1145420	219	251	1.7e-09	34.3			
model	hmm	20260917_b5424051	CALNXK010000111.1	GCA_942486035.1	contig	CALNXK010000111.1_IkB-like-1_cnidaria_c983b767	GCA_942486035.1	protein	IkB-like-1_cnidaria	1146106	1146309	252	315	1.7e-24	83.7			
model	hmm	20260917_b5424051	CALNXK010000111.1	GCA_942486035.1	contig	CALNXK010000111.1_IkB-like-1_cnidaria_c983b767	GCA_942486035.1	protein	IkB-like-1_cnidaria	1146446	1146535	316	345	0.00081	15.6			
model	hmm	20260917_b5424051	CALNXK010000111.1	GCA_942486035.1	contig	CALNXK010000111.1_IkB-like-1_cnidaria_c983b767	GCA_942486035.1	protein	IkB-like-1_cnidaria	1147149	1147352	348	415	1.5e-19	67.5			
model	hmm	20260917_b5424051	CALNXK010000111.1	GCA_942486035.1	contig	CALNXK010000111.1_IkB-like-2_cnidaria_d9504b27	GCA_942486035.1	protein	IkB-like-2_cnidaria	1125899	1126285	153	286	2.4e-43	145.7			
model	hmm	20260917_b5424051	CALNXK010000111.1	GCA_942486035.1	contig	CALNXK010000111.1_IkB-like-2_cnidaria_d9504b27	GCA_942486035.1	protein	IkB-like-2_cnidaria	1127286	1127471	287	348	9.4e-22	74.7			
model	hmm	20260917_b5424051	CALNXK010000111.1	GCA_942486035.1	contig	CALNXK010000111.1_IkB-like-2_cnidaria_0ac124f9	GCA_942486035.1	protein	IkB-like-2_cnidaria	1125899	1126285	153	286	2.4e-43	145.7			
model	hmm	20260917_b5424051	CALNXK010000111.1	GCA_942486035.1	contig	CALNXK010000111.1_IkB-like-2_cnidaria_0ac124f9	GCA_942486035.1	protein	IkB-like-2_cnidaria	1147149	1147400	287	370	1.6e-50	169.4			
model	hmm	20260917_b5424051	CALNXK010000111.1	GCA_942486035.1	contig	CALNXK010000111.1_IkB-like-2_cnidaria_c7fbc4f3	GCA_942486035.1	protein	IkB-like-2_cnidaria	1142679	1143125	5	151	1.3e-17	61.1			
model	hmm	20260917_b5424051	CALNXK010000111.1	GCA_942486035.1	contig	CALNXK010000111.1_IkB-like-2_cnidaria_c7fbc4f3	GCA_942486035.1	protein	IkB-like-2_cnidaria	1145319	1145420	152	185	2.1e-17	60.3			
model	hmm	20260917_b5424051	CALNXK010000111.1	GCA_942486035.1	contig	CALNXK010000111.1_IkB-like-2_cnidaria_c7fbc4f3	GCA_942486035.1	protein	IkB-like-2_cnidaria	1146106	1146315	186	256	4.4e-38	128.4			
model	hmm	20260917_b5424051	CALNXK010000111.1	GCA_942486035.1	contig	CALNXK010000111.1_IkB-like-2_cnidaria_c7fbc4f3	GCA_942486035.1	protein	IkB-like-2_cnidaria	1146452	1146541	257	286	1.3e-12	44.6			
model	hmm	20260917_b5424051	CALNXK010000111.1	GCA_942486035.1	contig	CALNXK010000111.1_IkB-like-2_cnidaria_c7fbc4f3	GCA_942486035.1	protein	IkB-like-2_cnidaria	1147149	1147400	287	370	1.6e-50	169.4			
model	hmm	20260917_b5424051	CALNXK010000029.1	GCA_942486035.1	contig	CALNXK010000029.1_IkBa-like_cnidaria_36d8db0b	GCA_942486035.1	protein	IkBa-like_cnidaria	2935590	2935186	2	136	6.8e-54	180.2			
model	hmm	20260917_b5424051	CALNXK010000029.1	GCA_942486035.1	contig	CALNXK010000029.1_IkBa-like_cnidaria_36d8db0b	GCA_942486035.1	protein	IkBa-like_cnidaria	2934644	2934534	137	171	1e-17	61.2			
model	hmm	20260917_b5424051	CALNXK010000029.1	GCA_942486035.1	contig	CALNXK010000029.1_IkBa-like_cnidaria_36d8db0b	GCA_942486035.1	protein	IkBa-like_cnidaria	2934348	2934109	172	249	7.2e-45	150.6			
model	hmm	20260917_b5424051	CALNXK010000029.1	GCA_942486035.1	contig	CALNXK010000029.1_IkBa-like_cnidaria_36d8db0b	GCA_942486035.1	protein	IkBa-like_cnidaria	2933447	2933343	250	278	2.6e-13	46.7			
model	hmm	20260917_b5424051	CALNXK010000029.1	GCA_942486035.1	contig	CALNXK010000029.1_IkBa-like_cnidaria_36d8db0b	GCA_942486035.1	protein	IkBa-like_cnidaria	2932734	2932444	279	373	4.7e-50	167.6			
model	hmm	20260917_b5424051	CALNXK010000111.1	GCA_942486035.1	contig	CALNXK010000111.1_IkBa-like_cnidaria_2625c510	GCA_942486035.1	protein	IkBa-like_cnidaria	1125896	1126285	137	279	4.6e-41	138.0			
model	hmm	20260917_b5424051	CALNXK010000111.1	GCA_942486035.1	contig	CALNXK010000111.1_IkBa-like_cnidaria_2625c510	GCA_942486035.1	protein	IkBa-like_cnidaria	1127286	1127474	280	343	1.2e-16	57.6			
model	hmm	20260917_b5424051	CALNXK010000111.1	GCA_942486035.1	contig	CALNXK010000111.1_IkBa-like_cnidaria_74bf6fe5	GCA_942486035.1	protein	IkBa-like_cnidaria	1125896	1126285	137	279	4.6e-41	138.0			
model	hmm	20260917_b5424051	CALNXK010000111.1	GCA_942486035.1	contig	CALNXK010000111.1_IkBa-like_cnidaria_74bf6fe5	GCA_942486035.1	protein	IkBa-like_cnidaria	1147149	1147403	280	365	1.9e-22	76.7			
model	hmm	20260917_b5424051	CALNXK010000111.1	GCA_942486035.1	contig	CALNXK010000111.1_IkBa-like_cnidaria_b0db5349	GCA_942486035.1	protein	IkBa-like_cnidaria	1142706	1143125	10	136	0.0051	12.8			
model	hmm	20260917_b5424051	CALNXK010000111.1	GCA_942486035.1	contig	CALNXK010000111.1_IkBa-like_cnidaria_b0db5349	GCA_942486035.1	protein	IkBa-like_cnidaria	1145322	1145420	138	171	0.00011	18.3			
model	hmm	20260917_b5424051	CALNXK010000111.1	GCA_942486035.1	contig	CALNXK010000111.1_IkBa-like_cnidaria_b0db5349	GCA_942486035.1	protein	IkBa-like_cnidaria	1146106	1146258	172	222	1.5e-21	73.7			
model	hmm	20260917_b5424051	CALNXK010000111.1	GCA_942486035.1	contig	CALNXK010000111.1_IkBa-like_cnidaria_b0db5349	GCA_942486035.1	protein	IkBa-like_cnidaria	1146446	1146541	248	279	0.018	11.0			
model	hmm	20260917_b5424051	CALNXK010000111.1	GCA_942486035.1	contig	CALNXK010000111.1_IkBa-like_cnidaria_b0db5349	GCA_942486035.1	protein	IkBa-like_cnidaria	1147149	1147403	280	365	1.9e-22	76.7			
model	hmm	20260917_b5424051	CALNXJ010000016.1	GCA_942486045.1	contig	CALNXJ010000016.1_p105-like_cnidaria_b4389a93	GCA_942486045.1	protein	p105-like_cnidaria	2060176	2060030	1	41	8.4e-20	67.3			
model	hmm	20260917_b5424051	CALNXJ010000016.1	GCA_942486045.1	contig	CALNXJ010000016.1_p105-like_cnidaria_b4389a93	GCA_942486045.1	protein	p105-like_cnidaria	2059539	2059459	42	52	0.00046	15.2			
model	hmm	20260917_b5424051	CALNXJ010000016.1	GCA_942486045.1	contig	CALNXJ010000016.1_p105-like_cnidaria_b4389a93	GCA_942486045.1	protein	p105-like_cnidaria	2058997	2058743	53	137	1.9e-59	198.5			
model	hmm	20260917_b5424051	CALNXJ010000016.1	GCA_942486045.1	contig	CALNXJ010000016.1_p105-like_cnidaria_b4389a93	GCA_942486045.1	protein	p105-like_cnidaria	2058201	2057977	138	208	1.3e-29	99.8			
model	hmm	20260917_b5424051	CALNXJ010000016.1	GCA_942486045.1	contig	CALNXJ010000016.1_p105-like_cnidaria_b4389a93	GCA_942486045.1	protein	p105-like_cnidaria	2057677	2057519	209	261	3.7e-30	101.5			
model	hmm	20260917_b5424051	CALNXJ010000016.1	GCA_942486045.1	contig	CALNXJ010000016.1_p105-like_cnidaria_b4389a93	GCA_942486045.1	protein	p105-like_cnidaria	2057142	2056978	262	296	4.3e-22	74.9			
model	hmm	20260917_b5424051	CALNXJ010000016.1	GCA_942486045.1	contig	CALNXJ010000016.1_p105-like_cnidaria_b4389a93	GCA_942486045.1	protein	p105-like_cnidaria	2056979	2056791	297	328	3.6e-15	52.0			
model	hmm	20260917_b5424051	CALNXJ010000016.1	GCA_942486045.1	contig	CALNXJ010000016.1_p105-like_cnidaria_b4389a93	GCA_942486045.1	protein	p105-like_cnidaria	2056601	2056455	329	375	3e-29	98.6			
model	hmm	20260917_b5424051	CALNXJ010000016.1	GCA_942486045.1	contig	CALNXJ010000016.1_p105-like_cnidaria_b4389a93	GCA_942486045.1	protein	p105-like_cnidaria	2056004	2055771	376	439	2.3e-25	85.7			
model	hmm	20260917_b5424051	CALNXJ010000016.1	GCA_942486045.1	contig	CALNXJ010000016.1_p105-like_cnidaria_b4389a93	GCA_942486045.1	protein	p105-like_cnidaria	2055355	2055257	440	466	0.0024	12.8			
model	hmm	20260917_b5424051	CALNXJ010000016.1	GCA_942486045.1	contig	CALNXJ010000016.1_p105-like_cnidaria_b4389a93	GCA_942486045.1	protein	p105-like_cnidaria	2054762	2054622	468	514	9.3e-24	80.4			
model	hmm	20260917_b5424051	CALNXJ010000016.1	GCA_942486045.1	contig	CALNXJ010000016.1_p105-like_cnidaria_b4389a93	GCA_942486045.1	protein	p105-like_cnidaria	2054511	2054386	515	550	2.9e-16	55.5			
model	hmm	20260917_b5424051	CALNXJ010000016.1	GCA_942486045.1	contig	CALNXJ010000016.1_p105-like_cnidaria_b4389a93	GCA_942486045.1	protein	p105-like_cnidaria	2054041	2053832	551	618	4e-40	134.5			
model	hmm	20260917_b5424051	CALNXJ010000016.1	GCA_942486045.1	contig	CALNXJ010000016.1_p105-like_cnidaria_b4389a93	GCA_942486045.1	protein	p105-like_cnidaria	2053658	2053437	619	648	1.5e-13	46.6			
model	hmm	20260917_b5424051	CALNXJ010000016.1	GCA_942486045.1	contig	CALNXJ010000016.1_p105-like_cnidaria_b4389a93	GCA_942486045.1	protein	p105-like_cnidaria	2053112	2053020	649	675	9.6e-14	47.2			
model	hmm	20260917_b5424051	CALNXJ010000016.1	GCA_942486045.1	contig	CALNXJ010000016.1_p105-like_cnidaria_b4389a93	GCA_942486045.1	protein	p105-like_cnidaria	2052304	2052131	676	731	1.5e-29	99.5			
model	hmm	20260917_b5424051	CALNXJ010000016.1	GCA_942486045.1	contig	CALNXJ010000016.1_p105-like_cnidaria_b4389a93	GCA_942486045.1	protein	p105-like_cnidaria	2051673	2051620	732	749	0.0035	12.3			
model	hmm	20260917_b5424051	CALNXJ010000016.1	GCA_942486045.1	contig	CALNXJ010000016.1_p105-like_cnidaria_b4389a93	GCA_942486045.1	protein	p105-like_cnidaria	2051162	2050980	762	818	1.6e-23	79.6			
model	hmm	20260917_b5424051	CALNXJ010000016.1	GCA_942486045.1	contig	CALNXJ010000016.1_p105-like_cnidaria_b4389a93	GCA_942486045.1	protein	p105-like_cnidaria	2050740	2050489	819	869	9.2e-22	73.8			
model	hmm	20260917_b5424051	CALNXJ010000016.1	GCA_942486045.1	contig	CALNXJ010000016.1_p105-like_cnidaria_b4389a93	GCA_942486045.1	protein	p105-like_cnidaria	2050236	2050090	870	910	8.7e-10	34.1			
model	hmm	20260917_b5424051	CALNXJ010000041.1	GCA_942486045.1	contig	CALNXJ010000041.1_p105-like_cnidaria_8e486d85	GCA_942486045.1	protein	p105-like_cnidaria	1448737	1449123	515	647	9.6e-30	100.1			
model	hmm	20260917_b5424051	CALNXJ010000041.1	GCA_942486045.1	contig	CALNXJ010000041.1_p105-like_cnidaria_8e486d85	GCA_942486045.1	protein	p105-like_cnidaria	1449472	1449663	648	712	4.5e-10	35.0			
model	hmm	20260917_b5424051	CALNXJ010000041.1	GCA_942486045.1	contig	CALNXJ010000041.1_p105-like_cnidaria_78f57440	GCA_942486045.1	protein	p105-like_cnidaria	1468302	1468523	548	618	3.7e-17	58.4			
model	hmm	20260917_b5424051	CALNXJ010000041.1	GCA_942486045.1	contig	CALNXJ010000041.1_p105-like_cnidaria_78f57440	GCA_942486045.1	protein	p105-like_cnidaria	1469357	1469440	619	646	0.0039	12.0			
model	hmm	20260917_b5424051	CALNXJ010000041.1	GCA_942486045.1	contig	CALNXJ010000041.1_p105-like_cnidaria_78f57440	GCA_942486045.1	protein	p105-like_cnidaria	1470538	1470765	647	723	6.4e-13	44.4			
model	hmm	20260917_b5424051	CALNXJ010000041.1	GCA_942486045.1	contig	CALNXJ010000041.1_IkB-like-1_cnidaria_d9883b6d	GCA_942486045.1	protein	IkB-like-1_cnidaria	1446073	1446552	1	162	6.3e-33	111.6			
model	hmm	20260917_b5424051	CALNXJ010000041.1	GCA_942486045.1	contig	CALNXJ010000041.1_IkB-like-1_cnidaria_d9883b6d	GCA_942486045.1	protein	IkB-like-1_cnidaria	1447675	1447833	165	217	3.8e-22	76.1			
model	hmm	20260917_b5424051	CALNXJ010000041.1	GCA_942486045.1	contig	CALNXJ010000041.1_IkB-like-1_cnidaria_d9883b6d	GCA_942486045.1	protein	IkB-like-1_cnidaria	1448737	1449123	218	346	3.1e-81	270.9			
model	hmm	20260917_b5424051	CALNXJ010000041.1	GCA_942486045.1	contig	CALNXJ010000041.1_IkB-like-1_cnidaria_d9883b6d	GCA_942486045.1	protein	IkB-like-1_cnidaria	1449472	1449690	347	419	6.6e-37	124.8			
model	hmm	20260917_b5424051	CALNXJ010000041.1	GCA_942486045.1	contig	CALNXJ010000041.1_IkB-like-1_cnidaria_2b2e82a2	GCA_942486045.1	protein	IkB-like-1_cnidaria	1467677	1467772	219	250	0.00035	16.9			
model	hmm	20260917_b5424051	CALNXJ010000041.1	GCA_942486045.1	contig	CALNXJ010000041.1_IkB-like-1_cnidaria_2b2e82a2	GCA_942486045.1	protein	IkB-like-1_cnidaria	1468311	1468523	251	317	2.5e-25	86.6			
model	hmm	20260917_b5424051	CALNXJ010000041.1	GCA_942486045.1	contig	CALNXJ010000041.1_IkB-like-1_cnidaria_2b2e82a2	GCA_942486045.1	protein	IkB-like-1_cnidaria	1469357	1469440	318	345	0.0012	15.2			
model	hmm	20260917_b5424051	CALNXJ010000041.1	GCA_942486045.1	contig	CALNXJ010000041.1_IkB-like-1_cnidaria_2b2e82a2	GCA_942486045.1	protein	IkB-like-1_cnidaria	1470538	1470741	346	413	2.9e-19	66.6			
model	hmm	20260917_b5424051	CALNXJ010000041.1	GCA_942486045.1	contig	CALNXJ010000041.1_IkB-like-2_cnidaria_61269612	GCA_942486045.1	protein	IkB-like-2_cnidaria	1448740	1449123	153	285	6.5e-47	157.6			
model	hmm	20260917_b5424051	CALNXJ010000041.1	GCA_942486045.1	contig	CALNXJ010000041.1_IkB-like-2_cnidaria_61269612	GCA_942486045.1	protein	IkB-like-2_cnidaria	1449472	1449666	286	350	4.2e-22	75.9			
model	hmm	20260917_b5424051	CALNXJ010000041.1	GCA_942486045.1	contig	CALNXJ010000041.1_IkB-like-2_cnidaria_3d490f74	GCA_942486045.1	protein	IkB-like-2_cnidaria	1448740	1449120	153	284	6.5e-47	157.6			
model	hmm	20260917_b5424051	CALNXJ010000041.1	GCA_942486045.1	contig	CALNXJ010000041.1_IkB-like-2_cnidaria_3d490f74	GCA_942486045.1	protein	IkB-like-2_cnidaria	1470538	1470792	285	369	2.6e-52	175.4			
model	hmm	20260917_b5424051	CALNXJ010000041.1	GCA_942486045.1	contig	CALNXJ010000041.1_IkB-like-2_cnidaria_209c0d6c	GCA_942486045.1	protein	IkB-like-2_cnidaria	1465850	1466311	2	151	4.5e-26	89.0			
model	hmm	20260917_b5424051	CALNXJ010000041.1	GCA_942486045.1	contig	CALNXJ010000041.1_IkB-like-2_cnidaria_209c0d6c	GCA_942486045.1	protein	IkB-like-2_cnidaria	1467674	1467772	152	184	7.9e-14	48.7			
model	hmm	20260917_b5424051	CALNXJ010000041.1	GCA_942486045.1	contig	CALNXJ010000041.1_IkB-like-2_cnidaria_209c0d6c	GCA_942486045.1	protein	IkB-like-2_cnidaria	1468311	1468523	185	256	1.6e-40	136.6			
model	hmm	20260917_b5424051	CALNXJ010000041.1	GCA_942486045.1	contig	CALNXJ010000041.1_IkB-like-2_cnidaria_209c0d6c	GCA_942486045.1	protein	IkB-like-2_cnidaria	1469357	1469443	257	285	8.4e-13	45.3			
model	hmm	20260917_b5424051	CALNXJ010000041.1	GCA_942486045.1	contig	CALNXJ010000041.1_IkB-like-2_cnidaria_209c0d6c	GCA_942486045.1	protein	IkB-like-2_cnidaria	1470541	1470792	286	369	2.6e-52	175.4			
model	hmm	20260917_b5424051	CALNXJ010000034.1	GCA_942486045.1	contig	CALNXJ010000034.1_IkBa-like_cnidaria_66571076	GCA_942486045.1	protein	IkBa-like_cnidaria	799034	799435	2	136	2.9e-52	174.9			
model	hmm	20260917_b5424051	CALNXJ010000034.1	GCA_942486045.1	contig	CALNXJ010000034.1_IkBa-like_cnidaria_66571076	GCA_942486045.1	protein	IkBa-like_cnidaria	799983	800099	137	171	1.7e-18	63.7			
model	hmm	20260917_b5424051	CALNXJ010000034.1	GCA_942486045.1	contig	CALNXJ010000034.1_IkBa-like_cnidaria_66571076	GCA_942486045.1	protein	IkBa-like_cnidaria	800250	800495	172	252	2.3e-46	155.5			
model	hmm	20260917_b5424051	CALNXJ010000034.1	GCA_942486045.1	contig	CALNXJ010000034.1_IkBa-like_cnidaria_66571076	GCA_942486045.1	protein	IkBa-like_cnidaria	800911	800988	253	278	8.2e-11	38.4			
model	hmm	20260917_b5424051	CALNXJ010000034.1	GCA_942486045.1	contig	CALNXJ010000034.1_IkBa-like_cnidaria_66571076	GCA_942486045.1	protein	IkBa-like_cnidaria	801273	801557	279	373	6.8e-51	170.3			
model	hmm	20260917_b5424051	CALNXJ010000041.1	GCA_942486045.1	contig	CALNXJ010000041.1_IkBa-like_cnidaria_e99a12a9	GCA_942486045.1	protein	IkBa-like_cnidaria	1448737	1449123	137	278	4.8e-40	134.7			
model	hmm	20260917_b5424051	CALNXJ010000041.1	GCA_942486045.1	contig	CALNXJ010000041.1_IkBa-like_cnidaria_e99a12a9	GCA_942486045.1	protein	IkBa-like_cnidaria	1449472	1449666	279	344	8.6e-17	58.2			
model	hmm	20260917_b5424051	CALNXJ010000041.1	GCA_942486045.1	contig	CALNXJ010000041.1_IkBa-like_cnidaria_a1cd8153	GCA_942486045.1	protein	IkBa-like_cnidaria	1448737	1449123	137	278	4.8e-40	134.7			
model	hmm	20260917_b5424051	CALNXJ010000041.1	GCA_942486045.1	contig	CALNXJ010000041.1_IkBa-like_cnidaria_a1cd8153	GCA_942486045.1	protein	IkBa-like_cnidaria	1470541	1470795	279	364	1.5e-22	77.1			
model	hmm	20260917_b5424051	CALNXJ010000041.1	GCA_942486045.1	contig	CALNXJ010000041.1_IkBa-like_cnidaria_10e7dee5	GCA_942486045.1	protein	IkBa-like_cnidaria	1465973	1466137	36	91	0.011	11.8			
model	hmm	20260917_b5424051	CALNXJ010000041.1	GCA_942486045.1	contig	CALNXJ010000041.1_IkBa-like_cnidaria_10e7dee5	GCA_942486045.1	protein	IkBa-like_cnidaria	1466177	1466311	92	136	0.011	11.8			
model	hmm	20260917_b5424051	CALNXJ010000041.1	GCA_942486045.1	contig	CALNXJ010000041.1_IkBa-like_cnidaria_10e7dee5	GCA_942486045.1	protein	IkBa-like_cnidaria	1468311	1468472	171	224	1e-22	77.7			
model	hmm	20260917_b5424051	CALNXJ010000041.1	GCA_942486045.1	contig	CALNXJ010000041.1_IkBa-like_cnidaria_10e7dee5	GCA_942486045.1	protein	IkBa-like_cnidaria	1469351	1469443	248	278	0.00021	17.4			
model	hmm	20260917_b5424051	CALNXJ010000041.1	GCA_942486045.1	contig	CALNXJ010000041.1_IkBa-like_cnidaria_10e7dee5	GCA_942486045.1	protein	IkBa-like_cnidaria	1470541	1470795	279	364	1.5e-22	77.1			
model	hmm	20260917_b5424051	CALNXJ010000016.1	GCA_942486045.1	contig	CALNXJ010000016.1_p105-like_cnidaria_b4389a93	GCA_942486045.1	protein	p105-like_cnidaria	2060176	2060030	1	41	8.4e-20	67.3			
model	hmm	20260917_b5424051	CALNXJ010000016.1	GCA_942486045.1	contig	CALNXJ010000016.1_p105-like_cnidaria_b4389a93	GCA_942486045.1	protein	p105-like_cnidaria	2059539	2059459	42	52	0.00046	15.2			
model	hmm	20260917_b5424051	CALNXJ010000016.1	GCA_942486045.1	contig	CALNXJ010000016.1_p105-like_cnidaria_b4389a93	GCA_942486045.1	protein	p105-like_cnidaria	2058997	2058743	53	137	1.9e-59	198.5			
model	hmm	20260917_b5424051	CALNXJ010000016.1	GCA_942486045.1	contig	CALNXJ010000016.1_p105-like_cnidaria_b4389a93	GCA_942486045.1	protein	p105-like_cnidaria	2058201	2057977	138	208	1.3e-29	99.8			
model	hmm	20260917_b5424051	CALNXJ010000016.1	GCA_942486045.1	contig	CALNXJ010000016.1_p105-like_cnidaria_b4389a93	GCA_942486045.1	protein	p105-like_cnidaria	2057677	2057519	209	261	3.7e-30	101.5			
model	hmm	20260917_b5424051	CALNXJ010000016.1	GCA_942486045.1	contig	CALNXJ010000016.1_p105-like_cnidaria_b4389a93	GCA_942486045.1	protein	p105-like_cnidaria	2057142	2056978	262	296	4.3e-22	74.9			
model	hmm	20260917_b5424051	CALNXJ010000016.1	GCA_942486045.1	contig	CALNXJ010000016.1_p105-like_cnidaria_b4389a93	GCA_942486045.1	protein	p105-like_cnidaria	2056979	2056791	297	328	3.6e-15	52.0			
model	hmm	20260917_b5424051	CALNXJ010000016.1	GCA_942486045.1	contig	CALNXJ010000016.1_p105-like_cnidaria_b4389a93	GCA_942486045.1	protein	p105-like_cnidaria	2056601	2056455	329	375	3e-29	98.6			
model	hmm	20260917_b5424051	CALNXJ010000016.1	GCA_942486045.1	contig	CALNXJ010000016.1_p105-like_cnidaria_b4389a93	GCA_942486045.1	protein	p105-like_cnidaria	2056004	2055771	376	439	2.3e-25	85.7			
model	hmm	20260917_b5424051	CALNXJ010000016.1	GCA_942486045.1	contig	CALNXJ010000016.1_p105-like_cnidaria_b4389a93	GCA_942486045.1	protein	p105-like_cnidaria	2055355	2055257	440	466	0.0024	12.8			
model	hmm	20260917_b5424051	CALNXJ010000016.1	GCA_942486045.1	contig	CALNXJ010000016.1_p105-like_cnidaria_b4389a93	GCA_942486045.1	protein	p105-like_cnidaria	2054762	2054622	468	514	9.3e-24	80.4			
model	hmm	20260917_b5424051	CALNXJ010000016.1	GCA_942486045.1	contig	CALNXJ010000016.1_p105-like_cnidaria_b4389a93	GCA_942486045.1	protein	p105-like_cnidaria	2054511	2054386	515	550	2.9e-16	55.5			
model	hmm	20260917_b5424051	CALNXJ010000016.1	GCA_942486045.1	contig	CALNXJ010000016.1_p105-like_cnidaria_b4389a93	GCA_942486045.1	protein	p105-like_cnidaria	2054041	2053832	551	618	4e-40	134.5			
model	hmm	20260917_b5424051	CALNXJ010000016.1	GCA_942486045.1	contig	CALNXJ010000016.1_p105-like_cnidaria_b4389a93	GCA_942486045.1	protein	p105-like_cnidaria	2053658	2053437	619	648	1.5e-13	46.6			
model	hmm	20260917_b5424051	CALNXJ010000016.1	GCA_942486045.1	contig	CALNXJ010000016.1_p105-like_cnidaria_b4389a93	GCA_942486045.1	protein	p105-like_cnidaria	2053112	2053020	649	675	9.6e-14	47.2			
model	hmm	20260917_b5424051	CALNXJ010000016.1	GCA_942486045.1	contig	CALNXJ010000016.1_p105-like_cnidaria_b4389a93	GCA_942486045.1	protein	p105-like_cnidaria	2052304	2052131	676	731	1.5e-29	99.5			
model	hmm	20260917_b5424051	CALNXJ010000016.1	GCA_942486045.1	contig	CALNXJ010000016.1_p105-like_cnidaria_b4389a93	GCA_942486045.1	protein	p105-like_cnidaria	2051673	2051620	732	749	0.0035	12.3			
model	hmm	20260917_b5424051	CALNXJ010000016.1	GCA_942486045.1	contig	CALNXJ010000016.1_p105-like_cnidaria_b4389a93	GCA_942486045.1	protein	p105-like_cnidaria	2051162	2050980	762	818	1.6e-23	79.6			
model	hmm	20260917_b5424051	CALNXJ010000016.1	GCA_942486045.1	contig	CALNXJ010000016.1_p105-like_cnidaria_b4389a93	GCA_942486045.1	protein	p105-like_cnidaria	2050740	2050489	819	869	9.2e-22	73.8			
model	hmm	20260917_b5424051	CALNXJ010000016.1	GCA_942486045.1	contig	CALNXJ010000016.1_p105-like_cnidaria_b4389a93	GCA_942486045.1	protein	p105-like_cnidaria	2050236	2050090	870	910	8.7e-10	34.1			
model	hmm	20260917_b5424051	CALNXJ010000041.1	GCA_942486045.1	contig	CALNXJ010000041.1_p105-like_cnidaria_8e486d85	GCA_942486045.1	protein	p105-like_cnidaria	1448737	1449123	515	647	9.6e-30	100.1			
model	hmm	20260917_b5424051	CALNXJ010000041.1	GCA_942486045.1	contig	CALNXJ010000041.1_p105-like_cnidaria_8e486d85	GCA_942486045.1	protein	p105-like_cnidaria	1449472	1449663	648	712	4.5e-10	35.0			
model	hmm	20260917_b5424051	CALNXJ010000041.1	GCA_942486045.1	contig	CALNXJ010000041.1_p105-like_cnidaria_78f57440	GCA_942486045.1	protein	p105-like_cnidaria	1468302	1468523	548	618	3.7e-17	58.4			
model	hmm	20260917_b5424051	CALNXJ010000041.1	GCA_942486045.1	contig	CALNXJ010000041.1_p105-like_cnidaria_78f57440	GCA_942486045.1	protein	p105-like_cnidaria	1469357	1469440	619	646	0.0039	12.0			
model	hmm	20260917_b5424051	CALNXJ010000041.1	GCA_942486045.1	contig	CALNXJ010000041.1_p105-like_cnidaria_78f57440	GCA_942486045.1	protein	p105-like_cnidaria	1470538	1470765	647	723	6.4e-13	44.4			
model	hmm	20260917_b5424051	CALNXJ010000041.1	GCA_942486045.1	contig	CALNXJ010000041.1_IkB-like-1_cnidaria_d9883b6d	GCA_942486045.1	protein	IkB-like-1_cnidaria	1446073	1446552	1	162	6.3e-33	111.6			
model	hmm	20260917_b5424051	CALNXJ010000041.1	GCA_942486045.1	contig	CALNXJ010000041.1_IkB-like-1_cnidaria_d9883b6d	GCA_942486045.1	protein	IkB-like-1_cnidaria	1447675	1447833	165	217	3.8e-22	76.1			
model	hmm	20260917_b5424051	CALNXJ010000041.1	GCA_942486045.1	contig	CALNXJ010000041.1_IkB-like-1_cnidaria_d9883b6d	GCA_942486045.1	protein	IkB-like-1_cnidaria	1448737	1449123	218	346	3.1e-81	270.9			
model	hmm	20260917_b5424051	CALNXJ010000041.1	GCA_942486045.1	contig	CALNXJ010000041.1_IkB-like-1_cnidaria_d9883b6d	GCA_942486045.1	protein	IkB-like-1_cnidaria	1449472	1449690	347	419	6.6e-37	124.8			
model	hmm	20260917_b5424051	CALNXJ010000041.1	GCA_942486045.1	contig	CALNXJ010000041.1_IkB-like-1_cnidaria_2b2e82a2	GCA_942486045.1	protein	IkB-like-1_cnidaria	1467677	1467772	219	250	0.00035	16.9			
model	hmm	20260917_b5424051	CALNXJ010000041.1	GCA_942486045.1	contig	CALNXJ010000041.1_IkB-like-1_cnidaria_2b2e82a2	GCA_942486045.1	protein	IkB-like-1_cnidaria	1468311	1468523	251	317	2.5e-25	86.6			
model	hmm	20260917_b5424051	CALNXJ010000041.1	GCA_942486045.1	contig	CALNXJ010000041.1_IkB-like-1_cnidaria_2b2e82a2	GCA_942486045.1	protein	IkB-like-1_cnidaria	1469357	1469440	318	345	0.0012	15.2			
model	hmm	20260917_b5424051	CALNXJ010000041.1	GCA_942486045.1	contig	CALNXJ010000041.1_IkB-like-1_cnidaria_2b2e82a2	GCA_942486045.1	protein	IkB-like-1_cnidaria	1470538	1470741	346	413	2.9e-19	66.6			
model	hmm	20260917_b5424051	CALNXJ010000041.1	GCA_942486045.1	contig	CALNXJ010000041.1_IkB-like-2_cnidaria_61269612	GCA_942486045.1	protein	IkB-like-2_cnidaria	1448740	1449123	153	285	6.5e-47	157.6			
model	hmm	20260917_b5424051	CALNXJ010000041.1	GCA_942486045.1	contig	CALNXJ010000041.1_IkB-like-2_cnidaria_61269612	GCA_942486045.1	protein	IkB-like-2_cnidaria	1449472	1449666	286	350	4.2e-22	75.9			
model	hmm	20260917_b5424051	CALNXJ010000041.1	GCA_942486045.1	contig	CALNXJ010000041.1_IkB-like-2_cnidaria_3d490f74	GCA_942486045.1	protein	IkB-like-2_cnidaria	1448740	1449120	153	284	6.5e-47	157.6			
model	hmm	20260917_b5424051	CALNXJ010000041.1	GCA_942486045.1	contig	CALNXJ010000041.1_IkB-like-2_cnidaria_3d490f74	GCA_942486045.1	protein	IkB-like-2_cnidaria	1470538	1470792	285	369	2.6e-52	175.4			
model	hmm	20260917_b5424051	CALNXJ010000041.1	GCA_942486045.1	contig	CALNXJ010000041.1_IkB-like-2_cnidaria_209c0d6c	GCA_942486045.1	protein	IkB-like-2_cnidaria	1465850	1466311	2	151	4.5e-26	89.0			
model	hmm	20260917_b5424051	CALNXJ010000041.1	GCA_942486045.1	contig	CALNXJ010000041.1_IkB-like-2_cnidaria_209c0d6c	GCA_942486045.1	protein	IkB-like-2_cnidaria	1467674	1467772	152	184	7.9e-14	48.7			
model	hmm	20260917_b5424051	CALNXJ010000041.1	GCA_942486045.1	contig	CALNXJ010000041.1_IkB-like-2_cnidaria_209c0d6c	GCA_942486045.1	protein	IkB-like-2_cnidaria	1468311	1468523	185	256	1.6e-40	136.6			
model	hmm	20260917_b5424051	CALNXJ010000041.1	GCA_942486045.1	contig	CALNXJ010000041.1_IkB-like-2_cnidaria_209c0d6c	GCA_942486045.1	protein	IkB-like-2_cnidaria	1469357	1469443	257	285	8.4e-13	45.3			
model	hmm	20260917_b5424051	CALNXJ010000041.1	GCA_942486045.1	contig	CALNXJ010000041.1_IkB-like-2_cnidaria_209c0d6c	GCA_942486045.1	protein	IkB-like-2_cnidaria	1470541	1470792	286	369	2.6e-52	175.4			
model	hmm	20260917_b5424051	CALNXJ010000034.1	GCA_942486045.1	contig	CALNXJ010000034.1_IkBa-like_cnidaria_66571076	GCA_942486045.1	protein	IkBa-like_cnidaria	799034	799435	2	136	2.9e-52	174.9			
model	hmm	20260917_b5424051	CALNXJ010000034.1	GCA_942486045.1	contig	CALNXJ010000034.1_IkBa-like_cnidaria_66571076	GCA_942486045.1	protein	IkBa-like_cnidaria	799983	800099	137	171	1.7e-18	63.7			
model	hmm	20260917_b5424051	CALNXJ010000034.1	GCA_942486045.1	contig	CALNXJ010000034.1_IkBa-like_cnidaria_66571076	GCA_942486045.1	protein	IkBa-like_cnidaria	800250	800495	172	252	2.3e-46	155.5			
model	hmm	20260917_b5424051	CALNXJ010000034.1	GCA_942486045.1	contig	CALNXJ010000034.1_IkBa-like_cnidaria_66571076	GCA_942486045.1	protein	IkBa-like_cnidaria	800911	800988	253	278	8.2e-11	38.4			
model	hmm	20260917_b5424051	CALNXJ010000034.1	GCA_942486045.1	contig	CALNXJ010000034.1_IkBa-like_cnidaria_66571076	GCA_942486045.1	protein	IkBa-like_cnidaria	801273	801557	279	373	6.8e-51	170.3			
model	hmm	20260917_b5424051	CALNXJ010000041.1	GCA_942486045.1	contig	CALNXJ010000041.1_IkBa-like_cnidaria_e99a12a9	GCA_942486045.1	protein	IkBa-like_cnidaria	1448737	1449123	137	278	4.8e-40	134.7			
model	hmm	20260917_b5424051	CALNXJ010000041.1	GCA_942486045.1	contig	CALNXJ010000041.1_IkBa-like_cnidaria_e99a12a9	GCA_942486045.1	protein	IkBa-like_cnidaria	1449472	1449666	279	344	8.6e-17	58.2			
model	hmm	20260917_b5424051	CALNXJ010000041.1	GCA_942486045.1	contig	CALNXJ010000041.1_IkBa-like_cnidaria_a1cd8153	GCA_942486045.1	protein	IkBa-like_cnidaria	1448737	1449123	137	278	4.8e-40	134.7			
model	hmm	20260917_b5424051	CALNXJ010000041.1	GCA_942486045.1	contig	CALNXJ010000041.1_IkBa-like_cnidaria_a1cd8153	GCA_942486045.1	protein	IkBa-like_cnidaria	1470541	1470795	279	364	1.5e-22	77.1			
model	hmm	20260917_b5424051	CALNXJ010000041.1	GCA_942486045.1	contig	CALNXJ010000041.1_IkBa-like_cnidaria_10e7dee5	GCA_942486045.1	protein	IkBa-like_cnidaria	1465973	1466137	36	91	0.011	11.8			
model	hmm	20260917_b5424051	CALNXJ010000041.1	GCA_942486045.1	contig	CALNXJ010000041.1_IkBa-like_cnidaria_10e7dee5	GCA_942486045.1	protein	IkBa-like_cnidaria	1466177	1466311	92	136	0.011	11.8			
model	hmm	20260917_b5424051	CALNXJ010000041.1	GCA_942486045.1	contig	CALNXJ010000041.1_IkBa-like_cnidaria_10e7dee5	GCA_942486045.1	protein	IkBa-like_cnidaria	1468311	1468472	171	224	1e-22	77.7			
model	hmm	20260917_b5424051	CALNXJ010000041.1	GCA_942486045.1	contig	CALNXJ010000041.1_IkBa-like_cnidaria_10e7dee5	GCA_942486045.1	protein	IkBa-like_cnidaria	1469351	1469443	248	278	0.00021	17.4			
model	hmm	20260917_b5424051	CALNXJ010000041.1	GCA_942486045.1	contig	CALNXJ010000041.1_IkBa-like_cnidaria_10e7dee5	GCA_942486045.1	protein	IkBa-like_cnidaria	1470541	1470795	279	364	1.5e-22	77.1			
model	hmm	20260917_b5424051	OZ116707.1	GCA_964199315.1	contig	OZ116707.1_p105-like_cnidaria_9f32f0b0	GCA_964199315.1	protein	p105-like_cnidaria	23878962	23878822	1	41	6e-19	64.5			
model	hmm	20260917_b5424051	OZ116707.1	GCA_964199315.1	contig	OZ116707.1_p105-like_cnidaria_9f32f0b0	GCA_964199315.1	protein	p105-like_cnidaria	23878406	23878362	42	52	0.0022	13.0			
model	hmm	20260917_b5424051	OZ116707.1	GCA_964199315.1	contig	OZ116707.1_p105-like_cnidaria_9f32f0b0	GCA_964199315.1	protein	p105-like_cnidaria	23877860	23877609	53	136	3.8e-58	194.2			
model	hmm	20260917_b5424051	OZ116707.1	GCA_964199315.1	contig	OZ116707.1_p105-like_cnidaria_9f32f0b0	GCA_964199315.1	protein	p105-like_cnidaria	23877012	23876785	137	209	1.7e-26	89.5			
model	hmm	20260917_b5424051	OZ116707.1	GCA_964199315.1	contig	OZ116707.1_p105-like_cnidaria_9f32f0b0	GCA_964199315.1	protein	p105-like_cnidaria	23876235	23876056	210	261	5.1e-31	104.4			
model	hmm	20260917_b5424051	OZ116707.1	GCA_964199315.1	contig	OZ116707.1_p105-like_cnidaria_9f32f0b0	GCA_964199315.1	protein	p105-like_cnidaria	23875542	23875426	262	296	8.1e-22	74.0			
model	hmm	20260917_b5424051	OZ116707.1	GCA_964199315.1	contig	OZ116707.1_p105-like_cnidaria_9f32f0b0	GCA_964199315.1	protein	p105-like_cnidaria	23875337	23875233	297	329	4.1e-13	45.2			
model	hmm	20260917_b5424051	OZ116707.1	GCA_964199315.1	contig	OZ116707.1_p105-like_cnidaria_9f32f0b0	GCA_964199315.1	protein	p105-like_cnidaria	23874533	23874396	330	375	8.6e-28	93.8			
model	hmm	20260917_b5424051	OZ116707.1	GCA_964199315.1	contig	OZ116707.1_p105-like_cnidaria_9f32f0b0	GCA_964199315.1	protein	p105-like_cnidaria	23872774	23872553	376	439	1.5e-22	76.4			
model	hmm	20260917_b5424051	OZ116707.1	GCA_964199315.1	contig	OZ116707.1_p105-like_cnidaria_9f32f0b0	GCA_964199315.1	protein	p105-like_cnidaria	23871583	23871497	440	464	0.019	9.9			
model	hmm	20260917_b5424051	OZ116707.1	GCA_964199315.1	contig	OZ116707.1_p105-like_cnidaria_9f32f0b0	GCA_964199315.1	protein	p105-like_cnidaria	23871066	23870920	466	514	5e-22	74.7			
model	hmm	20260917_b5424051	OZ116707.1	GCA_964199315.1	contig	OZ116707.1_p105-like_cnidaria_9f32f0b0	GCA_964199315.1	protein	p105-like_cnidaria	23870486	23870343	515	550	3.9e-18	61.8			
model	hmm	20260917_b5424051	OZ116707.1	GCA_964199315.1	contig	OZ116707.1_p105-like_cnidaria_9f32f0b0	GCA_964199315.1	protein	p105-like_cnidaria	23870003	23869776	551	618	8e-39	130.3			
model	hmm	20260917_b5424051	OZ116707.1	GCA_964199315.1	contig	OZ116707.1_p105-like_cnidaria_9f32f0b0	GCA_964199315.1	protein	p105-like_cnidaria	23869193	23869092	619	648	2.5e-13	45.9			
model	hmm	20260917_b5424051	OZ116707.1	GCA_964199315.1	contig	OZ116707.1_p105-like_cnidaria_9f32f0b0	GCA_964199315.1	protein	p105-like_cnidaria	23868728	23868618	649	675	3.8e-14	48.6			
model	hmm	20260917_b5424051	OZ116707.1	GCA_964199315.1	contig	OZ116707.1_p105-like_cnidaria_9f32f0b0	GCA_964199315.1	protein	p105-like_cnidaria	23868164	23867985	676	731	3.5e-30	101.7			
model	hmm	20260917_b5424051	OZ116707.1	GCA_964199315.1	contig	OZ116707.1_p105-like_cnidaria_9f32f0b0	GCA_964199315.1	protein	p105-like_cnidaria	23867437	23867372	732	749	0.0007	14.6			
model	hmm	20260917_b5424051	OZ116707.1	GCA_964199315.1	contig	OZ116707.1_p105-like_cnidaria_9f32f0b0	GCA_964199315.1	protein	p105-like_cnidaria	23866471	23866268	751	818	1.1e-24	83.5			
model	hmm	20260917_b5424051	OZ116707.1	GCA_964199315.1	contig	OZ116707.1_p105-like_cnidaria_9f32f0b0	GCA_964199315.1	protein	p105-like_cnidaria	23866038	23865868	819	866	6.4e-17	57.8			
model	hmm	20260917_b5424051	OZ116707.1	GCA_964199315.1	contig	OZ116707.1_p105-like_cnidaria_9f32f0b0	GCA_964199315.1	protein	p105-like_cnidaria	23865480	23865283	867	910	1.1e-08	30.5			
model	hmm	20260917_b5424051	OZ116704.1	GCA_964199315.1	contig	OZ116704.1_p105-like_cnidaria_ff8c5cfa	GCA_964199315.1	protein	p105-like_cnidaria	17057482	17057871	515	648	3.8e-27	91.3			
model	hmm	20260917_b5424051	OZ116704.1	GCA_964199315.1	contig	OZ116704.1_p105-like_cnidaria_ff8c5cfa	GCA_964199315.1	protein	p105-like_cnidaria	17057982	17058158	649	708	1.7e-09	33.0			
model	hmm	20260917_b5424051	OZ116704.1	GCA_964199315.1	contig	OZ116704.1_p105-like_cnidaria_2a8933e5	GCA_964199315.1	protein	p105-like_cnidaria	17057482	17057871	515	648	3.8e-27	91.3			
model	hmm	20260917_b5424051	OZ116704.1	GCA_964199315.1	contig	OZ116704.1_p105-like_cnidaria_2a8933e5	GCA_964199315.1	protein	p105-like_cnidaria	17084708	17084932	649	724	1.5e-12	43.1			
model	hmm	20260917_b5424051	OZ116704.1	GCA_964199315.1	contig	OZ116704.1_IkB-like-1_cnidaria_ac0dd393	GCA_964199315.1	protein	IkB-like-1_cnidaria	17055014	17055502	1	163	4.9e-28	95.4			
model	hmm	20260917_b5424051	OZ116704.1	GCA_964199315.1	contig	OZ116704.1_IkB-like-1_cnidaria_ac0dd393	GCA_964199315.1	protein	IkB-like-1_cnidaria	17056774	17056908	173	217	2.9e-21	73.1			
model	hmm	20260917_b5424051	OZ116704.1	GCA_964199315.1	contig	OZ116704.1_IkB-like-1_cnidaria_ac0dd393	GCA_964199315.1	protein	IkB-like-1_cnidaria	17057482	17057871	218	347	8.9e-81	269.3			
model	hmm	20260917_b5424051	OZ116704.1	GCA_964199315.1	contig	OZ116704.1_IkB-like-1_cnidaria_ac0dd393	GCA_964199315.1	protein	IkB-like-1_cnidaria	17057982	17058197	348	419	1.3e-33	113.8			
model	hmm	20260917_b5424051	OZ116704.1	GCA_964199315.1	contig	OZ116704.1_IkB-like-1_cnidaria_f53ebbc6	GCA_964199315.1	protein	IkB-like-1_cnidaria	17082413	17082508	219	250	2.4e-08	30.5			
model	hmm	20260917_b5424051	OZ116704.1	GCA_964199315.1	contig	OZ116704.1_IkB-like-1_cnidaria_f53ebbc6	GCA_964199315.1	protein	IkB-like-1_cnidaria	17082690	17082905	251	318	2.1e-28	96.7			
model	hmm	20260917_b5424051	OZ116704.1	GCA_964199315.1	contig	OZ116704.1_IkB-like-1_cnidaria_f53ebbc6	GCA_964199315.1	protein	IkB-like-1_cnidaria	17084708	17084908	348	414	5.2e-19	65.7			
model	hmm	20260917_b5424051	OZ116704.1	GCA_964199315.1	contig	OZ116704.1_IkB-like-2_cnidaria_0630f200	GCA_964199315.1	protein	IkB-like-2_cnidaria	17057485	17057871	153	286	4.9e-44	148.0			
model	hmm	20260917_b5424051	OZ116704.1	GCA_964199315.1	contig	OZ116704.1_IkB-like-2_cnidaria_0630f200	GCA_964199315.1	protein	IkB-like-2_cnidaria	17084708	17084959	287	370	9.6e-51	170.1			
model	hmm	20260917_b5424051	OZ116704.1	GCA_964199315.1	contig	OZ116704.1_IkB-like-2_cnidaria_1a064885	GCA_964199315.1	protein	IkB-like-2_cnidaria	17080376	17080807	4	151	5.2e-15	52.4			
model	hmm	20260917_b5424051	OZ116704.1	GCA_964199315.1	contig	OZ116704.1_IkB-like-2_cnidaria_1a064885	GCA_964199315.1	protein	IkB-like-2_cnidaria	17082410	17082508	152	184	7.9e-16	55.1			
model	hmm	20260917_b5424051	OZ116704.1	GCA_964199315.1	contig	OZ116704.1_IkB-like-2_cnidaria_1a064885	GCA_964199315.1	protein	IkB-like-2_cnidaria	17082690	17082902	185	256	5.3e-42	141.3			
model	hmm	20260917_b5424051	OZ116704.1	GCA_964199315.1	contig	OZ116704.1_IkB-like-2_cnidaria_1a064885	GCA_964199315.1	protein	IkB-like-2_cnidaria	17083761	17083850	257	286	6.7e-12	42.2			
model	hmm	20260917_b5424051	OZ116704.1	GCA_964199315.1	contig	OZ116704.1_IkB-like-2_cnidaria_1a064885	GCA_964199315.1	protein	IkB-like-2_cnidaria	17084708	17084959	287	370	9.6e-51	170.1			
model	hmm	20260917_b5424051	OZ116701.1	GCA_964199315.1	contig	OZ116701.1_IkBa-like_cnidaria_f420e57a	GCA_964199315.1	protein	IkBa-like_cnidaria	8743993	8743598	2	136	2.3e-48	162.0			
model	hmm	20260917_b5424051	OZ116701.1	GCA_964199315.1	contig	OZ116701.1_IkBa-like_cnidaria_f420e57a	GCA_964199315.1	protein	IkBa-like_cnidaria	8743046	8742918	137	171	7.6e-17	58.3			
model	hmm	20260917_b5424051	OZ116701.1	GCA_964199315.1	contig	OZ116701.1_IkBa-like_cnidaria_f420e57a	GCA_964199315.1	protein	IkBa-like_cnidaria	8742756	8742505	172	249	4.5e-46	154.5			
model	hmm	20260917_b5424051	OZ116701.1	GCA_964199315.1	contig	OZ116701.1_IkBa-like_cnidaria_f420e57a	GCA_964199315.1	protein	IkBa-like_cnidaria	8741902	8741798	250	278	9.7e-13	44.8			
model	hmm	20260917_b5424051	OZ116701.1	GCA_964199315.1	contig	OZ116701.1_IkBa-like_cnidaria_f420e57a	GCA_964199315.1	protein	IkBa-like_cnidaria	8741411	8741115	279	373	2.4e-51	171.8			
model	hmm	20260917_b5424051	OZ116704.1	GCA_964199315.1	contig	OZ116704.1_IkBa-like_cnidaria_ddeffc96	GCA_964199315.1	protein	IkBa-like_cnidaria	17057482	17057868	137	278	1.7e-40	136.1			
model	hmm	20260917_b5424051	OZ116704.1	GCA_964199315.1	contig	OZ116704.1_IkBa-like_cnidaria_ddeffc96	GCA_964199315.1	protein	IkBa-like_cnidaria	17084708	17084965	280	366	3.9e-22	75.7			
model	hmm	20260917_b5424051	OZ116704.1	GCA_964199315.1	contig	OZ116704.1_IkBa-like_cnidaria_2124aa73	GCA_964199315.1	protein	IkBa-like_cnidaria	17082413	17082508	138	170	0.0013	14.8			
model	hmm	20260917_b5424051	OZ116704.1	GCA_964199315.1	contig	OZ116704.1_IkBa-like_cnidaria_2124aa73	GCA_964199315.1	protein	IkBa-like_cnidaria	17082690	17082869	171	230	7.4e-25	84.6			
model	hmm	20260917_b5424051	OZ116704.1	GCA_964199315.1	contig	OZ116704.1_IkBa-like_cnidaria_2124aa73	GCA_964199315.1	protein	IkBa-like_cnidaria	17083761	17083850	250	279	0.0026	13.7			
model	hmm	20260917_b5424051	OZ116704.1	GCA_964199315.1	contig	OZ116704.1_IkBa-like_cnidaria_2124aa73	GCA_964199315.1	protein	IkBa-like_cnidaria	17084708	17084965	280	366	3.9e-22	75.7			
model	hmm	20260917_b5424051	OZ116707.1	GCA_964199315.1	contig	OZ116707.1_p105-like_cnidaria_9f32f0b0	GCA_964199315.1	protein	p105-like_cnidaria	23878962	23878822	1	41	6e-19	64.5			
model	hmm	20260917_b5424051	OZ116707.1	GCA_964199315.1	contig	OZ116707.1_p105-like_cnidaria_9f32f0b0	GCA_964199315.1	protein	p105-like_cnidaria	23878406	23878362	42	52	0.0022	13.0			
model	hmm	20260917_b5424051	OZ116707.1	GCA_964199315.1	contig	OZ116707.1_p105-like_cnidaria_9f32f0b0	GCA_964199315.1	protein	p105-like_cnidaria	23877860	23877609	53	136	3.8e-58	194.2			
model	hmm	20260917_b5424051	OZ116707.1	GCA_964199315.1	contig	OZ116707.1_p105-like_cnidaria_9f32f0b0	GCA_964199315.1	protein	p105-like_cnidaria	23877012	23876785	137	209	1.7e-26	89.5			
model	hmm	20260917_b5424051	OZ116707.1	GCA_964199315.1	contig	OZ116707.1_p105-like_cnidaria_9f32f0b0	GCA_964199315.1	protein	p105-like_cnidaria	23876235	23876056	210	261	5.1e-31	104.4			
model	hmm	20260917_b5424051	OZ116707.1	GCA_964199315.1	contig	OZ116707.1_p105-like_cnidaria_9f32f0b0	GCA_964199315.1	protein	p105-like_cnidaria	23875542	23875426	262	296	8.1e-22	74.0			
model	hmm	20260917_b5424051	OZ116707.1	GCA_964199315.1	contig	OZ116707.1_p105-like_cnidaria_9f32f0b0	GCA_964199315.1	protein	p105-like_cnidaria	23875337	23875233	297	329	4.1e-13	45.2			
model	hmm	20260917_b5424051	OZ116707.1	GCA_964199315.1	contig	OZ116707.1_p105-like_cnidaria_9f32f0b0	GCA_964199315.1	protein	p105-like_cnidaria	23874533	23874396	330	375	8.6e-28	93.8			
model	hmm	20260917_b5424051	OZ116707.1	GCA_964199315.1	contig	OZ116707.1_p105-like_cnidaria_9f32f0b0	GCA_964199315.1	protein	p105-like_cnidaria	23872774	23872553	376	439	1.5e-22	76.4			
model	hmm	20260917_b5424051	OZ116707.1	GCA_964199315.1	contig	OZ116707.1_p105-like_cnidaria_9f32f0b0	GCA_964199315.1	protein	p105-like_cnidaria	23871583	23871497	440	464	0.019	9.9			
model	hmm	20260917_b5424051	OZ116707.1	GCA_964199315.1	contig	OZ116707.1_p105-like_cnidaria_9f32f0b0	GCA_964199315.1	protein	p105-like_cnidaria	23871066	23870920	466	514	5e-22	74.7			
model	hmm	20260917_b5424051	OZ116707.1	GCA_964199315.1	contig	OZ116707.1_p105-like_cnidaria_9f32f0b0	GCA_964199315.1	protein	p105-like_cnidaria	23870486	23870343	515	550	3.9e-18	61.8			
model	hmm	20260917_b5424051	OZ116707.1	GCA_964199315.1	contig	OZ116707.1_p105-like_cnidaria_9f32f0b0	GCA_964199315.1	protein	p105-like_cnidaria	23870003	23869776	551	618	8e-39	130.3			
model	hmm	20260917_b5424051	OZ116707.1	GCA_964199315.1	contig	OZ116707.1_p105-like_cnidaria_9f32f0b0	GCA_964199315.1	protein	p105-like_cnidaria	23869193	23869092	619	648	2.5e-13	45.9			
model	hmm	20260917_b5424051	OZ116707.1	GCA_964199315.1	contig	OZ116707.1_p105-like_cnidaria_9f32f0b0	GCA_964199315.1	protein	p105-like_cnidaria	23868728	23868618	649	675	3.8e-14	48.6			
model	hmm	20260917_b5424051	OZ116707.1	GCA_964199315.1	contig	OZ116707.1_p105-like_cnidaria_9f32f0b0	GCA_964199315.1	protein	p105-like_cnidaria	23868164	23867985	676	731	3.5e-30	101.7			
model	hmm	20260917_b5424051	OZ116707.1	GCA_964199315.1	contig	OZ116707.1_p105-like_cnidaria_9f32f0b0	GCA_964199315.1	protein	p105-like_cnidaria	23867437	23867372	732	749	0.0007	14.6			
model	hmm	20260917_b5424051	OZ116707.1	GCA_964199315.1	contig	OZ116707.1_p105-like_cnidaria_9f32f0b0	GCA_964199315.1	protein	p105-like_cnidaria	23866471	23866268	751	818	1.1e-24	83.5			
model	hmm	20260917_b5424051	OZ116707.1	GCA_964199315.1	contig	OZ116707.1_p105-like_cnidaria_9f32f0b0	GCA_964199315.1	protein	p105-like_cnidaria	23866038	23865868	819	866	6.4e-17	57.8			
model	hmm	20260917_b5424051	OZ116707.1	GCA_964199315.1	contig	OZ116707.1_p105-like_cnidaria_9f32f0b0	GCA_964199315.1	protein	p105-like_cnidaria	23865480	23865283	867	910	1.1e-08	30.5			
model	hmm	20260917_b5424051	OZ116704.1	GCA_964199315.1	contig	OZ116704.1_p105-like_cnidaria_ff8c5cfa	GCA_964199315.1	protein	p105-like_cnidaria	17057482	17057871	515	648	3.8e-27	91.3			
model	hmm	20260917_b5424051	OZ116704.1	GCA_964199315.1	contig	OZ116704.1_p105-like_cnidaria_ff8c5cfa	GCA_964199315.1	protein	p105-like_cnidaria	17057982	17058158	649	708	1.7e-09	33.0			
model	hmm	20260917_b5424051	OZ116704.1	GCA_964199315.1	contig	OZ116704.1_p105-like_cnidaria_2a8933e5	GCA_964199315.1	protein	p105-like_cnidaria	17057482	17057871	515	648	3.8e-27	91.3			
model	hmm	20260917_b5424051	OZ116704.1	GCA_964199315.1	contig	OZ116704.1_p105-like_cnidaria_2a8933e5	GCA_964199315.1	protein	p105-like_cnidaria	17084708	17084932	649	724	1.5e-12	43.1			
model	hmm	20260917_b5424051	OZ116704.1	GCA_964199315.1	contig	OZ116704.1_IkB-like-1_cnidaria_ac0dd393	GCA_964199315.1	protein	IkB-like-1_cnidaria	17055014	17055502	1	163	4.9e-28	95.4			
model	hmm	20260917_b5424051	OZ116704.1	GCA_964199315.1	contig	OZ116704.1_IkB-like-1_cnidaria_ac0dd393	GCA_964199315.1	protein	IkB-like-1_cnidaria	17056774	17056908	173	217	2.9e-21	73.1			
model	hmm	20260917_b5424051	OZ116704.1	GCA_964199315.1	contig	OZ116704.1_IkB-like-1_cnidaria_ac0dd393	GCA_964199315.1	protein	IkB-like-1_cnidaria	17057482	17057871	218	347	8.9e-81	269.3			
model	hmm	20260917_b5424051	OZ116704.1	GCA_964199315.1	contig	OZ116704.1_IkB-like-1_cnidaria_ac0dd393	GCA_964199315.1	protein	IkB-like-1_cnidaria	17057982	17058197	348	419	1.3e-33	113.8			
model	hmm	20260917_b5424051	OZ116704.1	GCA_964199315.1	contig	OZ116704.1_IkB-like-1_cnidaria_f53ebbc6	GCA_964199315.1	protein	IkB-like-1_cnidaria	17082413	17082508	219	250	2.4e-08	30.5			
model	hmm	20260917_b5424051	OZ116704.1	GCA_964199315.1	contig	OZ116704.1_IkB-like-1_cnidaria_f53ebbc6	GCA_964199315.1	protein	IkB-like-1_cnidaria	17082690	17082905	251	318	2.1e-28	96.7			
model	hmm	20260917_b5424051	OZ116704.1	GCA_964199315.1	contig	OZ116704.1_IkB-like-1_cnidaria_f53ebbc6	GCA_964199315.1	protein	IkB-like-1_cnidaria	17084708	17084908	348	414	5.2e-19	65.7			
model	hmm	20260917_b5424051	OZ116704.1	GCA_964199315.1	contig	OZ116704.1_IkB-like-2_cnidaria_0630f200	GCA_964199315.1	protein	IkB-like-2_cnidaria	17057485	17057871	153	286	4.9e-44	148.0			
model	hmm	20260917_b5424051	OZ116704.1	GCA_964199315.1	contig	OZ116704.1_IkB-like-2_cnidaria_0630f200	GCA_964199315.1	protein	IkB-like-2_cnidaria	17084708	17084959	287	370	9.6e-51	170.1			
model	hmm	20260917_b5424051	OZ116704.1	GCA_964199315.1	contig	OZ116704.1_IkB-like-2_cnidaria_1a064885	GCA_964199315.1	protein	IkB-like-2_cnidaria	17080376	17080807	4	151	5.2e-15	52.4			
model	hmm	20260917_b5424051	OZ116704.1	GCA_964199315.1	contig	OZ116704.1_IkB-like-2_cnidaria_1a064885	GCA_964199315.1	protein	IkB-like-2_cnidaria	17082410	17082508	152	184	7.9e-16	55.1			
model	hmm	20260917_b5424051	OZ116704.1	GCA_964199315.1	contig	OZ116704.1_IkB-like-2_cnidaria_1a064885	GCA_964199315.1	protein	IkB-like-2_cnidaria	17082690	17082902	185	256	5.3e-42	141.3			
model	hmm	20260917_b5424051	OZ116704.1	GCA_964199315.1	contig	OZ116704.1_IkB-like-2_cnidaria_1a064885	GCA_964199315.1	protein	IkB-like-2_cnidaria	17083761	17083850	257	286	6.7e-12	42.2			
model	hmm	20260917_b5424051	OZ116704.1	GCA_964199315.1	contig	OZ116704.1_IkB-like-2_cnidaria_1a064885	GCA_964199315.1	protein	IkB-like-2_cnidaria	17084708	17084959	287	370	9.6e-51	170.1			
model	hmm	20260917_b5424051	OZ116701.1	GCA_964199315.1	contig	OZ116701.1_IkBa-like_cnidaria_f420e57a	GCA_964199315.1	protein	IkBa-like_cnidaria	8743993	8743598	2	136	2.3e-48	162.0			
model	hmm	20260917_b5424051	OZ116701.1	GCA_964199315.1	contig	OZ116701.1_IkBa-like_cnidaria_f420e57a	GCA_964199315.1	protein	IkBa-like_cnidaria	8743046	8742918	137	171	7.6e-17	58.3			
model	hmm	20260917_b5424051	OZ116701.1	GCA_964199315.1	contig	OZ116701.1_IkBa-like_cnidaria_f420e57a	GCA_964199315.1	protein	IkBa-like_cnidaria	8742756	8742505	172	249	4.5e-46	154.5			
model	hmm	20260917_b5424051	OZ116701.1	GCA_964199315.1	contig	OZ116701.1_IkBa-like_cnidaria_f420e57a	GCA_964199315.1	protein	IkBa-like_cnidaria	8741902	8741798	250	278	9.7e-13	44.8			
model	hmm	20260917_b5424051	OZ116701.1	GCA_964199315.1	contig	OZ116701.1_IkBa-like_cnidaria_f420e57a	GCA_964199315.1	protein	IkBa-like_cnidaria	8741411	8741115	279	373	2.4e-51	171.8			
model	hmm	20260917_b5424051	OZ116704.1	GCA_964199315.1	contig	OZ116704.1_IkBa-like_cnidaria_ddeffc96	GCA_964199315.1	protein	IkBa-like_cnidaria	17057482	17057868	137	278	1.7e-40	136.1			
model	hmm	20260917_b5424051	OZ116704.1	GCA_964199315.1	contig	OZ116704.1_IkBa-like_cnidaria_ddeffc96	GCA_964199315.1	protein	IkBa-like_cnidaria	17084708	17084965	280	366	3.9e-22	75.7			
model	hmm	20260917_b5424051	OZ116704.1	GCA_964199315.1	contig	OZ116704.1_IkBa-like_cnidaria_2124aa73	GCA_964199315.1	protein	IkBa-like_cnidaria	17082413	17082508	138	170	0.0013	14.8			
model	hmm	20260917_b5424051	OZ116704.1	GCA_964199315.1	contig	OZ116704.1_IkBa-like_cnidaria_2124aa73	GCA_964199315.1	protein	IkBa-like_cnidaria	17082690	17082869	171	230	7.4e-25	84.6			
model	hmm	20260917_b5424051	OZ116704.1	GCA_964199315.1	contig	OZ116704.1_IkBa-like_cnidaria_2124aa73	GCA_964199315.1	protein	IkBa-like_cnidaria	17083761	17083850	250	279	0.0026	13.7			
model	hmm	20260917_b5424051	OZ116704.1	GCA_964199315.1	contig	OZ116704.1_IkBa-like_cnidaria_2124aa73	GCA_964199315.1	protein	IkBa-like_cnidaria	17084708	17084965	280	366	3.9e-22	75.7			
model	hmm	20260917_b5424051	NW_015441067.1	GCF_000222465.1	contig	NW_015441067.1_p105-like_cnidaria_c1c4e8b6	GCF_000222465.1	protein	p105-like_cnidaria	1249908	1250030	1	41	2.3e-19	65.7			
model	hmm	20260917_b5424051	NW_015441067.1	GCF_000222465.1	contig	NW_015441067.1_p105-like_cnidaria_c1c4e8b6	GCF_000222465.1	protein	p105-like_cnidaria	1250598	1250630	42	52	0.0019	13.0			
model	hmm	20260917_b5424051	NW_015441067.1	GCF_000222465.1	contig	NW_015441067.1_p105-like_cnidaria_c1c4e8b6	GCF_000222465.1	protein	p105-like_cnidaria	1251138	1251389	53	136	1.1e-59	199.1			
model	hmm	20260917_b5424051	NW_015441067.1	GCF_000222465.1	contig	NW_015441067.1_p105-like_cnidaria_c1c4e8b6	GCF_000222465.1	protein	p105-like_cnidaria	1251936	1252148	137	208	2.1e-30	102.2			
model	hmm	20260917_b5424051	NW_015441067.1	GCF_000222465.1	contig	NW_015441067.1_p105-like_cnidaria_c1c4e8b6	GCF_000222465.1	protein	p105-like_cnidaria	1252582	1252740	209	261	7.7e-30	100.4			
model	hmm	20260917_b5424051	NW_015441067.1	GCF_000222465.1	contig	NW_015441067.1_p105-like_cnidaria_c1c4e8b6	GCF_000222465.1	protein	p105-like_cnidaria	1253093	1253206	262	299	9.5e-22	73.6			
model	hmm	20260917_b5424051	NW_015441067.1	GCF_000222465.1	contig	NW_015441067.1_p105-like_cnidaria_c1c4e8b6	GCF_000222465.1	protein	p105-like_cnidaria	1255396	1255533	330	375	1.3e-29	99.6			
model	hmm	20260917_b5424051	NW_015441067.1	GCF_000222465.1	contig	NW_015441067.1_p105-like_cnidaria_c1c4e8b6	GCF_000222465.1	protein	p105-like_cnidaria	1256264	1256461	376	440	7.5e-29	97.1			
model	hmm	20260917_b5424051	NW_015441067.1	GCF_000222465.1	contig	NW_015441067.1_p105-like_cnidaria_c1c4e8b6	GCF_000222465.1	protein	p105-like_cnidaria	1260103	1260324	545	618	7.3e-41	136.8			
model	hmm	20260917_b5424051	NW_015441067.1	GCF_000222465.1	contig	NW_015441067.1_p105-like_cnidaria_c1c4e8b6	GCF_000222465.1	protein	p105-like_cnidaria	1261331	1261420	619	648	2.3e-12	42.5			
model	hmm	20260917_b5424051	NW_015441067.1	GCF_000222465.1	contig	NW_015441067.1_p105-like_cnidaria_c1c4e8b6	GCF_000222465.1	protein	p105-like_cnidaria	1261511	1261597	649	677	1.2e-12	43.5			
model	hmm	20260917_b5424051	NW_015441067.1	GCF_000222465.1	contig	NW_015441067.1_p105-like_cnidaria_c1c4e8b6	GCF_000222465.1	protein	p105-like_cnidaria	1263456	1263632	760	818	2.7e-25	85.3			
model	hmm	20260917_b5424051	NW_015441067.1	GCF_000222465.1	contig	NW_015441067.1_p105-like_cnidaria_c1c4e8b6	GCF_000222465.1	protein	p105-like_cnidaria	1264057	1264206	819	866	4e-21	71.5			
model	hmm	20260917_b5424051	NW_015441067.1	GCF_000222465.1	contig	NW_015441067.1_p105-like_cnidaria_c1c4e8b6	GCF_000222465.1	protein	p105-like_cnidaria	1264499	1264630	867	910	6.7e-09	31.1			
model	hmm	20260917_b5424051	NW_015441482.1	GCF_000222465.1	contig	NW_015441482.1_p105-like_cnidaria_83c2320a	GCF_000222465.1	protein	p105-like_cnidaria	213491	213099	515	647	1.9e-28	95.5			
model	hmm	20260917_b5424051	NW_015441482.1	GCF_000222465.1	contig	NW_015441482.1_p105-like_cnidaria_83c2320a	GCF_000222465.1	protein	p105-like_cnidaria	212568	212395	648	706	4.1e-09	31.5			
model	hmm	20260917_b5424051	NW_015441482.1	GCF_000222465.1	contig	NW_015441482.1_IkB-like-1_cnidaria_74e7795c	GCF_000222465.1	protein	IkB-like-1_cnidaria	214225	214112	173	217	3.4e-15	52.9			
model	hmm	20260917_b5424051	NW_015441482.1	GCF_000222465.1	contig	NW_015441482.1_IkB-like-1_cnidaria_74e7795c	GCF_000222465.1	protein	IkB-like-1_cnidaria	213491	213102	218	347	3e-81	270.6			
model	hmm	20260917_b5424051	NW_015441482.1	GCF_000222465.1	contig	NW_015441482.1_IkB-like-1_cnidaria_74e7795c	GCF_000222465.1	protein	IkB-like-1_cnidaria	212571	212353	348	418	5.7e-36	121.4			
model	hmm	20260917_b5424051	NW_015441482.1	GCF_000222465.1	contig	NW_015441482.1_IkB-like-1_cnidaria_9cc761db	GCF_000222465.1	protein	IkB-like-1_cnidaria	217236	216868	13	105	5.4e-22	75.4			
model	hmm	20260917_b5424051	NW_015441482.1	GCF_000222465.1	contig	NW_015441482.1_IkB-like-1_cnidaria_9cc761db	GCF_000222465.1	protein	IkB-like-1_cnidaria	216979	216776	106	171	3.7e-12	43.0			
model	hmm	20260917_b5424051	NW_015441482.1	GCF_000222465.1	contig	NW_015441482.1_IkB-like-1_cnidaria_9cc761db	GCF_000222465.1	protein	IkB-like-1_cnidaria	214225	214112	173	217	3.7e-15	52.9			
model	hmm	20260917_b5424051	NW_015441482.1	GCF_000222465.1	contig	NW_015441482.1_IkB-like-1_cnidaria_9cc761db	GCF_000222465.1	protein	IkB-like-1_cnidaria	213491	213102	218	347	3.2e-81	270.6			
model	hmm	20260917_b5424051	NW_015441482.1	GCF_000222465.1	contig	NW_015441482.1_IkB-like-1_cnidaria_9cc761db	GCF_000222465.1	protein	IkB-like-1_cnidaria	212571	212353	348	418	6.2e-36	121.4			
model	hmm	20260917_b5424051	NW_015441370.1	GCF_000222465.1	contig	NW_015441370.1_IkBa-like_cnidaria_a64eb5e5	GCF_000222465.1	protein	IkBa-like_cnidaria	420952	421365	1	136	8.7e-51	169.6			
model	hmm	20260917_b5424051	NW_015441370.1	GCF_000222465.1	contig	NW_015441370.1_IkBa-like_cnidaria_a64eb5e5	GCF_000222465.1	protein	IkBa-like_cnidaria	422493	422597	137	171	2.8e-15	52.8			
model	hmm	20260917_b5424051	NW_015441370.1	GCF_000222465.1	contig	NW_015441370.1_IkBa-like_cnidaria_a64eb5e5	GCF_000222465.1	protein	IkBa-like_cnidaria	422777	423013	172	250	1.2e-44	149.5			
model	hmm	20260917_b5424051	NW_015441067.1	GCF_000222465.1	contig	NW_015441067.1_p105-like_cnidaria_c1c4e8b6	GCF_000222465.1	protein	p105-like_cnidaria	1249908	1250030	1	41	2.3e-19	65.7			
model	hmm	20260917_b5424051	NW_015441067.1	GCF_000222465.1	contig	NW_015441067.1_p105-like_cnidaria_c1c4e8b6	GCF_000222465.1	protein	p105-like_cnidaria	1250598	1250630	42	52	0.0019	13.0			
model	hmm	20260917_b5424051	NW_015441067.1	GCF_000222465.1	contig	NW_015441067.1_p105-like_cnidaria_c1c4e8b6	GCF_000222465.1	protein	p105-like_cnidaria	1251138	1251389	53	136	1.1e-59	199.1			
model	hmm	20260917_b5424051	NW_015441067.1	GCF_000222465.1	contig	NW_015441067.1_p105-like_cnidaria_c1c4e8b6	GCF_000222465.1	protein	p105-like_cnidaria	1251936	1252148	137	208	2.1e-30	102.2			
model	hmm	20260917_b5424051	NW_015441067.1	GCF_000222465.1	contig	NW_015441067.1_p105-like_cnidaria_c1c4e8b6	GCF_000222465.1	protein	p105-like_cnidaria	1252582	1252740	209	261	7.7e-30	100.4			
model	hmm	20260917_b5424051	NW_015441067.1	GCF_000222465.1	contig	NW_015441067.1_p105-like_cnidaria_c1c4e8b6	GCF_000222465.1	protein	p105-like_cnidaria	1253093	1253206	262	299	9.5e-22	73.6			
model	hmm	20260917_b5424051	NW_015441067.1	GCF_000222465.1	contig	NW_015441067.1_p105-like_cnidaria_c1c4e8b6	GCF_000222465.1	protein	p105-like_cnidaria	1255396	1255533	330	375	1.3e-29	99.6			
model	hmm	20260917_b5424051	NW_015441067.1	GCF_000222465.1	contig	NW_015441067.1_p105-like_cnidaria_c1c4e8b6	GCF_000222465.1	protein	p105-like_cnidaria	1256264	1256461	376	440	7.5e-29	97.1			
model	hmm	20260917_b5424051	NW_015441067.1	GCF_000222465.1	contig	NW_015441067.1_p105-like_cnidaria_c1c4e8b6	GCF_000222465.1	protein	p105-like_cnidaria	1260103	1260324	545	618	7.3e-41	136.8			
model	hmm	20260917_b5424051	NW_015441067.1	GCF_000222465.1	contig	NW_015441067.1_p105-like_cnidaria_c1c4e8b6	GCF_000222465.1	protein	p105-like_cnidaria	1261331	1261420	619	648	2.3e-12	42.5			
model	hmm	20260917_b5424051	NW_015441067.1	GCF_000222465.1	contig	NW_015441067.1_p105-like_cnidaria_c1c4e8b6	GCF_000222465.1	protein	p105-like_cnidaria	1261511	1261597	649	677	1.2e-12	43.5			
model	hmm	20260917_b5424051	NW_015441067.1	GCF_000222465.1	contig	NW_015441067.1_p105-like_cnidaria_c1c4e8b6	GCF_000222465.1	protein	p105-like_cnidaria	1263456	1263632	760	818	2.7e-25	85.3			
model	hmm	20260917_b5424051	NW_015441067.1	GCF_000222465.1	contig	NW_015441067.1_p105-like_cnidaria_c1c4e8b6	GCF_000222465.1	protein	p105-like_cnidaria	1264057	1264206	819	866	4e-21	71.5			
model	hmm	20260917_b5424051	NW_015441067.1	GCF_000222465.1	contig	NW_015441067.1_p105-like_cnidaria_c1c4e8b6	GCF_000222465.1	protein	p105-like_cnidaria	1264499	1264630	867	910	6.7e-09	31.1			
model	hmm	20260917_b5424051	NW_015441482.1	GCF_000222465.1	contig	NW_015441482.1_p105-like_cnidaria_83c2320a	GCF_000222465.1	protein	p105-like_cnidaria	213491	213099	515	647	1.9e-28	95.5			
model	hmm	20260917_b5424051	NW_015441482.1	GCF_000222465.1	contig	NW_015441482.1_p105-like_cnidaria_83c2320a	GCF_000222465.1	protein	p105-like_cnidaria	212568	212395	648	706	4.1e-09	31.5			
model	hmm	20260917_b5424051	NW_015441482.1	GCF_000222465.1	contig	NW_015441482.1_IkB-like-1_cnidaria_9cc761db	GCF_000222465.1	protein	IkB-like-1_cnidaria	217236	216868	13	105	5.4e-22	75.4			
model	hmm	20260917_b5424051	NW_015441482.1	GCF_000222465.1	contig	NW_015441482.1_IkB-like-1_cnidaria_9cc761db	GCF_000222465.1	protein	IkB-like-1_cnidaria	216979	216776	106	171	3.7e-12	43.0			
model	hmm	20260917_b5424051	NW_015441482.1	GCF_000222465.1	contig	NW_015441482.1_IkB-like-1_cnidaria_9cc761db	GCF_000222465.1	protein	IkB-like-1_cnidaria	214225	214112	173	217	3.7e-15	52.9			
model	hmm	20260917_b5424051	NW_015441482.1	GCF_000222465.1	contig	NW_015441482.1_IkB-like-1_cnidaria_9cc761db	GCF_000222465.1	protein	IkB-like-1_cnidaria	213491	213102	218	347	3.2e-81	270.6			
model	hmm	20260917_b5424051	NW_015441482.1	GCF_000222465.1	contig	NW_015441482.1_IkB-like-1_cnidaria_9cc761db	GCF_000222465.1	protein	IkB-like-1_cnidaria	212571	212353	348	418	6.2e-36	121.4			
model	hmm	20260917_b5424051	NW_015441370.1	GCF_000222465.1	contig	NW_015441370.1_IkBa-like_cnidaria_a64eb5e5	GCF_000222465.1	protein	IkBa-like_cnidaria	420952	421365	1	136	8.7e-51	169.6			
model	hmm	20260917_b5424051	NW_015441370.1	GCF_000222465.1	contig	NW_015441370.1_IkBa-like_cnidaria_a64eb5e5	GCF_000222465.1	protein	IkBa-like_cnidaria	422493	422597	137	171	2.8e-15	52.8			
model	hmm	20260917_b5424051	NW_015441370.1	GCF_000222465.1	contig	NW_015441370.1_IkBa-like_cnidaria_a64eb5e5	GCF_000222465.1	protein	IkBa-like_cnidaria	422777	423013	172	250	1.2e-44	149.5			
model	hmm	20260917_b5424051	NC_133202.1	GCF_958299795.1	contig	NC_133202.1_p105-like_cnidaria_ad2e852d	GCF_958299795.1	protein	p105-like_cnidaria	39503395	39503312	16	41	0.0028	12.7			
model	hmm	20260917_b5424051	NC_133202.1	GCF_958299795.1	contig	NC_133202.1_p105-like_cnidaria_ad2e852d	GCF_958299795.1	protein	p105-like_cnidaria	39480412	39480371	42	53	0.0011	14.1			
model	hmm	20260917_b5424051	NC_133202.1	GCF_958299795.1	contig	NC_133202.1_p105-like_cnidaria_ad2e852d	GCF_958299795.1	protein	p105-like_cnidaria	39480130	39479732	54	136	4.5e-63	210.6			
model	hmm	20260917_b5424051	NC_133202.1	GCF_958299795.1	contig	NC_133202.1_p105-like_cnidaria_ad2e852d	GCF_958299795.1	protein	p105-like_cnidaria	39477958	39477716	137	209	1.6e-27	92.9			
model	hmm	20260917_b5424051	NC_133202.1	GCF_958299795.1	contig	NC_133202.1_p105-like_cnidaria_ad2e852d	GCF_958299795.1	protein	p105-like_cnidaria	39475072	39474821	210	262	1.2e-30	103.3			
model	hmm	20260917_b5424051	NC_133202.1	GCF_958299795.1	contig	NC_133202.1_p105-like_cnidaria_ad2e852d	GCF_958299795.1	protein	p105-like_cnidaria	39474626	39474501	263	296	1.8e-21	72.9			
model	hmm	20260917_b5424051	NC_133202.1	GCF_958299795.1	contig	NC_133202.1_p105-like_cnidaria_ad2e852d	GCF_958299795.1	protein	p105-like_cnidaria	39474173	39474045	297	329	8.8e-15	50.8			
model	hmm	20260917_b5424051	NC_133202.1	GCF_958299795.1	contig	NC_133202.1_p105-like_cnidaria_ad2e852d	GCF_958299795.1	protein	p105-like_cnidaria	39473288	39473151	330	375	3e-28	95.4			
model	hmm	20260917_b5424051	NC_133202.1	GCF_958299795.1	contig	NC_133202.1_p105-like_cnidaria_ad2e852d	GCF_958299795.1	protein	p105-like_cnidaria	39472160	39471972	376	440	7.2e-24	80.9			
model	hmm	20260917_b5424051	NC_133202.1	GCF_958299795.1	contig	NC_133202.1_p105-like_cnidaria_ad2e852d	GCF_958299795.1	protein	p105-like_cnidaria	39471356	39471285	441	464	0.0012	13.9			
model	hmm	20260917_b5424051	NC_133202.1	GCF_958299795.1	contig	NC_133202.1_p105-like_cnidaria_ad2e852d	GCF_958299795.1	protein	p105-like_cnidaria	39470836	39470663	465	514	6.8e-25	84.3			
model	hmm	20260917_b5424051	NC_133202.1	GCF_958299795.1	contig	NC_133202.1_p105-like_cnidaria_ad2e852d	GCF_958299795.1	protein	p105-like_cnidaria	39470071	39469940	515	550	1.5e-18	63.3			
model	hmm	20260917_b5424051	NC_133202.1	GCF_958299795.1	contig	NC_133202.1_p105-like_cnidaria_ad2e852d	GCF_958299795.1	protein	p105-like_cnidaria	39468377	39468150	551	618	7.4e-38	127.2			
model	hmm	20260917_b5424051	NC_133202.1	GCF_958299795.1	contig	NC_133202.1_p105-like_cnidaria_ad2e852d	GCF_958299795.1	protein	p105-like_cnidaria	39467798	39467700	619	647	6.2e-12	41.4			
model	hmm	20260917_b5424051	NC_133202.1	GCF_958299795.1	contig	NC_133202.1_p105-like_cnidaria_ad2e852d	GCF_958299795.1	protein	p105-like_cnidaria	39467318	39467223	648	675	5.4e-14	48.2			
model	hmm	20260917_b5424051	NC_133202.1	GCF_958299795.1	contig	NC_133202.1_p105-like_cnidaria_ad2e852d	GCF_958299795.1	protein	p105-like_cnidaria	39466740	39466555	676	731	4.5e-30	101.4			
model	hmm	20260917_b5424051	NC_133202.1	GCF_958299795.1	contig	NC_133202.1_p105-like_cnidaria_ad2e852d	GCF_958299795.1	protein	p105-like_cnidaria	39466184	39466104	732	754	0.0031	12.6			
model	hmm	20260917_b5424051	NC_133202.1	GCF_958299795.1	contig	NC_133202.1_p105-like_cnidaria_ad2e852d	GCF_958299795.1	protein	p105-like_cnidaria	39465519	39465325	760	818	6.6e-25	84.3			
model	hmm	20260917_b5424051	NC_133202.1	GCF_958299795.1	contig	NC_133202.1_p105-like_cnidaria_ad2e852d	GCF_958299795.1	protein	p105-like_cnidaria	39464730	39464539	819	866	1e-20	70.5			
model	hmm	20260917_b5424051	NC_133202.1	GCF_958299795.1	contig	NC_133202.1_p105-like_cnidaria_ad2e852d	GCF_958299795.1	protein	p105-like_cnidaria	39464088	39463957	867	910	2e-09	33.1			
model	hmm	20260917_b5424051	NC_133202.1	GCF_958299795.1	contig	NC_133202.1_p105-like_cnidaria_d8641047	GCF_958299795.1	protein	p105-like_cnidaria	39482003	39481863	1	41	1.7e-19	66.4			
model	hmm	20260917_b5424051	NC_133202.1	GCF_958299795.1	contig	NC_133202.1_p105-like_cnidaria_d8641047	GCF_958299795.1	protein	p105-like_cnidaria	39480412	39480371	42	53	0.0011	14.1			
model	hmm	20260917_b5424051	NC_133202.1	GCF_958299795.1	contig	NC_133202.1_p105-like_cnidaria_d8641047	GCF_958299795.1	protein	p105-like_cnidaria	39480130	39479732	54	136	4.5e-63	210.6			
model	hmm	20260917_b5424051	NC_133202.1	GCF_958299795.1	contig	NC_133202.1_p105-like_cnidaria_d8641047	GCF_958299795.1	protein	p105-like_cnidaria	39477958	39477716	137	209	1.6e-27	92.9			
model	hmm	20260917_b5424051	NC_133202.1	GCF_958299795.1	contig	NC_133202.1_p105-like_cnidaria_d8641047	GCF_958299795.1	protein	p105-like_cnidaria	39475072	39474821	210	262	1.2e-30	103.3			
model	hmm	20260917_b5424051	NC_133202.1	GCF_958299795.1	contig	NC_133202.1_p105-like_cnidaria_d8641047	GCF_958299795.1	protein	p105-like_cnidaria	39474626	39474501	263	296	1.8e-21	72.9			
model	hmm	20260917_b5424051	NC_133202.1	GCF_958299795.1	contig	NC_133202.1_p105-like_cnidaria_d8641047	GCF_958299795.1	protein	p105-like_cnidaria	39474173	39474045	297	329	8.8e-15	50.8			
model	hmm	20260917_b5424051	NC_133202.1	GCF_958299795.1	contig	NC_133202.1_p105-like_cnidaria_d8641047	GCF_958299795.1	protein	p105-like_cnidaria	39473288	39473151	330	375	3e-28	95.4			
model	hmm	20260917_b5424051	NC_133202.1	GCF_958299795.1	contig	NC_133202.1_p105-like_cnidaria_d8641047	GCF_958299795.1	protein	p105-like_cnidaria	39472160	39471972	376	440	7.2e-24	80.9			
model	hmm	20260917_b5424051	NC_133202.1	GCF_958299795.1	contig	NC_133202.1_p105-like_cnidaria_d8641047	GCF_958299795.1	protein	p105-like_cnidaria	39471356	39471285	441	464	0.0012	13.9			
model	hmm	20260917_b5424051	NC_133202.1	GCF_958299795.1	contig	NC_133202.1_p105-like_cnidaria_d8641047	GCF_958299795.1	protein	p105-like_cnidaria	39470836	39470663	465	514	6.8e-25	84.3			
model	hmm	20260917_b5424051	NC_133202.1	GCF_958299795.1	contig	NC_133202.1_p105-like_cnidaria_d8641047	GCF_958299795.1	protein	p105-like_cnidaria	39470071	39469940	515	550	1.5e-18	63.3			
model	hmm	20260917_b5424051	NC_133202.1	GCF_958299795.1	contig	NC_133202.1_p105-like_cnidaria_d8641047	GCF_958299795.1	protein	p105-like_cnidaria	39468377	39468150	551	618	7.4e-38	127.2			
model	hmm	20260917_b5424051	NC_133202.1	GCF_958299795.1	contig	NC_133202.1_p105-like_cnidaria_d8641047	GCF_958299795.1	protein	p105-like_cnidaria	39467798	39467700	619	647	6.2e-12	41.4			
model	hmm	20260917_b5424051	NC_133202.1	GCF_958299795.1	contig	NC_133202.1_p105-like_cnidaria_d8641047	GCF_958299795.1	protein	p105-like_cnidaria	39467318	39467223	648	675	5.4e-14	48.2			
model	hmm	20260917_b5424051	NC_133202.1	GCF_958299795.1	contig	NC_133202.1_p105-like_cnidaria_d8641047	GCF_958299795.1	protein	p105-like_cnidaria	39466740	39466555	676	731	4.5e-30	101.4			
model	hmm	20260917_b5424051	NC_133202.1	GCF_958299795.1	contig	NC_133202.1_p105-like_cnidaria_d8641047	GCF_958299795.1	protein	p105-like_cnidaria	39466184	39466104	732	754	0.0031	12.6			
model	hmm	20260917_b5424051	NC_133202.1	GCF_958299795.1	contig	NC_133202.1_p105-like_cnidaria_d8641047	GCF_958299795.1	protein	p105-like_cnidaria	39465519	39465325	760	818	6.6e-25	84.3			
model	hmm	20260917_b5424051	NC_133202.1	GCF_958299795.1	contig	NC_133202.1_p105-like_cnidaria_d8641047	GCF_958299795.1	protein	p105-like_cnidaria	39464730	39464539	819	866	1e-20	70.5			
model	hmm	20260917_b5424051	NC_133202.1	GCF_958299795.1	contig	NC_133202.1_p105-like_cnidaria_d8641047	GCF_958299795.1	protein	p105-like_cnidaria	39464088	39463957	867	910	2e-09	33.1			
model	hmm	20260917_b5424051	NC_133202.1	GCF_958299795.1	contig	NC_133202.1_p105-like_cnidaria_4a46802b	GCF_958299795.1	protein	p105-like_cnidaria	39521660	39521610	136	150	0.00034	15.4			
model	hmm	20260917_b5424051	NC_133202.1	GCF_958299795.1	contig	NC_133202.1_p105-like_cnidaria_4a46802b	GCF_958299795.1	protein	p105-like_cnidaria	39521629	39521411	151	207	1.8e-16	56.0			
model	hmm	20260917_b5424051	NC_133202.1	GCF_958299795.1	contig	NC_133202.1_p105-like_cnidaria_4a46802b	GCF_958299795.1	protein	p105-like_cnidaria	39520423	39520253	208	260	3.4e-30	101.4			
model	hmm	20260917_b5424051	NC_133202.1	GCF_958299795.1	contig	NC_133202.1_p105-like_cnidaria_4a46802b	GCF_958299795.1	protein	p105-like_cnidaria	39519948	39519835	261	296	2.6e-19	65.4			
model	hmm	20260917_b5424051	NC_133202.1	GCF_958299795.1	contig	NC_133202.1_p105-like_cnidaria_4a46802b	GCF_958299795.1	protein	p105-like_cnidaria	39519480	39519346	297	329	1.8e-14	49.4			
model	hmm	20260917_b5424051	NC_133202.1	GCF_958299795.1	contig	NC_133202.1_p105-like_cnidaria_4a46802b	GCF_958299795.1	protein	p105-like_cnidaria	39518849	39518712	330	375	4.6e-27	91.1			
model	hmm	20260917_b5424051	NC_133202.1	GCF_958299795.1	contig	NC_133202.1_p105-like_cnidaria_4a46802b	GCF_958299795.1	protein	p105-like_cnidaria	39516915	39516721	376	439	4.4e-13	44.8			
model	hmm	20260917_b5424051	NC_133202.1	GCF_958299795.1	contig	NC_133202.1_p105-like_cnidaria_3c8e6130	GCF_958299795.1	protein	p105-like_cnidaria	39592769	39592623	1	41	1.5e-18	63.1			
model	hmm	20260917_b5424051	NC_133202.1	GCF_958299795.1	contig	NC_133202.1_p105-like_cnidaria_3c8e6130	GCF_958299795.1	protein	p105-like_cnidaria	39591381	39591340	42	53	0.00091	14.1			
model	hmm	20260917_b5424051	NC_133202.1	GCF_958299795.1	contig	NC_133202.1_p105-like_cnidaria_3c8e6130	GCF_958299795.1	protein	p105-like_cnidaria	39591094	39590744	54	136	2.4e-58	194.7			
model	hmm	20260917_b5424051	NC_133202.1	GCF_958299795.1	contig	NC_133202.1_p105-like_cnidaria_3c8e6130	GCF_958299795.1	protein	p105-like_cnidaria	39589517	39589269	137	207	3e-27	91.8			
model	hmm	20260917_b5424051	NC_133202.1	GCF_958299795.1	contig	NC_133202.1_p105-like_cnidaria_3c8e6130	GCF_958299795.1	protein	p105-like_cnidaria	39588548	39588291	208	262	2.4e-32	108.7			
model	hmm	20260917_b5424051	NC_133202.1	GCF_958299795.1	contig	NC_133202.1_p105-like_cnidaria_3c8e6130	GCF_958299795.1	protein	p105-like_cnidaria	39588078	39587959	263	296	2.6e-20	68.9			
model	hmm	20260917_b5424051	NC_133202.1	GCF_958299795.1	contig	NC_133202.1_p105-like_cnidaria_3c8e6130	GCF_958299795.1	protein	p105-like_cnidaria	39587636	39587496	297	329	7.4e-15	50.8			
model	hmm	20260917_b5424051	NC_133202.1	GCF_958299795.1	contig	NC_133202.1_p105-like_cnidaria_3c8e6130	GCF_958299795.1	protein	p105-like_cnidaria	39587024	39586863	330	375	6.9e-28	94.0			
model	hmm	20260917_b5424051	NC_133202.1	GCF_958299795.1	contig	NC_133202.1_p105-like_cnidaria_3c8e6130	GCF_958299795.1	protein	p105-like_cnidaria	39585044	39584847	376	440	1.9e-13	46.2			
model	hmm	20260917_b5424051	NC_133210.1	GCF_958299795.1	contig	NC_133210.1_p105-like_cnidaria_e2e900c4	GCF_958299795.1	protein	p105-like_cnidaria	31374023	31373634	515	648	7.9e-29	96.9			
model	hmm	20260917_b5424051	NC_133210.1	GCF_958299795.1	contig	NC_133210.1_p105-like_cnidaria_e2e900c4	GCF_958299795.1	protein	p105-like_cnidaria	31372988	31372791	649	715	8.4e-09	30.7			
model	hmm	20260917_b5424051	NC_133210.1	GCF_958299795.1	contig	NC_133210.1_p105-like_cnidaria_040c9026	GCF_958299795.1	protein	p105-like_cnidaria	31354467	31354246	552	616	3.6e-15	51.7			
model	hmm	20260917_b5424051	NC_133210.1	GCF_958299795.1	contig	NC_133210.1_p105-like_cnidaria_040c9026	GCF_958299795.1	protein	p105-like_cnidaria	31353398	31353267	617	646	0.0008	14.2			
model	hmm	20260917_b5424051	NC_133210.1	GCF_958299795.1	contig	NC_133210.1_p105-like_cnidaria_040c9026	GCF_958299795.1	protein	p105-like_cnidaria	31352688	31352455	647	725	2.9e-14	48.7			
model	hmm	20260917_b5424051	NC_133210.1	GCF_958299795.1	contig	NC_133210.1_IkB-like-1_cnidaria_d8554d7e	GCF_958299795.1	protein	IkB-like-1_cnidaria	31377388	31376825	1	174	6.9e-44	147.7			
model	hmm	20260917_b5424051	NC_133210.1	GCF_958299795.1	contig	NC_133210.1_IkB-like-1_cnidaria_d8554d7e	GCF_958299795.1	protein	IkB-like-1_cnidaria	31375270	31375034	175	217	2.7e-22	76.6			
model	hmm	20260917_b5424051	NC_133210.1	GCF_958299795.1	contig	NC_133210.1_IkB-like-1_cnidaria_d8554d7e	GCF_958299795.1	protein	IkB-like-1_cnidaria	31374023	31373628	218	347	3.8e-83	277.1			
model	hmm	20260917_b5424051	NC_133210.1	GCF_958299795.1	contig	NC_133210.1_IkB-like-1_cnidaria_d8554d7e	GCF_958299795.1	protein	IkB-like-1_cnidaria	31372988	31372788	348	414	5.4e-35	118.4			
model	hmm	20260917_b5424051	NC_133210.1	GCF_958299795.1	contig	NC_133210.1_IkB-like-1_cnidaria_b96ee515	GCF_958299795.1	protein	IkB-like-1_cnidaria	31355107	31354985	219	251	1.5e-07	28.0			
model	hmm	20260917_b5424051	NC_133210.1	GCF_958299795.1	contig	NC_133210.1_IkB-like-1_cnidaria_b96ee515	GCF_958299795.1	protein	IkB-like-1_cnidaria	31354467	31354246	252	315	3.8e-24	82.7			
model	hmm	20260917_b5424051	NC_133210.1	GCF_958299795.1	contig	NC_133210.1_IkB-like-1_cnidaria_b96ee515	GCF_958299795.1	protein	IkB-like-1_cnidaria	31353404	31353279	316	345	0.00035	16.9			
model	hmm	20260917_b5424051	NC_133210.1	GCF_958299795.1	contig	NC_133210.1_IkB-like-1_cnidaria_b96ee515	GCF_958299795.1	protein	IkB-like-1_cnidaria	31352685	31352479	347	415	7.4e-20	68.5			
model	hmm	20260917_b5424051	NC_133210.1	GCF_958299795.1	contig	NC_133210.1_IkB-like-2_cnidaria_0ef4dd1e	GCF_958299795.1	protein	IkB-like-2_cnidaria	31374020	31373628	153	286	3e-43	145.4			
model	hmm	20260917_b5424051	NC_133210.1	GCF_958299795.1	contig	NC_133210.1_IkB-like-2_cnidaria_0ef4dd1e	GCF_958299795.1	protein	IkB-like-2_cnidaria	31372988	31372803	287	348	3.7e-21	72.6			
model	hmm	20260917_b5424051	NC_133210.1	GCF_958299795.1	contig	NC_133210.1_IkB-like-2_cnidaria_da06a719	GCF_958299795.1	protein	IkB-like-2_cnidaria	31374020	31373625	153	285	3e-43	145.4			
model	hmm	20260917_b5424051	NC_133210.1	GCF_958299795.1	contig	NC_133210.1_IkB-like-2_cnidaria_da06a719	GCF_958299795.1	protein	IkB-like-2_cnidaria	31352685	31352431	286	370	1.8e-51	172.4			
model	hmm	20260917_b5424051	NC_133210.1	GCF_958299795.1	contig	NC_133210.1_IkB-like-2_cnidaria_fb4d82d3	GCF_958299795.1	protein	IkB-like-2_cnidaria	31357716	31357264	5	151	2e-19	66.9			
model	hmm	20260917_b5424051	NC_133210.1	GCF_958299795.1	contig	NC_133210.1_IkB-like-2_cnidaria_fb4d82d3	GCF_958299795.1	protein	IkB-like-2_cnidaria	31355110	31354967	152	185	1.7e-15	54.0			
model	hmm	20260917_b5424051	NC_133210.1	GCF_958299795.1	contig	NC_133210.1_IkB-like-2_cnidaria_fb4d82d3	GCF_958299795.1	protein	IkB-like-2_cnidaria	31354467	31354246	186	254	2.5e-38	129.2			
model	hmm	20260917_b5424051	NC_133210.1	GCF_958299795.1	contig	NC_133210.1_IkB-like-2_cnidaria_fb4d82d3	GCF_958299795.1	protein	IkB-like-2_cnidaria	31353404	31353270	255	285	2.1e-12	43.8			
model	hmm	20260917_b5424051	NC_133210.1	GCF_958299795.1	contig	NC_133210.1_IkB-like-2_cnidaria_fb4d82d3	GCF_958299795.1	protein	IkB-like-2_cnidaria	31352685	31352431	286	370	1.8e-51	172.4			
model	hmm	20260917_b5424051	NC_133207.1	GCF_958299795.1	contig	NC_133207.1_IkBa-like_cnidaria_43e79ddf	GCF_958299795.1	protein	IkBa-like_cnidaria	7294829	7294425	2	136	1.3e-54	182.7			
model	hmm	20260917_b5424051	NC_133207.1	GCF_958299795.1	contig	NC_133207.1_IkBa-like_cnidaria_43e79ddf	GCF_958299795.1	protein	IkBa-like_cnidaria	7293890	7293780	137	171	5.8e-18	62.0			
model	hmm	20260917_b5424051	NC_133207.1	GCF_958299795.1	contig	NC_133207.1_IkBa-like_cnidaria_43e79ddf	GCF_958299795.1	protein	IkBa-like_cnidaria	7293594	7293355	172	249	1.6e-44	149.5			
model	hmm	20260917_b5424051	NC_133207.1	GCF_958299795.1	contig	NC_133207.1_IkBa-like_cnidaria_43e79ddf	GCF_958299795.1	protein	IkBa-like_cnidaria	7292692	7292588	250	278	2.5e-13	46.7			
model	hmm	20260917_b5424051	NC_133207.1	GCF_958299795.1	contig	NC_133207.1_IkBa-like_cnidaria_43e79ddf	GCF_958299795.1	protein	IkBa-like_cnidaria	7291978	7291688	279	373	9.9e-50	166.6			
model	hmm	20260917_b5424051	NC_133210.1	GCF_958299795.1	contig	NC_133210.1_IkBa-like_cnidaria_dff8cf09	GCF_958299795.1	protein	IkBa-like_cnidaria	31374023	31373616	137	279	6.9e-41	137.4			
model	hmm	20260917_b5424051	NC_133210.1	GCF_958299795.1	contig	NC_133210.1_IkBa-like_cnidaria_dff8cf09	GCF_958299795.1	protein	IkBa-like_cnidaria	31372988	31372800	280	343	6.7e-17	58.4			
model	hmm	20260917_b5424051	NC_133210.1	GCF_958299795.1	contig	NC_133210.1_IkBa-like_cnidaria_e10222e4	GCF_958299795.1	protein	IkBa-like_cnidaria	31374023	31373613	137	278	6.9e-41	137.4			
model	hmm	20260917_b5424051	NC_133210.1	GCF_958299795.1	contig	NC_133210.1_IkBa-like_cnidaria_e10222e4	GCF_958299795.1	protein	IkBa-like_cnidaria	31352685	31352428	279	365	3e-23	79.3			
model	hmm	20260917_b5424051	NC_133210.1	GCF_958299795.1	contig	NC_133210.1_IkBa-like_cnidaria_449cd344	GCF_958299795.1	protein	IkBa-like_cnidaria	31357689	31357528	10	63	0.0028	13.6			
model	hmm	20260917_b5424051	NC_133210.1	GCF_958299795.1	contig	NC_133210.1_IkBa-like_cnidaria_449cd344	GCF_958299795.1	protein	IkBa-like_cnidaria	31357500	31357264	64	136	0.0028	13.6			
model	hmm	20260917_b5424051	NC_133210.1	GCF_958299795.1	contig	NC_133210.1_IkBa-like_cnidaria_449cd344	GCF_958299795.1	protein	IkBa-like_cnidaria	31355107	31354985	138	171	0.0091	11.9			
model	hmm	20260917_b5424051	NC_133210.1	GCF_958299795.1	contig	NC_133210.1_IkBa-like_cnidaria_449cd344	GCF_958299795.1	protein	IkBa-like_cnidaria	31354467	31354312	172	223	5.8e-22	75.1			
model	hmm	20260917_b5424051	NC_133210.1	GCF_958299795.1	contig	NC_133210.1_IkBa-like_cnidaria_449cd344	GCF_958299795.1	protein	IkBa-like_cnidaria	31353368	31353270	248	278	0.021	10.8			
model	hmm	20260917_b5424051	NC_133210.1	GCF_958299795.1	contig	NC_133210.1_IkBa-like_cnidaria_449cd344	GCF_958299795.1	protein	IkBa-like_cnidaria	31352685	31352428	279	365	3e-23	79.3			
model	hmm	20260917_b5424051	NC_133202.1	GCF_958299795.1	contig	NC_133202.1_p105-like_cnidaria_ad2e852d	GCF_958299795.1	protein	p105-like_cnidaria	39503395	39503312	16	41	0.0028	12.7			
model	hmm	20260917_b5424051	NC_133202.1	GCF_958299795.1	contig	NC_133202.1_p105-like_cnidaria_ad2e852d	GCF_958299795.1	protein	p105-like_cnidaria	39480412	39480371	42	53	0.0011	14.1			
model	hmm	20260917_b5424051	NC_133202.1	GCF_958299795.1	contig	NC_133202.1_p105-like_cnidaria_ad2e852d	GCF_958299795.1	protein	p105-like_cnidaria	39480130	39479732	54	136	4.5e-63	210.6			
model	hmm	20260917_b5424051	NC_133202.1	GCF_958299795.1	contig	NC_133202.1_p105-like_cnidaria_ad2e852d	GCF_958299795.1	protein	p105-like_cnidaria	39477958	39477716	137	209	1.6e-27	92.9			
model	hmm	20260917_b5424051	NC_133202.1	GCF_958299795.1	contig	NC_133202.1_p105-like_cnidaria_ad2e852d	GCF_958299795.1	protein	p105-like_cnidaria	39475072	39474821	210	262	1.2e-30	103.3			
model	hmm	20260917_b5424051	NC_133202.1	GCF_958299795.1	contig	NC_133202.1_p105-like_cnidaria_ad2e852d	GCF_958299795.1	protein	p105-like_cnidaria	39474626	39474501	263	296	1.8e-21	72.9			
model	hmm	20260917_b5424051	NC_133202.1	GCF_958299795.1	contig	NC_133202.1_p105-like_cnidaria_ad2e852d	GCF_958299795.1	protein	p105-like_cnidaria	39474173	39474045	297	329	8.8e-15	50.8			
model	hmm	20260917_b5424051	NC_133202.1	GCF_958299795.1	contig	NC_133202.1_p105-like_cnidaria_ad2e852d	GCF_958299795.1	protein	p105-like_cnidaria	39473288	39473151	330	375	3e-28	95.4			
model	hmm	20260917_b5424051	NC_133202.1	GCF_958299795.1	contig	NC_133202.1_p105-like_cnidaria_ad2e852d	GCF_958299795.1	protein	p105-like_cnidaria	39472160	39471972	376	440	7.2e-24	80.9			
model	hmm	20260917_b5424051	NC_133202.1	GCF_958299795.1	contig	NC_133202.1_p105-like_cnidaria_ad2e852d	GCF_958299795.1	protein	p105-like_cnidaria	39471356	39471285	441	464	0.0012	13.9			
model	hmm	20260917_b5424051	NC_133202.1	GCF_958299795.1	contig	NC_133202.1_p105-like_cnidaria_ad2e852d	GCF_958299795.1	protein	p105-like_cnidaria	39470836	39470663	465	514	6.8e-25	84.3			
model	hmm	20260917_b5424051	NC_133202.1	GCF_958299795.1	contig	NC_133202.1_p105-like_cnidaria_ad2e852d	GCF_958299795.1	protein	p105-like_cnidaria	39470071	39469940	515	550	1.5e-18	63.3			
model	hmm	20260917_b5424051	NC_133202.1	GCF_958299795.1	contig	NC_133202.1_p105-like_cnidaria_ad2e852d	GCF_958299795.1	protein	p105-like_cnidaria	39468377	39468150	551	618	7.4e-38	127.2			
model	hmm	20260917_b5424051	NC_133202.1	GCF_958299795.1	contig	NC_133202.1_p105-like_cnidaria_ad2e852d	GCF_958299795.1	protein	p105-like_cnidaria	39467798	39467700	619	647	6.2e-12	41.4			
model	hmm	20260917_b5424051	NC_133202.1	GCF_958299795.1	contig	NC_133202.1_p105-like_cnidaria_ad2e852d	GCF_958299795.1	protein	p105-like_cnidaria	39467318	39467223	648	675	5.4e-14	48.2			
model	hmm	20260917_b5424051	NC_133202.1	GCF_958299795.1	contig	NC_133202.1_p105-like_cnidaria_ad2e852d	GCF_958299795.1	protein	p105-like_cnidaria	39466740	39466555	676	731	4.5e-30	101.4			
model	hmm	20260917_b5424051	NC_133202.1	GCF_958299795.1	contig	NC_133202.1_p105-like_cnidaria_ad2e852d	GCF_958299795.1	protein	p105-like_cnidaria	39466184	39466104	732	754	0.0031	12.6			
model	hmm	20260917_b5424051	NC_133202.1	GCF_958299795.1	contig	NC_133202.1_p105-like_cnidaria_ad2e852d	GCF_958299795.1	protein	p105-like_cnidaria	39465519	39465325	760	818	6.6e-25	84.3			
model	hmm	20260917_b5424051	NC_133202.1	GCF_958299795.1	contig	NC_133202.1_p105-like_cnidaria_ad2e852d	GCF_958299795.1	protein	p105-like_cnidaria	39464730	39464539	819	866	1e-20	70.5			
model	hmm	20260917_b5424051	NC_133202.1	GCF_958299795.1	contig	NC_133202.1_p105-like_cnidaria_ad2e852d	GCF_958299795.1	protein	p105-like_cnidaria	39464088	39463957	867	910	2e-09	33.1			
model	hmm	20260917_b5424051	NC_133202.1	GCF_958299795.1	contig	NC_133202.1_p105-like_cnidaria_d8641047	GCF_958299795.1	protein	p105-like_cnidaria	39482003	39481863	1	41	1.7e-19	66.4			
model	hmm	20260917_b5424051	NC_133202.1	GCF_958299795.1	contig	NC_133202.1_p105-like_cnidaria_d8641047	GCF_958299795.1	protein	p105-like_cnidaria	39480412	39480371	42	53	0.0011	14.1			
model	hmm	20260917_b5424051	NC_133202.1	GCF_958299795.1	contig	NC_133202.1_p105-like_cnidaria_d8641047	GCF_958299795.1	protein	p105-like_cnidaria	39480130	39479732	54	136	4.5e-63	210.6			
model	hmm	20260917_b5424051	NC_133202.1	GCF_958299795.1	contig	NC_133202.1_p105-like_cnidaria_d8641047	GCF_958299795.1	protein	p105-like_cnidaria	39477958	39477716	137	209	1.6e-27	92.9			
model	hmm	20260917_b5424051	NC_133202.1	GCF_958299795.1	contig	NC_133202.1_p105-like_cnidaria_d8641047	GCF_958299795.1	protein	p105-like_cnidaria	39475072	39474821	210	262	1.2e-30	103.3			
model	hmm	20260917_b5424051	NC_133202.1	GCF_958299795.1	contig	NC_133202.1_p105-like_cnidaria_d8641047	GCF_958299795.1	protein	p105-like_cnidaria	39474626	39474501	263	296	1.8e-21	72.9			
model	hmm	20260917_b5424051	NC_133202.1	GCF_958299795.1	contig	NC_133202.1_p105-like_cnidaria_d8641047	GCF_958299795.1	protein	p105-like_cnidaria	39474173	39474045	297	329	8.8e-15	50.8			
model	hmm	20260917_b5424051	NC_133202.1	GCF_958299795.1	contig	NC_133202.1_p105-like_cnidaria_d8641047	GCF_958299795.1	protein	p105-like_cnidaria	39473288	39473151	330	375	3e-28	95.4			
model	hmm	20260917_b5424051	NC_133202.1	GCF_958299795.1	contig	NC_133202.1_p105-like_cnidaria_d8641047	GCF_958299795.1	protein	p105-like_cnidaria	39472160	39471972	376	440	7.2e-24	80.9			
model	hmm	20260917_b5424051	NC_133202.1	GCF_958299795.1	contig	NC_133202.1_p105-like_cnidaria_d8641047	GCF_958299795.1	protein	p105-like_cnidaria	39471356	39471285	441	464	0.0012	13.9			
model	hmm	20260917_b5424051	NC_133202.1	GCF_958299795.1	contig	NC_133202.1_p105-like_cnidaria_d8641047	GCF_958299795.1	protein	p105-like_cnidaria	39470836	39470663	465	514	6.8e-25	84.3			
model	hmm	20260917_b5424051	NC_133202.1	GCF_958299795.1	contig	NC_133202.1_p105-like_cnidaria_d8641047	GCF_958299795.1	protein	p105-like_cnidaria	39470071	39469940	515	550	1.5e-18	63.3			
model	hmm	20260917_b5424051	NC_133202.1	GCF_958299795.1	contig	NC_133202.1_p105-like_cnidaria_d8641047	GCF_958299795.1	protein	p105-like_cnidaria	39468377	39468150	551	618	7.4e-38	127.2			
model	hmm	20260917_b5424051	NC_133202.1	GCF_958299795.1	contig	NC_133202.1_p105-like_cnidaria_d8641047	GCF_958299795.1	protein	p105-like_cnidaria	39467798	39467700	619	647	6.2e-12	41.4			
model	hmm	20260917_b5424051	NC_133202.1	GCF_958299795.1	contig	NC_133202.1_p105-like_cnidaria_d8641047	GCF_958299795.1	protein	p105-like_cnidaria	39467318	39467223	648	675	5.4e-14	48.2			
model	hmm	20260917_b5424051	NC_133202.1	GCF_958299795.1	contig	NC_133202.1_p105-like_cnidaria_d8641047	GCF_958299795.1	protein	p105-like_cnidaria	39466740	39466555	676	731	4.5e-30	101.4			
model	hmm	20260917_b5424051	NC_133202.1	GCF_958299795.1	contig	NC_133202.1_p105-like_cnidaria_d8641047	GCF_958299795.1	protein	p105-like_cnidaria	39466184	39466104	732	754	0.0031	12.6			
model	hmm	20260917_b5424051	NC_133202.1	GCF_958299795.1	contig	NC_133202.1_p105-like_cnidaria_d8641047	GCF_958299795.1	protein	p105-like_cnidaria	39465519	39465325	760	818	6.6e-25	84.3			
model	hmm	20260917_b5424051	NC_133202.1	GCF_958299795.1	contig	NC_133202.1_p105-like_cnidaria_d8641047	GCF_958299795.1	protein	p105-like_cnidaria	39464730	39464539	819	866	1e-20	70.5			
model	hmm	20260917_b5424051	NC_133202.1	GCF_958299795.1	contig	NC_133202.1_p105-like_cnidaria_d8641047	GCF_958299795.1	protein	p105-like_cnidaria	39464088	39463957	867	910	2e-09	33.1			
model	hmm	20260917_b5424051	NC_133202.1	GCF_958299795.1	contig	NC_133202.1_p105-like_cnidaria_4a46802b	GCF_958299795.1	protein	p105-like_cnidaria	39521660	39521610	136	150	0.00034	15.4			
model	hmm	20260917_b5424051	NC_133202.1	GCF_958299795.1	contig	NC_133202.1_p105-like_cnidaria_4a46802b	GCF_958299795.1	protein	p105-like_cnidaria	39521629	39521411	151	207	1.8e-16	56.0			
model	hmm	20260917_b5424051	NC_133202.1	GCF_958299795.1	contig	NC_133202.1_p105-like_cnidaria_4a46802b	GCF_958299795.1	protein	p105-like_cnidaria	39520423	39520253	208	260	3.4e-30	101.4			
model	hmm	20260917_b5424051	NC_133202.1	GCF_958299795.1	contig	NC_133202.1_p105-like_cnidaria_4a46802b	GCF_958299795.1	protein	p105-like_cnidaria	39519948	39519835	261	296	2.6e-19	65.4			
model	hmm	20260917_b5424051	NC_133202.1	GCF_958299795.1	contig	NC_133202.1_p105-like_cnidaria_4a46802b	GCF_958299795.1	protein	p105-like_cnidaria	39519480	39519346	297	329	1.8e-14	49.4			
model	hmm	20260917_b5424051	NC_133202.1	GCF_958299795.1	contig	NC_133202.1_p105-like_cnidaria_4a46802b	GCF_958299795.1	protein	p105-like_cnidaria	39518849	39518712	330	375	4.6e-27	91.1			
model	hmm	20260917_b5424051	NC_133202.1	GCF_958299795.1	contig	NC_133202.1_p105-like_cnidaria_4a46802b	GCF_958299795.1	protein	p105-like_cnidaria	39516915	39516721	376	439	4.4e-13	44.8			
model	hmm	20260917_b5424051	NC_133202.1	GCF_958299795.1	contig	NC_133202.1_p105-like_cnidaria_3c8e6130	GCF_958299795.1	protein	p105-like_cnidaria	39592769	39592623	1	41	1.5e-18	63.1			
model	hmm	20260917_b5424051	NC_133202.1	GCF_958299795.1	contig	NC_133202.1_p105-like_cnidaria_3c8e6130	GCF_958299795.1	protein	p105-like_cnidaria	39591381	39591340	42	53	0.00091	14.1			
model	hmm	20260917_b5424051	NC_133202.1	GCF_958299795.1	contig	NC_133202.1_p105-like_cnidaria_3c8e6130	GCF_958299795.1	protein	p105-like_cnidaria	39591094	39590744	54	136	2.4e-58	194.7			
model	hmm	20260917_b5424051	NC_133202.1	GCF_958299795.1	contig	NC_133202.1_p105-like_cnidaria_3c8e6130	GCF_958299795.1	protein	p105-like_cnidaria	39589517	39589269	137	207	3e-27	91.8			
model	hmm	20260917_b5424051	NC_133202.1	GCF_958299795.1	contig	NC_133202.1_p105-like_cnidaria_3c8e6130	GCF_958299795.1	protein	p105-like_cnidaria	39588548	39588291	208	262	2.4e-32	108.7			
model	hmm	20260917_b5424051	NC_133202.1	GCF_958299795.1	contig	NC_133202.1_p105-like_cnidaria_3c8e6130	GCF_958299795.1	protein	p105-like_cnidaria	39588078	39587959	263	296	2.6e-20	68.9			
model	hmm	20260917_b5424051	NC_133202.1	GCF_958299795.1	contig	NC_133202.1_p105-like_cnidaria_3c8e6130	GCF_958299795.1	protein	p105-like_cnidaria	39587636	39587496	297	329	7.4e-15	50.8			
model	hmm	20260917_b5424051	NC_133202.1	GCF_958299795.1	contig	NC_133202.1_p105-like_cnidaria_3c8e6130	GCF_958299795.1	protein	p105-like_cnidaria	39587024	39586863	330	375	6.9e-28	94.0			
model	hmm	20260917_b5424051	NC_133202.1	GCF_958299795.1	contig	NC_133202.1_p105-like_cnidaria_3c8e6130	GCF_958299795.1	protein	p105-like_cnidaria	39585044	39584847	376	440	1.9e-13	46.2			
model	hmm	20260917_b5424051	NC_133210.1	GCF_958299795.1	contig	NC_133210.1_p105-like_cnidaria_e2e900c4	GCF_958299795.1	protein	p105-like_cnidaria	31374023	31373634	515	648	7.9e-29	96.9			
model	hmm	20260917_b5424051	NC_133210.1	GCF_958299795.1	contig	NC_133210.1_p105-like_cnidaria_e2e900c4	GCF_958299795.1	protein	p105-like_cnidaria	31372988	31372791	649	715	8.4e-09	30.7			
model	hmm	20260917_b5424051	NC_133210.1	GCF_958299795.1	contig	NC_133210.1_p105-like_cnidaria_040c9026	GCF_958299795.1	protein	p105-like_cnidaria	31354467	31354246	552	616	3.6e-15	51.7			
model	hmm	20260917_b5424051	NC_133210.1	GCF_958299795.1	contig	NC_133210.1_p105-like_cnidaria_040c9026	GCF_958299795.1	protein	p105-like_cnidaria	31353398	31353267	617	646	0.0008	14.2			
model	hmm	20260917_b5424051	NC_133210.1	GCF_958299795.1	contig	NC_133210.1_p105-like_cnidaria_040c9026	GCF_958299795.1	protein	p105-like_cnidaria	31352688	31352455	647	725	2.9e-14	48.7			
model	hmm	20260917_b5424051	NC_133210.1	GCF_958299795.1	contig	NC_133210.1_IkB-like-1_cnidaria_d8554d7e	GCF_958299795.1	protein	IkB-like-1_cnidaria	31377388	31376825	1	174	6.9e-44	147.7			
model	hmm	20260917_b5424051	NC_133210.1	GCF_958299795.1	contig	NC_133210.1_IkB-like-1_cnidaria_d8554d7e	GCF_958299795.1	protein	IkB-like-1_cnidaria	31375270	31375034	175	217	2.7e-22	76.6			
model	hmm	20260917_b5424051	NC_133210.1	GCF_958299795.1	contig	NC_133210.1_IkB-like-1_cnidaria_d8554d7e	GCF_958299795.1	protein	IkB-like-1_cnidaria	31374023	31373628	218	347	3.8e-83	277.1			
model	hmm	20260917_b5424051	NC_133210.1	GCF_958299795.1	contig	NC_133210.1_IkB-like-1_cnidaria_d8554d7e	GCF_958299795.1	protein	IkB-like-1_cnidaria	31372988	31372788	348	414	5.4e-35	118.4			
model	hmm	20260917_b5424051	NC_133210.1	GCF_958299795.1	contig	NC_133210.1_IkB-like-1_cnidaria_b96ee515	GCF_958299795.1	protein	IkB-like-1_cnidaria	31355107	31354985	219	251	1.5e-07	28.0			
model	hmm	20260917_b5424051	NC_133210.1	GCF_958299795.1	contig	NC_133210.1_IkB-like-1_cnidaria_b96ee515	GCF_958299795.1	protein	IkB-like-1_cnidaria	31354467	31354246	252	315	3.8e-24	82.7			
model	hmm	20260917_b5424051	NC_133210.1	GCF_958299795.1	contig	NC_133210.1_IkB-like-1_cnidaria_b96ee515	GCF_958299795.1	protein	IkB-like-1_cnidaria	31353404	31353279	316	345	0.00035	16.9			
model	hmm	20260917_b5424051	NC_133210.1	GCF_958299795.1	contig	NC_133210.1_IkB-like-1_cnidaria_b96ee515	GCF_958299795.1	protein	IkB-like-1_cnidaria	31352685	31352479	347	415	7.4e-20	68.5			
model	hmm	20260917_b5424051	NC_133210.1	GCF_958299795.1	contig	NC_133210.1_IkB-like-2_cnidaria_0ef4dd1e	GCF_958299795.1	protein	IkB-like-2_cnidaria	31374020	31373628	153	286	3e-43	145.4			
model	hmm	20260917_b5424051	NC_133210.1	GCF_958299795.1	contig	NC_133210.1_IkB-like-2_cnidaria_0ef4dd1e	GCF_958299795.1	protein	IkB-like-2_cnidaria	31372988	31372803	287	348	3.7e-21	72.6			
model	hmm	20260917_b5424051	NC_133210.1	GCF_958299795.1	contig	NC_133210.1_IkB-like-2_cnidaria_da06a719	GCF_958299795.1	protein	IkB-like-2_cnidaria	31374020	31373625	153	285	3e-43	145.4			
model	hmm	20260917_b5424051	NC_133210.1	GCF_958299795.1	contig	NC_133210.1_IkB-like-2_cnidaria_da06a719	GCF_958299795.1	protein	IkB-like-2_cnidaria	31352685	31352431	286	370	1.8e-51	172.4			
model	hmm	20260917_b5424051	NC_133210.1	GCF_958299795.1	contig	NC_133210.1_IkB-like-2_cnidaria_fb4d82d3	GCF_958299795.1	protein	IkB-like-2_cnidaria	31357716	31357264	5	151	2e-19	66.9			
model	hmm	20260917_b5424051	NC_133210.1	GCF_958299795.1	contig	NC_133210.1_IkB-like-2_cnidaria_fb4d82d3	GCF_958299795.1	protein	IkB-like-2_cnidaria	31355110	31354967	152	185	1.7e-15	54.0			
model	hmm	20260917_b5424051	NC_133210.1	GCF_958299795.1	contig	NC_133210.1_IkB-like-2_cnidaria_fb4d82d3	GCF_958299795.1	protein	IkB-like-2_cnidaria	31354467	31354246	186	254	2.5e-38	129.2			
model	hmm	20260917_b5424051	NC_133210.1	GCF_958299795.1	contig	NC_133210.1_IkB-like-2_cnidaria_fb4d82d3	GCF_958299795.1	protein	IkB-like-2_cnidaria	31353404	31353270	255	285	2.1e-12	43.8			
model	hmm	20260917_b5424051	NC_133210.1	GCF_958299795.1	contig	NC_133210.1_IkB-like-2_cnidaria_fb4d82d3	GCF_958299795.1	protein	IkB-like-2_cnidaria	31352685	31352431	286	370	1.8e-51	172.4			
model	hmm	20260917_b5424051	NC_133207.1	GCF_958299795.1	contig	NC_133207.1_IkBa-like_cnidaria_43e79ddf	GCF_958299795.1	protein	IkBa-like_cnidaria	7294829	7294425	2	136	1.3e-54	182.7			
model	hmm	20260917_b5424051	NC_133207.1	GCF_958299795.1	contig	NC_133207.1_IkBa-like_cnidaria_43e79ddf	GCF_958299795.1	protein	IkBa-like_cnidaria	7293890	7293780	137	171	5.8e-18	62.0			
model	hmm	20260917_b5424051	NC_133207.1	GCF_958299795.1	contig	NC_133207.1_IkBa-like_cnidaria_43e79ddf	GCF_958299795.1	protein	IkBa-like_cnidaria	7293594	7293355	172	249	1.6e-44	149.5			
model	hmm	20260917_b5424051	NC_133207.1	GCF_958299795.1	contig	NC_133207.1_IkBa-like_cnidaria_43e79ddf	GCF_958299795.1	protein	IkBa-like_cnidaria	7292692	7292588	250	278	2.5e-13	46.7			
model	hmm	20260917_b5424051	NC_133207.1	GCF_958299795.1	contig	NC_133207.1_IkBa-like_cnidaria_43e79ddf	GCF_958299795.1	protein	IkBa-like_cnidaria	7291978	7291688	279	373	9.9e-50	166.6			
model	hmm	20260917_b5424051	NC_133210.1	GCF_958299795.1	contig	NC_133210.1_IkBa-like_cnidaria_dff8cf09	GCF_958299795.1	protein	IkBa-like_cnidaria	31374023	31373616	137	279	6.9e-41	137.4			
model	hmm	20260917_b5424051	NC_133210.1	GCF_958299795.1	contig	NC_133210.1_IkBa-like_cnidaria_dff8cf09	GCF_958299795.1	protein	IkBa-like_cnidaria	31372988	31372800	280	343	6.7e-17	58.4			
model	hmm	20260917_b5424051	NC_133210.1	GCF_958299795.1	contig	NC_133210.1_IkBa-like_cnidaria_e10222e4	GCF_958299795.1	protein	IkBa-like_cnidaria	31374023	31373613	137	278	6.9e-41	137.4			
model	hmm	20260917_b5424051	NC_133210.1	GCF_958299795.1	contig	NC_133210.1_IkBa-like_cnidaria_e10222e4	GCF_958299795.1	protein	IkBa-like_cnidaria	31352685	31352428	279	365	3e-23	79.3			
model	hmm	20260917_b5424051	NC_133210.1	GCF_958299795.1	contig	NC_133210.1_IkBa-like_cnidaria_449cd344	GCF_958299795.1	protein	IkBa-like_cnidaria	31357689	31357528	10	63	0.0028	13.6			
model	hmm	20260917_b5424051	NC_133210.1	GCF_958299795.1	contig	NC_133210.1_IkBa-like_cnidaria_449cd344	GCF_958299795.1	protein	IkBa-like_cnidaria	31357500	31357264	64	136	0.0028	13.6			
model	hmm	20260917_b5424051	NC_133210.1	GCF_958299795.1	contig	NC_133210.1_IkBa-like_cnidaria_449cd344	GCF_958299795.1	protein	IkBa-like_cnidaria	31355107	31354985	138	171	0.0091	11.9			
model	hmm	20260917_b5424051	NC_133210.1	GCF_958299795.1	contig	NC_133210.1_IkBa-like_cnidaria_449cd344	GCF_958299795.1	protein	IkBa-like_cnidaria	31354467	31354312	172	223	5.8e-22	75.1			
model	hmm	20260917_b5424051	NC_133210.1	GCF_958299795.1	contig	NC_133210.1_IkBa-like_cnidaria_449cd344	GCF_958299795.1	protein	IkBa-like_cnidaria	31353368	31353270	248	278	0.021	10.8			
model	hmm	20260917_b5424051	NC_133210.1	GCF_958299795.1	contig	NC_133210.1_IkBa-like_cnidaria_449cd344	GCF_958299795.1	protein	IkBa-like_cnidaria	31352685	31352428	279	365	3e-23	79.3			
model	hmm	20260917_b5424051	NC_133202.1	GCF_958299795.1	contig	NC_133202.1_p105-like_cnidaria_ad2e852d	GCF_958299795.1	protein	p105-like_cnidaria	39503395	39503312	16	41	0.0028	12.7			
model	hmm	20260917_b5424051	NC_133202.1	GCF_958299795.1	contig	NC_133202.1_p105-like_cnidaria_ad2e852d	GCF_958299795.1	protein	p105-like_cnidaria	39480412	39480371	42	53	0.0011	14.1			
model	hmm	20260917_b5424051	NC_133202.1	GCF_958299795.1	contig	NC_133202.1_p105-like_cnidaria_ad2e852d	GCF_958299795.1	protein	p105-like_cnidaria	39480130	39479732	54	136	4.5e-63	210.6			
model	hmm	20260917_b5424051	NC_133202.1	GCF_958299795.1	contig	NC_133202.1_p105-like_cnidaria_ad2e852d	GCF_958299795.1	protein	p105-like_cnidaria	39477958	39477716	137	209	1.6e-27	92.9			
model	hmm	20260917_b5424051	NC_133202.1	GCF_958299795.1	contig	NC_133202.1_p105-like_cnidaria_ad2e852d	GCF_958299795.1	protein	p105-like_cnidaria	39475072	39474821	210	262	1.2e-30	103.3			
model	hmm	20260917_b5424051	NC_133202.1	GCF_958299795.1	contig	NC_133202.1_p105-like_cnidaria_ad2e852d	GCF_958299795.1	protein	p105-like_cnidaria	39474626	39474501	263	296	1.8e-21	72.9			
model	hmm	20260917_b5424051	NC_133202.1	GCF_958299795.1	contig	NC_133202.1_p105-like_cnidaria_ad2e852d	GCF_958299795.1	protein	p105-like_cnidaria	39474173	39474045	297	329	8.8e-15	50.8			
model	hmm	20260917_b5424051	NC_133202.1	GCF_958299795.1	contig	NC_133202.1_p105-like_cnidaria_ad2e852d	GCF_958299795.1	protein	p105-like_cnidaria	39473288	39473151	330	375	3e-28	95.4			
model	hmm	20260917_b5424051	NC_133202.1	GCF_958299795.1	contig	NC_133202.1_p105-like_cnidaria_ad2e852d	GCF_958299795.1	protein	p105-like_cnidaria	39472160	39471972	376	440	7.2e-24	80.9			
model	hmm	20260917_b5424051	NC_133202.1	GCF_958299795.1	contig	NC_133202.1_p105-like_cnidaria_ad2e852d	GCF_958299795.1	protein	p105-like_cnidaria	39471356	39471285	441	464	0.0012	13.9			
model	hmm	20260917_b5424051	NC_133202.1	GCF_958299795.1	contig	NC_133202.1_p105-like_cnidaria_ad2e852d	GCF_958299795.1	protein	p105-like_cnidaria	39470836	39470663	465	514	6.8e-25	84.3			
model	hmm	20260917_b5424051	NC_133202.1	GCF_958299795.1	contig	NC_133202.1_p105-like_cnidaria_ad2e852d	GCF_958299795.1	protein	p105-like_cnidaria	39470071	39469940	515	550	1.5e-18	63.3			
model	hmm	20260917_b5424051	NC_133202.1	GCF_958299795.1	contig	NC_133202.1_p105-like_cnidaria_ad2e852d	GCF_958299795.1	protein	p105-like_cnidaria	39468377	39468150	551	618	7.4e-38	127.2			
model	hmm	20260917_b5424051	NC_133202.1	GCF_958299795.1	contig	NC_133202.1_p105-like_cnidaria_ad2e852d	GCF_958299795.1	protein	p105-like_cnidaria	39467798	39467700	619	647	6.2e-12	41.4			
model	hmm	20260917_b5424051	NC_133202.1	GCF_958299795.1	contig	NC_133202.1_p105-like_cnidaria_ad2e852d	GCF_958299795.1	protein	p105-like_cnidaria	39467318	39467223	648	675	5.4e-14	48.2			
model	hmm	20260917_b5424051	NC_133202.1	GCF_958299795.1	contig	NC_133202.1_p105-like_cnidaria_ad2e852d	GCF_958299795.1	protein	p105-like_cnidaria	39466740	39466555	676	731	4.5e-30	101.4			
model	hmm	20260917_b5424051	NC_133202.1	GCF_958299795.1	contig	NC_133202.1_p105-like_cnidaria_ad2e852d	GCF_958299795.1	protein	p105-like_cnidaria	39466184	39466104	732	754	0.0031	12.6			
model	hmm	20260917_b5424051	NC_133202.1	GCF_958299795.1	contig	NC_133202.1_p105-like_cnidaria_ad2e852d	GCF_958299795.1	protein	p105-like_cnidaria	39465519	39465325	760	818	6.6e-25	84.3			
model	hmm	20260917_b5424051	NC_133202.1	GCF_958299795.1	contig	NC_133202.1_p105-like_cnidaria_ad2e852d	GCF_958299795.1	protein	p105-like_cnidaria	39464730	39464539	819	866	1e-20	70.5			
model	hmm	20260917_b5424051	NC_133202.1	GCF_958299795.1	contig	NC_133202.1_p105-like_cnidaria_ad2e852d	GCF_958299795.1	protein	p105-like_cnidaria	39464088	39463957	867	910	2e-09	33.1			
model	hmm	20260917_b5424051	NC_133202.1	GCF_958299795.1	contig	NC_133202.1_p105-like_cnidaria_d8641047	GCF_958299795.1	protein	p105-like_cnidaria	39482003	39481863	1	41	1.7e-19	66.4			
model	hmm	20260917_b5424051	NC_133202.1	GCF_958299795.1	contig	NC_133202.1_p105-like_cnidaria_d8641047	GCF_958299795.1	protein	p105-like_cnidaria	39480412	39480371	42	53	0.0011	14.1			
model	hmm	20260917_b5424051	NC_133202.1	GCF_958299795.1	contig	NC_133202.1_p105-like_cnidaria_d8641047	GCF_958299795.1	protein	p105-like_cnidaria	39480130	39479732	54	136	4.5e-63	210.6			
model	hmm	20260917_b5424051	NC_133202.1	GCF_958299795.1	contig	NC_133202.1_p105-like_cnidaria_d8641047	GCF_958299795.1	protein	p105-like_cnidaria	39477958	39477716	137	209	1.6e-27	92.9			
model	hmm	20260917_b5424051	NC_133202.1	GCF_958299795.1	contig	NC_133202.1_p105-like_cnidaria_d8641047	GCF_958299795.1	protein	p105-like_cnidaria	39475072	39474821	210	262	1.2e-30	103.3			
model	hmm	20260917_b5424051	NC_133202.1	GCF_958299795.1	contig	NC_133202.1_p105-like_cnidaria_d8641047	GCF_958299795.1	protein	p105-like_cnidaria	39474626	39474501	263	296	1.8e-21	72.9			
model	hmm	20260917_b5424051	NC_133202.1	GCF_958299795.1	contig	NC_133202.1_p105-like_cnidaria_d8641047	GCF_958299795.1	protein	p105-like_cnidaria	39474173	39474045	297	329	8.8e-15	50.8			
model	hmm	20260917_b5424051	NC_133202.1	GCF_958299795.1	contig	NC_133202.1_p105-like_cnidaria_d8641047	GCF_958299795.1	protein	p105-like_cnidaria	39473288	39473151	330	375	3e-28	95.4			
model	hmm	20260917_b5424051	NC_133202.1	GCF_958299795.1	contig	NC_133202.1_p105-like_cnidaria_d8641047	GCF_958299795.1	protein	p105-like_cnidaria	39472160	39471972	376	440	7.2e-24	80.9			
model	hmm	20260917_b5424051	NC_133202.1	GCF_958299795.1	contig	NC_133202.1_p105-like_cnidaria_d8641047	GCF_958299795.1	protein	p105-like_cnidaria	39471356	39471285	441	464	0.0012	13.9			
model	hmm	20260917_b5424051	NC_133202.1	GCF_958299795.1	contig	NC_133202.1_p105-like_cnidaria_d8641047	GCF_958299795.1	protein	p105-like_cnidaria	39470836	39470663	465	514	6.8e-25	84.3			
model	hmm	20260917_b5424051	NC_133202.1	GCF_958299795.1	contig	NC_133202.1_p105-like_cnidaria_d8641047	GCF_958299795.1	protein	p105-like_cnidaria	39470071	39469940	515	550	1.5e-18	63.3			
model	hmm	20260917_b5424051	NC_133202.1	GCF_958299795.1	contig	NC_133202.1_p105-like_cnidaria_d8641047	GCF_958299795.1	protein	p105-like_cnidaria	39468377	39468150	551	618	7.4e-38	127.2			
model	hmm	20260917_b5424051	NC_133202.1	GCF_958299795.1	contig	NC_133202.1_p105-like_cnidaria_d8641047	GCF_958299795.1	protein	p105-like_cnidaria	39467798	39467700	619	647	6.2e-12	41.4			
model	hmm	20260917_b5424051	NC_133202.1	GCF_958299795.1	contig	NC_133202.1_p105-like_cnidaria_d8641047	GCF_958299795.1	protein	p105-like_cnidaria	39467318	39467223	648	675	5.4e-14	48.2			
model	hmm	20260917_b5424051	NC_133202.1	GCF_958299795.1	contig	NC_133202.1_p105-like_cnidaria_d8641047	GCF_958299795.1	protein	p105-like_cnidaria	39466740	39466555	676	731	4.5e-30	101.4			
model	hmm	20260917_b5424051	NC_133202.1	GCF_958299795.1	contig	NC_133202.1_p105-like_cnidaria_d8641047	GCF_958299795.1	protein	p105-like_cnidaria	39466184	39466104	732	754	0.0031	12.6			
model	hmm	20260917_b5424051	NC_133202.1	GCF_958299795.1	contig	NC_133202.1_p105-like_cnidaria_d8641047	GCF_958299795.1	protein	p105-like_cnidaria	39465519	39465325	760	818	6.6e-25	84.3			
model	hmm	20260917_b5424051	NC_133202.1	GCF_958299795.1	contig	NC_133202.1_p105-like_cnidaria_d8641047	GCF_958299795.1	protein	p105-like_cnidaria	39464730	39464539	819	866	1e-20	70.5			
model	hmm	20260917_b5424051	NC_133202.1	GCF_958299795.1	contig	NC_133202.1_p105-like_cnidaria_d8641047	GCF_958299795.1	protein	p105-like_cnidaria	39464088	39463957	867	910	2e-09	33.1			
model	hmm	20260917_b5424051	NC_133202.1	GCF_958299795.1	contig	NC_133202.1_p105-like_cnidaria_4a46802b	GCF_958299795.1	protein	p105-like_cnidaria	39521660	39521610	136	150	0.00034	15.4			
model	hmm	20260917_b5424051	NC_133202.1	GCF_958299795.1	contig	NC_133202.1_p105-like_cnidaria_4a46802b	GCF_958299795.1	protein	p105-like_cnidaria	39521629	39521411	151	207	1.8e-16	56.0			
model	hmm	20260917_b5424051	NC_133202.1	GCF_958299795.1	contig	NC_133202.1_p105-like_cnidaria_4a46802b	GCF_958299795.1	protein	p105-like_cnidaria	39520423	39520253	208	260	3.4e-30	101.4			
model	hmm	20260917_b5424051	NC_133202.1	GCF_958299795.1	contig	NC_133202.1_p105-like_cnidaria_4a46802b	GCF_958299795.1	protein	p105-like_cnidaria	39519948	39519835	261	296	2.6e-19	65.4			
model	hmm	20260917_b5424051	NC_133202.1	GCF_958299795.1	contig	NC_133202.1_p105-like_cnidaria_4a46802b	GCF_958299795.1	protein	p105-like_cnidaria	39519480	39519346	297	329	1.8e-14	49.4			
model	hmm	20260917_b5424051	NC_133202.1	GCF_958299795.1	contig	NC_133202.1_p105-like_cnidaria_4a46802b	GCF_958299795.1	protein	p105-like_cnidaria	39518849	39518712	330	375	4.6e-27	91.1			
model	hmm	20260917_b5424051	NC_133202.1	GCF_958299795.1	contig	NC_133202.1_p105-like_cnidaria_4a46802b	GCF_958299795.1	protein	p105-like_cnidaria	39516915	39516721	376	439	4.4e-13	44.8			
model	hmm	20260917_b5424051	NC_133202.1	GCF_958299795.1	contig	NC_133202.1_p105-like_cnidaria_3c8e6130	GCF_958299795.1	protein	p105-like_cnidaria	39592769	39592623	1	41	1.5e-18	63.1			
model	hmm	20260917_b5424051	NC_133202.1	GCF_958299795.1	contig	NC_133202.1_p105-like_cnidaria_3c8e6130	GCF_958299795.1	protein	p105-like_cnidaria	39591381	39591340	42	53	0.00091	14.1			
model	hmm	20260917_b5424051	NC_133202.1	GCF_958299795.1	contig	NC_133202.1_p105-like_cnidaria_3c8e6130	GCF_958299795.1	protein	p105-like_cnidaria	39591094	39590744	54	136	2.4e-58	194.7			
model	hmm	20260917_b5424051	NC_133202.1	GCF_958299795.1	contig	NC_133202.1_p105-like_cnidaria_3c8e6130	GCF_958299795.1	protein	p105-like_cnidaria	39589517	39589269	137	207	3e-27	91.8			
model	hmm	20260917_b5424051	NC_133202.1	GCF_958299795.1	contig	NC_133202.1_p105-like_cnidaria_3c8e6130	GCF_958299795.1	protein	p105-like_cnidaria	39588548	39588291	208	262	2.4e-32	108.7			
model	hmm	20260917_b5424051	NC_133202.1	GCF_958299795.1	contig	NC_133202.1_p105-like_cnidaria_3c8e6130	GCF_958299795.1	protein	p105-like_cnidaria	39588078	39587959	263	296	2.6e-20	68.9			
model	hmm	20260917_b5424051	NC_133202.1	GCF_958299795.1	contig	NC_133202.1_p105-like_cnidaria_3c8e6130	GCF_958299795.1	protein	p105-like_cnidaria	39587636	39587496	297	329	7.4e-15	50.8			
model	hmm	20260917_b5424051	NC_133202.1	GCF_958299795.1	contig	NC_133202.1_p105-like_cnidaria_3c8e6130	GCF_958299795.1	protein	p105-like_cnidaria	39587024	39586863	330	375	6.9e-28	94.0			
model	hmm	20260917_b5424051	NC_133202.1	GCF_958299795.1	contig	NC_133202.1_p105-like_cnidaria_3c8e6130	GCF_958299795.1	protein	p105-like_cnidaria	39585044	39584847	376	440	1.9e-13	46.2			
model	hmm	20260917_b5424051	NC_133210.1	GCF_958299795.1	contig	NC_133210.1_p105-like_cnidaria_e2e900c4	GCF_958299795.1	protein	p105-like_cnidaria	31374023	31373634	515	648	7.9e-29	96.9			
model	hmm	20260917_b5424051	NC_133210.1	GCF_958299795.1	contig	NC_133210.1_p105-like_cnidaria_e2e900c4	GCF_958299795.1	protein	p105-like_cnidaria	31372988	31372791	649	715	8.4e-09	30.7			
model	hmm	20260917_b5424051	NC_133210.1	GCF_958299795.1	contig	NC_133210.1_p105-like_cnidaria_040c9026	GCF_958299795.1	protein	p105-like_cnidaria	31354467	31354246	552	616	3.6e-15	51.7			
model	hmm	20260917_b5424051	NC_133210.1	GCF_958299795.1	contig	NC_133210.1_p105-like_cnidaria_040c9026	GCF_958299795.1	protein	p105-like_cnidaria	31353398	31353267	617	646	0.0008	14.2			
model	hmm	20260917_b5424051	NC_133210.1	GCF_958299795.1	contig	NC_133210.1_p105-like_cnidaria_040c9026	GCF_958299795.1	protein	p105-like_cnidaria	31352688	31352455	647	725	2.9e-14	48.7			
model	hmm	20260917_b5424051	NC_133210.1	GCF_958299795.1	contig	NC_133210.1_IkB-like-1_cnidaria_d8554d7e	GCF_958299795.1	protein	IkB-like-1_cnidaria	31377388	31376825	1	174	6.9e-44	147.7			
model	hmm	20260917_b5424051	NC_133210.1	GCF_958299795.1	contig	NC_133210.1_IkB-like-1_cnidaria_d8554d7e	GCF_958299795.1	protein	IkB-like-1_cnidaria	31375270	31375034	175	217	2.7e-22	76.6			
model	hmm	20260917_b5424051	NC_133210.1	GCF_958299795.1	contig	NC_133210.1_IkB-like-1_cnidaria_d8554d7e	GCF_958299795.1	protein	IkB-like-1_cnidaria	31374023	31373628	218	347	3.8e-83	277.1			
model	hmm	20260917_b5424051	NC_133210.1	GCF_958299795.1	contig	NC_133210.1_IkB-like-1_cnidaria_d8554d7e	GCF_958299795.1	protein	IkB-like-1_cnidaria	31372988	31372788	348	414	5.4e-35	118.4			
model	hmm	20260917_b5424051	NC_133210.1	GCF_958299795.1	contig	NC_133210.1_IkB-like-1_cnidaria_b96ee515	GCF_958299795.1	protein	IkB-like-1_cnidaria	31355107	31354985	219	251	1.5e-07	28.0			
model	hmm	20260917_b5424051	NC_133210.1	GCF_958299795.1	contig	NC_133210.1_IkB-like-1_cnidaria_b96ee515	GCF_958299795.1	protein	IkB-like-1_cnidaria	31354467	31354246	252	315	3.8e-24	82.7			
model	hmm	20260917_b5424051	NC_133210.1	GCF_958299795.1	contig	NC_133210.1_IkB-like-1_cnidaria_b96ee515	GCF_958299795.1	protein	IkB-like-1_cnidaria	31353404	31353279	316	345	0.00035	16.9			
model	hmm	20260917_b5424051	NC_133210.1	GCF_958299795.1	contig	NC_133210.1_IkB-like-1_cnidaria_b96ee515	GCF_958299795.1	protein	IkB-like-1_cnidaria	31352685	31352479	347	415	7.4e-20	68.5			
model	hmm	20260917_b5424051	NC_133210.1	GCF_958299795.1	contig	NC_133210.1_IkB-like-2_cnidaria_0ef4dd1e	GCF_958299795.1	protein	IkB-like-2_cnidaria	31374020	31373628	153	286	3e-43	145.4			
model	hmm	20260917_b5424051	NC_133210.1	GCF_958299795.1	contig	NC_133210.1_IkB-like-2_cnidaria_0ef4dd1e	GCF_958299795.1	protein	IkB-like-2_cnidaria	31372988	31372803	287	348	3.7e-21	72.6			
model	hmm	20260917_b5424051	NC_133210.1	GCF_958299795.1	contig	NC_133210.1_IkB-like-2_cnidaria_da06a719	GCF_958299795.1	protein	IkB-like-2_cnidaria	31374020	31373625	153	285	3e-43	145.4			
model	hmm	20260917_b5424051	NC_133210.1	GCF_958299795.1	contig	NC_133210.1_IkB-like-2_cnidaria_da06a719	GCF_958299795.1	protein	IkB-like-2_cnidaria	31352685	31352431	286	370	1.8e-51	172.4			
model	hmm	20260917_b5424051	NC_133210.1	GCF_958299795.1	contig	NC_133210.1_IkB-like-2_cnidaria_fb4d82d3	GCF_958299795.1	protein	IkB-like-2_cnidaria	31357716	31357264	5	151	2e-19	66.9			
model	hmm	20260917_b5424051	NC_133210.1	GCF_958299795.1	contig	NC_133210.1_IkB-like-2_cnidaria_fb4d82d3	GCF_958299795.1	protein	IkB-like-2_cnidaria	31355110	31354967	152	185	1.7e-15	54.0			
model	hmm	20260917_b5424051	NC_133210.1	GCF_958299795.1	contig	NC_133210.1_IkB-like-2_cnidaria_fb4d82d3	GCF_958299795.1	protein	IkB-like-2_cnidaria	31354467	31354246	186	254	2.5e-38	129.2			
model	hmm	20260917_b5424051	NC_133210.1	GCF_958299795.1	contig	NC_133210.1_IkB-like-2_cnidaria_fb4d82d3	GCF_958299795.1	protein	IkB-like-2_cnidaria	31353404	31353270	255	285	2.1e-12	43.8			
model	hmm	20260917_b5424051	NC_133210.1	GCF_958299795.1	contig	NC_133210.1_IkB-like-2_cnidaria_fb4d82d3	GCF_958299795.1	protein	IkB-like-2_cnidaria	31352685	31352431	286	370	1.8e-51	172.4			
model	hmm	20260917_b5424051	NC_133207.1	GCF_958299795.1	contig	NC_133207.1_IkBa-like_cnidaria_43e79ddf	GCF_958299795.1	protein	IkBa-like_cnidaria	7294829	7294425	2	136	1.3e-54	182.7			
model	hmm	20260917_b5424051	NC_133207.1	GCF_958299795.1	contig	NC_133207.1_IkBa-like_cnidaria_43e79ddf	GCF_958299795.1	protein	IkBa-like_cnidaria	7293890	7293780	137	171	5.8e-18	62.0			
model	hmm	20260917_b5424051	NC_133207.1	GCF_958299795.1	contig	NC_133207.1_IkBa-like_cnidaria_43e79ddf	GCF_958299795.1	protein	IkBa-like_cnidaria	7293594	7293355	172	249	1.6e-44	149.5			
model	hmm	20260917_b5424051	NC_133207.1	GCF_958299795.1	contig	NC_133207.1_IkBa-like_cnidaria_43e79ddf	GCF_958299795.1	protein	IkBa-like_cnidaria	7292692	7292588	250	278	2.5e-13	46.7			
model	hmm	20260917_b5424051	NC_133207.1	GCF_958299795.1	contig	NC_133207.1_IkBa-like_cnidaria_43e79ddf	GCF_958299795.1	protein	IkBa-like_cnidaria	7291978	7291688	279	373	9.9e-50	166.6			
model	hmm	20260917_b5424051	NC_133210.1	GCF_958299795.1	contig	NC_133210.1_IkBa-like_cnidaria_dff8cf09	GCF_958299795.1	protein	IkBa-like_cnidaria	31374023	31373616	137	279	6.9e-41	137.4			
model	hmm	20260917_b5424051	NC_133210.1	GCF_958299795.1	contig	NC_133210.1_IkBa-like_cnidaria_dff8cf09	GCF_958299795.1	protein	IkBa-like_cnidaria	31372988	31372800	280	343	6.7e-17	58.4			
model	hmm	20260917_b5424051	NC_133210.1	GCF_958299795.1	contig	NC_133210.1_IkBa-like_cnidaria_e10222e4	GCF_958299795.1	protein	IkBa-like_cnidaria	31374023	31373613	137	278	6.9e-41	137.4			
model	hmm	20260917_b5424051	NC_133210.1	GCF_958299795.1	contig	NC_133210.1_IkBa-like_cnidaria_e10222e4	GCF_958299795.1	protein	IkBa-like_cnidaria	31352685	31352428	279	365	3e-23	79.3			
model	hmm	20260917_b5424051	NC_133210.1	GCF_958299795.1	contig	NC_133210.1_IkBa-like_cnidaria_449cd344	GCF_958299795.1	protein	IkBa-like_cnidaria	31357689	31357528	10	63	0.0028	13.6			
model	hmm	20260917_b5424051	NC_133210.1	GCF_958299795.1	contig	NC_133210.1_IkBa-like_cnidaria_449cd344	GCF_958299795.1	protein	IkBa-like_cnidaria	31357500	31357264	64	136	0.0028	13.6			
model	hmm	20260917_b5424051	NC_133210.1	GCF_958299795.1	contig	NC_133210.1_IkBa-like_cnidaria_449cd344	GCF_958299795.1	protein	IkBa-like_cnidaria	31355107	31354985	138	171	0.0091	11.9			
model	hmm	20260917_b5424051	NC_133210.1	GCF_958299795.1	contig	NC_133210.1_IkBa-like_cnidaria_449cd344	GCF_958299795.1	protein	IkBa-like_cnidaria	31354467	31354312	172	223	5.8e-22	75.1			
model	hmm	20260917_b5424051	NC_133210.1	GCF_958299795.1	contig	NC_133210.1_IkBa-like_cnidaria_449cd344	GCF_958299795.1	protein	IkBa-like_cnidaria	31353368	31353270	248	278	0.021	10.8			
model	hmm	20260917_b5424051	NC_133210.1	GCF_958299795.1	contig	NC_133210.1_IkBa-like_cnidaria_449cd344	GCF_958299795.1	protein	IkBa-like_cnidaria	31352685	31352428	279	365	3e-23	79.3			
