detection_type	detection_method	batch	query_accession	query_database	query_type	target_accession	target_database	target_type	target_model	query_start	query_end	target_start	target_end	evalue	bitscore	bitscore_threshold	custom_metric_name	custom_metric_value
sequence	other	20261003_47e0cc28	KAJ7380341.1	_		traf6_binding_strict	Motif		PEEQVE	241	247	1	6					
sequence	other	20261003_47e0cc28	KAJ7380341.1	_		traf6_binding_permissive	Motif		PEEQVE	241	247	1	6					
sequence	other	20261003_47e0cc28	KAJ7380341.1	_		traf2_binding_variant	Motif		PVESA	395	400	1	5					
sequence	other	20261003_47e0cc28	KAJ7380341.1	_		traf2_binding_permissive	Motif		PFEFFS	41	47	1	6					
sequence	other	20261003_47e0cc28	KAJ7380341.1	_		traf2_binding_permissive	Motif		PFPNLNA	215	222	1	7					
sequence	other	20261003_47e0cc28	KAJ7380341.1	_		traf2_binding_permissive	Motif		PEEQVES	241	248	1	7					
sequence	other	20261003_47e0cc28	KAJ7380341.1	_		traf2_binding_permissive	Motif		PISQAA	296	302	1	6					
sequence	other	20261003_47e0cc28	KAJ7380341.1	_		traf2_binding_permissive	Motif		PSLQMPD	305	312	1	7					
sequence	other	20261003_47e0cc28	KAJ7380341.1	_		traf2_binding_permissive	Motif		PEANGPS	365	372	1	7					
sequence	other	20261003_47e0cc28	KAJ7380341.1	_		traf2_binding_permissive	Motif		PVESA	395	400	1	5					
sequence	other	20261003_47e0cc28	KAJ7380341.1	_		traf2_binding_permissive	Motif		PRSQLMA	400	407	1	7					
sequence	other	20261003_47e0cc28	CAB4006900.1	_		traf6_binding_strict	Motif		PQENIE	502	508	1	6					
sequence	other	20261003_47e0cc28	CAB4006900.1	_		traf6_binding_permissive	Motif		PWEEYR	147	153	1	6					
sequence	other	20261003_47e0cc28	CAB4006900.1	_		traf6_binding_permissive	Motif		PTQALR	300	306	1	6					
sequence	other	20261003_47e0cc28	CAB4006900.1	_		traf6_binding_permissive	Motif		PQENIE	502	508	1	6					
sequence	other	20261003_47e0cc28	CAB4006900.1	_		traf6_binding_permissive	Motif		PDQNVL	1046	1052	1	6					
sequence	other	20261003_47e0cc28	CAB4006900.1	_		traf2_binding_permissive	Motif		PFHNSTT	394	401	1	7					
sequence	other	20261003_47e0cc28	CAB4006900.1	_		traf2_binding_permissive	Motif		PQENIE	502	508	1	6					
sequence	other	20261003_47e0cc28	CAB4006900.1	_		traf2_binding_permissive	Motif		PVIEPTG	799	806	1	7					
sequence	other	20261003_47e0cc28	CAB4006900.1	_		traf2_binding_permissive	Motif		PDQNVLD	1046	1053	1	7					
sequence	other	20261003_47e0cc28	CAH3169392.1	_		traf6_binding_strict	Motif		PQEQAE	234	240	1	6					
sequence	other	20261003_47e0cc28	CAH3169392.1	_		traf6_binding_permissive	Motif		PQQPGR	217	223	1	6					
sequence	other	20261003_47e0cc28	CAH3169392.1	_		traf6_binding_permissive	Motif		PQEQAE	234	240	1	6					
sequence	other	20261003_47e0cc28	CAH3169392.1	_		traf6_binding_permissive	Motif		PLEEPL	413	419	1	6					
sequence	other	20261003_47e0cc28	CAH3169392.1	_		traf2_binding_variant	Motif		PQQPG	217	222	1	5					
sequence	other	20261003_47e0cc28	CAH3169392.1	_		traf2_binding_variant	Motif		PQEQA	234	239	1	5					
sequence	other	20261003_47e0cc28	CAH3169392.1	_		traf2_binding_variant	Motif		PTNCT	548	553	1	5					
sequence	other	20261003_47e0cc28	CAH3169392.1	_		traf2_binding_permissive	Motif		PQQPG	217	222	1	5					
sequence	other	20261003_47e0cc28	CAH3169392.1	_		traf2_binding_permissive	Motif		PQEQAE	234	240	1	6					
sequence	other	20261003_47e0cc28	CAH3169392.1	_		traf2_binding_permissive	Motif		PIPEQA	284	290	1	6					
sequence	other	20261003_47e0cc28	CAH3169392.1	_		traf2_binding_permissive	Motif		PPTNCTS	547	554	1	7					
sequence	other	20261003_47e0cc28	CAH3169392.1	_		traf2_binding_permissive	Motif		PKETRA	565	571	1	6					
sequence	other	20261003_47e0cc28	CAH3186888.1	_		traf6_binding_strict	Motif		PQEQAE	268	274	1	6					
sequence	other	20261003_47e0cc28	CAH3186888.1	_		traf6_binding_permissive	Motif		PQQPGR	251	257	1	6					
sequence	other	20261003_47e0cc28	CAH3186888.1	_		traf6_binding_permissive	Motif		PQEQAE	268	274	1	6					
sequence	other	20261003_47e0cc28	CAH3186888.1	_		traf6_binding_permissive	Motif		PLEEPL	712	718	1	6					
sequence	other	20261003_47e0cc28	CAH3186888.1	_		traf2_binding_variant	Motif		PQQPG	251	256	1	5					
sequence	other	20261003_47e0cc28	CAH3186888.1	_		traf2_binding_variant	Motif		PQEQA	268	273	1	5					
sequence	other	20261003_47e0cc28	CAH3186888.1	_		traf2_binding_variant	Motif		PVNPE	596	601	1	5					
sequence	other	20261003_47e0cc28	CAH3186888.1	_		traf2_binding_permissive	Motif		PQQPG	251	256	1	5					
sequence	other	20261003_47e0cc28	CAH3186888.1	_		traf2_binding_permissive	Motif		PQEQAE	268	274	1	6					
sequence	other	20261003_47e0cc28	CAH3186888.1	_		traf2_binding_permissive	Motif		PGAQCS	300	306	1	6					
sequence	other	20261003_47e0cc28	CAH3186888.1	_		traf2_binding_permissive	Motif		PIPEQA	578	584	1	6					
sequence	other	20261003_47e0cc28	CAH3186888.1	_		traf2_binding_permissive	Motif		PVNPE	596	601	1	5					
sequence	other	20261003_47e0cc28	CAH3186888.1	_		traf2_binding_permissive	Motif		PKETRA	864	870	1	6					
sequence	other	20261003_47e0cc28	CAH3119045.1	_		traf6_binding_strict	Motif		PQEQAE	260	266	1	6					
sequence	other	20261003_47e0cc28	CAH3119045.1	_		traf6_binding_permissive	Motif		PQQPGR	243	249	1	6					
sequence	other	20261003_47e0cc28	CAH3119045.1	_		traf6_binding_permissive	Motif		PQEQAE	260	266	1	6					
sequence	other	20261003_47e0cc28	CAH3119045.1	_		traf6_binding_permissive	Motif		PLEEPL	450	456	1	6					
sequence	other	20261003_47e0cc28	CAH3119045.1	_		traf2_binding_strict	Motif		PEQAT	312	317	1	5					
sequence	other	20261003_47e0cc28	CAH3119045.1	_		traf2_binding_variant	Motif		PQQPG	243	248	1	5					
sequence	other	20261003_47e0cc28	CAH3119045.1	_		traf2_binding_variant	Motif		PQEQA	260	265	1	5					
sequence	other	20261003_47e0cc28	CAH3119045.1	_		traf2_binding_variant	Motif		PEQAT	312	317	1	5					
sequence	other	20261003_47e0cc28	CAH3119045.1	_		traf2_binding_variant	Motif		PTNCT	585	590	1	5					
sequence	other	20261003_47e0cc28	CAH3119045.1	_		traf2_binding_permissive	Motif		PQQPG	243	248	1	5					
sequence	other	20261003_47e0cc28	CAH3119045.1	_		traf2_binding_permissive	Motif		PQEQAE	260	266	1	6					
sequence	other	20261003_47e0cc28	CAH3119045.1	_		traf2_binding_permissive	Motif		PVPEQAT	310	317	1	7					
sequence	other	20261003_47e0cc28	CAH3119045.1	_		traf2_binding_permissive	Motif		PPTNCTS	584	591	1	7					
sequence	other	20261003_47e0cc28	CAH3119045.1	_		traf2_binding_permissive	Motif		PKETRA	602	608	1	6					
sequence	other	20261003_47e0cc28	CAH3119045.1	_		traf2_binding_permissive	Motif		PYLNQD	616	622	1	6					
sequence	other	20261003_47e0cc28	CAH3161796.1	_		traf6_binding_strict	Motif		PGEQTE	224	230	1	6					
sequence	other	20261003_47e0cc28	CAH3161796.1	_		traf6_binding_permissive	Motif		PGEQTE	224	230	1	6					
sequence	other	20261003_47e0cc28	CAH3161796.1	_		traf6_binding_permissive	Motif		PSQVSL	274	280	1	6					
sequence	other	20261003_47e0cc28	CAH3161796.1	_		traf6_binding_permissive	Motif		PLEELL	658	664	1	6					
sequence	other	20261003_47e0cc28	CAH3161796.1	_		traf2_binding_strict	Motif		PGEQT	224	229	1	5					
sequence	other	20261003_47e0cc28	CAH3161796.1	_		traf2_binding_strict	Motif		PSQVS	274	279	1	5					
sequence	other	20261003_47e0cc28	CAH3161796.1	_		traf2_binding_strict	Motif		PQEPT	442	447	1	5					
sequence	other	20261003_47e0cc28	CAH3161796.1	_		traf2_binding_strict	Motif		PVQVS	479	484	1	5					
sequence	other	20261003_47e0cc28	CAH3161796.1	_		traf2_binding_variant	Motif		PGEQT	224	229	1	5					
sequence	other	20261003_47e0cc28	CAH3161796.1	_		traf2_binding_variant	Motif		PPNQS	245	250	1	5					
sequence	other	20261003_47e0cc28	CAH3161796.1	_		traf2_binding_variant	Motif		PSQVS	274	279	1	5					
sequence	other	20261003_47e0cc28	CAH3161796.1	_		traf2_binding_variant	Motif		PSESA	423	428	1	5					
sequence	other	20261003_47e0cc28	CAH3161796.1	_		traf2_binding_variant	Motif		PQEPT	442	447	1	5					
sequence	other	20261003_47e0cc28	CAH3161796.1	_		traf2_binding_variant	Motif		PFNDT	456	461	1	5					
sequence	other	20261003_47e0cc28	CAH3161796.1	_		traf2_binding_variant	Motif		PVQVS	479	484	1	5					
sequence	other	20261003_47e0cc28	CAH3161796.1	_		traf2_binding_variant	Motif		PPNGS	531	536	1	5					
sequence	other	20261003_47e0cc28	CAH3161796.1	_		traf2_binding_permissive	Motif		PFPNLND	204	211	1	7					
sequence	other	20261003_47e0cc28	CAH3161796.1	_		traf2_binding_permissive	Motif		PGEQTE	224	230	1	6					
sequence	other	20261003_47e0cc28	CAH3161796.1	_		traf2_binding_permissive	Motif		PSYQPG	237	243	1	6					
sequence	other	20261003_47e0cc28	CAH3161796.1	_		traf2_binding_permissive	Motif		PPNQS	245	250	1	5					
sequence	other	20261003_47e0cc28	CAH3161796.1	_		traf2_binding_permissive	Motif		PSQVS	274	279	1	5					
sequence	other	20261003_47e0cc28	CAH3161796.1	_		traf2_binding_permissive	Motif		PLQRVA	328	334	1	6					
sequence	other	20261003_47e0cc28	CAH3161796.1	_		traf2_binding_permissive	Motif		PTYQGGS	334	341	1	7					
sequence	other	20261003_47e0cc28	CAH3161796.1	_		traf2_binding_permissive	Motif		PLPQST	404	410	1	6					
sequence	other	20261003_47e0cc28	CAH3161796.1	_		traf2_binding_permissive	Motif		PSESAS	423	429	1	6					
sequence	other	20261003_47e0cc28	CAH3161796.1	_		traf2_binding_permissive	Motif		PQEPTA	442	448	1	6					
sequence	other	20261003_47e0cc28	CAH3161796.1	_		traf2_binding_permissive	Motif		PFNDTS	456	462	1	6					
sequence	other	20261003_47e0cc28	CAH3161796.1	_		traf2_binding_permissive	Motif		PVQVS	479	484	1	5					
sequence	other	20261003_47e0cc28	CAH3161796.1	_		traf2_binding_permissive	Motif		PSMENPS	485	492	1	7					
sequence	other	20261003_47e0cc28	CAH3161796.1	_		traf2_binding_permissive	Motif		PPNGS	531	536	1	5					
sequence	other	20261003_47e0cc28	XP_001634900.2	_		traf6_binding_strict	Motif		PAEPAF	586	592	1	6					
sequence	other	20261003_47e0cc28	XP_001634900.2	_		traf6_binding_strict	Motif		PGEQQD	682	688	1	6					
sequence	other	20261003_47e0cc28	XP_001634900.2	_		traf6_binding_strict	Motif		PQEKAF	3068	3074	1	6					
sequence	other	20261003_47e0cc28	XP_001634900.2	_		traf6_binding_permissive	Motif		PAEPAF	586	592	1	6					
sequence	other	20261003_47e0cc28	XP_001634900.2	_		traf6_binding_permissive	Motif		PGEQQD	682	688	1	6					
sequence	other	20261003_47e0cc28	XP_001634900.2	_		traf6_binding_permissive	Motif		PSQKEE	867	873	1	6					
sequence	other	20261003_47e0cc28	XP_001634900.2	_		traf6_binding_permissive	Motif		PREIII	898	904	1	6					
sequence	other	20261003_47e0cc28	XP_001634900.2	_		traf6_binding_permissive	Motif		PLEEAK	2439	2445	1	6					
sequence	other	20261003_47e0cc28	XP_001634900.2	_		traf6_binding_permissive	Motif		PQEKAF	3068	3074	1	6					
sequence	other	20261003_47e0cc28	XP_001634900.2	_		traf2_binding_variant	Motif		PAEPA	586	591	1	5					
sequence	other	20261003_47e0cc28	XP_001634900.2	_		traf2_binding_variant	Motif		PSQKE	867	872	1	5					
sequence	other	20261003_47e0cc28	XP_001634900.2	_		traf2_binding_variant	Motif		PLEEA	2439	2444	1	5					
sequence	other	20261003_47e0cc28	XP_001634900.2	_		traf2_binding_variant	Motif		PSQNG	3006	3011	1	5					
sequence	other	20261003_47e0cc28	XP_001634900.2	_		traf2_binding_variant	Motif		PQEKA	3068	3073	1	5					
sequence	other	20261003_47e0cc28	XP_001634900.2	_		traf2_binding_permissive	Motif		PAEPA	586	591	1	5					
sequence	other	20261003_47e0cc28	XP_001634900.2	_		traf2_binding_permissive	Motif		PGEQQD	682	688	1	6					
sequence	other	20261003_47e0cc28	XP_001634900.2	_		traf2_binding_permissive	Motif		PSQKEE	867	873	1	6					
sequence	other	20261003_47e0cc28	XP_001634900.2	_		traf2_binding_permissive	Motif		PPTESLS	1293	1300	1	7					
sequence	other	20261003_47e0cc28	XP_001634900.2	_		traf2_binding_permissive	Motif		PSDEAAA	2382	2389	1	7					
sequence	other	20261003_47e0cc28	XP_001634900.2	_		traf2_binding_permissive	Motif		PLEDLS	2405	2411	1	6					
sequence	other	20261003_47e0cc28	XP_001634900.2	_		traf2_binding_permissive	Motif		PLEEA	2439	2444	1	5					
sequence	other	20261003_47e0cc28	XP_001634900.2	_		traf2_binding_permissive	Motif		PSQNGGT	3006	3013	1	7					
sequence	other	20261003_47e0cc28	XP_001634900.2	_		traf2_binding_permissive	Motif		PQEKA	3068	3073	1	5					
sequence	other	20261003_47e0cc28	XP_032219877.1	_		traf6_binding_permissive	Motif		PWQSAE	80	86	1	6					
sequence	other	20261003_47e0cc28	XP_032219877.1	_		traf6_binding_permissive	Motif		PAQIPW	283	289	1	6					
sequence	other	20261003_47e0cc28	XP_032219877.1	_		traf6_binding_permissive	Motif		PCQKHR	1180	1186	1	6					
sequence	other	20261003_47e0cc28	XP_032219877.1	_		traf2_binding_strict	Motif		PVEIT	473	478	1	5					
sequence	other	20261003_47e0cc28	XP_032219877.1	_		traf2_binding_strict	Motif		PREVS	527	532	1	5					
sequence	other	20261003_47e0cc28	XP_032219877.1	_		traf2_binding_strict	Motif		PAQLS	1025	1030	1	5					
sequence	other	20261003_47e0cc28	XP_032219877.1	_		traf2_binding_variant	Motif		PWQSA	80	85	1	5					
sequence	other	20261003_47e0cc28	XP_032219877.1	_		traf2_binding_variant	Motif		PVEIT	473	478	1	5					
sequence	other	20261003_47e0cc28	XP_032219877.1	_		traf2_binding_variant	Motif		PREVS	527	532	1	5					
sequence	other	20261003_47e0cc28	XP_032219877.1	_		traf2_binding_variant	Motif		PAQLS	1025	1030	1	5					
sequence	other	20261003_47e0cc28	XP_032219877.1	_		traf2_binding_variant	Motif		PINSG	1199	1204	1	5					
sequence	other	20261003_47e0cc28	XP_032219877.1	_		traf2_binding_permissive	Motif		PWQSAE	80	86	1	6					
sequence	other	20261003_47e0cc28	XP_032219877.1	_		traf2_binding_permissive	Motif		PHGNIIE	211	218	1	7					
sequence	other	20261003_47e0cc28	XP_032219877.1	_		traf2_binding_permissive	Motif		PQEKVA	274	280	1	6					
sequence	other	20261003_47e0cc28	XP_032219877.1	_		traf2_binding_permissive	Motif		PIVQMTG	376	383	1	7					
sequence	other	20261003_47e0cc28	XP_032219877.1	_		traf2_binding_permissive	Motif		PTSELS	445	451	1	6					
sequence	other	20261003_47e0cc28	XP_032219877.1	_		traf2_binding_permissive	Motif		PPSEELS	463	470	1	7					
sequence	other	20261003_47e0cc28	XP_032219877.1	_		traf2_binding_permissive	Motif		PVEITA	473	479	1	6					
sequence	other	20261003_47e0cc28	XP_032219877.1	_		traf2_binding_permissive	Motif		PEAEHA	481	487	1	6					
sequence	other	20261003_47e0cc28	XP_032219877.1	_		traf2_binding_permissive	Motif		PREVST	527	533	1	6					
sequence	other	20261003_47e0cc28	XP_032219877.1	_		traf2_binding_permissive	Motif		PGHEHSS	598	605	1	7					
sequence	other	20261003_47e0cc28	XP_032219877.1	_		traf2_binding_permissive	Motif		PLPNDVA	624	631	1	7					
sequence	other	20261003_47e0cc28	XP_032219877.1	_		traf2_binding_permissive	Motif		PFDEQNA	955	962	1	7					
sequence	other	20261003_47e0cc28	XP_032219877.1	_		traf2_binding_permissive	Motif		PAQLSS	1025	1031	1	6					
sequence	other	20261003_47e0cc28	XP_032219877.1	_		traf2_binding_permissive	Motif		PINSG	1199	1204	1	5					
sequence	other	20261003_47e0cc28	XP_032219877.1	_		traf2_binding_permissive	Motif		PAGQLG	1451	1457	1	6					
sequence	other	20261003_47e0cc28	XP_032219878.1	_		traf6_binding_permissive	Motif		PWQSAE	80	86	1	6					
sequence	other	20261003_47e0cc28	XP_032219878.1	_		traf6_binding_permissive	Motif		PAQIPW	283	289	1	6					
sequence	other	20261003_47e0cc28	XP_032219878.1	_		traf6_binding_permissive	Motif		PCQKHR	1179	1185	1	6					
sequence	other	20261003_47e0cc28	XP_032219878.1	_		traf2_binding_strict	Motif		PVEIT	472	477	1	5					
sequence	other	20261003_47e0cc28	XP_032219878.1	_		traf2_binding_strict	Motif		PREVS	526	531	1	5					
sequence	other	20261003_47e0cc28	XP_032219878.1	_		traf2_binding_strict	Motif		PAQLS	1024	1029	1	5					
sequence	other	20261003_47e0cc28	XP_032219878.1	_		traf2_binding_variant	Motif		PWQSA	80	85	1	5					
sequence	other	20261003_47e0cc28	XP_032219878.1	_		traf2_binding_variant	Motif		PVEIT	472	477	1	5					
sequence	other	20261003_47e0cc28	XP_032219878.1	_		traf2_binding_variant	Motif		PREVS	526	531	1	5					
sequence	other	20261003_47e0cc28	XP_032219878.1	_		traf2_binding_variant	Motif		PAQLS	1024	1029	1	5					
sequence	other	20261003_47e0cc28	XP_032219878.1	_		traf2_binding_variant	Motif		PINSG	1198	1203	1	5					
sequence	other	20261003_47e0cc28	XP_032219878.1	_		traf2_binding_permissive	Motif		PWQSAE	80	86	1	6					
sequence	other	20261003_47e0cc28	XP_032219878.1	_		traf2_binding_permissive	Motif		PHGNIIE	211	218	1	7					
sequence	other	20261003_47e0cc28	XP_032219878.1	_		traf2_binding_permissive	Motif		PQEKVA	274	280	1	6					
sequence	other	20261003_47e0cc28	XP_032219878.1	_		traf2_binding_permissive	Motif		PIVQMTG	376	383	1	7					
sequence	other	20261003_47e0cc28	XP_032219878.1	_		traf2_binding_permissive	Motif		PTSELS	444	450	1	6					
sequence	other	20261003_47e0cc28	XP_032219878.1	_		traf2_binding_permissive	Motif		PPSEELS	462	469	1	7					
sequence	other	20261003_47e0cc28	XP_032219878.1	_		traf2_binding_permissive	Motif		PVEITA	472	478	1	6					
sequence	other	20261003_47e0cc28	XP_032219878.1	_		traf2_binding_permissive	Motif		PEAEHA	480	486	1	6					
sequence	other	20261003_47e0cc28	XP_032219878.1	_		traf2_binding_permissive	Motif		PREVST	526	532	1	6					
sequence	other	20261003_47e0cc28	XP_032219878.1	_		traf2_binding_permissive	Motif		PGHEHSS	597	604	1	7					
sequence	other	20261003_47e0cc28	XP_032219878.1	_		traf2_binding_permissive	Motif		PLPNDVA	623	630	1	7					
sequence	other	20261003_47e0cc28	XP_032219878.1	_		traf2_binding_permissive	Motif		PFDEQNA	954	961	1	7					
sequence	other	20261003_47e0cc28	XP_032219878.1	_		traf2_binding_permissive	Motif		PAQLSS	1024	1030	1	6					
sequence	other	20261003_47e0cc28	XP_032219878.1	_		traf2_binding_permissive	Motif		PINSG	1198	1203	1	5					
sequence	other	20261003_47e0cc28	XP_032219878.1	_		traf2_binding_permissive	Motif		PAGQLG	1450	1456	1	6					
sequence	other	20261003_47e0cc28	XP_032219879.1	_		traf6_binding_permissive	Motif		PSETRL	35	41	1	6					
sequence	other	20261003_47e0cc28	XP_032219879.1	_		traf6_binding_permissive	Motif		PIEMNL	444	450	1	6					
sequence	other	20261003_47e0cc28	XP_032219879.1	_		traf2_binding_strict	Motif		PGEVS	571	576	1	5					
sequence	other	20261003_47e0cc28	XP_032219879.1	_		traf2_binding_strict	Motif		PDENS	1050	1055	1	5					
sequence	other	20261003_47e0cc28	XP_032219879.1	_		traf2_binding_strict	Motif		PAQLT	1063	1068	1	5					
sequence	other	20261003_47e0cc28	XP_032219879.1	_		traf2_binding_variant	Motif		PDNVS	11	16	1	5					
sequence	other	20261003_47e0cc28	XP_032219879.1	_		traf2_binding_variant	Motif		PGEVS	571	576	1	5					
sequence	other	20261003_47e0cc28	XP_032219879.1	_		traf2_binding_variant	Motif		PDENS	1050	1055	1	5					
sequence	other	20261003_47e0cc28	XP_032219879.1	_		traf2_binding_variant	Motif		PAQLT	1063	1068	1	5					
sequence	other	20261003_47e0cc28	XP_032219879.1	_		traf2_binding_permissive	Motif		PPDNVSS	10	17	1	7					
sequence	other	20261003_47e0cc28	XP_032219879.1	_		traf2_binding_permissive	Motif		PYNNLDT	51	58	1	7					
sequence	other	20261003_47e0cc28	XP_032219879.1	_		traf2_binding_permissive	Motif		PTLQRS	379	385	1	6					
sequence	other	20261003_47e0cc28	XP_032219879.1	_		traf2_binding_permissive	Motif		PAEILA	517	523	1	6					
sequence	other	20261003_47e0cc28	XP_032219879.1	_		traf2_binding_permissive	Motif		PEAEHA	525	531	1	6					
sequence	other	20261003_47e0cc28	XP_032219879.1	_		traf2_binding_permissive	Motif		PGEVST	571	577	1	6					
sequence	other	20261003_47e0cc28	XP_032219879.1	_		traf2_binding_permissive	Motif		PNVEEHS	677	684	1	7					
sequence	other	20261003_47e0cc28	XP_032219879.1	_		traf2_binding_permissive	Motif		PEELVA	698	704	1	6					
sequence	other	20261003_47e0cc28	XP_032219879.1	_		traf2_binding_permissive	Motif		PVKQAHA	848	855	1	7					
sequence	other	20261003_47e0cc28	XP_032219879.1	_		traf2_binding_permissive	Motif		PGNSQA	1025	1031	1	6					
sequence	other	20261003_47e0cc28	XP_032219879.1	_		traf2_binding_permissive	Motif		PDENS	1050	1055	1	5					
sequence	other	20261003_47e0cc28	XP_032219879.1	_		traf2_binding_permissive	Motif		PAQLTS	1063	1069	1	6					
sequence	other	20261003_47e0cc28	XP_032219879.1	_		traf2_binding_permissive	Motif		PDEGCG	1217	1223	1	6					
sequence	other	20261003_47e0cc28	XP_032226394.1	_		traf6_binding_strict	Motif		PQEKDE	158	164	1	6					
sequence	other	20261003_47e0cc28	XP_032226394.1	_		traf6_binding_permissive	Motif		PQEKDE	158	164	1	6					
sequence	other	20261003_47e0cc28	XP_032226394.1	_		traf2_binding_variant	Motif		PQEKD	158	163	1	5					
sequence	other	20261003_47e0cc28	XP_032226394.1	_		traf2_binding_variant	Motif		PRNSS	173	178	1	5					
sequence	other	20261003_47e0cc28	XP_032226394.1	_		traf2_binding_variant	Motif		PCQDG	513	518	1	5					
sequence	other	20261003_47e0cc28	XP_032226394.1	_		traf2_binding_permissive	Motif		PKREPQE	154	161	1	7					
sequence	other	20261003_47e0cc28	XP_032226394.1	_		traf2_binding_permissive	Motif		PRNSS	173	178	1	5					
sequence	other	20261003_47e0cc28	XP_032226394.1	_		traf2_binding_permissive	Motif		PVQEMA	225	231	1	6					
sequence	other	20261003_47e0cc28	XP_032226394.1	_		traf2_binding_permissive	Motif		PLVEET	345	351	1	6					
sequence	other	20261003_47e0cc28	XP_032226394.1	_		traf2_binding_permissive	Motif		PCQDGA	513	519	1	6					
sequence	other	20261003_47e0cc28	XP_032226394.1	_		traf2_binding_permissive	Motif		PDDQNT	523	529	1	6					
sequence	other	20261003_47e0cc28	XP_032226394.1	_		traf2_binding_permissive	Motif		PDDQNS	530	536	1	6					
sequence	other	20261003_47e0cc28	XP_032226394.1	_		traf2_binding_permissive	Motif		PDNQQPT	537	544	1	7					
sequence	other	20261003_47e0cc28	XP_032239936.1	_		traf6_binding_strict	Motif		PQEKDE	215	221	1	6					
sequence	other	20261003_47e0cc28	XP_032239936.1	_		traf6_binding_permissive	Motif		PQEKDE	215	221	1	6					
sequence	other	20261003_47e0cc28	XP_032239936.1	_		traf2_binding_variant	Motif		PQEKD	215	220	1	5					
sequence	other	20261003_47e0cc28	XP_032239936.1	_		traf2_binding_variant	Motif		PRNSS	230	235	1	5					
sequence	other	20261003_47e0cc28	XP_032239936.1	_		traf2_binding_variant	Motif		PCQDG	570	575	1	5					
sequence	other	20261003_47e0cc28	XP_032239936.1	_		traf2_binding_permissive	Motif		PKREPQE	211	218	1	7					
sequence	other	20261003_47e0cc28	XP_032239936.1	_		traf2_binding_permissive	Motif		PRNSS	230	235	1	5					
sequence	other	20261003_47e0cc28	XP_032239936.1	_		traf2_binding_permissive	Motif		PVQEMA	282	288	1	6					
sequence	other	20261003_47e0cc28	XP_032239936.1	_		traf2_binding_permissive	Motif		PLVEET	402	408	1	6					
sequence	other	20261003_47e0cc28	XP_032239936.1	_		traf2_binding_permissive	Motif		PCQDGA	570	576	1	6					
sequence	other	20261003_47e0cc28	XP_032239936.1	_		traf2_binding_permissive	Motif		PDDQNT	580	586	1	6					
sequence	other	20261003_47e0cc28	XP_032239936.1	_		traf2_binding_permissive	Motif		PDDQNS	587	593	1	6					
sequence	other	20261003_47e0cc28	XP_032239936.1	_		traf2_binding_permissive	Motif		PDNQQPT	594	601	1	7					
sequence	other	20261003_47e0cc28	XP_032239937.1	_		traf6_binding_strict	Motif		PQEKDE	215	221	1	6					
sequence	other	20261003_47e0cc28	XP_032239937.1	_		traf6_binding_permissive	Motif		PQEKDE	215	221	1	6					
sequence	other	20261003_47e0cc28	XP_032239937.1	_		traf2_binding_variant	Motif		PQEKD	215	220	1	5					
sequence	other	20261003_47e0cc28	XP_032239937.1	_		traf2_binding_variant	Motif		PRNSS	230	235	1	5					
sequence	other	20261003_47e0cc28	XP_032239937.1	_		traf2_binding_variant	Motif		PCQDG	515	520	1	5					
sequence	other	20261003_47e0cc28	XP_032239937.1	_		traf2_binding_permissive	Motif		PKREPQE	211	218	1	7					
sequence	other	20261003_47e0cc28	XP_032239937.1	_		traf2_binding_permissive	Motif		PRNSS	230	235	1	5					
sequence	other	20261003_47e0cc28	XP_032239937.1	_		traf2_binding_permissive	Motif		PVQEMA	282	288	1	6					
sequence	other	20261003_47e0cc28	XP_032239937.1	_		traf2_binding_permissive	Motif		PLVEET	402	408	1	6					
sequence	other	20261003_47e0cc28	XP_032239937.1	_		traf2_binding_permissive	Motif		PCQDGA	515	521	1	6					
sequence	other	20261003_47e0cc28	XP_032239937.1	_		traf2_binding_permissive	Motif		PDDQNT	525	531	1	6					
sequence	other	20261003_47e0cc28	XP_032239937.1	_		traf2_binding_permissive	Motif		PDDQNS	532	538	1	6					
sequence	other	20261003_47e0cc28	XP_032239937.1	_		traf2_binding_permissive	Motif		PDNQQPT	539	546	1	7					
sequence	other	20261003_47e0cc28	XP_015747881.1	_		traf6_binding_strict	Motif		PFEEVE	726	732	1	6					
sequence	other	20261003_47e0cc28	XP_015747881.1	_		traf6_binding_permissive	Motif		PSEQKK	492	498	1	6					
sequence	other	20261003_47e0cc28	XP_015747881.1	_		traf6_binding_permissive	Motif		PFEEVE	726	732	1	6					
sequence	other	20261003_47e0cc28	XP_015747881.1	_		traf6_binding_permissive	Motif		PGEELI	1112	1118	1	6					
sequence	other	20261003_47e0cc28	XP_015747881.1	_		traf2_binding_strict	Motif		PKQES	465	470	1	5					
sequence	other	20261003_47e0cc28	XP_015747881.1	_		traf2_binding_variant	Motif		PKQES	465	470	1	5					
sequence	other	20261003_47e0cc28	XP_015747881.1	_		traf2_binding_variant	Motif		PNNET	675	680	1	5					
sequence	other	20261003_47e0cc28	XP_015747881.1	_		traf2_binding_permissive	Motif		PAEIRG	411	417	1	6					
sequence	other	20261003_47e0cc28	XP_015747881.1	_		traf2_binding_permissive	Motif		PRAERA	419	425	1	6					
sequence	other	20261003_47e0cc28	XP_015747881.1	_		traf2_binding_permissive	Motif		PKQEST	465	471	1	6					
sequence	other	20261003_47e0cc28	XP_015747881.1	_		traf2_binding_permissive	Motif		PNNET	675	680	1	5					
sequence	other	20261003_47e0cc28	XP_015747881.1	_		traf2_binding_permissive	Motif		PFEEVET	726	733	1	7					
sequence	other	20261003_47e0cc28	XP_015747881.1	_		traf2_binding_permissive	Motif		PTQLRS	942	948	1	6					
sequence	other	20261003_47e0cc28	XP_015747881.1	_		traf2_binding_permissive	Motif		PTSQSEE	1139	1146	1	7					
sequence	other	20261003_47e0cc28	XP_015753638.1	_		traf6_binding_permissive	Motif		PFELFR	41	47	1	6					
sequence	other	20261003_47e0cc28	XP_015753638.1	_		traf6_binding_permissive	Motif		PGEERR	220	226	1	6					
sequence	other	20261003_47e0cc28	XP_015753638.1	_		traf6_binding_permissive	Motif		PLQTGI	315	321	1	6					
sequence	other	20261003_47e0cc28	XP_015753638.1	_		traf6_binding_permissive	Motif		PSQLGL	326	332	1	6					
sequence	other	20261003_47e0cc28	XP_015753638.1	_		traf6_binding_permissive	Motif		PQQNIK	479	485	1	6					
sequence	other	20261003_47e0cc28	XP_015753638.1	_		traf2_binding_variant	Motif		PGNNE	211	216	1	5					
sequence	other	20261003_47e0cc28	XP_015753638.1	_		traf2_binding_variant	Motif		PLQTG	315	320	1	5					
sequence	other	20261003_47e0cc28	XP_015753638.1	_		traf2_binding_variant	Motif		PSQLG	326	331	1	5					
sequence	other	20261003_47e0cc28	XP_015753638.1	_		traf2_binding_permissive	Motif		PGNNERE	211	218	1	7					
sequence	other	20261003_47e0cc28	XP_015753638.1	_		traf2_binding_permissive	Motif		PLQTG	315	320	1	5					
sequence	other	20261003_47e0cc28	XP_015753638.1	_		traf2_binding_permissive	Motif		PSQLG	326	331	1	5					
sequence	other	20261003_47e0cc28	XP_015753638.1	_		traf2_binding_permissive	Motif		PMVQKFT	443	450	1	7					
sequence	other	20261003_47e0cc28	XP_015753638.1	_		traf2_binding_permissive	Motif		PPNTCS	573	579	1	6					
sequence	other	20261003_47e0cc28	XP_015753639.1	_		traf6_binding_permissive	Motif		PFELFR	41	47	1	6					
sequence	other	20261003_47e0cc28	XP_015753639.1	_		traf6_binding_permissive	Motif		PGEERR	220	226	1	6					
sequence	other	20261003_47e0cc28	XP_015753639.1	_		traf6_binding_permissive	Motif		PLQTGI	315	321	1	6					
sequence	other	20261003_47e0cc28	XP_015753639.1	_		traf6_binding_permissive	Motif		PSQLGL	326	332	1	6					
sequence	other	20261003_47e0cc28	XP_015753639.1	_		traf6_binding_permissive	Motif		PQQNIK	479	485	1	6					
sequence	other	20261003_47e0cc28	XP_015753639.1	_		traf2_binding_variant	Motif		PGNNE	211	216	1	5					
sequence	other	20261003_47e0cc28	XP_015753639.1	_		traf2_binding_variant	Motif		PLQTG	315	320	1	5					
sequence	other	20261003_47e0cc28	XP_015753639.1	_		traf2_binding_variant	Motif		PSQLG	326	331	1	5					
sequence	other	20261003_47e0cc28	XP_015753639.1	_		traf2_binding_permissive	Motif		PGNNERE	211	218	1	7					
sequence	other	20261003_47e0cc28	XP_015753639.1	_		traf2_binding_permissive	Motif		PLQTG	315	320	1	5					
sequence	other	20261003_47e0cc28	XP_015753639.1	_		traf2_binding_permissive	Motif		PSQLG	326	331	1	5					
sequence	other	20261003_47e0cc28	XP_015753639.1	_		traf2_binding_permissive	Motif		PMVQKFT	443	450	1	7					
sequence	other	20261003_47e0cc28	XP_015753639.1	_		traf2_binding_permissive	Motif		PPNTCS	573	579	1	6					
sequence	other	20261003_47e0cc28	XP_015753640.1	_		traf6_binding_permissive	Motif		PFELFR	41	47	1	6					
sequence	other	20261003_47e0cc28	XP_015753640.1	_		traf6_binding_permissive	Motif		PGEERR	220	226	1	6					
sequence	other	20261003_47e0cc28	XP_015753640.1	_		traf6_binding_permissive	Motif		PLQTGI	315	321	1	6					
sequence	other	20261003_47e0cc28	XP_015753640.1	_		traf6_binding_permissive	Motif		PSQLGL	326	332	1	6					
sequence	other	20261003_47e0cc28	XP_015753640.1	_		traf6_binding_permissive	Motif		PQQNIK	479	485	1	6					
sequence	other	20261003_47e0cc28	XP_015753640.1	_		traf2_binding_variant	Motif		PGNNE	211	216	1	5					
sequence	other	20261003_47e0cc28	XP_015753640.1	_		traf2_binding_variant	Motif		PLQTG	315	320	1	5					
sequence	other	20261003_47e0cc28	XP_015753640.1	_		traf2_binding_variant	Motif		PSQLG	326	331	1	5					
sequence	other	20261003_47e0cc28	XP_015753640.1	_		traf2_binding_permissive	Motif		PGNNERE	211	218	1	7					
sequence	other	20261003_47e0cc28	XP_015753640.1	_		traf2_binding_permissive	Motif		PLQTG	315	320	1	5					
sequence	other	20261003_47e0cc28	XP_015753640.1	_		traf2_binding_permissive	Motif		PSQLG	326	331	1	5					
sequence	other	20261003_47e0cc28	XP_015753640.1	_		traf2_binding_permissive	Motif		PMVQKFT	443	450	1	7					
sequence	other	20261003_47e0cc28	XP_015753640.1	_		traf2_binding_permissive	Motif		PKVNNG	528	534	1	6					
sequence	other	20261003_47e0cc28	XP_020895344.1	_		traf6_binding_strict	Motif		PQEKAF	3733	3739	1	6					
sequence	other	20261003_47e0cc28	XP_020895344.1	_		traf6_binding_permissive	Motif		PTQAEE	697	703	1	6					
sequence	other	20261003_47e0cc28	XP_020895344.1	_		traf6_binding_permissive	Motif		PSQKEE	991	997	1	6					
sequence	other	20261003_47e0cc28	XP_020895344.1	_		traf6_binding_permissive	Motif		PMQNSL	2660	2666	1	6					
sequence	other	20261003_47e0cc28	XP_020895344.1	_		traf6_binding_permissive	Motif		PDEPIL	2831	2837	1	6					
sequence	other	20261003_47e0cc28	XP_020895344.1	_		traf6_binding_permissive	Motif		PDEQTK	3616	3622	1	6					
sequence	other	20261003_47e0cc28	XP_020895344.1	_		traf6_binding_permissive	Motif		PNQKLI	3632	3638	1	6					
sequence	other	20261003_47e0cc28	XP_020895344.1	_		traf6_binding_permissive	Motif		PQEKAF	3733	3739	1	6					
sequence	other	20261003_47e0cc28	XP_020895344.1	_		traf2_binding_strict	Motif		PMQNS	2660	2665	1	5					
sequence	other	20261003_47e0cc28	XP_020895344.1	_		traf2_binding_strict	Motif		PDEQT	3616	3621	1	5					
sequence	other	20261003_47e0cc28	XP_020895344.1	_		traf2_binding_variant	Motif		PEQTE	664	669	1	5					
sequence	other	20261003_47e0cc28	XP_020895344.1	_		traf2_binding_variant	Motif		PTQAE	684	689	1	5					
sequence	other	20261003_47e0cc28	XP_020895344.1	_		traf2_binding_variant	Motif		PTQAE	697	702	1	5					
sequence	other	20261003_47e0cc28	XP_020895344.1	_		traf2_binding_variant	Motif		PSQKE	991	996	1	5					
sequence	other	20261003_47e0cc28	XP_020895344.1	_		traf2_binding_variant	Motif		PMQNS	2660	2665	1	5					
sequence	other	20261003_47e0cc28	XP_020895344.1	_		traf2_binding_variant	Motif		PDEQT	3616	3621	1	5					
sequence	other	20261003_47e0cc28	XP_020895344.1	_		traf2_binding_variant	Motif		PQEKA	3733	3738	1	5					
sequence	other	20261003_47e0cc28	XP_020895344.1	_		traf2_binding_permissive	Motif		PQPEQTE	662	669	1	7					
sequence	other	20261003_47e0cc28	XP_020895344.1	_		traf2_binding_permissive	Motif		PQTEQT	675	681	1	6					
sequence	other	20261003_47e0cc28	XP_020895344.1	_		traf2_binding_permissive	Motif		PTQAES	684	690	1	6					
sequence	other	20261003_47e0cc28	XP_020895344.1	_		traf2_binding_permissive	Motif		PTQAEE	697	703	1	6					
sequence	other	20261003_47e0cc28	XP_020895344.1	_		traf2_binding_permissive	Motif		PSQKEE	991	997	1	6					
sequence	other	20261003_47e0cc28	XP_020895344.1	_		traf2_binding_permissive	Motif		PMSEPES	1045	1052	1	7					
sequence	other	20261003_47e0cc28	XP_020895344.1	_		traf2_binding_permissive	Motif		PFDQTLE	2636	2643	1	7					
sequence	other	20261003_47e0cc28	XP_020895344.1	_		traf2_binding_permissive	Motif		PMQNS	2660	2665	1	5					
sequence	other	20261003_47e0cc28	XP_020895344.1	_		traf2_binding_permissive	Motif		PENDLG	3601	3607	1	6					
sequence	other	20261003_47e0cc28	XP_020895344.1	_		traf2_binding_permissive	Motif		PGREQPD	3611	3618	1	7					
sequence	other	20261003_47e0cc28	XP_020895344.1	_		traf2_binding_permissive	Motif		PQEKA	3733	3738	1	5					
sequence	other	20261003_47e0cc28	XP_020899322.1	_		traf6_binding_permissive	Motif		PHELFL	41	47	1	6					
sequence	other	20261003_47e0cc28	XP_020899322.1	_		traf6_binding_permissive	Motif		PIEHAV	219	225	1	6					
sequence	other	20261003_47e0cc28	XP_020899322.1	_		traf6_binding_permissive	Motif		PVQVSE	245	251	1	6					
sequence	other	20261003_47e0cc28	XP_020899322.1	_		traf6_binding_permissive	Motif		PEETVR	367	373	1	6					
sequence	other	20261003_47e0cc28	XP_020899322.1	_		traf2_binding_strict	Motif		PVQVS	245	250	1	5					
sequence	other	20261003_47e0cc28	XP_020899322.1	_		traf2_binding_strict	Motif		PEQCS	499	504	1	5					
sequence	other	20261003_47e0cc28	XP_020899322.1	_		traf2_binding_variant	Motif		PIEHA	219	224	1	5					
sequence	other	20261003_47e0cc28	XP_020899322.1	_		traf2_binding_variant	Motif		PVQVS	245	250	1	5					
sequence	other	20261003_47e0cc28	XP_020899322.1	_		traf2_binding_variant	Motif		PEQCS	499	504	1	5					
sequence	other	20261003_47e0cc28	XP_020899322.1	_		traf2_binding_permissive	Motif		PLTERAS	94	101	1	7					
sequence	other	20261003_47e0cc28	XP_020899322.1	_		traf2_binding_permissive	Motif		PIEHA	219	224	1	5					
sequence	other	20261003_47e0cc28	XP_020899322.1	_		traf2_binding_permissive	Motif		PVQVSE	245	251	1	6					
sequence	other	20261003_47e0cc28	XP_020899322.1	_		traf2_binding_permissive	Motif		PLEGIA	419	425	1	6					
sequence	other	20261003_47e0cc28	XP_020899322.1	_		traf2_binding_permissive	Motif		PEQCSS	499	505	1	6					
sequence	other	20261003_47e0cc28	XP_020609384.1	_		traf6_binding_strict	Motif		PEEQAE	280	286	1	6					
sequence	other	20261003_47e0cc28	XP_020609384.1	_		traf6_binding_permissive	Motif		PEEQAE	280	286	1	6					
sequence	other	20261003_47e0cc28	XP_020609384.1	_		traf2_binding_variant	Motif		PEEQA	280	285	1	5					
sequence	other	20261003_47e0cc28	XP_020609384.1	_		traf2_binding_variant	Motif		PNNAG	395	400	1	5					
sequence	other	20261003_47e0cc28	XP_020609384.1	_		traf2_binding_permissive	Motif		PFEFFA	78	84	1	6					
sequence	other	20261003_47e0cc28	XP_020609384.1	_		traf2_binding_permissive	Motif		PFPNLND	256	263	1	7					
sequence	other	20261003_47e0cc28	XP_020609384.1	_		traf2_binding_permissive	Motif		PEEQAES	280	287	1	7					
sequence	other	20261003_47e0cc28	XP_020609384.1	_		traf2_binding_permissive	Motif		PVHQPA	319	325	1	6					
sequence	other	20261003_47e0cc28	XP_020609384.1	_		traf2_binding_permissive	Motif		PVSQSG	343	349	1	6					
sequence	other	20261003_47e0cc28	XP_020609384.1	_		traf2_binding_permissive	Motif		PNNAGD	395	401	1	6					
sequence	other	20261003_47e0cc28	XP_020609384.1	_		traf2_binding_permissive	Motif		PFVNFTE	699	706	1	7					
sequence	other	20261003_47e0cc28	XP_022790771.1	_		traf6_binding_strict	Motif		PEELVY	111	117	1	6					
sequence	other	20261003_47e0cc28	XP_022790771.1	_		traf6_binding_permissive	Motif		PEELVY	111	117	1	6					
sequence	other	20261003_47e0cc28	XP_022790771.1	_		traf6_binding_permissive	Motif		PDQSGW	253	259	1	6					
sequence	other	20261003_47e0cc28	XP_022790771.1	_		traf6_binding_permissive	Motif		PQQFPE	362	368	1	6					
sequence	other	20261003_47e0cc28	XP_022790771.1	_		traf2_binding_strict	Motif		PGEQT	239	244	1	5					
sequence	other	20261003_47e0cc28	XP_022790771.1	_		traf2_binding_strict	Motif		PVQIS	472	477	1	5					
sequence	other	20261003_47e0cc28	XP_022790771.1	_		traf2_binding_strict	Motif		PVEIS	528	533	1	5					
sequence	other	20261003_47e0cc28	XP_022790771.1	_		traf2_binding_strict	Motif		PVEIS	584	589	1	5					
sequence	other	20261003_47e0cc28	XP_022790771.1	_		traf2_binding_variant	Motif		PGEQT	239	244	1	5					
sequence	other	20261003_47e0cc28	XP_022790771.1	_		traf2_binding_variant	Motif		PDQSG	253	258	1	5					
sequence	other	20261003_47e0cc28	XP_022790771.1	_		traf2_binding_variant	Motif		PVQIS	472	477	1	5					
sequence	other	20261003_47e0cc28	XP_022790771.1	_		traf2_binding_variant	Motif		PPNNA	505	510	1	5					
sequence	other	20261003_47e0cc28	XP_022790771.1	_		traf2_binding_variant	Motif		PVEIS	528	533	1	5					
sequence	other	20261003_47e0cc28	XP_022790771.1	_		traf2_binding_variant	Motif		PPNNA	561	566	1	5					
sequence	other	20261003_47e0cc28	XP_022790771.1	_		traf2_binding_variant	Motif		PVEIS	584	589	1	5					
sequence	other	20261003_47e0cc28	XP_022790771.1	_		traf2_binding_variant	Motif		PSNGG	650	655	1	5					
sequence	other	20261003_47e0cc28	XP_022790771.1	_		traf2_binding_permissive	Motif		PSFNDVA	221	228	1	7					
sequence	other	20261003_47e0cc28	XP_022790771.1	_		traf2_binding_permissive	Motif		PGEQTGD	239	246	1	7					
sequence	other	20261003_47e0cc28	XP_022790771.1	_		traf2_binding_permissive	Motif		PPDQSG	252	258	1	6					
sequence	other	20261003_47e0cc28	XP_022790771.1	_		traf2_binding_permissive	Motif		PSNQIFS	280	287	1	7					
sequence	other	20261003_47e0cc28	XP_022790771.1	_		traf2_binding_permissive	Motif		PGMQNFS	313	320	1	7					
sequence	other	20261003_47e0cc28	XP_022790771.1	_		traf2_binding_permissive	Motif		PSNQVFS	333	340	1	7					
sequence	other	20261003_47e0cc28	XP_022790771.1	_		traf2_binding_permissive	Motif		PFANFSD	346	353	1	7					
sequence	other	20261003_47e0cc28	XP_022790771.1	_		traf2_binding_permissive	Motif		PPQQFPE	361	368	1	7					
sequence	other	20261003_47e0cc28	XP_022790771.1	_		traf2_binding_permissive	Motif		PVQIS	472	477	1	5					
sequence	other	20261003_47e0cc28	XP_022790771.1	_		traf2_binding_permissive	Motif		PTEAVA	495	501	1	6					
sequence	other	20261003_47e0cc28	XP_022790771.1	_		traf2_binding_permissive	Motif		PPNNAS	505	511	1	6					
sequence	other	20261003_47e0cc28	XP_022790771.1	_		traf2_binding_permissive	Motif		PVEIS	528	533	1	5					
sequence	other	20261003_47e0cc28	XP_022790771.1	_		traf2_binding_permissive	Motif		PPNNAS	561	567	1	6					
sequence	other	20261003_47e0cc28	XP_022790771.1	_		traf2_binding_permissive	Motif		PVEIS	584	589	1	5					
sequence	other	20261003_47e0cc28	XP_022790771.1	_		traf2_binding_permissive	Motif		PSNGG	650	655	1	5					
sequence	other	20261003_47e0cc28	XP_022790771.1	_		traf2_binding_permissive	Motif		PFVQFS	939	945	1	6					
sequence	other	20261003_47e0cc28	XP_022790771.1	_		traf2_binding_permissive	Motif		PEEMRA	945	951	1	6					
sequence	other	20261003_47e0cc28	XP_022790772.1	_		traf6_binding_strict	Motif		PEELVY	111	117	1	6					
sequence	other	20261003_47e0cc28	XP_022790772.1	_		traf6_binding_permissive	Motif		PEELVY	111	117	1	6					
sequence	other	20261003_47e0cc28	XP_022790772.1	_		traf6_binding_permissive	Motif		PDQSGW	252	258	1	6					
sequence	other	20261003_47e0cc28	XP_022790772.1	_		traf6_binding_permissive	Motif		PQQFPE	361	367	1	6					
sequence	other	20261003_47e0cc28	XP_022790772.1	_		traf2_binding_strict	Motif		PGEQT	238	243	1	5					
sequence	other	20261003_47e0cc28	XP_022790772.1	_		traf2_binding_strict	Motif		PVQIS	471	476	1	5					
sequence	other	20261003_47e0cc28	XP_022790772.1	_		traf2_binding_strict	Motif		PVEIS	527	532	1	5					
sequence	other	20261003_47e0cc28	XP_022790772.1	_		traf2_binding_strict	Motif		PVEIS	583	588	1	5					
sequence	other	20261003_47e0cc28	XP_022790772.1	_		traf2_binding_variant	Motif		PGEQT	238	243	1	5					
sequence	other	20261003_47e0cc28	XP_022790772.1	_		traf2_binding_variant	Motif		PDQSG	252	257	1	5					
sequence	other	20261003_47e0cc28	XP_022790772.1	_		traf2_binding_variant	Motif		PVQIS	471	476	1	5					
sequence	other	20261003_47e0cc28	XP_022790772.1	_		traf2_binding_variant	Motif		PPNNA	504	509	1	5					
sequence	other	20261003_47e0cc28	XP_022790772.1	_		traf2_binding_variant	Motif		PVEIS	527	532	1	5					
sequence	other	20261003_47e0cc28	XP_022790772.1	_		traf2_binding_variant	Motif		PPNNA	560	565	1	5					
sequence	other	20261003_47e0cc28	XP_022790772.1	_		traf2_binding_variant	Motif		PVEIS	583	588	1	5					
sequence	other	20261003_47e0cc28	XP_022790772.1	_		traf2_binding_variant	Motif		PSNGG	649	654	1	5					
sequence	other	20261003_47e0cc28	XP_022790772.1	_		traf2_binding_permissive	Motif		PSFNDVA	220	227	1	7					
sequence	other	20261003_47e0cc28	XP_022790772.1	_		traf2_binding_permissive	Motif		PGEQTGD	238	245	1	7					
sequence	other	20261003_47e0cc28	XP_022790772.1	_		traf2_binding_permissive	Motif		PPDQSG	251	257	1	6					
sequence	other	20261003_47e0cc28	XP_022790772.1	_		traf2_binding_permissive	Motif		PSNQIFS	279	286	1	7					
sequence	other	20261003_47e0cc28	XP_022790772.1	_		traf2_binding_permissive	Motif		PGMQNFS	312	319	1	7					
sequence	other	20261003_47e0cc28	XP_022790772.1	_		traf2_binding_permissive	Motif		PSNQVFS	332	339	1	7					
sequence	other	20261003_47e0cc28	XP_022790772.1	_		traf2_binding_permissive	Motif		PFANFSD	345	352	1	7					
sequence	other	20261003_47e0cc28	XP_022790772.1	_		traf2_binding_permissive	Motif		PPQQFPE	360	367	1	7					
sequence	other	20261003_47e0cc28	XP_022790772.1	_		traf2_binding_permissive	Motif		PVQIS	471	476	1	5					
sequence	other	20261003_47e0cc28	XP_022790772.1	_		traf2_binding_permissive	Motif		PTEAVA	494	500	1	6					
sequence	other	20261003_47e0cc28	XP_022790772.1	_		traf2_binding_permissive	Motif		PPNNAS	504	510	1	6					
sequence	other	20261003_47e0cc28	XP_022790772.1	_		traf2_binding_permissive	Motif		PVEIS	527	532	1	5					
sequence	other	20261003_47e0cc28	XP_022790772.1	_		traf2_binding_permissive	Motif		PPNNAS	560	566	1	6					
sequence	other	20261003_47e0cc28	XP_022790772.1	_		traf2_binding_permissive	Motif		PVEIS	583	588	1	5					
sequence	other	20261003_47e0cc28	XP_022790772.1	_		traf2_binding_permissive	Motif		PSNGG	649	654	1	5					
sequence	other	20261003_47e0cc28	XP_022790772.1	_		traf2_binding_permissive	Motif		PFVQFS	938	944	1	6					
sequence	other	20261003_47e0cc28	XP_022790772.1	_		traf2_binding_permissive	Motif		PEEMRA	944	950	1	6					
sequence	other	20261003_47e0cc28	XP_022807463.1	_		traf6_binding_strict	Motif		PEEQLF	1116	1122	1	6					
sequence	other	20261003_47e0cc28	XP_022807463.1	_		traf6_binding_permissive	Motif		PAELRV	665	671	1	6					
sequence	other	20261003_47e0cc28	XP_022807463.1	_		traf6_binding_permissive	Motif		PEEQLF	1116	1122	1	6					
sequence	other	20261003_47e0cc28	XP_022807463.1	_		traf2_binding_strict	Motif		PEEES	477	482	1	5					
sequence	other	20261003_47e0cc28	XP_022807463.1	_		traf2_binding_variant	Motif		PFNPE	474	479	1	5					
sequence	other	20261003_47e0cc28	XP_022807463.1	_		traf2_binding_permissive	Motif		PLEIQA	423	429	1	6					
sequence	other	20261003_47e0cc28	XP_022807463.1	_		traf2_binding_permissive	Motif		PRAELA	431	437	1	6					
sequence	other	20261003_47e0cc28	XP_022807463.1	_		traf2_binding_permissive	Motif		PFNPEE	474	480	1	6					
sequence	other	20261003_47e0cc28	XP_022807463.1	_		traf2_binding_permissive	Motif		PGNEQQE	708	715	1	7					
sequence	other	20261003_47e0cc28	XP_022807463.1	_		traf2_binding_permissive	Motif		PAQLRS	950	956	1	6					
sequence	other	20261003_47e0cc28	XP_027055137.1	_		traf6_binding_strict	Motif		PGEQTE	237	243	1	6					
sequence	other	20261003_47e0cc28	XP_027055137.1	_		traf6_binding_permissive	Motif		PGEQTE	237	243	1	6					
sequence	other	20261003_47e0cc28	XP_027055137.1	_		traf6_binding_permissive	Motif		PSQVFL	287	293	1	6					
sequence	other	20261003_47e0cc28	XP_027055137.1	_		traf6_binding_permissive	Motif		PLEELL	648	654	1	6					
sequence	other	20261003_47e0cc28	XP_027055137.1	_		traf2_binding_strict	Motif		PGEQT	237	242	1	5					
sequence	other	20261003_47e0cc28	XP_027055137.1	_		traf2_binding_strict	Motif		PAQIS	377	382	1	5					
sequence	other	20261003_47e0cc28	XP_027055137.1	_		traf2_binding_strict	Motif		PQEPT	432	437	1	5					
sequence	other	20261003_47e0cc28	XP_027055137.1	_		traf2_binding_strict	Motif		PVQVS	469	474	1	5					
sequence	other	20261003_47e0cc28	XP_027055137.1	_		traf2_binding_variant	Motif		PGEQT	237	242	1	5					
sequence	other	20261003_47e0cc28	XP_027055137.1	_		traf2_binding_variant	Motif		PTQQA	295	300	1	5					
sequence	other	20261003_47e0cc28	XP_027055137.1	_		traf2_binding_variant	Motif		PAQIS	377	382	1	5					
sequence	other	20261003_47e0cc28	XP_027055137.1	_		traf2_binding_variant	Motif		PSESA	413	418	1	5					
sequence	other	20261003_47e0cc28	XP_027055137.1	_		traf2_binding_variant	Motif		PQEPT	432	437	1	5					
sequence	other	20261003_47e0cc28	XP_027055137.1	_		traf2_binding_variant	Motif		PVQVS	469	474	1	5					
sequence	other	20261003_47e0cc28	XP_027055137.1	_		traf2_binding_variant	Motif		PPNGS	521	526	1	5					
sequence	other	20261003_47e0cc28	XP_027055137.1	_		traf2_binding_permissive	Motif		PFPNLND	217	224	1	7					
sequence	other	20261003_47e0cc28	XP_027055137.1	_		traf2_binding_permissive	Motif		PGEQTE	237	243	1	6					
sequence	other	20261003_47e0cc28	XP_027055137.1	_		traf2_binding_permissive	Motif		PSNQPG	250	256	1	6					
sequence	other	20261003_47e0cc28	XP_027055137.1	_		traf2_binding_permissive	Motif		PTQQA	295	300	1	5					
sequence	other	20261003_47e0cc28	XP_027055137.1	_		traf2_binding_permissive	Motif		PAQIS	377	382	1	5					
sequence	other	20261003_47e0cc28	XP_027055137.1	_		traf2_binding_permissive	Motif		PSESAS	413	419	1	6					
sequence	other	20261003_47e0cc28	XP_027055137.1	_		traf2_binding_permissive	Motif		PQEPTA	432	438	1	6					
sequence	other	20261003_47e0cc28	XP_027055137.1	_		traf2_binding_permissive	Motif		PVQVS	469	474	1	5					
sequence	other	20261003_47e0cc28	XP_027055137.1	_		traf2_binding_permissive	Motif		PSMENPS	475	482	1	7					
sequence	other	20261003_47e0cc28	XP_027055137.1	_		traf2_binding_permissive	Motif		PVQEHSA	502	509	1	7					
sequence	other	20261003_47e0cc28	XP_027055137.1	_		traf2_binding_permissive	Motif		PPNGS	521	526	1	5					
sequence	other	20261003_47e0cc28	XP_027055137.1	_		traf2_binding_permissive	Motif		PIEMIG	554	560	1	6					
sequence	other	20261003_47e0cc28	XP_027055137.1	_		traf2_binding_permissive	Motif		PFVQFSS	812	819	1	7					
sequence	other	20261003_47e0cc28	XP_029179323.1	_		traf6_binding_permissive	Motif		PSERKK	544	550	1	6					
sequence	other	20261003_47e0cc28	XP_029179323.1	_		traf6_binding_permissive	Motif		PFEEVK	778	784	1	6					
sequence	other	20261003_47e0cc28	XP_029179323.1	_		traf6_binding_permissive	Motif		PGEELI	1164	1170	1	6					
sequence	other	20261003_47e0cc28	XP_029179323.1	_		traf2_binding_strict	Motif		PKQES	517	522	1	5					
sequence	other	20261003_47e0cc28	XP_029179323.1	_		traf2_binding_variant	Motif		PKQES	517	522	1	5					
sequence	other	20261003_47e0cc28	XP_029179323.1	_		traf2_binding_variant	Motif		PNNET	727	732	1	5					
sequence	other	20261003_47e0cc28	XP_029179323.1	_		traf2_binding_variant	Motif		PSECD	1009	1014	1	5					
sequence	other	20261003_47e0cc28	XP_029179323.1	_		traf2_binding_permissive	Motif		PVTERHD	23	30	1	7					
sequence	other	20261003_47e0cc28	XP_029179323.1	_		traf2_binding_permissive	Motif		PAEIRG	463	469	1	6					
sequence	other	20261003_47e0cc28	XP_029179323.1	_		traf2_binding_permissive	Motif		PRAERA	471	477	1	6					
sequence	other	20261003_47e0cc28	XP_029179323.1	_		traf2_binding_permissive	Motif		PKQEST	517	523	1	6					
sequence	other	20261003_47e0cc28	XP_029179323.1	_		traf2_binding_permissive	Motif		PGAEDND	570	577	1	7					
sequence	other	20261003_47e0cc28	XP_029179323.1	_		traf2_binding_permissive	Motif		PNNET	727	732	1	5					
sequence	other	20261003_47e0cc28	XP_029179323.1	_		traf2_binding_permissive	Motif		PFEEVKT	778	785	1	7					
sequence	other	20261003_47e0cc28	XP_029179323.1	_		traf2_binding_permissive	Motif		PTQLRS	994	1000	1	6					
sequence	other	20261003_47e0cc28	XP_029179323.1	_		traf2_binding_permissive	Motif		PSECD	1009	1014	1	5					
sequence	other	20261003_47e0cc28	XP_029179323.1	_		traf2_binding_permissive	Motif		PTSQSEE	1191	1198	1	7					
sequence	other	20261003_47e0cc28	XP_029179323.1	_		traf2_binding_permissive	Motif		PDTEID	1245	1251	1	6					
sequence	other	20261003_47e0cc28	XP_029179324.1	_		traf6_binding_permissive	Motif		PSERKK	544	550	1	6					
sequence	other	20261003_47e0cc28	XP_029179324.1	_		traf6_binding_permissive	Motif		PFEEVK	778	784	1	6					
sequence	other	20261003_47e0cc28	XP_029179324.1	_		traf6_binding_permissive	Motif		PGEELI	1164	1170	1	6					
sequence	other	20261003_47e0cc28	XP_029179324.1	_		traf2_binding_strict	Motif		PKQES	517	522	1	5					
sequence	other	20261003_47e0cc28	XP_029179324.1	_		traf2_binding_variant	Motif		PKQES	517	522	1	5					
sequence	other	20261003_47e0cc28	XP_029179324.1	_		traf2_binding_variant	Motif		PNNET	727	732	1	5					
sequence	other	20261003_47e0cc28	XP_029179324.1	_		traf2_binding_variant	Motif		PSECD	1009	1014	1	5					
sequence	other	20261003_47e0cc28	XP_029179324.1	_		traf2_binding_permissive	Motif		PVTERHD	23	30	1	7					
sequence	other	20261003_47e0cc28	XP_029179324.1	_		traf2_binding_permissive	Motif		PAEIRG	463	469	1	6					
sequence	other	20261003_47e0cc28	XP_029179324.1	_		traf2_binding_permissive	Motif		PRAERA	471	477	1	6					
sequence	other	20261003_47e0cc28	XP_029179324.1	_		traf2_binding_permissive	Motif		PKQEST	517	523	1	6					
sequence	other	20261003_47e0cc28	XP_029179324.1	_		traf2_binding_permissive	Motif		PGAEDND	570	577	1	7					
sequence	other	20261003_47e0cc28	XP_029179324.1	_		traf2_binding_permissive	Motif		PNNET	727	732	1	5					
sequence	other	20261003_47e0cc28	XP_029179324.1	_		traf2_binding_permissive	Motif		PFEEVKT	778	785	1	7					
sequence	other	20261003_47e0cc28	XP_029179324.1	_		traf2_binding_permissive	Motif		PTQLRS	994	1000	1	6					
sequence	other	20261003_47e0cc28	XP_029179324.1	_		traf2_binding_permissive	Motif		PSECD	1009	1014	1	5					
sequence	other	20261003_47e0cc28	XP_029179324.1	_		traf2_binding_permissive	Motif		PTSQSEE	1191	1198	1	7					
sequence	other	20261003_47e0cc28	XP_029206497.1	_		traf6_binding_permissive	Motif		PGEERR	222	228	1	6					
sequence	other	20261003_47e0cc28	XP_029206497.1	_		traf2_binding_variant	Motif		PGNND	213	218	1	5					
sequence	other	20261003_47e0cc28	XP_029206497.1	_		traf2_binding_variant	Motif		PLQTG	318	323	1	5					
sequence	other	20261003_47e0cc28	XP_029206497.1	_		traf2_binding_permissive	Motif		PFQLFS	41	47	1	6					
sequence	other	20261003_47e0cc28	XP_029206497.1	_		traf2_binding_permissive	Motif		PGNNDRE	213	220	1	7					
sequence	other	20261003_47e0cc28	XP_029206497.1	_		traf2_binding_permissive	Motif		PLQTGT	318	324	1	6					
sequence	other	20261003_47e0cc28	XP_029206497.1	_		traf2_binding_permissive	Motif		PIQHLG	348	354	1	6					
sequence	other	20261003_47e0cc28	XP_029206497.1	_		traf2_binding_permissive	Motif		PMVQKFT	446	453	1	7					
sequence	other	20261003_47e0cc28	XP_029206497.1	_		traf2_binding_permissive	Motif		PPNSCS	573	579	1	6					
sequence	other	20261003_47e0cc28	XP_029206498.1	_		traf6_binding_permissive	Motif		PGEERR	222	228	1	6					
sequence	other	20261003_47e0cc28	XP_029206498.1	_		traf2_binding_variant	Motif		PGNND	213	218	1	5					
sequence	other	20261003_47e0cc28	XP_029206498.1	_		traf2_binding_variant	Motif		PLQTG	318	323	1	5					
sequence	other	20261003_47e0cc28	XP_029206498.1	_		traf2_binding_permissive	Motif		PFQLFS	41	47	1	6					
sequence	other	20261003_47e0cc28	XP_029206498.1	_		traf2_binding_permissive	Motif		PGNNDRE	213	220	1	7					
sequence	other	20261003_47e0cc28	XP_029206498.1	_		traf2_binding_permissive	Motif		PLQTGT	318	324	1	6					
sequence	other	20261003_47e0cc28	XP_029206498.1	_		traf2_binding_permissive	Motif		PIQHLG	348	354	1	6					
sequence	other	20261003_47e0cc28	XP_029206498.1	_		traf2_binding_permissive	Motif		PMVQKFT	446	453	1	7					
sequence	other	20261003_47e0cc28	XP_029206498.1	_		traf2_binding_permissive	Motif		PPNSCS	573	579	1	6					
sequence	other	20261003_47e0cc28	XP_029206499.1	_		traf6_binding_permissive	Motif		PGEERR	222	228	1	6					
sequence	other	20261003_47e0cc28	XP_029206499.1	_		traf2_binding_variant	Motif		PGNND	213	218	1	5					
sequence	other	20261003_47e0cc28	XP_029206499.1	_		traf2_binding_variant	Motif		PLQTG	308	313	1	5					
sequence	other	20261003_47e0cc28	XP_029206499.1	_		traf2_binding_permissive	Motif		PFQLFS	41	47	1	6					
sequence	other	20261003_47e0cc28	XP_029206499.1	_		traf2_binding_permissive	Motif		PGNNDRE	213	220	1	7					
sequence	other	20261003_47e0cc28	XP_029206499.1	_		traf2_binding_permissive	Motif		PRERLS	279	285	1	6					
sequence	other	20261003_47e0cc28	XP_029206499.1	_		traf2_binding_permissive	Motif		PLQTGT	308	314	1	6					
sequence	other	20261003_47e0cc28	XP_029206499.1	_		traf2_binding_permissive	Motif		PIQHLG	338	344	1	6					
sequence	other	20261003_47e0cc28	XP_029206499.1	_		traf2_binding_permissive	Motif		PMVQKFT	436	443	1	7					
sequence	other	20261003_47e0cc28	XP_029206499.1	_		traf2_binding_permissive	Motif		PPNSCS	563	569	1	6					
sequence	other	20261003_47e0cc28	XP_028405064.1	_		traf6_binding_strict	Motif		PAERSE	178	184	1	6					
sequence	other	20261003_47e0cc28	XP_028405064.1	_		traf6_binding_strict	Motif		PKESIE	770	776	1	6					
sequence	other	20261003_47e0cc28	XP_028405064.1	_		traf6_binding_permissive	Motif		PDEDRR	134	140	1	6					
sequence	other	20261003_47e0cc28	XP_028405064.1	_		traf6_binding_permissive	Motif		PAERSE	178	184	1	6					
sequence	other	20261003_47e0cc28	XP_028405064.1	_		traf6_binding_permissive	Motif		PWEEYR	404	410	1	6					
sequence	other	20261003_47e0cc28	XP_028405064.1	_		traf6_binding_permissive	Motif		PKESIE	770	776	1	6					
sequence	other	20261003_47e0cc28	XP_028405064.1	_		traf6_binding_permissive	Motif		PEESEL	1323	1329	1	6					
sequence	other	20261003_47e0cc28	XP_028405064.1	_		traf2_binding_strict	Motif		PAERS	178	183	1	5					
sequence	other	20261003_47e0cc28	XP_028405064.1	_		traf2_binding_strict	Motif		PFEDS	666	671	1	5					
sequence	other	20261003_47e0cc28	XP_028405064.1	_		traf2_binding_variant	Motif		PAERS	178	183	1	5					
sequence	other	20261003_47e0cc28	XP_028405064.1	_		traf2_binding_variant	Motif		PFEDS	666	671	1	5					
sequence	other	20261003_47e0cc28	XP_028405064.1	_		traf2_binding_variant	Motif		PEESE	1323	1328	1	5					
sequence	other	20261003_47e0cc28	XP_028405064.1	_		traf2_binding_permissive	Motif		PFQSPA	174	180	1	6					
sequence	other	20261003_47e0cc28	XP_028405064.1	_		traf2_binding_permissive	Motif		PVNALT	570	576	1	6					
sequence	other	20261003_47e0cc28	XP_028405064.1	_		traf2_binding_permissive	Motif		PFEDSA	666	672	1	6					
sequence	other	20261003_47e0cc28	XP_028405064.1	_		traf2_binding_permissive	Motif		PKESIE	770	776	1	6					
sequence	other	20261003_47e0cc28	XP_028405064.1	_		traf2_binding_permissive	Motif		PITEPTG	1063	1070	1	7					
sequence	other	20261003_47e0cc28	XP_028405064.1	_		traf2_binding_permissive	Motif		PEINQQG	1080	1087	1	7					
sequence	other	20261003_47e0cc28	XP_028405064.1	_		traf2_binding_permissive	Motif		PFQQCPE	1248	1255	1	7					
sequence	other	20261003_47e0cc28	XP_028405064.1	_		traf2_binding_permissive	Motif		PEESE	1323	1328	1	5					
sequence	other	20261003_47e0cc28	XP_031567572.1	_		traf6_binding_strict	Motif		PTEREY	241	247	1	6					
sequence	other	20261003_47e0cc28	XP_031567572.1	_		traf6_binding_permissive	Motif		PHELFL	41	47	1	6					
sequence	other	20261003_47e0cc28	XP_031567572.1	_		traf6_binding_permissive	Motif		PGQRQF	200	206	1	6					
sequence	other	20261003_47e0cc28	XP_031567572.1	_		traf6_binding_permissive	Motif		PTEREY	241	247	1	6					
sequence	other	20261003_47e0cc28	XP_031567572.1	_		traf6_binding_permissive	Motif		PIQVTD	259	265	1	6					
sequence	other	20261003_47e0cc28	XP_031567572.1	_		traf2_binding_strict	Motif		PIQVT	259	264	1	5					
sequence	other	20261003_47e0cc28	XP_031567572.1	_		traf2_binding_strict	Motif		PEEFS	505	510	1	5					
sequence	other	20261003_47e0cc28	XP_031567572.1	_		traf2_binding_variant	Motif		PTERE	241	246	1	5					
sequence	other	20261003_47e0cc28	XP_031567572.1	_		traf2_binding_variant	Motif		PIQVT	259	264	1	5					
sequence	other	20261003_47e0cc28	XP_031567572.1	_		traf2_binding_variant	Motif		PEEFS	505	510	1	5					
sequence	other	20261003_47e0cc28	XP_031567572.1	_		traf2_binding_permissive	Motif		PHTQATA	91	98	1	7					
sequence	other	20261003_47e0cc28	XP_031567572.1	_		traf2_binding_permissive	Motif		PFKQRVS	105	112	1	7					
sequence	other	20261003_47e0cc28	XP_031567572.1	_		traf2_binding_permissive	Motif		PNVNVPG	195	202	1	7					
sequence	other	20261003_47e0cc28	XP_031567572.1	_		traf2_binding_permissive	Motif		PIAQHGD	224	231	1	7					
sequence	other	20261003_47e0cc28	XP_031567572.1	_		traf2_binding_permissive	Motif		PTERE	241	246	1	5					
sequence	other	20261003_47e0cc28	XP_031567572.1	_		traf2_binding_permissive	Motif		PETQNA	247	253	1	6					
sequence	other	20261003_47e0cc28	XP_031567572.1	_		traf2_binding_permissive	Motif		PIQVTD	259	265	1	6					
sequence	other	20261003_47e0cc28	XP_031567572.1	_		traf2_binding_permissive	Motif		PEEFSS	505	511	1	6					
sequence	other	20261003_47e0cc28	XP_029206497.2	_		traf2_binding_strict	Motif		PCETT	2	7	1	5					
sequence	other	20261003_47e0cc28	XP_029206497.2	_		traf2_binding_variant	Motif		PCETT	2	7	1	5					
sequence	other	20261003_47e0cc28	XP_029206497.2	_		traf2_binding_variant	Motif		PGNND	239	244	1	5					
sequence	other	20261003_47e0cc28	XP_029206497.2	_		traf2_binding_variant	Motif		PLQTG	344	349	1	5					
sequence	other	20261003_47e0cc28	XP_029206497.2	_		traf2_binding_permissive	Motif		PCETT	2	7	1	5					
sequence	other	20261003_47e0cc28	XP_029206497.2	_		traf2_binding_permissive	Motif		PFQLFS	67	73	1	6					
sequence	other	20261003_47e0cc28	XP_029206497.2	_		traf2_binding_permissive	Motif		PGNNDRE	239	246	1	7					
sequence	other	20261003_47e0cc28	XP_029206497.2	_		traf2_binding_permissive	Motif		PLQTGT	344	350	1	6					
sequence	other	20261003_47e0cc28	XP_029206497.2	_		traf2_binding_permissive	Motif		PIQQLGT	374	381	1	7					
sequence	other	20261003_47e0cc28	XP_029206497.2	_		traf2_binding_permissive	Motif		PMVQKFT	472	479	1	7					
sequence	other	20261003_47e0cc28	XP_029206497.2	_		traf2_binding_permissive	Motif		PESEELD	581	588	1	7					
sequence	other	20261003_47e0cc28	XP_029206499.2	_		traf2_binding_strict	Motif		PCETT	2	7	1	5					
sequence	other	20261003_47e0cc28	XP_029206499.2	_		traf2_binding_variant	Motif		PCETT	2	7	1	5					
sequence	other	20261003_47e0cc28	XP_029206499.2	_		traf2_binding_variant	Motif		PGNND	239	244	1	5					
sequence	other	20261003_47e0cc28	XP_029206499.2	_		traf2_binding_variant	Motif		PLQTG	334	339	1	5					
sequence	other	20261003_47e0cc28	XP_029206499.2	_		traf2_binding_permissive	Motif		PCETT	2	7	1	5					
sequence	other	20261003_47e0cc28	XP_029206499.2	_		traf2_binding_permissive	Motif		PFQLFS	67	73	1	6					
sequence	other	20261003_47e0cc28	XP_029206499.2	_		traf2_binding_permissive	Motif		PGNNDRE	239	246	1	7					
sequence	other	20261003_47e0cc28	XP_029206499.2	_		traf2_binding_permissive	Motif		PRERLS	305	311	1	6					
sequence	other	20261003_47e0cc28	XP_029206499.2	_		traf2_binding_permissive	Motif		PLQTGT	334	340	1	6					
sequence	other	20261003_47e0cc28	XP_029206499.2	_		traf2_binding_permissive	Motif		PIQQLGT	364	371	1	7					
sequence	other	20261003_47e0cc28	XP_029206499.2	_		traf2_binding_permissive	Motif		PMVQKFT	462	469	1	7					
sequence	other	20261003_47e0cc28	XP_029206499.2	_		traf2_binding_permissive	Motif		PESEELD	571	578	1	7					
sequence	other	20261003_47e0cc28	XP_044175284.1	_		traf6_binding_strict	Motif		PAERPE	922	928	1	6					
sequence	other	20261003_47e0cc28	XP_044175284.1	_		traf6_binding_permissive	Motif		PTQLLK	60	66	1	6					
sequence	other	20261003_47e0cc28	XP_044175284.1	_		traf6_binding_permissive	Motif		PAERPE	922	928	1	6					
sequence	other	20261003_47e0cc28	XP_044175284.1	_		traf6_binding_permissive	Motif		PTQLLK	976	982	1	6					
sequence	other	20261003_47e0cc28	XP_044175284.1	_		traf6_binding_permissive	Motif		PPEALR	1711	1717	1	6					
sequence	other	20261003_47e0cc28	XP_044175284.1	_		traf6_binding_permissive	Motif		PRQLIK	1979	1985	1	6					
sequence	other	20261003_47e0cc28	XP_044175284.1	_		traf2_binding_variant	Motif		PFEDD	213	218	1	5					
sequence	other	20261003_47e0cc28	XP_044175284.1	_		traf2_binding_variant	Motif		PLEDD	1129	1134	1	5					
sequence	other	20261003_47e0cc28	XP_044175284.1	_		traf2_binding_permissive	Motif		PKGEIHD	33	40	1	7					
sequence	other	20261003_47e0cc28	XP_044175284.1	_		traf2_binding_permissive	Motif		PENEQPS	73	80	1	7					
sequence	other	20261003_47e0cc28	XP_044175284.1	_		traf2_binding_permissive	Motif		PFEDD	213	218	1	5					
sequence	other	20261003_47e0cc28	XP_044175284.1	_		traf2_binding_permissive	Motif		PAERPE	922	928	1	6					
sequence	other	20261003_47e0cc28	XP_044175284.1	_		traf2_binding_permissive	Motif		PESEQPD	989	996	1	7					
sequence	other	20261003_47e0cc28	XP_044175284.1	_		traf2_binding_permissive	Motif		PLEDD	1129	1134	1	5					
sequence	other	20261003_47e0cc28	XP_044175284.1	_		traf2_binding_permissive	Motif		PYLEAFG	1692	1699	1	7					
sequence	other	20261003_47e0cc28	XP_044175284.1	_		traf2_binding_permissive	Motif		PNLELD	1906	1912	1	6					
sequence	other	20261003_47e0cc28	XP_044175284.1	_		traf2_binding_permissive	Motif		PGKQKMD	1993	2000	1	7					
sequence	other	20261003_47e0cc28	XP_044175284.1	_		traf2_binding_permissive	Motif		PCPEAVE	2048	2055	1	7					
sequence	other	20261003_47e0cc28	XP_044175284.1	_		traf2_binding_permissive	Motif		PKEILA	2060	2066	1	6					
sequence	other	20261003_47e0cc28	XP_046843876.1	_		traf6_binding_permissive	Motif		PPEYRL	951	957	1	6					
sequence	other	20261003_47e0cc28	XP_046843876.1	_		traf2_binding_permissive	Motif		PSANEA	554	560	1	6					
sequence	other	20261003_47e0cc28	XP_046843876.1	_		traf2_binding_permissive	Motif		PDNKVE	722	728	1	6					
sequence	other	20261003_47e0cc28	XP_046843876.1	_		traf2_binding_permissive	Motif		PSAEKA	991	997	1	6					
sequence	other	20261003_47e0cc28	XP_046843876.1	_		traf2_binding_permissive	Motif		PYLQSD	1000	1006	1	6					
sequence	other	20261003_47e0cc28	XP_046843876.1	_		traf2_binding_permissive	Motif		PMEWMT	1041	1047	1	6					
sequence	other	20261003_47e0cc28	XP_046843878.1	_		traf6_binding_permissive	Motif		PPEYRL	951	957	1	6					
sequence	other	20261003_47e0cc28	XP_046843878.1	_		traf2_binding_permissive	Motif		PSANEA	554	560	1	6					
sequence	other	20261003_47e0cc28	XP_046843878.1	_		traf2_binding_permissive	Motif		PDNKVE	722	728	1	6					
sequence	other	20261003_47e0cc28	XP_046843878.1	_		traf2_binding_permissive	Motif		PSAEKA	991	997	1	6					
sequence	other	20261003_47e0cc28	XP_046843878.1	_		traf2_binding_permissive	Motif		PYLQSD	1000	1006	1	6					
sequence	other	20261003_47e0cc28	XP_046843878.1	_		traf2_binding_permissive	Motif		PMEWMT	1041	1047	1	6					
sequence	other	20261003_47e0cc28	XP_046843878.1	_		traf2_binding_permissive	Motif		PNHNNSE	1375	1382	1	7					
sequence	other	20261003_47e0cc28	XP_046843879.1	_		traf6_binding_permissive	Motif		PPEYRL	951	957	1	6					
sequence	other	20261003_47e0cc28	XP_046843879.1	_		traf2_binding_permissive	Motif		PSANEA	554	560	1	6					
sequence	other	20261003_47e0cc28	XP_046843879.1	_		traf2_binding_permissive	Motif		PDNKVE	722	728	1	6					
sequence	other	20261003_47e0cc28	XP_046843879.1	_		traf2_binding_permissive	Motif		PSAEKA	991	997	1	6					
sequence	other	20261003_47e0cc28	XP_046843879.1	_		traf2_binding_permissive	Motif		PYLQSD	1000	1006	1	6					
sequence	other	20261003_47e0cc28	XP_046843879.1	_		traf2_binding_permissive	Motif		PMEWMT	1041	1047	1	6					
sequence	other	20261003_47e0cc28	XP_046843880.1	_		traf6_binding_permissive	Motif		PPEYRL	951	957	1	6					
sequence	other	20261003_47e0cc28	XP_046843880.1	_		traf2_binding_permissive	Motif		PSANEA	554	560	1	6					
sequence	other	20261003_47e0cc28	XP_046843880.1	_		traf2_binding_permissive	Motif		PDNKVE	722	728	1	6					
sequence	other	20261003_47e0cc28	XP_046843880.1	_		traf2_binding_permissive	Motif		PSAEKA	991	997	1	6					
sequence	other	20261003_47e0cc28	XP_046843880.1	_		traf2_binding_permissive	Motif		PYLQSD	1000	1006	1	6					
sequence	other	20261003_47e0cc28	XP_046843880.1	_		traf2_binding_permissive	Motif		PMEWMT	1041	1047	1	6					
sequence	other	20261003_47e0cc28	XP_046844925.1	_		traf6_binding_permissive	Motif		PYQSDD	2011	2017	1	6					
sequence	other	20261003_47e0cc28	XP_046844925.1	_		traf6_binding_permissive	Motif		PYQSDD	2318	2324	1	6					
sequence	other	20261003_47e0cc28	XP_046844925.1	_		traf6_binding_permissive	Motif		PYQSDD	2625	2631	1	6					
sequence	other	20261003_47e0cc28	XP_046844925.1	_		traf2_binding_variant	Motif		PYQSD	2011	2016	1	5					
sequence	other	20261003_47e0cc28	XP_046844925.1	_		traf2_binding_variant	Motif		PYQSD	2318	2323	1	5					
sequence	other	20261003_47e0cc28	XP_046844925.1	_		traf2_binding_variant	Motif		PYQSD	2625	2630	1	5					
sequence	other	20261003_47e0cc28	XP_046844925.1	_		traf2_binding_permissive	Motif		PKLQLHE	36	43	1	7					
sequence	other	20261003_47e0cc28	XP_046844925.1	_		traf2_binding_permissive	Motif		PKLQLHE	473	480	1	7					
sequence	other	20261003_47e0cc28	XP_046844925.1	_		traf2_binding_permissive	Motif		PKLQLHE	910	917	1	7					
sequence	other	20261003_47e0cc28	XP_046844925.1	_		traf2_binding_permissive	Motif		PDMEKRA	1339	1346	1	7					
sequence	other	20261003_47e0cc28	XP_046844925.1	_		traf2_binding_permissive	Motif		PYLQSDE	1652	1659	1	7					
sequence	other	20261003_47e0cc28	XP_046844925.1	_		traf2_binding_permissive	Motif		PSKEGKT	1822	1829	1	7					
sequence	other	20261003_47e0cc28	XP_046844925.1	_		traf2_binding_permissive	Motif		PYQSDD	2011	2017	1	6					
sequence	other	20261003_47e0cc28	XP_046844925.1	_		traf2_binding_permissive	Motif		PSKEGKT	2129	2136	1	7					
sequence	other	20261003_47e0cc28	XP_046844925.1	_		traf2_binding_permissive	Motif		PYQSDD	2318	2324	1	6					
sequence	other	20261003_47e0cc28	XP_046844925.1	_		traf2_binding_permissive	Motif		PYQSDD	2625	2631	1	6					
sequence	other	20261003_47e0cc28	XP_046844925.1	_		traf2_binding_permissive	Motif		PKTEKIG	2817	2824	1	7					
sequence	other	20261003_47e0cc28	XP_046844925.1	_		traf2_binding_permissive	Motif		PTGQLS	3069	3075	1	6					
sequence	other	20261003_47e0cc28	XP_046844925.1	_		traf2_binding_permissive	Motif		PSPNIKG	3260	3267	1	7					
sequence	other	20261003_47e0cc28	XP_046844931.1	_		traf6_binding_permissive	Motif		PDEEYL	589	595	1	6					
sequence	other	20261003_47e0cc28	XP_046844931.1	_		traf2_binding_variant	Motif		PLNSD	1214	1219	1	5					
sequence	other	20261003_47e0cc28	XP_046844931.1	_		traf2_binding_variant	Motif		PLNSD	1632	1637	1	5					
sequence	other	20261003_47e0cc28	XP_046844931.1	_		traf2_binding_permissive	Motif		PGVNIRA	149	156	1	7					
sequence	other	20261003_47e0cc28	XP_046844931.1	_		traf2_binding_permissive	Motif		PYLQSD	781	787	1	6					
sequence	other	20261003_47e0cc28	XP_046844931.1	_		traf2_binding_permissive	Motif		PYLQSAE	1188	1195	1	7					
sequence	other	20261003_47e0cc28	XP_046844931.1	_		traf2_binding_permissive	Motif		PLNSD	1214	1219	1	5					
sequence	other	20261003_47e0cc28	XP_046844931.1	_		traf2_binding_permissive	Motif		PENWMD	1226	1232	1	6					
sequence	other	20261003_47e0cc28	XP_046844931.1	_		traf2_binding_permissive	Motif		PSANEA	1594	1600	1	6					
sequence	other	20261003_47e0cc28	XP_046844931.1	_		traf2_binding_permissive	Motif		PYLQSDE	1603	1610	1	7					
sequence	other	20261003_47e0cc28	XP_046844931.1	_		traf2_binding_permissive	Motif		PLNSD	1632	1637	1	5					
sequence	other	20261003_47e0cc28	XP_046844931.1	_		traf2_binding_permissive	Motif		PSANEA	2023	2029	1	6					
sequence	other	20261003_47e0cc28	XP_046844931.1	_		traf2_binding_permissive	Motif		PYLQTDE	2032	2039	1	7					
sequence	other	20261003_47e0cc28	XP_046844931.1	_		traf2_binding_permissive	Motif		PSNLCE	2062	2068	1	6					
sequence	other	20261003_47e0cc28	XP_046844931.1	_		traf2_binding_permissive	Motif		PRPQLSS	2113	2120	1	7					
sequence	other	20261003_47e0cc28	XP_046845002.1	_		traf6_binding_permissive	Motif		PEEKLI	747	753	1	6					
sequence	other	20261003_47e0cc28	XP_046845002.1	_		traf2_binding_strict	Motif		PSETS	553	558	1	5					
sequence	other	20261003_47e0cc28	XP_046845002.1	_		traf2_binding_variant	Motif		PSETS	553	558	1	5					
sequence	other	20261003_47e0cc28	XP_046845002.1	_		traf2_binding_permissive	Motif		PTINVS	74	80	1	6					
sequence	other	20261003_47e0cc28	XP_046845002.1	_		traf2_binding_permissive	Motif		PQIQYNE	189	196	1	7					
sequence	other	20261003_47e0cc28	XP_046845002.1	_		traf2_binding_permissive	Motif		PVSNSVT	432	439	1	7					
sequence	other	20261003_47e0cc28	XP_046845002.1	_		traf2_binding_permissive	Motif		PSSNANT	537	544	1	7					
sequence	other	20261003_47e0cc28	XP_046845002.1	_		traf2_binding_permissive	Motif		PSETSS	553	559	1	6					
sequence	other	20261003_47e0cc28	XP_046845002.1	_		traf2_binding_permissive	Motif		PLYEYA	590	596	1	6					
sequence	other	20261003_47e0cc28	XP_046845002.1	_		traf2_binding_permissive	Motif		PVNEKA	852	858	1	6					
sequence	other	20261003_47e0cc28	XP_046862471.1	_		traf6_binding_permissive	Motif		PAQHEK	90	96	1	6					
sequence	other	20261003_47e0cc28	XP_046862471.1	_		traf2_binding_variant	Motif		PAQHE	90	95	1	5					
sequence	other	20261003_47e0cc28	XP_046862471.1	_		traf2_binding_permissive	Motif		PAQHE	90	95	1	5					
sequence	other	20261003_47e0cc28	XP_046862471.1	_		traf2_binding_permissive	Motif		PEERPS	306	312	1	6					
sequence	other	20261003_47e0cc28	XP_046862471.1	_		traf2_binding_permissive	Motif		PLPQPE	402	408	1	6					
sequence	other	20261003_47e0cc28	XP_046862471.1	_		traf2_binding_permissive	Motif		PSSNLQA	515	522	1	7					
sequence	other	20261003_47e0cc28	XP_046862471.1	_		traf2_binding_permissive	Motif		PSSNLQA	692	699	1	7					
sequence	other	20261003_47e0cc28	XP_058942447.1	_		traf6_binding_strict	Motif		PGEQTE	237	243	1	6					
sequence	other	20261003_47e0cc28	XP_058942447.1	_		traf6_binding_permissive	Motif		PGEQTE	237	243	1	6					
sequence	other	20261003_47e0cc28	XP_058942447.1	_		traf6_binding_permissive	Motif		PSQVSL	287	293	1	6					
sequence	other	20261003_47e0cc28	XP_058942447.1	_		traf6_binding_permissive	Motif		PLEELL	676	682	1	6					
sequence	other	20261003_47e0cc28	XP_058942447.1	_		traf2_binding_strict	Motif		PGEQT	237	242	1	5					
sequence	other	20261003_47e0cc28	XP_058942447.1	_		traf2_binding_strict	Motif		PSQVS	287	292	1	5					
sequence	other	20261003_47e0cc28	XP_058942447.1	_		traf2_binding_strict	Motif		PAQIS	405	410	1	5					
sequence	other	20261003_47e0cc28	XP_058942447.1	_		traf2_binding_strict	Motif		PQEPT	460	465	1	5					
sequence	other	20261003_47e0cc28	XP_058942447.1	_		traf2_binding_strict	Motif		PVQVS	497	502	1	5					
sequence	other	20261003_47e0cc28	XP_058942447.1	_		traf2_binding_variant	Motif		PGEQT	237	242	1	5					
sequence	other	20261003_47e0cc28	XP_058942447.1	_		traf2_binding_variant	Motif		PSQVS	287	292	1	5					
sequence	other	20261003_47e0cc28	XP_058942447.1	_		traf2_binding_variant	Motif		PYQGG	348	353	1	5					
sequence	other	20261003_47e0cc28	XP_058942447.1	_		traf2_binding_variant	Motif		PAQIS	405	410	1	5					
sequence	other	20261003_47e0cc28	XP_058942447.1	_		traf2_binding_variant	Motif		PSESA	441	446	1	5					
sequence	other	20261003_47e0cc28	XP_058942447.1	_		traf2_binding_variant	Motif		PQEPT	460	465	1	5					
sequence	other	20261003_47e0cc28	XP_058942447.1	_		traf2_binding_variant	Motif		PFNDT	474	479	1	5					
sequence	other	20261003_47e0cc28	XP_058942447.1	_		traf2_binding_variant	Motif		PVQVS	497	502	1	5					
sequence	other	20261003_47e0cc28	XP_058942447.1	_		traf2_binding_variant	Motif		PPNGS	549	554	1	5					
sequence	other	20261003_47e0cc28	XP_058942447.1	_		traf2_binding_permissive	Motif		PQINQG	88	94	1	6					
sequence	other	20261003_47e0cc28	XP_058942447.1	_		traf2_binding_permissive	Motif		PFPNLND	217	224	1	7					
sequence	other	20261003_47e0cc28	XP_058942447.1	_		traf2_binding_permissive	Motif		PGEQTE	237	243	1	6					
sequence	other	20261003_47e0cc28	XP_058942447.1	_		traf2_binding_permissive	Motif		PSYQPG	250	256	1	6					
sequence	other	20261003_47e0cc28	XP_058942447.1	_		traf2_binding_permissive	Motif		PSQVS	287	292	1	5					
sequence	other	20261003_47e0cc28	XP_058942447.1	_		traf2_binding_permissive	Motif		PSQRVA	341	347	1	6					
sequence	other	20261003_47e0cc28	XP_058942447.1	_		traf2_binding_permissive	Motif		PPYQGGS	347	354	1	7					
sequence	other	20261003_47e0cc28	XP_058942447.1	_		traf2_binding_permissive	Motif		PAQIS	405	410	1	5					
sequence	other	20261003_47e0cc28	XP_058942447.1	_		traf2_binding_permissive	Motif		PSESAS	441	447	1	6					
sequence	other	20261003_47e0cc28	XP_058942447.1	_		traf2_binding_permissive	Motif		PQEPTA	460	466	1	6					
sequence	other	20261003_47e0cc28	XP_058942447.1	_		traf2_binding_permissive	Motif		PPFNDTS	473	480	1	7					
sequence	other	20261003_47e0cc28	XP_058942447.1	_		traf2_binding_permissive	Motif		PVQVS	497	502	1	5					
sequence	other	20261003_47e0cc28	XP_058942447.1	_		traf2_binding_permissive	Motif		PPNGS	549	554	1	5					
sequence	other	20261003_47e0cc28	XP_058942447.1	_		traf2_binding_permissive	Motif		PIEMIG	582	588	1	6					
sequence	other	20261003_47e0cc28	XP_058942447.1	_		traf2_binding_permissive	Motif		PFVQFSS	840	847	1	7					
sequence	other	20261003_47e0cc28	XP_067019182.1	_		traf6_binding_permissive	Motif		PFELFR	41	47	1	6					
sequence	other	20261003_47e0cc28	XP_067019182.1	_		traf2_binding_variant	Motif		PGNND	213	218	1	5					
sequence	other	20261003_47e0cc28	XP_067019182.1	_		traf2_binding_variant	Motif		PLQTG	318	323	1	5					
sequence	other	20261003_47e0cc28	XP_067019182.1	_		traf2_binding_variant	Motif		PNNCS	574	579	1	5					
sequence	other	20261003_47e0cc28	XP_067019182.1	_		traf2_binding_permissive	Motif		PGNNDRE	213	220	1	7					
sequence	other	20261003_47e0cc28	XP_067019182.1	_		traf2_binding_permissive	Motif		PLQTGT	318	324	1	6					
sequence	other	20261003_47e0cc28	XP_067019182.1	_		traf2_binding_permissive	Motif		PIQQLGT	348	355	1	7					
sequence	other	20261003_47e0cc28	XP_067019182.1	_		traf2_binding_permissive	Motif		PMVQKFT	446	453	1	7					
sequence	other	20261003_47e0cc28	XP_067019182.1	_		traf2_binding_permissive	Motif		PPNNCSS	573	580	1	7					
sequence	other	20261003_47e0cc28	XP_067019183.1	_		traf6_binding_permissive	Motif		PFELFR	41	47	1	6					
sequence	other	20261003_47e0cc28	XP_067019183.1	_		traf2_binding_variant	Motif		PGNND	213	218	1	5					
sequence	other	20261003_47e0cc28	XP_067019183.1	_		traf2_binding_variant	Motif		PLQTG	308	313	1	5					
sequence	other	20261003_47e0cc28	XP_067019183.1	_		traf2_binding_variant	Motif		PNNCS	564	569	1	5					
sequence	other	20261003_47e0cc28	XP_067019183.1	_		traf2_binding_permissive	Motif		PGNNDRE	213	220	1	7					
sequence	other	20261003_47e0cc28	XP_067019183.1	_		traf2_binding_permissive	Motif		PRERLS	279	285	1	6					
sequence	other	20261003_47e0cc28	XP_067019183.1	_		traf2_binding_permissive	Motif		PLQTGT	308	314	1	6					
sequence	other	20261003_47e0cc28	XP_067019183.1	_		traf2_binding_permissive	Motif		PIQQLGT	338	345	1	7					
sequence	other	20261003_47e0cc28	XP_067019183.1	_		traf2_binding_permissive	Motif		PMVQKFT	436	443	1	7					
sequence	other	20261003_47e0cc28	XP_067019183.1	_		traf2_binding_permissive	Motif		PPNNCSS	563	570	1	7					
sequence	other	20261003_47e0cc28	XP_067052966.1	_		traf6_binding_strict	Motif		PAERPE	1587	1593	1	6					
sequence	other	20261003_47e0cc28	XP_067052966.1	_		traf6_binding_permissive	Motif		PEQYAF	56	62	1	6					
sequence	other	20261003_47e0cc28	XP_067052966.1	_		traf6_binding_permissive	Motif		PAERPE	1587	1593	1	6					
sequence	other	20261003_47e0cc28	XP_067052966.1	_		traf2_binding_variant	Motif		PEQYA	56	61	1	5					
sequence	other	20261003_47e0cc28	XP_067052966.1	_		traf2_binding_variant	Motif		PFEDD	584	589	1	5					
sequence	other	20261003_47e0cc28	XP_067052966.1	_		traf2_binding_permissive	Motif		PIPEQYA	54	61	1	7					
sequence	other	20261003_47e0cc28	XP_067052966.1	_		traf2_binding_permissive	Motif		PISQAG	340	346	1	6					
sequence	other	20261003_47e0cc28	XP_067052966.1	_		traf2_binding_permissive	Motif		PISESG	429	435	1	6					
sequence	other	20261003_47e0cc28	XP_067052966.1	_		traf2_binding_permissive	Motif		PVVELRE	530	537	1	7					
sequence	other	20261003_47e0cc28	XP_067052966.1	_		traf2_binding_permissive	Motif		PFEDD	584	589	1	5					
sequence	other	20261003_47e0cc28	XP_067052966.1	_		traf2_binding_permissive	Motif		PSGEGE	743	749	1	6					
sequence	other	20261003_47e0cc28	XP_067052966.1	_		traf2_binding_permissive	Motif		PSGEDE	1052	1058	1	6					
sequence	other	20261003_47e0cc28	XP_067052966.1	_		traf2_binding_permissive	Motif		PAERPE	1587	1593	1	6					
sequence	other	20261003_47e0cc28	XP_067052967.1	_		traf6_binding_strict	Motif		PAERPE	1587	1593	1	6					
sequence	other	20261003_47e0cc28	XP_067052967.1	_		traf6_binding_permissive	Motif		PEQYAF	56	62	1	6					
sequence	other	20261003_47e0cc28	XP_067052967.1	_		traf6_binding_permissive	Motif		PAERPE	1587	1593	1	6					
sequence	other	20261003_47e0cc28	XP_067052967.1	_		traf2_binding_variant	Motif		PEQYA	56	61	1	5					
sequence	other	20261003_47e0cc28	XP_067052967.1	_		traf2_binding_variant	Motif		PFEDD	584	589	1	5					
sequence	other	20261003_47e0cc28	XP_067052967.1	_		traf2_binding_permissive	Motif		PIPEQYA	54	61	1	7					
sequence	other	20261003_47e0cc28	XP_067052967.1	_		traf2_binding_permissive	Motif		PISQAG	340	346	1	6					
sequence	other	20261003_47e0cc28	XP_067052967.1	_		traf2_binding_permissive	Motif		PISESG	429	435	1	6					
sequence	other	20261003_47e0cc28	XP_067052967.1	_		traf2_binding_permissive	Motif		PVVELRE	530	537	1	7					
sequence	other	20261003_47e0cc28	XP_067052967.1	_		traf2_binding_permissive	Motif		PFEDD	584	589	1	5					
sequence	other	20261003_47e0cc28	XP_067052967.1	_		traf2_binding_permissive	Motif		PSGEGE	743	749	1	6					
sequence	other	20261003_47e0cc28	XP_067052967.1	_		traf2_binding_permissive	Motif		PSGEDE	1052	1058	1	6					
sequence	other	20261003_47e0cc28	XP_067052967.1	_		traf2_binding_permissive	Motif		PAERPE	1587	1593	1	6					
sequence	other	20261003_47e0cc28	XP_067052968.1	_		traf6_binding_strict	Motif		PAERPE	1579	1585	1	6					
sequence	other	20261003_47e0cc28	XP_067052968.1	_		traf6_binding_permissive	Motif		PEQYAF	56	62	1	6					
sequence	other	20261003_47e0cc28	XP_067052968.1	_		traf6_binding_permissive	Motif		PAERPE	1579	1585	1	6					
sequence	other	20261003_47e0cc28	XP_067052968.1	_		traf2_binding_variant	Motif		PEQYA	56	61	1	5					
sequence	other	20261003_47e0cc28	XP_067052968.1	_		traf2_binding_variant	Motif		PFEDD	584	589	1	5					
sequence	other	20261003_47e0cc28	XP_067052968.1	_		traf2_binding_permissive	Motif		PIPEQYA	54	61	1	7					
sequence	other	20261003_47e0cc28	XP_067052968.1	_		traf2_binding_permissive	Motif		PISQAG	340	346	1	6					
sequence	other	20261003_47e0cc28	XP_067052968.1	_		traf2_binding_permissive	Motif		PISESG	429	435	1	6					
sequence	other	20261003_47e0cc28	XP_067052968.1	_		traf2_binding_permissive	Motif		PVVELRE	530	537	1	7					
sequence	other	20261003_47e0cc28	XP_067052968.1	_		traf2_binding_permissive	Motif		PFEDD	584	589	1	5					
sequence	other	20261003_47e0cc28	XP_067052968.1	_		traf2_binding_permissive	Motif		PSGEGE	743	749	1	6					
sequence	other	20261003_47e0cc28	XP_067052968.1	_		traf2_binding_permissive	Motif		PSGEDE	1044	1050	1	6					
sequence	other	20261003_47e0cc28	XP_067052968.1	_		traf2_binding_permissive	Motif		PAERPE	1579	1585	1	6					
sequence	other	20261003_47e0cc28	XP_058942447.2	_		traf6_binding_strict	Motif		PGEQTE	237	243	1	6					
sequence	other	20261003_47e0cc28	XP_058942447.2	_		traf6_binding_strict	Motif		PEEMME	837	843	1	6					
sequence	other	20261003_47e0cc28	XP_058942447.2	_		traf6_binding_permissive	Motif		PGEQTE	237	243	1	6					
sequence	other	20261003_47e0cc28	XP_058942447.2	_		traf6_binding_permissive	Motif		PSQVSL	283	289	1	6					
sequence	other	20261003_47e0cc28	XP_058942447.2	_		traf6_binding_permissive	Motif		PLEELL	667	673	1	6					
sequence	other	20261003_47e0cc28	XP_058942447.2	_		traf6_binding_permissive	Motif		PEEMME	837	843	1	6					
sequence	other	20261003_47e0cc28	XP_058942447.2	_		traf2_binding_strict	Motif		PGEQT	237	242	1	5					
sequence	other	20261003_47e0cc28	XP_058942447.2	_		traf2_binding_strict	Motif		PSQVS	283	288	1	5					
sequence	other	20261003_47e0cc28	XP_058942447.2	_		traf2_binding_strict	Motif		PAQIS	396	401	1	5					
sequence	other	20261003_47e0cc28	XP_058942447.2	_		traf2_binding_strict	Motif		PQEPT	451	456	1	5					
sequence	other	20261003_47e0cc28	XP_058942447.2	_		traf2_binding_strict	Motif		PVQVS	488	493	1	5					
sequence	other	20261003_47e0cc28	XP_058942447.2	_		traf2_binding_variant	Motif		PNNWD	100	105	1	5					
sequence	other	20261003_47e0cc28	XP_058942447.2	_		traf2_binding_variant	Motif		PGEQT	237	242	1	5					
sequence	other	20261003_47e0cc28	XP_058942447.2	_		traf2_binding_variant	Motif		PPNQS	254	259	1	5					
sequence	other	20261003_47e0cc28	XP_058942447.2	_		traf2_binding_variant	Motif		PSQVS	283	288	1	5					
sequence	other	20261003_47e0cc28	XP_058942447.2	_		traf2_binding_variant	Motif		PAQIS	396	401	1	5					
sequence	other	20261003_47e0cc28	XP_058942447.2	_		traf2_binding_variant	Motif		PSESA	432	437	1	5					
sequence	other	20261003_47e0cc28	XP_058942447.2	_		traf2_binding_variant	Motif		PQEPT	451	456	1	5					
sequence	other	20261003_47e0cc28	XP_058942447.2	_		traf2_binding_variant	Motif		PFNDT	465	470	1	5					
sequence	other	20261003_47e0cc28	XP_058942447.2	_		traf2_binding_variant	Motif		PVQVS	488	493	1	5					
sequence	other	20261003_47e0cc28	XP_058942447.2	_		traf2_binding_variant	Motif		PPNGS	540	545	1	5					
sequence	other	20261003_47e0cc28	XP_058942447.2	_		traf2_binding_permissive	Motif		PQINQG	88	94	1	6					
sequence	other	20261003_47e0cc28	XP_058942447.2	_		traf2_binding_permissive	Motif		PNNWDD	100	106	1	6					
sequence	other	20261003_47e0cc28	XP_058942447.2	_		traf2_binding_permissive	Motif		PFPNLND	217	224	1	7					
sequence	other	20261003_47e0cc28	XP_058942447.2	_		traf2_binding_permissive	Motif		PGEQTE	237	243	1	6					
sequence	other	20261003_47e0cc28	XP_058942447.2	_		traf2_binding_permissive	Motif		PPNQS	254	259	1	5					
sequence	other	20261003_47e0cc28	XP_058942447.2	_		traf2_binding_permissive	Motif		PSQVS	283	288	1	5					
sequence	other	20261003_47e0cc28	XP_058942447.2	_		traf2_binding_permissive	Motif		PLQRVA	337	343	1	6					
sequence	other	20261003_47e0cc28	XP_058942447.2	_		traf2_binding_permissive	Motif		PTYQGGS	343	350	1	7					
sequence	other	20261003_47e0cc28	XP_058942447.2	_		traf2_binding_permissive	Motif		PAQIS	396	401	1	5					
sequence	other	20261003_47e0cc28	XP_058942447.2	_		traf2_binding_permissive	Motif		PLPQST	413	419	1	6					
sequence	other	20261003_47e0cc28	XP_058942447.2	_		traf2_binding_permissive	Motif		PSESAS	432	438	1	6					
sequence	other	20261003_47e0cc28	XP_058942447.2	_		traf2_binding_permissive	Motif		PQEPTA	451	457	1	6					
sequence	other	20261003_47e0cc28	XP_058942447.2	_		traf2_binding_permissive	Motif		PPFNDTS	464	471	1	7					
sequence	other	20261003_47e0cc28	XP_058942447.2	_		traf2_binding_permissive	Motif		PVQVS	488	493	1	5					
sequence	other	20261003_47e0cc28	XP_058942447.2	_		traf2_binding_permissive	Motif		PVQEHSA	521	528	1	7					
sequence	other	20261003_47e0cc28	XP_058942447.2	_		traf2_binding_permissive	Motif		PPNGS	540	545	1	5					
sequence	other	20261003_47e0cc28	XP_058942447.2	_		traf2_binding_permissive	Motif		PIEMIG	573	579	1	6					
sequence	other	20261003_47e0cc28	XP_058942447.2	_		traf2_binding_permissive	Motif		PFVQFS	831	837	1	6					
sequence	other	20261003_47e0cc28	XP_058942447.2	_		traf2_binding_permissive	Motif		PEEMME	837	843	1	6					
sequence	other	20261003_47e0cc28	XP_066016219.1	_		traf6_binding_strict	Motif		PGEQTE	236	242	1	6					
sequence	other	20261003_47e0cc28	XP_066016219.1	_		traf6_binding_strict	Motif		PEEMME	836	842	1	6					
sequence	other	20261003_47e0cc28	XP_066016219.1	_		traf6_binding_permissive	Motif		PGEQTE	236	242	1	6					
sequence	other	20261003_47e0cc28	XP_066016219.1	_		traf6_binding_permissive	Motif		PSQVSL	282	288	1	6					
sequence	other	20261003_47e0cc28	XP_066016219.1	_		traf6_binding_permissive	Motif		PLEELL	666	672	1	6					
sequence	other	20261003_47e0cc28	XP_066016219.1	_		traf6_binding_permissive	Motif		PEEMME	836	842	1	6					
sequence	other	20261003_47e0cc28	XP_066016219.1	_		traf2_binding_strict	Motif		PGEQT	236	241	1	5					
sequence	other	20261003_47e0cc28	XP_066016219.1	_		traf2_binding_strict	Motif		PSQVS	282	287	1	5					
sequence	other	20261003_47e0cc28	XP_066016219.1	_		traf2_binding_strict	Motif		PAQIS	395	400	1	5					
sequence	other	20261003_47e0cc28	XP_066016219.1	_		traf2_binding_strict	Motif		PQEPT	450	455	1	5					
sequence	other	20261003_47e0cc28	XP_066016219.1	_		traf2_binding_strict	Motif		PVQVS	487	492	1	5					
sequence	other	20261003_47e0cc28	XP_066016219.1	_		traf2_binding_variant	Motif		PNNWD	100	105	1	5					
sequence	other	20261003_47e0cc28	XP_066016219.1	_		traf2_binding_variant	Motif		PGEQT	236	241	1	5					
sequence	other	20261003_47e0cc28	XP_066016219.1	_		traf2_binding_variant	Motif		PPNQS	253	258	1	5					
sequence	other	20261003_47e0cc28	XP_066016219.1	_		traf2_binding_variant	Motif		PSQVS	282	287	1	5					
sequence	other	20261003_47e0cc28	XP_066016219.1	_		traf2_binding_variant	Motif		PAQIS	395	400	1	5					
sequence	other	20261003_47e0cc28	XP_066016219.1	_		traf2_binding_variant	Motif		PSESA	431	436	1	5					
sequence	other	20261003_47e0cc28	XP_066016219.1	_		traf2_binding_variant	Motif		PQEPT	450	455	1	5					
sequence	other	20261003_47e0cc28	XP_066016219.1	_		traf2_binding_variant	Motif		PFNDT	464	469	1	5					
sequence	other	20261003_47e0cc28	XP_066016219.1	_		traf2_binding_variant	Motif		PVQVS	487	492	1	5					
sequence	other	20261003_47e0cc28	XP_066016219.1	_		traf2_binding_variant	Motif		PPNGS	539	544	1	5					
sequence	other	20261003_47e0cc28	XP_066016219.1	_		traf2_binding_permissive	Motif		PQINQG	88	94	1	6					
sequence	other	20261003_47e0cc28	XP_066016219.1	_		traf2_binding_permissive	Motif		PNNWDD	100	106	1	6					
sequence	other	20261003_47e0cc28	XP_066016219.1	_		traf2_binding_permissive	Motif		PFPNLND	216	223	1	7					
sequence	other	20261003_47e0cc28	XP_066016219.1	_		traf2_binding_permissive	Motif		PGEQTE	236	242	1	6					
sequence	other	20261003_47e0cc28	XP_066016219.1	_		traf2_binding_permissive	Motif		PPNQS	253	258	1	5					
sequence	other	20261003_47e0cc28	XP_066016219.1	_		traf2_binding_permissive	Motif		PSQVS	282	287	1	5					
sequence	other	20261003_47e0cc28	XP_066016219.1	_		traf2_binding_permissive	Motif		PLQRVA	336	342	1	6					
sequence	other	20261003_47e0cc28	XP_066016219.1	_		traf2_binding_permissive	Motif		PTYQGGS	342	349	1	7					
sequence	other	20261003_47e0cc28	XP_066016219.1	_		traf2_binding_permissive	Motif		PAQIS	395	400	1	5					
sequence	other	20261003_47e0cc28	XP_066016219.1	_		traf2_binding_permissive	Motif		PLPQST	412	418	1	6					
sequence	other	20261003_47e0cc28	XP_066016219.1	_		traf2_binding_permissive	Motif		PSESAS	431	437	1	6					
sequence	other	20261003_47e0cc28	XP_066016219.1	_		traf2_binding_permissive	Motif		PQEPTA	450	456	1	6					
sequence	other	20261003_47e0cc28	XP_066016219.1	_		traf2_binding_permissive	Motif		PPFNDTS	463	470	1	7					
sequence	other	20261003_47e0cc28	XP_066016219.1	_		traf2_binding_permissive	Motif		PVQVS	487	492	1	5					
sequence	other	20261003_47e0cc28	XP_066016219.1	_		traf2_binding_permissive	Motif		PVQEHSA	520	527	1	7					
sequence	other	20261003_47e0cc28	XP_066016219.1	_		traf2_binding_permissive	Motif		PPNGS	539	544	1	5					
sequence	other	20261003_47e0cc28	XP_066016219.1	_		traf2_binding_permissive	Motif		PIEMIG	572	578	1	6					
sequence	other	20261003_47e0cc28	XP_066016219.1	_		traf2_binding_permissive	Motif		PFVQFS	830	836	1	6					
sequence	other	20261003_47e0cc28	XP_066016219.1	_		traf2_binding_permissive	Motif		PEEMME	836	842	1	6					
sequence	other	20261003_47e0cc28	XP_066016220.1	_		traf6_binding_strict	Motif		PGEQTE	236	242	1	6					
sequence	other	20261003_47e0cc28	XP_066016220.1	_		traf6_binding_strict	Motif		PEEMME	836	842	1	6					
sequence	other	20261003_47e0cc28	XP_066016220.1	_		traf6_binding_permissive	Motif		PGEQTE	236	242	1	6					
sequence	other	20261003_47e0cc28	XP_066016220.1	_		traf6_binding_permissive	Motif		PSQVSL	282	288	1	6					
sequence	other	20261003_47e0cc28	XP_066016220.1	_		traf6_binding_permissive	Motif		PLEELL	666	672	1	6					
sequence	other	20261003_47e0cc28	XP_066016220.1	_		traf6_binding_permissive	Motif		PEEMME	836	842	1	6					
sequence	other	20261003_47e0cc28	XP_066016220.1	_		traf2_binding_strict	Motif		PGEQT	236	241	1	5					
sequence	other	20261003_47e0cc28	XP_066016220.1	_		traf2_binding_strict	Motif		PSQVS	282	287	1	5					
sequence	other	20261003_47e0cc28	XP_066016220.1	_		traf2_binding_strict	Motif		PAQIS	395	400	1	5					
sequence	other	20261003_47e0cc28	XP_066016220.1	_		traf2_binding_strict	Motif		PQEPT	450	455	1	5					
sequence	other	20261003_47e0cc28	XP_066016220.1	_		traf2_binding_strict	Motif		PVQVS	487	492	1	5					
sequence	other	20261003_47e0cc28	XP_066016220.1	_		traf2_binding_variant	Motif		PNNWD	99	104	1	5					
sequence	other	20261003_47e0cc28	XP_066016220.1	_		traf2_binding_variant	Motif		PGEQT	236	241	1	5					
sequence	other	20261003_47e0cc28	XP_066016220.1	_		traf2_binding_variant	Motif		PPNQS	253	258	1	5					
sequence	other	20261003_47e0cc28	XP_066016220.1	_		traf2_binding_variant	Motif		PSQVS	282	287	1	5					
sequence	other	20261003_47e0cc28	XP_066016220.1	_		traf2_binding_variant	Motif		PAQIS	395	400	1	5					
sequence	other	20261003_47e0cc28	XP_066016220.1	_		traf2_binding_variant	Motif		PSESA	431	436	1	5					
sequence	other	20261003_47e0cc28	XP_066016220.1	_		traf2_binding_variant	Motif		PQEPT	450	455	1	5					
sequence	other	20261003_47e0cc28	XP_066016220.1	_		traf2_binding_variant	Motif		PFNDT	464	469	1	5					
sequence	other	20261003_47e0cc28	XP_066016220.1	_		traf2_binding_variant	Motif		PVQVS	487	492	1	5					
sequence	other	20261003_47e0cc28	XP_066016220.1	_		traf2_binding_variant	Motif		PPNGS	539	544	1	5					
sequence	other	20261003_47e0cc28	XP_066016220.1	_		traf2_binding_permissive	Motif		PQINQG	88	94	1	6					
sequence	other	20261003_47e0cc28	XP_066016220.1	_		traf2_binding_permissive	Motif		PNNWDD	99	105	1	6					
sequence	other	20261003_47e0cc28	XP_066016220.1	_		traf2_binding_permissive	Motif		PFPNLND	216	223	1	7					
sequence	other	20261003_47e0cc28	XP_066016220.1	_		traf2_binding_permissive	Motif		PGEQTE	236	242	1	6					
sequence	other	20261003_47e0cc28	XP_066016220.1	_		traf2_binding_permissive	Motif		PPNQS	253	258	1	5					
sequence	other	20261003_47e0cc28	XP_066016220.1	_		traf2_binding_permissive	Motif		PSQVS	282	287	1	5					
sequence	other	20261003_47e0cc28	XP_066016220.1	_		traf2_binding_permissive	Motif		PLQRVA	336	342	1	6					
sequence	other	20261003_47e0cc28	XP_066016220.1	_		traf2_binding_permissive	Motif		PTYQGGS	342	349	1	7					
sequence	other	20261003_47e0cc28	XP_066016220.1	_		traf2_binding_permissive	Motif		PAQIS	395	400	1	5					
sequence	other	20261003_47e0cc28	XP_066016220.1	_		traf2_binding_permissive	Motif		PLPQST	412	418	1	6					
sequence	other	20261003_47e0cc28	XP_066016220.1	_		traf2_binding_permissive	Motif		PSESAS	431	437	1	6					
sequence	other	20261003_47e0cc28	XP_066016220.1	_		traf2_binding_permissive	Motif		PQEPTA	450	456	1	6					
sequence	other	20261003_47e0cc28	XP_066016220.1	_		traf2_binding_permissive	Motif		PPFNDTS	463	470	1	7					
sequence	other	20261003_47e0cc28	XP_066016220.1	_		traf2_binding_permissive	Motif		PVQVS	487	492	1	5					
sequence	other	20261003_47e0cc28	XP_066016220.1	_		traf2_binding_permissive	Motif		PVQEHSA	520	527	1	7					
sequence	other	20261003_47e0cc28	XP_066016220.1	_		traf2_binding_permissive	Motif		PPNGS	539	544	1	5					
sequence	other	20261003_47e0cc28	XP_066016220.1	_		traf2_binding_permissive	Motif		PIEMIG	572	578	1	6					
sequence	other	20261003_47e0cc28	XP_066016220.1	_		traf2_binding_permissive	Motif		PFVQFS	830	836	1	6					
sequence	other	20261003_47e0cc28	XP_066016220.1	_		traf2_binding_permissive	Motif		PEEMME	836	842	1	6					
sequence	other	20261003_47e0cc28	XP_068718191.1	_		traf6_binding_strict	Motif		PIERKE	502	508	1	6					
sequence	other	20261003_47e0cc28	XP_068718191.1	_		traf6_binding_strict	Motif		PFEEVE	752	758	1	6					
sequence	other	20261003_47e0cc28	XP_068718191.1	_		traf6_binding_permissive	Motif		PIERKE	502	508	1	6					
sequence	other	20261003_47e0cc28	XP_068718191.1	_		traf6_binding_permissive	Motif		PFEEVE	752	758	1	6					
sequence	other	20261003_47e0cc28	XP_068718191.1	_		traf6_binding_permissive	Motif		PWEELI	1141	1147	1	6					
sequence	other	20261003_47e0cc28	XP_068718191.1	_		traf2_binding_strict	Motif		PSEES	475	480	1	5					
sequence	other	20261003_47e0cc28	XP_068718191.1	_		traf2_binding_variant	Motif		PSEES	475	480	1	5					
sequence	other	20261003_47e0cc28	XP_068718191.1	_		traf2_binding_variant	Motif		PPNEA	569	574	1	5					
sequence	other	20261003_47e0cc28	XP_068718191.1	_		traf2_binding_variant	Motif		PSERD	985	990	1	5					
sequence	other	20261003_47e0cc28	XP_068718191.1	_		traf2_binding_permissive	Motif		PLEIRA	421	427	1	6					
sequence	other	20261003_47e0cc28	XP_068718191.1	_		traf2_binding_permissive	Motif		PKAEHA	429	435	1	6					
sequence	other	20261003_47e0cc28	XP_068718191.1	_		traf2_binding_permissive	Motif		PSEEST	475	481	1	6					
sequence	other	20261003_47e0cc28	XP_068718191.1	_		traf2_binding_permissive	Motif		PIERKE	502	508	1	6					
sequence	other	20261003_47e0cc28	XP_068718191.1	_		traf2_binding_permissive	Motif		PPNEAKS	569	576	1	7					
sequence	other	20261003_47e0cc28	XP_068718191.1	_		traf2_binding_permissive	Motif		PFEEVET	752	759	1	7					
sequence	other	20261003_47e0cc28	XP_068718191.1	_		traf2_binding_permissive	Motif		PTQLRS	970	976	1	6					
sequence	other	20261003_47e0cc28	XP_068718191.1	_		traf2_binding_permissive	Motif		PSERD	985	990	1	5					
sequence	other	20261003_47e0cc28	XP_068718191.1	_		traf2_binding_permissive	Motif		PGSQSCG	1123	1130	1	7					
sequence	other	20261003_47e0cc28	XP_068718192.1	_		traf6_binding_strict	Motif		PIERKE	502	508	1	6					
sequence	other	20261003_47e0cc28	XP_068718192.1	_		traf6_binding_strict	Motif		PFEEVE	752	758	1	6					
sequence	other	20261003_47e0cc28	XP_068718192.1	_		traf6_binding_permissive	Motif		PIERKE	502	508	1	6					
sequence	other	20261003_47e0cc28	XP_068718192.1	_		traf6_binding_permissive	Motif		PFEEVE	752	758	1	6					
sequence	other	20261003_47e0cc28	XP_068718192.1	_		traf6_binding_permissive	Motif		PWEELI	1141	1147	1	6					
sequence	other	20261003_47e0cc28	XP_068718192.1	_		traf2_binding_strict	Motif		PSEES	475	480	1	5					
sequence	other	20261003_47e0cc28	XP_068718192.1	_		traf2_binding_variant	Motif		PSEES	475	480	1	5					
sequence	other	20261003_47e0cc28	XP_068718192.1	_		traf2_binding_variant	Motif		PPNEA	569	574	1	5					
sequence	other	20261003_47e0cc28	XP_068718192.1	_		traf2_binding_variant	Motif		PSERD	985	990	1	5					
sequence	other	20261003_47e0cc28	XP_068718192.1	_		traf2_binding_permissive	Motif		PLEIRA	421	427	1	6					
sequence	other	20261003_47e0cc28	XP_068718192.1	_		traf2_binding_permissive	Motif		PKAEHA	429	435	1	6					
sequence	other	20261003_47e0cc28	XP_068718192.1	_		traf2_binding_permissive	Motif		PSEEST	475	481	1	6					
sequence	other	20261003_47e0cc28	XP_068718192.1	_		traf2_binding_permissive	Motif		PIERKE	502	508	1	6					
sequence	other	20261003_47e0cc28	XP_068718192.1	_		traf2_binding_permissive	Motif		PPNEAKS	569	576	1	7					
sequence	other	20261003_47e0cc28	XP_068718192.1	_		traf2_binding_permissive	Motif		PFEEVET	752	759	1	7					
sequence	other	20261003_47e0cc28	XP_068718192.1	_		traf2_binding_permissive	Motif		PTQLRS	970	976	1	6					
sequence	other	20261003_47e0cc28	XP_068718192.1	_		traf2_binding_permissive	Motif		PSERD	985	990	1	5					
sequence	other	20261003_47e0cc28	XP_068718192.1	_		traf2_binding_permissive	Motif		PGSQSCG	1123	1130	1	7					
sequence	other	20261003_47e0cc28	XP_068718193.1	_		traf6_binding_strict	Motif		PIERKE	502	508	1	6					
sequence	other	20261003_47e0cc28	XP_068718193.1	_		traf6_binding_strict	Motif		PFEEVE	752	758	1	6					
sequence	other	20261003_47e0cc28	XP_068718193.1	_		traf6_binding_permissive	Motif		PIERKE	502	508	1	6					
sequence	other	20261003_47e0cc28	XP_068718193.1	_		traf6_binding_permissive	Motif		PFEEVE	752	758	1	6					
sequence	other	20261003_47e0cc28	XP_068718193.1	_		traf6_binding_permissive	Motif		PWEELI	1141	1147	1	6					
sequence	other	20261003_47e0cc28	XP_068718193.1	_		traf2_binding_strict	Motif		PSEES	475	480	1	5					
sequence	other	20261003_47e0cc28	XP_068718193.1	_		traf2_binding_variant	Motif		PSEES	475	480	1	5					
sequence	other	20261003_47e0cc28	XP_068718193.1	_		traf2_binding_variant	Motif		PPNEA	569	574	1	5					
sequence	other	20261003_47e0cc28	XP_068718193.1	_		traf2_binding_variant	Motif		PSERD	985	990	1	5					
sequence	other	20261003_47e0cc28	XP_068718193.1	_		traf2_binding_permissive	Motif		PLEIRA	421	427	1	6					
sequence	other	20261003_47e0cc28	XP_068718193.1	_		traf2_binding_permissive	Motif		PKAEHA	429	435	1	6					
sequence	other	20261003_47e0cc28	XP_068718193.1	_		traf2_binding_permissive	Motif		PSEEST	475	481	1	6					
sequence	other	20261003_47e0cc28	XP_068718193.1	_		traf2_binding_permissive	Motif		PIERKE	502	508	1	6					
sequence	other	20261003_47e0cc28	XP_068718193.1	_		traf2_binding_permissive	Motif		PPNEAKS	569	576	1	7					
sequence	other	20261003_47e0cc28	XP_068718193.1	_		traf2_binding_permissive	Motif		PFEEVET	752	759	1	7					
sequence	other	20261003_47e0cc28	XP_068718193.1	_		traf2_binding_permissive	Motif		PTQLRS	970	976	1	6					
sequence	other	20261003_47e0cc28	XP_068718193.1	_		traf2_binding_permissive	Motif		PSERD	985	990	1	5					
sequence	other	20261003_47e0cc28	XP_068718193.1	_		traf2_binding_permissive	Motif		PGSQSCG	1123	1130	1	7					
sequence	other	20261003_47e0cc28	XP_068718194.1	_		traf6_binding_strict	Motif		PIERKE	502	508	1	6					
sequence	other	20261003_47e0cc28	XP_068718194.1	_		traf6_binding_strict	Motif		PFEEVE	751	757	1	6					
sequence	other	20261003_47e0cc28	XP_068718194.1	_		traf6_binding_permissive	Motif		PIERKE	502	508	1	6					
sequence	other	20261003_47e0cc28	XP_068718194.1	_		traf6_binding_permissive	Motif		PFEEVE	751	757	1	6					
sequence	other	20261003_47e0cc28	XP_068718194.1	_		traf6_binding_permissive	Motif		PWEELI	1140	1146	1	6					
sequence	other	20261003_47e0cc28	XP_068718194.1	_		traf2_binding_strict	Motif		PSEES	475	480	1	5					
sequence	other	20261003_47e0cc28	XP_068718194.1	_		traf2_binding_variant	Motif		PSEES	475	480	1	5					
sequence	other	20261003_47e0cc28	XP_068718194.1	_		traf2_binding_variant	Motif		PPNEA	568	573	1	5					
sequence	other	20261003_47e0cc28	XP_068718194.1	_		traf2_binding_variant	Motif		PSERD	984	989	1	5					
sequence	other	20261003_47e0cc28	XP_068718194.1	_		traf2_binding_permissive	Motif		PLEIRA	421	427	1	6					
sequence	other	20261003_47e0cc28	XP_068718194.1	_		traf2_binding_permissive	Motif		PKAEHA	429	435	1	6					
sequence	other	20261003_47e0cc28	XP_068718194.1	_		traf2_binding_permissive	Motif		PSEEST	475	481	1	6					
sequence	other	20261003_47e0cc28	XP_068718194.1	_		traf2_binding_permissive	Motif		PIERKE	502	508	1	6					
sequence	other	20261003_47e0cc28	XP_068718194.1	_		traf2_binding_permissive	Motif		PPNEAKS	568	575	1	7					
sequence	other	20261003_47e0cc28	XP_068718194.1	_		traf2_binding_permissive	Motif		PFEEVET	751	758	1	7					
sequence	other	20261003_47e0cc28	XP_068718194.1	_		traf2_binding_permissive	Motif		PTQLRS	969	975	1	6					
sequence	other	20261003_47e0cc28	XP_068718194.1	_		traf2_binding_permissive	Motif		PSERD	984	989	1	5					
sequence	other	20261003_47e0cc28	XP_068718194.1	_		traf2_binding_permissive	Motif		PGSQSCG	1122	1129	1	7					
sequence	other	20261003_47e0cc28	XP_068720639.1	_		traf6_binding_strict	Motif		PIERKE	502	508	1	6					
sequence	other	20261003_47e0cc28	XP_068720639.1	_		traf6_binding_strict	Motif		PFEEVE	752	758	1	6					
sequence	other	20261003_47e0cc28	XP_068720639.1	_		traf6_binding_permissive	Motif		PIERKE	502	508	1	6					
sequence	other	20261003_47e0cc28	XP_068720639.1	_		traf6_binding_permissive	Motif		PFEEVE	752	758	1	6					
sequence	other	20261003_47e0cc28	XP_068720639.1	_		traf6_binding_permissive	Motif		PWEELI	1141	1147	1	6					
sequence	other	20261003_47e0cc28	XP_068720639.1	_		traf2_binding_strict	Motif		PSEES	475	480	1	5					
sequence	other	20261003_47e0cc28	XP_068720639.1	_		traf2_binding_variant	Motif		PSEES	475	480	1	5					
sequence	other	20261003_47e0cc28	XP_068720639.1	_		traf2_binding_variant	Motif		PPNEA	569	574	1	5					
sequence	other	20261003_47e0cc28	XP_068720639.1	_		traf2_binding_variant	Motif		PSERD	985	990	1	5					
sequence	other	20261003_47e0cc28	XP_068720639.1	_		traf2_binding_permissive	Motif		PLEIRA	421	427	1	6					
sequence	other	20261003_47e0cc28	XP_068720639.1	_		traf2_binding_permissive	Motif		PKAEHA	429	435	1	6					
sequence	other	20261003_47e0cc28	XP_068720639.1	_		traf2_binding_permissive	Motif		PSEEST	475	481	1	6					
sequence	other	20261003_47e0cc28	XP_068720639.1	_		traf2_binding_permissive	Motif		PIERKE	502	508	1	6					
sequence	other	20261003_47e0cc28	XP_068720639.1	_		traf2_binding_permissive	Motif		PPNEAKS	569	576	1	7					
sequence	other	20261003_47e0cc28	XP_068720639.1	_		traf2_binding_permissive	Motif		PFEEVET	752	759	1	7					
sequence	other	20261003_47e0cc28	XP_068720639.1	_		traf2_binding_permissive	Motif		PTQLRS	970	976	1	6					
sequence	other	20261003_47e0cc28	XP_068720639.1	_		traf2_binding_permissive	Motif		PSERD	985	990	1	5					
sequence	other	20261003_47e0cc28	XP_068720639.1	_		traf2_binding_permissive	Motif		PGSQSCG	1123	1130	1	7					
sequence	other	20261003_47e0cc28	XP_068724095.1	_		traf6_binding_strict	Motif		PEETTD	1379	1385	1	6					
sequence	other	20261003_47e0cc28	XP_068724095.1	_		traf6_binding_permissive	Motif		PKQLSK	28	34	1	6					
sequence	other	20261003_47e0cc28	XP_068724095.1	_		traf6_binding_permissive	Motif		PIQVLK	914	920	1	6					
sequence	other	20261003_47e0cc28	XP_068724095.1	_		traf6_binding_permissive	Motif		PEETTD	1379	1385	1	6					
sequence	other	20261003_47e0cc28	XP_068724095.1	_		traf6_binding_permissive	Motif		PRECML	1860	1866	1	6					
sequence	other	20261003_47e0cc28	XP_068724095.1	_		traf2_binding_strict	Motif		PKQLS	28	33	1	5					
sequence	other	20261003_47e0cc28	XP_068724095.1	_		traf2_binding_strict	Motif		PEETT	1379	1384	1	5					
sequence	other	20261003_47e0cc28	XP_068724095.1	_		traf2_binding_variant	Motif		PKQLS	28	33	1	5					
sequence	other	20261003_47e0cc28	XP_068724095.1	_		traf2_binding_variant	Motif		PLNFD	61	66	1	5					
sequence	other	20261003_47e0cc28	XP_068724095.1	_		traf2_binding_variant	Motif		PEETT	1379	1384	1	5					
sequence	other	20261003_47e0cc28	XP_068724095.1	_		traf2_binding_variant	Motif		PRQFD	1918	1923	1	5					
sequence	other	20261003_47e0cc28	XP_068724095.1	_		traf2_binding_permissive	Motif		PKQLS	28	33	1	5					
sequence	other	20261003_47e0cc28	XP_068724095.1	_		traf2_binding_permissive	Motif		PLNFD	61	66	1	5					
sequence	other	20261003_47e0cc28	XP_068724095.1	_		traf2_binding_permissive	Motif		PDPERRE	826	833	1	7					
sequence	other	20261003_47e0cc28	XP_068724095.1	_		traf2_binding_permissive	Motif		PETEQPG	927	934	1	7					
sequence	other	20261003_47e0cc28	XP_068724095.1	_		traf2_binding_permissive	Motif		PSLQAMT	1109	1116	1	7					
sequence	other	20261003_47e0cc28	XP_068724095.1	_		traf2_binding_permissive	Motif		PGEAMT	1202	1208	1	6					
sequence	other	20261003_47e0cc28	XP_068724095.1	_		traf2_binding_permissive	Motif		PKSEPIT	1335	1342	1	7					
sequence	other	20261003_47e0cc28	XP_068724095.1	_		traf2_binding_permissive	Motif		PEETTD	1379	1385	1	6					
sequence	other	20261003_47e0cc28	XP_068724095.1	_		traf2_binding_permissive	Motif		PQLQVIA	1393	1400	1	7					
sequence	other	20261003_47e0cc28	XP_068724095.1	_		traf2_binding_permissive	Motif		PSVNVES	1507	1514	1	7					
sequence	other	20261003_47e0cc28	XP_068724095.1	_		traf2_binding_permissive	Motif		PIDESQS	1519	1526	1	7					
sequence	other	20261003_47e0cc28	XP_068724095.1	_		traf2_binding_permissive	Motif		PASENIS	1626	1633	1	7					
sequence	other	20261003_47e0cc28	XP_068724095.1	_		traf2_binding_permissive	Motif		PVVEGIT	1643	1650	1	7					
sequence	other	20261003_47e0cc28	XP_068724095.1	_		traf2_binding_permissive	Motif		PNLELD	1846	1852	1	6					
sequence	other	20261003_47e0cc28	XP_068724095.1	_		traf2_binding_permissive	Motif		PRQFDT	1918	1924	1	6					
sequence	other	20261003_47e0cc28	XP_068724095.1	_		traf2_binding_permissive	Motif		PDKQKME	1927	1934	1	7					
sequence	other	20261003_47e0cc28	XP_068751136.1	_		traf2_binding_variant	Motif		PPNFE	106	111	1	5					
sequence	other	20261003_47e0cc28	XP_068751136.1	_		traf2_binding_variant	Motif		PQNTE	208	213	1	5					
sequence	other	20261003_47e0cc28	XP_068751136.1	_		traf2_binding_permissive	Motif		PFELFG	41	47	1	6					
sequence	other	20261003_47e0cc28	XP_068751136.1	_		traf2_binding_permissive	Motif		PPNFET	106	112	1	6					
sequence	other	20261003_47e0cc28	XP_068751136.1	_		traf2_binding_permissive	Motif		PQNTEA	208	214	1	6					
sequence	other	20261003_47e0cc28	XP_068751136.1	_		traf2_binding_permissive	Motif		PAPERE	279	285	1	6					
sequence	other	20261003_47e0cc28	XP_068751136.1	_		traf2_binding_permissive	Motif		PFHEIS	285	291	1	6					
sequence	other	20261003_47e0cc28	XP_068688923.1	_		traf2_binding_variant	Motif		PPNFD	106	111	1	5					
sequence	other	20261003_47e0cc28	XP_068688923.1	_		traf2_binding_variant	Motif		PQNTE	208	213	1	5					
sequence	other	20261003_47e0cc28	XP_068688923.1	_		traf2_binding_permissive	Motif		PFELFS	41	47	1	6					
sequence	other	20261003_47e0cc28	XP_068688923.1	_		traf2_binding_permissive	Motif		PPNFDT	106	112	1	6					
sequence	other	20261003_47e0cc28	XP_068688923.1	_		traf2_binding_permissive	Motif		PQNTEA	208	214	1	6					
sequence	other	20261003_47e0cc28	XP_068688923.1	_		traf2_binding_permissive	Motif		PAPERE	279	285	1	6					
sequence	other	20261003_47e0cc28	XP_068688923.1	_		traf2_binding_permissive	Motif		PFHEIS	285	291	1	6					
sequence	other	20261003_47e0cc28	XP_068688924.1	_		traf2_binding_variant	Motif		PPNFD	106	111	1	5					
sequence	other	20261003_47e0cc28	XP_068688924.1	_		traf2_binding_variant	Motif		PQNTE	208	213	1	5					
sequence	other	20261003_47e0cc28	XP_068688924.1	_		traf2_binding_permissive	Motif		PFELFS	41	47	1	6					
sequence	other	20261003_47e0cc28	XP_068688924.1	_		traf2_binding_permissive	Motif		PPNFDT	106	112	1	6					
sequence	other	20261003_47e0cc28	XP_068688924.1	_		traf2_binding_permissive	Motif		PQNTEA	208	214	1	6					
sequence	other	20261003_47e0cc28	XP_068688924.1	_		traf2_binding_permissive	Motif		PAPERE	279	285	1	6					
sequence	other	20261003_47e0cc28	XP_068688924.1	_		traf2_binding_permissive	Motif		PFHEIS	285	291	1	6					
sequence	other	20261003_47e0cc28	XP_068703009.1	_		traf6_binding_strict	Motif		PIERKE	502	508	1	6					
sequence	other	20261003_47e0cc28	XP_068703009.1	_		traf6_binding_strict	Motif		PFEEVE	750	756	1	6					
sequence	other	20261003_47e0cc28	XP_068703009.1	_		traf6_binding_permissive	Motif		PIERKE	502	508	1	6					
sequence	other	20261003_47e0cc28	XP_068703009.1	_		traf6_binding_permissive	Motif		PFEEVE	750	756	1	6					
sequence	other	20261003_47e0cc28	XP_068703009.1	_		traf6_binding_permissive	Motif		PWEELI	1139	1145	1	6					
sequence	other	20261003_47e0cc28	XP_068703009.1	_		traf2_binding_strict	Motif		PSEES	475	480	1	5					
sequence	other	20261003_47e0cc28	XP_068703009.1	_		traf2_binding_variant	Motif		PSEES	475	480	1	5					
sequence	other	20261003_47e0cc28	XP_068703009.1	_		traf2_binding_variant	Motif		PPNEA	567	572	1	5					
sequence	other	20261003_47e0cc28	XP_068703009.1	_		traf2_binding_variant	Motif		PSERD	983	988	1	5					
sequence	other	20261003_47e0cc28	XP_068703009.1	_		traf2_binding_permissive	Motif		PLEIRA	421	427	1	6					
sequence	other	20261003_47e0cc28	XP_068703009.1	_		traf2_binding_permissive	Motif		PKAEHA	429	435	1	6					
sequence	other	20261003_47e0cc28	XP_068703009.1	_		traf2_binding_permissive	Motif		PSEEST	475	481	1	6					
sequence	other	20261003_47e0cc28	XP_068703009.1	_		traf2_binding_permissive	Motif		PIERKE	502	508	1	6					
sequence	other	20261003_47e0cc28	XP_068703009.1	_		traf2_binding_permissive	Motif		PPNEAKS	567	574	1	7					
sequence	other	20261003_47e0cc28	XP_068703009.1	_		traf2_binding_permissive	Motif		PFEEVET	750	757	1	7					
sequence	other	20261003_47e0cc28	XP_068703009.1	_		traf2_binding_permissive	Motif		PTQLRS	968	974	1	6					
sequence	other	20261003_47e0cc28	XP_068703009.1	_		traf2_binding_permissive	Motif		PSERD	983	988	1	5					
sequence	other	20261003_47e0cc28	XP_068703009.1	_		traf2_binding_permissive	Motif		PGSQSCG	1121	1128	1	7					
sequence	other	20261003_47e0cc28	XP_068703010.1	_		traf6_binding_strict	Motif		PIERKE	502	508	1	6					
sequence	other	20261003_47e0cc28	XP_068703010.1	_		traf6_binding_strict	Motif		PFEEVE	750	756	1	6					
sequence	other	20261003_47e0cc28	XP_068703010.1	_		traf6_binding_permissive	Motif		PIERKE	502	508	1	6					
sequence	other	20261003_47e0cc28	XP_068703010.1	_		traf6_binding_permissive	Motif		PFEEVE	750	756	1	6					
sequence	other	20261003_47e0cc28	XP_068703010.1	_		traf6_binding_permissive	Motif		PWEELI	1139	1145	1	6					
sequence	other	20261003_47e0cc28	XP_068703010.1	_		traf2_binding_strict	Motif		PSEES	475	480	1	5					
sequence	other	20261003_47e0cc28	XP_068703010.1	_		traf2_binding_variant	Motif		PSEES	475	480	1	5					
sequence	other	20261003_47e0cc28	XP_068703010.1	_		traf2_binding_variant	Motif		PPNEA	567	572	1	5					
sequence	other	20261003_47e0cc28	XP_068703010.1	_		traf2_binding_variant	Motif		PSERD	983	988	1	5					
sequence	other	20261003_47e0cc28	XP_068703010.1	_		traf2_binding_permissive	Motif		PLEIRA	421	427	1	6					
sequence	other	20261003_47e0cc28	XP_068703010.1	_		traf2_binding_permissive	Motif		PKAEHA	429	435	1	6					
sequence	other	20261003_47e0cc28	XP_068703010.1	_		traf2_binding_permissive	Motif		PSEEST	475	481	1	6					
sequence	other	20261003_47e0cc28	XP_068703010.1	_		traf2_binding_permissive	Motif		PIERKE	502	508	1	6					
sequence	other	20261003_47e0cc28	XP_068703010.1	_		traf2_binding_permissive	Motif		PPNEAKS	567	574	1	7					
sequence	other	20261003_47e0cc28	XP_068703010.1	_		traf2_binding_permissive	Motif		PFEEVET	750	757	1	7					
sequence	other	20261003_47e0cc28	XP_068703010.1	_		traf2_binding_permissive	Motif		PTQLRS	968	974	1	6					
sequence	other	20261003_47e0cc28	XP_068703010.1	_		traf2_binding_permissive	Motif		PSERD	983	988	1	5					
sequence	other	20261003_47e0cc28	XP_068703010.1	_		traf2_binding_permissive	Motif		PGSQSCG	1121	1128	1	7					
sequence	other	20261003_47e0cc28	XP_032219877.2	_		traf6_binding_permissive	Motif		PWQSAE	80	86	1	6					
sequence	other	20261003_47e0cc28	XP_032219877.2	_		traf6_binding_permissive	Motif		PAQIPW	283	289	1	6					
sequence	other	20261003_47e0cc28	XP_032219877.2	_		traf6_binding_permissive	Motif		PCQKHR	1180	1186	1	6					
sequence	other	20261003_47e0cc28	XP_032219877.2	_		traf2_binding_strict	Motif		PVEIT	473	478	1	5					
sequence	other	20261003_47e0cc28	XP_032219877.2	_		traf2_binding_strict	Motif		PREVS	527	532	1	5					
sequence	other	20261003_47e0cc28	XP_032219877.2	_		traf2_binding_strict	Motif		PAQLS	1025	1030	1	5					
sequence	other	20261003_47e0cc28	XP_032219877.2	_		traf2_binding_variant	Motif		PWQSA	80	85	1	5					
sequence	other	20261003_47e0cc28	XP_032219877.2	_		traf2_binding_variant	Motif		PVEIT	473	478	1	5					
sequence	other	20261003_47e0cc28	XP_032219877.2	_		traf2_binding_variant	Motif		PREVS	527	532	1	5					
sequence	other	20261003_47e0cc28	XP_032219877.2	_		traf2_binding_variant	Motif		PAQLS	1025	1030	1	5					
sequence	other	20261003_47e0cc28	XP_032219877.2	_		traf2_binding_variant	Motif		PINSG	1199	1204	1	5					
sequence	other	20261003_47e0cc28	XP_032219877.2	_		traf2_binding_permissive	Motif		PWQSAE	80	86	1	6					
sequence	other	20261003_47e0cc28	XP_032219877.2	_		traf2_binding_permissive	Motif		PHGNIIE	211	218	1	7					
sequence	other	20261003_47e0cc28	XP_032219877.2	_		traf2_binding_permissive	Motif		PQEKVA	274	280	1	6					
sequence	other	20261003_47e0cc28	XP_032219877.2	_		traf2_binding_permissive	Motif		PIVQMTG	376	383	1	7					
sequence	other	20261003_47e0cc28	XP_032219877.2	_		traf2_binding_permissive	Motif		PTSELS	445	451	1	6					
sequence	other	20261003_47e0cc28	XP_032219877.2	_		traf2_binding_permissive	Motif		PPSEELS	463	470	1	7					
sequence	other	20261003_47e0cc28	XP_032219877.2	_		traf2_binding_permissive	Motif		PVEITA	473	479	1	6					
sequence	other	20261003_47e0cc28	XP_032219877.2	_		traf2_binding_permissive	Motif		PEAEHA	481	487	1	6					
sequence	other	20261003_47e0cc28	XP_032219877.2	_		traf2_binding_permissive	Motif		PREVST	527	533	1	6					
sequence	other	20261003_47e0cc28	XP_032219877.2	_		traf2_binding_permissive	Motif		PDHEHSS	598	605	1	7					
sequence	other	20261003_47e0cc28	XP_032219877.2	_		traf2_binding_permissive	Motif		PLPNDVA	624	631	1	7					
sequence	other	20261003_47e0cc28	XP_032219877.2	_		traf2_binding_permissive	Motif		PFDEQNA	955	962	1	7					
sequence	other	20261003_47e0cc28	XP_032219877.2	_		traf2_binding_permissive	Motif		PAQLSS	1025	1031	1	6					
sequence	other	20261003_47e0cc28	XP_032219877.2	_		traf2_binding_permissive	Motif		PINSG	1199	1204	1	5					
sequence	other	20261003_47e0cc28	XP_032219877.2	_		traf2_binding_permissive	Motif		PAGQLG	1451	1457	1	6					
sequence	other	20261003_47e0cc28	XP_032219878.2	_		traf6_binding_permissive	Motif		PWQSAE	80	86	1	6					
sequence	other	20261003_47e0cc28	XP_032219878.2	_		traf6_binding_permissive	Motif		PAQIPW	283	289	1	6					
sequence	other	20261003_47e0cc28	XP_032219878.2	_		traf6_binding_permissive	Motif		PCQKHR	1179	1185	1	6					
sequence	other	20261003_47e0cc28	XP_032219878.2	_		traf2_binding_strict	Motif		PVEIT	472	477	1	5					
sequence	other	20261003_47e0cc28	XP_032219878.2	_		traf2_binding_strict	Motif		PREVS	526	531	1	5					
sequence	other	20261003_47e0cc28	XP_032219878.2	_		traf2_binding_strict	Motif		PAQLS	1024	1029	1	5					
sequence	other	20261003_47e0cc28	XP_032219878.2	_		traf2_binding_variant	Motif		PWQSA	80	85	1	5					
sequence	other	20261003_47e0cc28	XP_032219878.2	_		traf2_binding_variant	Motif		PVEIT	472	477	1	5					
sequence	other	20261003_47e0cc28	XP_032219878.2	_		traf2_binding_variant	Motif		PREVS	526	531	1	5					
sequence	other	20261003_47e0cc28	XP_032219878.2	_		traf2_binding_variant	Motif		PAQLS	1024	1029	1	5					
sequence	other	20261003_47e0cc28	XP_032219878.2	_		traf2_binding_variant	Motif		PINSG	1198	1203	1	5					
sequence	other	20261003_47e0cc28	XP_032219878.2	_		traf2_binding_permissive	Motif		PWQSAE	80	86	1	6					
sequence	other	20261003_47e0cc28	XP_032219878.2	_		traf2_binding_permissive	Motif		PHGNIIE	211	218	1	7					
sequence	other	20261003_47e0cc28	XP_032219878.2	_		traf2_binding_permissive	Motif		PQEKVA	274	280	1	6					
sequence	other	20261003_47e0cc28	XP_032219878.2	_		traf2_binding_permissive	Motif		PIVQMTG	376	383	1	7					
sequence	other	20261003_47e0cc28	XP_032219878.2	_		traf2_binding_permissive	Motif		PTSELS	444	450	1	6					
sequence	other	20261003_47e0cc28	XP_032219878.2	_		traf2_binding_permissive	Motif		PPSEELS	462	469	1	7					
sequence	other	20261003_47e0cc28	XP_032219878.2	_		traf2_binding_permissive	Motif		PVEITA	472	478	1	6					
sequence	other	20261003_47e0cc28	XP_032219878.2	_		traf2_binding_permissive	Motif		PEAEHA	480	486	1	6					
sequence	other	20261003_47e0cc28	XP_032219878.2	_		traf2_binding_permissive	Motif		PREVST	526	532	1	6					
sequence	other	20261003_47e0cc28	XP_032219878.2	_		traf2_binding_permissive	Motif		PDHEHSS	597	604	1	7					
sequence	other	20261003_47e0cc28	XP_032219878.2	_		traf2_binding_permissive	Motif		PLPNDVA	623	630	1	7					
sequence	other	20261003_47e0cc28	XP_032219878.2	_		traf2_binding_permissive	Motif		PFDEQNA	954	961	1	7					
sequence	other	20261003_47e0cc28	XP_032219878.2	_		traf2_binding_permissive	Motif		PAQLSS	1024	1030	1	6					
sequence	other	20261003_47e0cc28	XP_032219878.2	_		traf2_binding_permissive	Motif		PINSG	1198	1203	1	5					
sequence	other	20261003_47e0cc28	XP_032219878.2	_		traf2_binding_permissive	Motif		PAGQLG	1450	1456	1	6					
sequence	other	20261003_47e0cc28	XP_032219879.2	_		traf6_binding_permissive	Motif		PSETRL	35	41	1	6					
sequence	other	20261003_47e0cc28	XP_032219879.2	_		traf6_binding_permissive	Motif		PIEMNL	445	451	1	6					
sequence	other	20261003_47e0cc28	XP_032219879.2	_		traf2_binding_strict	Motif		PGEVS	572	577	1	5					
sequence	other	20261003_47e0cc28	XP_032219879.2	_		traf2_binding_strict	Motif		PDENS	1051	1056	1	5					
sequence	other	20261003_47e0cc28	XP_032219879.2	_		traf2_binding_strict	Motif		PAQLT	1064	1069	1	5					
sequence	other	20261003_47e0cc28	XP_032219879.2	_		traf2_binding_variant	Motif		PDNVS	11	16	1	5					
sequence	other	20261003_47e0cc28	XP_032219879.2	_		traf2_binding_variant	Motif		PGEVS	572	577	1	5					
sequence	other	20261003_47e0cc28	XP_032219879.2	_		traf2_binding_variant	Motif		PDENS	1051	1056	1	5					
sequence	other	20261003_47e0cc28	XP_032219879.2	_		traf2_binding_variant	Motif		PAQLT	1064	1069	1	5					
sequence	other	20261003_47e0cc28	XP_032219879.2	_		traf2_binding_permissive	Motif		PPDNVSS	10	17	1	7					
sequence	other	20261003_47e0cc28	XP_032219879.2	_		traf2_binding_permissive	Motif		PYNNLDT	51	58	1	7					
sequence	other	20261003_47e0cc28	XP_032219879.2	_		traf2_binding_permissive	Motif		PTLQRS	379	385	1	6					
sequence	other	20261003_47e0cc28	XP_032219879.2	_		traf2_binding_permissive	Motif		PAEILA	518	524	1	6					
sequence	other	20261003_47e0cc28	XP_032219879.2	_		traf2_binding_permissive	Motif		PEAEHA	526	532	1	6					
sequence	other	20261003_47e0cc28	XP_032219879.2	_		traf2_binding_permissive	Motif		PGEVST	572	578	1	6					
sequence	other	20261003_47e0cc28	XP_032219879.2	_		traf2_binding_permissive	Motif		PNVEEHS	678	685	1	7					
sequence	other	20261003_47e0cc28	XP_032219879.2	_		traf2_binding_permissive	Motif		PEELVA	699	705	1	6					
sequence	other	20261003_47e0cc28	XP_032219879.2	_		traf2_binding_permissive	Motif		PVKQAHA	849	856	1	7					
sequence	other	20261003_47e0cc28	XP_032219879.2	_		traf2_binding_permissive	Motif		PGNSQA	1026	1032	1	6					
sequence	other	20261003_47e0cc28	XP_032219879.2	_		traf2_binding_permissive	Motif		PDENS	1051	1056	1	5					
sequence	other	20261003_47e0cc28	XP_032219879.2	_		traf2_binding_permissive	Motif		PAQLTS	1064	1070	1	6					
sequence	other	20261003_47e0cc28	XP_032219879.2	_		traf2_binding_permissive	Motif		PDEGCG	1218	1224	1	6					
sequence	other	20261003_47e0cc28	XP_048575654.1	_		traf6_binding_strict	Motif		PQEKDE	215	221	1	6					
sequence	other	20261003_47e0cc28	XP_048575654.1	_		traf6_binding_permissive	Motif		PQEKDE	215	221	1	6					
sequence	other	20261003_47e0cc28	XP_048575654.1	_		traf2_binding_variant	Motif		PQEKD	215	220	1	5					
sequence	other	20261003_47e0cc28	XP_048575654.1	_		traf2_binding_variant	Motif		PRNSS	230	235	1	5					
sequence	other	20261003_47e0cc28	XP_048575654.1	_		traf2_binding_variant	Motif		PCQDG	568	573	1	5					
sequence	other	20261003_47e0cc28	XP_048575654.1	_		traf2_binding_permissive	Motif		PKREPQE	211	218	1	7					
sequence	other	20261003_47e0cc28	XP_048575654.1	_		traf2_binding_permissive	Motif		PRNSS	230	235	1	5					
sequence	other	20261003_47e0cc28	XP_048575654.1	_		traf2_binding_permissive	Motif		PVQEMA	280	286	1	6					
sequence	other	20261003_47e0cc28	XP_048575654.1	_		traf2_binding_permissive	Motif		PLVEET	400	406	1	6					
sequence	other	20261003_47e0cc28	XP_048575654.1	_		traf2_binding_permissive	Motif		PCQDGA	568	574	1	6					
sequence	other	20261003_47e0cc28	XP_048575654.1	_		traf2_binding_permissive	Motif		PDDQNT	578	584	1	6					
sequence	other	20261003_47e0cc28	XP_048575654.1	_		traf2_binding_permissive	Motif		PDDQNS	585	591	1	6					
sequence	other	20261003_47e0cc28	XP_048575654.1	_		traf2_binding_permissive	Motif		PDNQQPT	592	599	1	7					
sequence	other	20261003_47e0cc28	XP_048575655.1	_		traf6_binding_strict	Motif		PQEKDE	158	164	1	6					
sequence	other	20261003_47e0cc28	XP_048575655.1	_		traf6_binding_permissive	Motif		PQEKDE	158	164	1	6					
sequence	other	20261003_47e0cc28	XP_048575655.1	_		traf2_binding_variant	Motif		PQEKD	158	163	1	5					
sequence	other	20261003_47e0cc28	XP_048575655.1	_		traf2_binding_variant	Motif		PRNSS	173	178	1	5					
sequence	other	20261003_47e0cc28	XP_048575655.1	_		traf2_binding_variant	Motif		PCQDG	511	516	1	5					
sequence	other	20261003_47e0cc28	XP_048575655.1	_		traf2_binding_permissive	Motif		PKREPQE	154	161	1	7					
sequence	other	20261003_47e0cc28	XP_048575655.1	_		traf2_binding_permissive	Motif		PRNSS	173	178	1	5					
sequence	other	20261003_47e0cc28	XP_048575655.1	_		traf2_binding_permissive	Motif		PVQEMA	223	229	1	6					
sequence	other	20261003_47e0cc28	XP_048575655.1	_		traf2_binding_permissive	Motif		PLVEET	343	349	1	6					
sequence	other	20261003_47e0cc28	XP_048575655.1	_		traf2_binding_permissive	Motif		PCQDGA	511	517	1	6					
sequence	other	20261003_47e0cc28	XP_048575655.1	_		traf2_binding_permissive	Motif		PDDQNT	521	527	1	6					
sequence	other	20261003_47e0cc28	XP_048575655.1	_		traf2_binding_permissive	Motif		PDDQNS	528	534	1	6					
sequence	other	20261003_47e0cc28	XP_048575655.1	_		traf2_binding_permissive	Motif		PDNQQPT	535	542	1	7					
sequence	other	20261003_47e0cc28	XP_048589199.1	_		traf6_binding_permissive	Motif		PWQSAE	80	86	1	6					
sequence	other	20261003_47e0cc28	XP_048589199.1	_		traf6_binding_permissive	Motif		PAQIPW	283	289	1	6					
sequence	other	20261003_47e0cc28	XP_048589199.1	_		traf6_binding_permissive	Motif		PCQKHR	1183	1189	1	6					
sequence	other	20261003_47e0cc28	XP_048589199.1	_		traf2_binding_strict	Motif		PVEIT	476	481	1	5					
sequence	other	20261003_47e0cc28	XP_048589199.1	_		traf2_binding_strict	Motif		PREVS	530	535	1	5					
sequence	other	20261003_47e0cc28	XP_048589199.1	_		traf2_binding_strict	Motif		PAQLS	1028	1033	1	5					
sequence	other	20261003_47e0cc28	XP_048589199.1	_		traf2_binding_variant	Motif		PWQSA	80	85	1	5					
sequence	other	20261003_47e0cc28	XP_048589199.1	_		traf2_binding_variant	Motif		PVEIT	476	481	1	5					
sequence	other	20261003_47e0cc28	XP_048589199.1	_		traf2_binding_variant	Motif		PREVS	530	535	1	5					
sequence	other	20261003_47e0cc28	XP_048589199.1	_		traf2_binding_variant	Motif		PAQLS	1028	1033	1	5					
sequence	other	20261003_47e0cc28	XP_048589199.1	_		traf2_binding_variant	Motif		PINSG	1202	1207	1	5					
sequence	other	20261003_47e0cc28	XP_048589199.1	_		traf2_binding_permissive	Motif		PWQSAE	80	86	1	6					
sequence	other	20261003_47e0cc28	XP_048589199.1	_		traf2_binding_permissive	Motif		PHGNIIE	211	218	1	7					
sequence	other	20261003_47e0cc28	XP_048589199.1	_		traf2_binding_permissive	Motif		PQEKVA	274	280	1	6					
sequence	other	20261003_47e0cc28	XP_048589199.1	_		traf2_binding_permissive	Motif		PIVQMTG	376	383	1	7					
sequence	other	20261003_47e0cc28	XP_048589199.1	_		traf2_binding_permissive	Motif		PTSELS	448	454	1	6					
sequence	other	20261003_47e0cc28	XP_048589199.1	_		traf2_binding_permissive	Motif		PPSEELS	466	473	1	7					
sequence	other	20261003_47e0cc28	XP_048589199.1	_		traf2_binding_permissive	Motif		PVEITA	476	482	1	6					
sequence	other	20261003_47e0cc28	XP_048589199.1	_		traf2_binding_permissive	Motif		PEAEHA	484	490	1	6					
sequence	other	20261003_47e0cc28	XP_048589199.1	_		traf2_binding_permissive	Motif		PREVST	530	536	1	6					
sequence	other	20261003_47e0cc28	XP_048589199.1	_		traf2_binding_permissive	Motif		PDHEHSS	601	608	1	7					
sequence	other	20261003_47e0cc28	XP_048589199.1	_		traf2_binding_permissive	Motif		PLPNDVA	627	634	1	7					
sequence	other	20261003_47e0cc28	XP_048589199.1	_		traf2_binding_permissive	Motif		PFDEQNA	958	965	1	7					
sequence	other	20261003_47e0cc28	XP_048589199.1	_		traf2_binding_permissive	Motif		PAQLSS	1028	1034	1	6					
sequence	other	20261003_47e0cc28	XP_048589199.1	_		traf2_binding_permissive	Motif		PINSG	1202	1207	1	5					
sequence	other	20261003_47e0cc28	XP_048589199.1	_		traf2_binding_permissive	Motif		PAGQLG	1454	1460	1	6					
sequence	other	20261003_47e0cc28	XP_048589200.1	_		traf6_binding_permissive	Motif		PWQSAE	80	86	1	6					
sequence	other	20261003_47e0cc28	XP_048589200.1	_		traf6_binding_permissive	Motif		PAQIPW	283	289	1	6					
sequence	other	20261003_47e0cc28	XP_048589200.1	_		traf6_binding_permissive	Motif		PCQKHR	1182	1188	1	6					
sequence	other	20261003_47e0cc28	XP_048589200.1	_		traf2_binding_strict	Motif		PVEIT	475	480	1	5					
sequence	other	20261003_47e0cc28	XP_048589200.1	_		traf2_binding_strict	Motif		PREVS	529	534	1	5					
sequence	other	20261003_47e0cc28	XP_048589200.1	_		traf2_binding_strict	Motif		PAQLS	1027	1032	1	5					
sequence	other	20261003_47e0cc28	XP_048589200.1	_		traf2_binding_variant	Motif		PWQSA	80	85	1	5					
sequence	other	20261003_47e0cc28	XP_048589200.1	_		traf2_binding_variant	Motif		PVEIT	475	480	1	5					
sequence	other	20261003_47e0cc28	XP_048589200.1	_		traf2_binding_variant	Motif		PREVS	529	534	1	5					
sequence	other	20261003_47e0cc28	XP_048589200.1	_		traf2_binding_variant	Motif		PAQLS	1027	1032	1	5					
sequence	other	20261003_47e0cc28	XP_048589200.1	_		traf2_binding_variant	Motif		PINSG	1201	1206	1	5					
sequence	other	20261003_47e0cc28	XP_048589200.1	_		traf2_binding_permissive	Motif		PWQSAE	80	86	1	6					
sequence	other	20261003_47e0cc28	XP_048589200.1	_		traf2_binding_permissive	Motif		PHGNIIE	211	218	1	7					
sequence	other	20261003_47e0cc28	XP_048589200.1	_		traf2_binding_permissive	Motif		PQEKVA	274	280	1	6					
sequence	other	20261003_47e0cc28	XP_048589200.1	_		traf2_binding_permissive	Motif		PIVQMTG	376	383	1	7					
sequence	other	20261003_47e0cc28	XP_048589200.1	_		traf2_binding_permissive	Motif		PTSELS	447	453	1	6					
sequence	other	20261003_47e0cc28	XP_048589200.1	_		traf2_binding_permissive	Motif		PPSEELS	465	472	1	7					
sequence	other	20261003_47e0cc28	XP_048589200.1	_		traf2_binding_permissive	Motif		PVEITA	475	481	1	6					
sequence	other	20261003_47e0cc28	XP_048589200.1	_		traf2_binding_permissive	Motif		PEAEHA	483	489	1	6					
sequence	other	20261003_47e0cc28	XP_048589200.1	_		traf2_binding_permissive	Motif		PREVST	529	535	1	6					
sequence	other	20261003_47e0cc28	XP_048589200.1	_		traf2_binding_permissive	Motif		PDHEHSS	600	607	1	7					
sequence	other	20261003_47e0cc28	XP_048589200.1	_		traf2_binding_permissive	Motif		PLPNDVA	626	633	1	7					
sequence	other	20261003_47e0cc28	XP_048589200.1	_		traf2_binding_permissive	Motif		PFDEQNA	957	964	1	7					
sequence	other	20261003_47e0cc28	XP_048589200.1	_		traf2_binding_permissive	Motif		PAQLSS	1027	1033	1	6					
sequence	other	20261003_47e0cc28	XP_048589200.1	_		traf2_binding_permissive	Motif		PINSG	1201	1206	1	5					
sequence	other	20261003_47e0cc28	XP_048589200.1	_		traf2_binding_permissive	Motif		PAGQLG	1453	1459	1	6					
sequence	other	20261003_47e0cc28	XP_048589202.1	_		traf6_binding_permissive	Motif		PSETRL	35	41	1	6					
sequence	other	20261003_47e0cc28	XP_048589202.1	_		traf6_binding_permissive	Motif		PIEMNL	404	410	1	6					
sequence	other	20261003_47e0cc28	XP_048589202.1	_		traf2_binding_strict	Motif		PGEVS	531	536	1	5					
sequence	other	20261003_47e0cc28	XP_048589202.1	_		traf2_binding_strict	Motif		PDENS	1010	1015	1	5					
sequence	other	20261003_47e0cc28	XP_048589202.1	_		traf2_binding_strict	Motif		PAQLT	1023	1028	1	5					
sequence	other	20261003_47e0cc28	XP_048589202.1	_		traf2_binding_variant	Motif		PDNVS	11	16	1	5					
sequence	other	20261003_47e0cc28	XP_048589202.1	_		traf2_binding_variant	Motif		PGEVS	531	536	1	5					
sequence	other	20261003_47e0cc28	XP_048589202.1	_		traf2_binding_variant	Motif		PDENS	1010	1015	1	5					
sequence	other	20261003_47e0cc28	XP_048589202.1	_		traf2_binding_variant	Motif		PAQLT	1023	1028	1	5					
sequence	other	20261003_47e0cc28	XP_048589202.1	_		traf2_binding_permissive	Motif		PPDNVSS	10	17	1	7					
sequence	other	20261003_47e0cc28	XP_048589202.1	_		traf2_binding_permissive	Motif		PYNNLDT	51	58	1	7					
sequence	other	20261003_47e0cc28	XP_048589202.1	_		traf2_binding_permissive	Motif		PTLQRS	379	385	1	6					
sequence	other	20261003_47e0cc28	XP_048589202.1	_		traf2_binding_permissive	Motif		PAEILA	477	483	1	6					
sequence	other	20261003_47e0cc28	XP_048589202.1	_		traf2_binding_permissive	Motif		PEAEHA	485	491	1	6					
sequence	other	20261003_47e0cc28	XP_048589202.1	_		traf2_binding_permissive	Motif		PGEVST	531	537	1	6					
sequence	other	20261003_47e0cc28	XP_048589202.1	_		traf2_binding_permissive	Motif		PNVEEHS	637	644	1	7					
sequence	other	20261003_47e0cc28	XP_048589202.1	_		traf2_binding_permissive	Motif		PEELVA	658	664	1	6					
sequence	other	20261003_47e0cc28	XP_048589202.1	_		traf2_binding_permissive	Motif		PVKQAHA	808	815	1	7					
sequence	other	20261003_47e0cc28	XP_048589202.1	_		traf2_binding_permissive	Motif		PGNSQA	985	991	1	6					
sequence	other	20261003_47e0cc28	XP_048589202.1	_		traf2_binding_permissive	Motif		PDENS	1010	1015	1	5					
sequence	other	20261003_47e0cc28	XP_048589202.1	_		traf2_binding_permissive	Motif		PAQLTS	1023	1029	1	6					
sequence	other	20261003_47e0cc28	XP_048589202.1	_		traf2_binding_permissive	Motif		PDEGCG	1177	1183	1	6					
sequence	other	20261003_47e0cc28	XP_048590453.1	_		traf6_binding_strict	Motif		PGEQQD	682	688	1	6					
sequence	other	20261003_47e0cc28	XP_048590453.1	_		traf6_binding_strict	Motif		PQEKAF	2876	2882	1	6					
sequence	other	20261003_47e0cc28	XP_048590453.1	_		traf6_binding_permissive	Motif		PGEQQD	682	688	1	6					
sequence	other	20261003_47e0cc28	XP_048590453.1	_		traf6_binding_permissive	Motif		PSQKEE	868	874	1	6					
sequence	other	20261003_47e0cc28	XP_048590453.1	_		traf6_binding_permissive	Motif		PREIII	899	905	1	6					
sequence	other	20261003_47e0cc28	XP_048590453.1	_		traf6_binding_permissive	Motif		PLEEAK	2247	2253	1	6					
sequence	other	20261003_47e0cc28	XP_048590453.1	_		traf6_binding_permissive	Motif		PQEKAF	2876	2882	1	6					
sequence	other	20261003_47e0cc28	XP_048590453.1	_		traf2_binding_variant	Motif		PSQKE	868	873	1	5					
sequence	other	20261003_47e0cc28	XP_048590453.1	_		traf2_binding_variant	Motif		PLEEA	2247	2252	1	5					
sequence	other	20261003_47e0cc28	XP_048590453.1	_		traf2_binding_variant	Motif		PSQNG	2814	2819	1	5					
sequence	other	20261003_47e0cc28	XP_048590453.1	_		traf2_binding_variant	Motif		PQEKA	2876	2881	1	5					
sequence	other	20261003_47e0cc28	XP_048590453.1	_		traf2_binding_permissive	Motif		PGEQQD	682	688	1	6					
sequence	other	20261003_47e0cc28	XP_048590453.1	_		traf2_binding_permissive	Motif		PSQKEE	868	874	1	6					
sequence	other	20261003_47e0cc28	XP_048590453.1	_		traf2_binding_permissive	Motif		PMSEPDA	922	929	1	7					
sequence	other	20261003_47e0cc28	XP_048590453.1	_		traf2_binding_permissive	Motif		PPTESLS	1102	1109	1	7					
sequence	other	20261003_47e0cc28	XP_048590453.1	_		traf2_binding_permissive	Motif		PSVEAAA	2190	2197	1	7					
sequence	other	20261003_47e0cc28	XP_048590453.1	_		traf2_binding_permissive	Motif		PLEDLS	2213	2219	1	6					
sequence	other	20261003_47e0cc28	XP_048590453.1	_		traf2_binding_permissive	Motif		PLEEA	2247	2252	1	5					
sequence	other	20261003_47e0cc28	XP_048590453.1	_		traf2_binding_permissive	Motif		PSQNGGT	2814	2821	1	7					
sequence	other	20261003_47e0cc28	XP_048590453.1	_		traf2_binding_permissive	Motif		PQEKA	2876	2881	1	5					
sequence	other	20261003_47e0cc28	XP_048590454.1	_		traf6_binding_strict	Motif		PGEQQD	494	500	1	6					
sequence	other	20261003_47e0cc28	XP_048590454.1	_		traf6_binding_strict	Motif		PQEKAF	2688	2694	1	6					
sequence	other	20261003_47e0cc28	XP_048590454.1	_		traf6_binding_permissive	Motif		PGEQQD	494	500	1	6					
sequence	other	20261003_47e0cc28	XP_048590454.1	_		traf6_binding_permissive	Motif		PSQKEE	680	686	1	6					
sequence	other	20261003_47e0cc28	XP_048590454.1	_		traf6_binding_permissive	Motif		PREIII	711	717	1	6					
sequence	other	20261003_47e0cc28	XP_048590454.1	_		traf6_binding_permissive	Motif		PLEEAK	2059	2065	1	6					
sequence	other	20261003_47e0cc28	XP_048590454.1	_		traf6_binding_permissive	Motif		PQEKAF	2688	2694	1	6					
sequence	other	20261003_47e0cc28	XP_048590454.1	_		traf2_binding_variant	Motif		PSQKE	680	685	1	5					
sequence	other	20261003_47e0cc28	XP_048590454.1	_		traf2_binding_variant	Motif		PLEEA	2059	2064	1	5					
sequence	other	20261003_47e0cc28	XP_048590454.1	_		traf2_binding_variant	Motif		PSQNG	2626	2631	1	5					
sequence	other	20261003_47e0cc28	XP_048590454.1	_		traf2_binding_variant	Motif		PQEKA	2688	2693	1	5					
sequence	other	20261003_47e0cc28	XP_048590454.1	_		traf2_binding_permissive	Motif		PGEQQD	494	500	1	6					
sequence	other	20261003_47e0cc28	XP_048590454.1	_		traf2_binding_permissive	Motif		PSQKEE	680	686	1	6					
sequence	other	20261003_47e0cc28	XP_048590454.1	_		traf2_binding_permissive	Motif		PMSEPDA	734	741	1	7					
sequence	other	20261003_47e0cc28	XP_048590454.1	_		traf2_binding_permissive	Motif		PPTESLS	914	921	1	7					
sequence	other	20261003_47e0cc28	XP_048590454.1	_		traf2_binding_permissive	Motif		PSVEAAA	2002	2009	1	7					
sequence	other	20261003_47e0cc28	XP_048590454.1	_		traf2_binding_permissive	Motif		PLEDLS	2025	2031	1	6					
sequence	other	20261003_47e0cc28	XP_048590454.1	_		traf2_binding_permissive	Motif		PLEEA	2059	2064	1	5					
sequence	other	20261003_47e0cc28	XP_048590454.1	_		traf2_binding_permissive	Motif		PSQNGGT	2626	2633	1	7					
sequence	other	20261003_47e0cc28	XP_048590454.1	_		traf2_binding_permissive	Motif		PQEKA	2688	2693	1	5					
sequence	other	20261003_47e0cc28	XP_048590455.1	_		traf6_binding_strict	Motif		PGEQQD	682	688	1	6					
sequence	other	20261003_47e0cc28	XP_048590455.1	_		traf6_binding_strict	Motif		PQEKAF	1952	1958	1	6					
sequence	other	20261003_47e0cc28	XP_048590455.1	_		traf6_binding_permissive	Motif		PGEQQD	682	688	1	6					
sequence	other	20261003_47e0cc28	XP_048590455.1	_		traf6_binding_permissive	Motif		PSQKEE	868	874	1	6					
sequence	other	20261003_47e0cc28	XP_048590455.1	_		traf6_binding_permissive	Motif		PREIII	899	905	1	6					
sequence	other	20261003_47e0cc28	XP_048590455.1	_		traf6_binding_permissive	Motif		PQEKAF	1952	1958	1	6					
sequence	other	20261003_47e0cc28	XP_048590455.1	_		traf2_binding_variant	Motif		PSQKE	868	873	1	5					
sequence	other	20261003_47e0cc28	XP_048590455.1	_		traf2_binding_variant	Motif		PSQNG	1890	1895	1	5					
sequence	other	20261003_47e0cc28	XP_048590455.1	_		traf2_binding_variant	Motif		PQEKA	1952	1957	1	5					
sequence	other	20261003_47e0cc28	XP_048590455.1	_		traf2_binding_permissive	Motif		PGEQQD	682	688	1	6					
sequence	other	20261003_47e0cc28	XP_048590455.1	_		traf2_binding_permissive	Motif		PSQKEE	868	874	1	6					
sequence	other	20261003_47e0cc28	XP_048590455.1	_		traf2_binding_permissive	Motif		PMSEPDA	922	929	1	7					
sequence	other	20261003_47e0cc28	XP_048590455.1	_		traf2_binding_permissive	Motif		PPTESLS	1102	1109	1	7					
sequence	other	20261003_47e0cc28	XP_048590455.1	_		traf2_binding_permissive	Motif		PSQNGGT	1890	1897	1	7					
sequence	other	20261003_47e0cc28	XP_048590455.1	_		traf2_binding_permissive	Motif		PQEKA	1952	1957	1	5					
sequence	other	20261003_47e0cc28	XP_073230003.1	_		traf6_binding_strict	Motif		PQEQAE	260	266	1	6					
sequence	other	20261003_47e0cc28	XP_073230003.1	_		traf6_binding_permissive	Motif		PQEQAE	260	266	1	6					
sequence	other	20261003_47e0cc28	XP_073230003.1	_		traf6_binding_permissive	Motif		PLQEPL	442	448	1	6					
sequence	other	20261003_47e0cc28	XP_073230003.1	_		traf2_binding_variant	Motif		PQEQA	260	265	1	5					
sequence	other	20261003_47e0cc28	XP_073230003.1	_		traf2_binding_variant	Motif		PEQAA	304	309	1	5					
sequence	other	20261003_47e0cc28	XP_073230003.1	_		traf2_binding_variant	Motif		PTNCT	577	582	1	5					
sequence	other	20261003_47e0cc28	XP_073230003.1	_		traf2_binding_permissive	Motif		PQEQAE	260	266	1	6					
sequence	other	20261003_47e0cc28	XP_073230003.1	_		traf2_binding_permissive	Motif		PIPEQAA	302	309	1	7					
sequence	other	20261003_47e0cc28	XP_073230003.1	_		traf2_binding_permissive	Motif		PPTNCTS	576	583	1	7					
sequence	other	20261003_47e0cc28	XP_073230003.1	_		traf2_binding_permissive	Motif		PKETRA	594	600	1	6					
sequence	other	20261003_47e0cc28	XP_073230003.1	_		traf2_binding_permissive	Motif		PYLNQE	608	614	1	6					
sequence	other	20261003_47e0cc28	XP_073249187.1	_		traf6_binding_strict	Motif		PEEVVY	421	427	1	6					
sequence	other	20261003_47e0cc28	XP_073249187.1	_		traf6_binding_strict	Motif		PGEELF	1275	1281	1	6					
sequence	other	20261003_47e0cc28	XP_073249187.1	_		traf6_binding_permissive	Motif		PKQCDW	74	80	1	6					
sequence	other	20261003_47e0cc28	XP_073249187.1	_		traf6_binding_permissive	Motif		PEEVVY	421	427	1	6					
sequence	other	20261003_47e0cc28	XP_073249187.1	_		traf6_binding_permissive	Motif		PTERKK	655	661	1	6					
sequence	other	20261003_47e0cc28	XP_073249187.1	_		traf6_binding_permissive	Motif		PLQKEE	717	723	1	6					
sequence	other	20261003_47e0cc28	XP_073249187.1	_		traf6_binding_permissive	Motif		PFEDPR	886	892	1	6					
sequence	other	20261003_47e0cc28	XP_073249187.1	_		traf6_binding_permissive	Motif		PGEELF	1275	1281	1	6					
sequence	other	20261003_47e0cc28	XP_073249187.1	_		traf2_binding_strict	Motif		PQENS	628	633	1	5					
sequence	other	20261003_47e0cc28	XP_073249187.1	_		traf2_binding_variant	Motif		PKQCD	74	79	1	5					
sequence	other	20261003_47e0cc28	XP_073249187.1	_		traf2_binding_variant	Motif		PQENS	628	633	1	5					
sequence	other	20261003_47e0cc28	XP_073249187.1	_		traf2_binding_variant	Motif		PLQKE	717	722	1	5					
sequence	other	20261003_47e0cc28	XP_073249187.1	_		traf2_binding_variant	Motif		PNNET	832	837	1	5					
sequence	other	20261003_47e0cc28	XP_073249187.1	_		traf2_binding_variant	Motif		PSESD	1119	1124	1	5					
sequence	other	20261003_47e0cc28	XP_073249187.1	_		traf2_binding_permissive	Motif		PKQCD	74	79	1	5					
sequence	other	20261003_47e0cc28	XP_073249187.1	_		traf2_binding_permissive	Motif		PWIEKMA	120	127	1	7					
sequence	other	20261003_47e0cc28	XP_073249187.1	_		traf2_binding_permissive	Motif		PDEINT	215	221	1	6					
sequence	other	20261003_47e0cc28	XP_073249187.1	_		traf2_binding_permissive	Motif		PGFEAAE	444	451	1	7					
sequence	other	20261003_47e0cc28	XP_073249187.1	_		traf2_binding_permissive	Motif		PKERPS	483	489	1	6					
sequence	other	20261003_47e0cc28	XP_073249187.1	_		traf2_binding_permissive	Motif		PVSELTE	563	570	1	7					
sequence	other	20261003_47e0cc28	XP_073249187.1	_		traf2_binding_permissive	Motif		PPEILA	574	580	1	6					
sequence	other	20261003_47e0cc28	XP_073249187.1	_		traf2_binding_permissive	Motif		PRAQRA	582	588	1	6					
sequence	other	20261003_47e0cc28	XP_073249187.1	_		traf2_binding_permissive	Motif		PFNPQE	625	631	1	6					
sequence	other	20261003_47e0cc28	XP_073249187.1	_		traf2_binding_permissive	Motif		PLQKEE	717	723	1	6					
sequence	other	20261003_47e0cc28	XP_073249187.1	_		traf2_binding_permissive	Motif		PNNET	832	837	1	5					
sequence	other	20261003_47e0cc28	XP_073249187.1	_		traf2_binding_permissive	Motif		PFDEVD	1031	1037	1	6					
sequence	other	20261003_47e0cc28	XP_073249187.1	_		traf2_binding_permissive	Motif		PSQLRS	1104	1110	1	6					
sequence	other	20261003_47e0cc28	XP_073249187.1	_		traf2_binding_permissive	Motif		PSESD	1119	1124	1	5					
sequence	other	20261003_47e0cc28	XP_073249187.1	_		traf2_binding_permissive	Motif		PVLEQIE	1379	1386	1	7					
sequence	other	20261003_47e0cc28	NP_001020413.1	_		traf6_binding_strict	Motif		PVESDE	554	560	1	6					
sequence	other	20261003_47e0cc28	NP_001020413.1	_		traf6_binding_strict	Motif		PEESDE	673	679	1	6					
sequence	other	20261003_47e0cc28	NP_001020413.1	_		traf6_binding_permissive	Motif		PEEYIK	391	397	1	6					
sequence	other	20261003_47e0cc28	NP_001020413.1	_		traf6_binding_permissive	Motif		PPELGL	485	491	1	6					
sequence	other	20261003_47e0cc28	NP_001020413.1	_		traf6_binding_permissive	Motif		PNQPVE	551	557	1	6					
sequence	other	20261003_47e0cc28	NP_001020413.1	_		traf6_binding_permissive	Motif		PPQIII	626	632	1	6					
sequence	other	20261003_47e0cc28	NP_001020413.1	_		traf6_binding_permissive	Motif		PEESDE	673	679	1	6					
sequence	other	20261003_47e0cc28	NP_001020413.1	_		traf2_binding_strict	Motif		PSQSS	371	376	1	5					
sequence	other	20261003_47e0cc28	NP_001020413.1	_		traf2_binding_variant	Motif		PGEPA	6	11	1	5					
sequence	other	20261003_47e0cc28	NP_001020413.1	_		traf2_binding_variant	Motif		PAEAE	123	128	1	5					
sequence	other	20261003_47e0cc28	NP_001020413.1	_		traf2_binding_variant	Motif		PSQSS	371	376	1	5					
sequence	other	20261003_47e0cc28	NP_001020413.1	_		traf2_binding_variant	Motif		PPELG	485	490	1	5					
sequence	other	20261003_47e0cc28	NP_001020413.1	_		traf2_binding_variant	Motif		PVESD	554	559	1	5					
sequence	other	20261003_47e0cc28	NP_001020413.1	_		traf2_binding_variant	Motif		PEESD	673	678	1	5					
sequence	other	20261003_47e0cc28	NP_001020413.1	_		traf2_binding_permissive	Motif		PGEPAA	6	12	1	6					
sequence	other	20261003_47e0cc28	NP_001020413.1	_		traf2_binding_permissive	Motif		PWINRNA	71	78	1	7					
sequence	other	20261003_47e0cc28	NP_001020413.1	_		traf2_binding_permissive	Motif		PAEAEA	123	129	1	6					
sequence	other	20261003_47e0cc28	NP_001020413.1	_		traf2_binding_permissive	Motif		PGSQTHS	147	154	1	7					
sequence	other	20261003_47e0cc28	NP_001020413.1	_		traf2_binding_permissive	Motif		PGPESS	180	186	1	6					
sequence	other	20261003_47e0cc28	NP_001020413.1	_		traf2_binding_permissive	Motif		PLCEIS	200	206	1	6					
sequence	other	20261003_47e0cc28	NP_001020413.1	_		traf2_binding_permissive	Motif		PSQSS	371	376	1	5					
sequence	other	20261003_47e0cc28	NP_001020413.1	_		traf2_binding_permissive	Motif		PPELG	485	490	1	5					
sequence	other	20261003_47e0cc28	NP_001020413.1	_		traf2_binding_permissive	Motif		PMTQENS	509	516	1	7					
sequence	other	20261003_47e0cc28	NP_001020413.1	_		traf2_binding_permissive	Motif		PWQPLA	529	535	1	6					
sequence	other	20261003_47e0cc28	NP_001020413.1	_		traf2_binding_permissive	Motif		PNQPVE	551	557	1	6					
sequence	other	20261003_47e0cc28	NP_001020413.1	_		traf2_binding_permissive	Motif		PLREAG	583	589	1	6					
sequence	other	20261003_47e0cc28	NP_001020413.1	_		traf2_binding_permissive	Motif		PEESDE	673	679	1	6					
sequence	other	20261003_47e0cc28	NP_001020414.1	_		traf6_binding_strict	Motif		PQENSY	462	468	1	6					
sequence	other	20261003_47e0cc28	NP_001020414.1	_		traf6_binding_strict	Motif		PVESDE	505	511	1	6					
sequence	other	20261003_47e0cc28	NP_001020414.1	_		traf6_binding_strict	Motif		PEESDE	624	630	1	6					
sequence	other	20261003_47e0cc28	NP_001020414.1	_		traf6_binding_permissive	Motif		PEEYIK	391	397	1	6					
sequence	other	20261003_47e0cc28	NP_001020414.1	_		traf6_binding_permissive	Motif		PQENSY	462	468	1	6					
sequence	other	20261003_47e0cc28	NP_001020414.1	_		traf6_binding_permissive	Motif		PNQPVE	502	508	1	6					
sequence	other	20261003_47e0cc28	NP_001020414.1	_		traf6_binding_permissive	Motif		PPQIII	577	583	1	6					
sequence	other	20261003_47e0cc28	NP_001020414.1	_		traf6_binding_permissive	Motif		PEESDE	624	630	1	6					
sequence	other	20261003_47e0cc28	NP_001020414.1	_		traf2_binding_strict	Motif		PSQSS	371	376	1	5					
sequence	other	20261003_47e0cc28	NP_001020414.1	_		traf2_binding_strict	Motif		PQENS	462	467	1	5					
sequence	other	20261003_47e0cc28	NP_001020414.1	_		traf2_binding_variant	Motif		PGEPA	6	11	1	5					
sequence	other	20261003_47e0cc28	NP_001020414.1	_		traf2_binding_variant	Motif		PAEAE	123	128	1	5					
sequence	other	20261003_47e0cc28	NP_001020414.1	_		traf2_binding_variant	Motif		PSQSS	371	376	1	5					
sequence	other	20261003_47e0cc28	NP_001020414.1	_		traf2_binding_variant	Motif		PQENS	462	467	1	5					
sequence	other	20261003_47e0cc28	NP_001020414.1	_		traf2_binding_variant	Motif		PVESD	505	510	1	5					
sequence	other	20261003_47e0cc28	NP_001020414.1	_		traf2_binding_variant	Motif		PEESD	624	629	1	5					
sequence	other	20261003_47e0cc28	NP_001020414.1	_		traf2_binding_permissive	Motif		PGEPAA	6	12	1	6					
sequence	other	20261003_47e0cc28	NP_001020414.1	_		traf2_binding_permissive	Motif		PWINRNA	71	78	1	7					
sequence	other	20261003_47e0cc28	NP_001020414.1	_		traf2_binding_permissive	Motif		PAEAEA	123	129	1	6					
sequence	other	20261003_47e0cc28	NP_001020414.1	_		traf2_binding_permissive	Motif		PGSQTHS	147	154	1	7					
sequence	other	20261003_47e0cc28	NP_001020414.1	_		traf2_binding_permissive	Motif		PGPESS	180	186	1	6					
sequence	other	20261003_47e0cc28	NP_001020414.1	_		traf2_binding_permissive	Motif		PLCEIS	200	206	1	6					
sequence	other	20261003_47e0cc28	NP_001020414.1	_		traf2_binding_permissive	Motif		PSQSS	371	376	1	5					
sequence	other	20261003_47e0cc28	NP_001020414.1	_		traf2_binding_permissive	Motif		PSPQENS	460	467	1	7					
sequence	other	20261003_47e0cc28	NP_001020414.1	_		traf2_binding_permissive	Motif		PWQPLA	480	486	1	6					
sequence	other	20261003_47e0cc28	NP_001020414.1	_		traf2_binding_permissive	Motif		PNQPVE	502	508	1	6					
sequence	other	20261003_47e0cc28	NP_001020414.1	_		traf2_binding_permissive	Motif		PLREAG	534	540	1	6					
sequence	other	20261003_47e0cc28	NP_001020414.1	_		traf2_binding_permissive	Motif		PEESDE	624	630	1	6					
sequence	other	20261003_47e0cc28	NP_001275658.1	_		traf6_binding_permissive	Motif		PYEIQL	844	850	1	6					
sequence	other	20261003_47e0cc28	NP_001275658.1	_		traf6_binding_permissive	Motif		PVEEPI	864	870	1	6					
sequence	other	20261003_47e0cc28	NP_001275658.1	_		traf6_binding_permissive	Motif		PLQVVL	878	884	1	6					
sequence	other	20261003_47e0cc28	NP_001275658.1	_		traf6_binding_permissive	Motif		PQQLRE	1238	1244	1	6					
sequence	other	20261003_47e0cc28	NP_001275658.1	_		traf2_binding_permissive	Motif		PNIQDKE	470	477	1	7					
sequence	other	20261003_47e0cc28	NP_001275658.1	_		traf2_binding_permissive	Motif		PGCENVS	750	757	1	7					
sequence	other	20261003_47e0cc28	NP_001275658.1	_		traf2_binding_permissive	Motif		PVEEPIA	864	871	1	7					
sequence	other	20261003_47e0cc28	NP_001275658.1	_		traf2_binding_permissive	Motif		PNQLMS	981	987	1	6					
sequence	other	20261003_47e0cc28	NP_001275658.1	_		traf2_binding_permissive	Motif		PVEHLT	1132	1138	1	6					
sequence	other	20261003_47e0cc28	NP_001275658.1	_		traf2_binding_permissive	Motif		PQQLRE	1238	1244	1	6					
sequence	other	20261003_47e0cc28	NP_001275659.1	_		traf6_binding_permissive	Motif		PYEIQL	844	850	1	6					
sequence	other	20261003_47e0cc28	NP_001275659.1	_		traf6_binding_permissive	Motif		PVEEPI	864	870	1	6					
sequence	other	20261003_47e0cc28	NP_001275659.1	_		traf6_binding_permissive	Motif		PLQVVL	878	884	1	6					
sequence	other	20261003_47e0cc28	NP_001275659.1	_		traf6_binding_permissive	Motif		PQQLRE	1238	1244	1	6					
sequence	other	20261003_47e0cc28	NP_001275659.1	_		traf2_binding_permissive	Motif		PNIQDKE	470	477	1	7					
sequence	other	20261003_47e0cc28	NP_001275659.1	_		traf2_binding_permissive	Motif		PGCENVS	750	757	1	7					
sequence	other	20261003_47e0cc28	NP_001275659.1	_		traf2_binding_permissive	Motif		PVEEPIA	864	871	1	7					
sequence	other	20261003_47e0cc28	NP_001275659.1	_		traf2_binding_permissive	Motif		PNQLMS	981	987	1	6					
sequence	other	20261003_47e0cc28	NP_001275659.1	_		traf2_binding_permissive	Motif		PVEHLT	1132	1138	1	6					
sequence	other	20261003_47e0cc28	NP_001275659.1	_		traf2_binding_permissive	Motif		PQQLRE	1238	1244	1	6					
sequence	other	20261003_47e0cc28	NP_001275660.1	_		traf6_binding_permissive	Motif		PYEIQL	844	850	1	6					
sequence	other	20261003_47e0cc28	NP_001275660.1	_		traf6_binding_permissive	Motif		PVEEPI	864	870	1	6					
sequence	other	20261003_47e0cc28	NP_001275660.1	_		traf6_binding_permissive	Motif		PLQVVL	878	884	1	6					
sequence	other	20261003_47e0cc28	NP_001275660.1	_		traf6_binding_permissive	Motif		PQQLRE	1238	1244	1	6					
sequence	other	20261003_47e0cc28	NP_001275660.1	_		traf2_binding_permissive	Motif		PNIQDKE	470	477	1	7					
sequence	other	20261003_47e0cc28	NP_001275660.1	_		traf2_binding_permissive	Motif		PGCENVS	750	757	1	7					
sequence	other	20261003_47e0cc28	NP_001275660.1	_		traf2_binding_permissive	Motif		PVEEPIA	864	871	1	7					
sequence	other	20261003_47e0cc28	NP_001275660.1	_		traf2_binding_permissive	Motif		PNQLMS	981	987	1	6					
sequence	other	20261003_47e0cc28	NP_001275660.1	_		traf2_binding_permissive	Motif		PVEHLT	1132	1138	1	6					
sequence	other	20261003_47e0cc28	NP_001275660.1	_		traf2_binding_permissive	Motif		PQQLRE	1238	1244	1	6					
sequence	other	20261003_47e0cc28	NP_001303990.1	_		traf6_binding_strict	Motif		PTEKSD	41	47	1	6					
sequence	other	20261003_47e0cc28	NP_001303990.1	_		traf6_binding_strict	Motif		PVEESW	189	195	1	6					
sequence	other	20261003_47e0cc28	NP_001303990.1	_		traf6_binding_strict	Motif		PQEENE	202	208	1	6					
sequence	other	20261003_47e0cc28	NP_001303990.1	_		traf6_binding_permissive	Motif		PTEKSD	41	47	1	6					
sequence	other	20261003_47e0cc28	NP_001303990.1	_		traf6_binding_permissive	Motif		PYENAI	63	69	1	6					
sequence	other	20261003_47e0cc28	NP_001303990.1	_		traf6_binding_permissive	Motif		PVEESW	189	195	1	6					
sequence	other	20261003_47e0cc28	NP_001303990.1	_		traf6_binding_permissive	Motif		PQEENE	202	208	1	6					
sequence	other	20261003_47e0cc28	NP_001303990.1	_		traf2_binding_strict	Motif		PTEKS	41	46	1	5					
sequence	other	20261003_47e0cc28	NP_001303990.1	_		traf2_binding_strict	Motif		PVEES	189	194	1	5					
sequence	other	20261003_47e0cc28	NP_001303990.1	_		traf2_binding_variant	Motif		PTEKS	41	46	1	5					
sequence	other	20261003_47e0cc28	NP_001303990.1	_		traf2_binding_variant	Motif		PYENA	63	68	1	5					
sequence	other	20261003_47e0cc28	NP_001303990.1	_		traf2_binding_variant	Motif		PVEES	189	194	1	5					
sequence	other	20261003_47e0cc28	NP_001303990.1	_		traf2_binding_permissive	Motif		PTEKSD	41	47	1	6					
sequence	other	20261003_47e0cc28	NP_001303990.1	_		traf2_binding_permissive	Motif		PYENA	63	68	1	5					
sequence	other	20261003_47e0cc28	NP_001303990.1	_		traf2_binding_permissive	Motif		PREIIS	93	99	1	6					
sequence	other	20261003_47e0cc28	NP_001303990.1	_		traf2_binding_permissive	Motif		PVEES	189	194	1	5					
sequence	other	20261003_47e0cc28	NP_001303990.1	_		traf2_binding_permissive	Motif		PQEENE	202	208	1	6					
sequence	other	20261003_47e0cc28	NP_001303990.1	_		traf2_binding_permissive	Motif		PRQNVA	235	241	1	6					
sequence	other	20261003_47e0cc28	NP_001303990.1	_		traf2_binding_permissive	Motif		PETNYLG	342	349	1	7					
sequence	other	20261003_47e0cc28	NP_001303990.1	_		traf2_binding_permissive	Motif		PIRENLG	425	432	1	7					
sequence	other	20261003_47e0cc28	NP_001341859.1	_		traf6_binding_strict	Motif		PTEKSD	204	210	1	6					
sequence	other	20261003_47e0cc28	NP_001341859.1	_		traf6_binding_strict	Motif		PVEESW	352	358	1	6					
sequence	other	20261003_47e0cc28	NP_001341859.1	_		traf6_binding_strict	Motif		PQEENE	365	371	1	6					
sequence	other	20261003_47e0cc28	NP_001341859.1	_		traf6_binding_permissive	Motif		PTEKSD	204	210	1	6					
sequence	other	20261003_47e0cc28	NP_001341859.1	_		traf6_binding_permissive	Motif		PYENAI	226	232	1	6					
sequence	other	20261003_47e0cc28	NP_001341859.1	_		traf6_binding_permissive	Motif		PVEESW	352	358	1	6					
sequence	other	20261003_47e0cc28	NP_001341859.1	_		traf6_binding_permissive	Motif		PQEENE	365	371	1	6					
sequence	other	20261003_47e0cc28	NP_001341859.1	_		traf2_binding_strict	Motif		PTEKS	204	209	1	5					
sequence	other	20261003_47e0cc28	NP_001341859.1	_		traf2_binding_strict	Motif		PVEES	352	357	1	5					
sequence	other	20261003_47e0cc28	NP_001341859.1	_		traf2_binding_variant	Motif		PTEKS	204	209	1	5					
sequence	other	20261003_47e0cc28	NP_001341859.1	_		traf2_binding_variant	Motif		PYENA	226	231	1	5					
sequence	other	20261003_47e0cc28	NP_001341859.1	_		traf2_binding_variant	Motif		PVEES	352	357	1	5					
sequence	other	20261003_47e0cc28	NP_001341859.1	_		traf2_binding_permissive	Motif		PTEKSD	204	210	1	6					
sequence	other	20261003_47e0cc28	NP_001341859.1	_		traf2_binding_permissive	Motif		PYENA	226	231	1	5					
sequence	other	20261003_47e0cc28	NP_001341859.1	_		traf2_binding_permissive	Motif		PREIIS	256	262	1	6					
sequence	other	20261003_47e0cc28	NP_001341859.1	_		traf2_binding_permissive	Motif		PVEES	352	357	1	5					
sequence	other	20261003_47e0cc28	NP_001341859.1	_		traf2_binding_permissive	Motif		PQEENE	365	371	1	6					
sequence	other	20261003_47e0cc28	NP_001341859.1	_		traf2_binding_permissive	Motif		PRQNVA	398	404	1	6					
sequence	other	20261003_47e0cc28	NP_001341859.1	_		traf2_binding_permissive	Motif		PETNYLG	505	512	1	7					
sequence	other	20261003_47e0cc28	NP_001341859.1	_		traf2_binding_permissive	Motif		PIRENLG	588	595	1	7					
sequence	other	20261003_47e0cc28	NP_001341860.1	_		traf6_binding_strict	Motif		PTEKSD	158	164	1	6					
sequence	other	20261003_47e0cc28	NP_001341860.1	_		traf6_binding_strict	Motif		PVEESW	306	312	1	6					
sequence	other	20261003_47e0cc28	NP_001341860.1	_		traf6_binding_strict	Motif		PQEENE	319	325	1	6					
sequence	other	20261003_47e0cc28	NP_001341860.1	_		traf6_binding_permissive	Motif		PTEKSD	158	164	1	6					
sequence	other	20261003_47e0cc28	NP_001341860.1	_		traf6_binding_permissive	Motif		PYENAI	180	186	1	6					
sequence	other	20261003_47e0cc28	NP_001341860.1	_		traf6_binding_permissive	Motif		PVEESW	306	312	1	6					
sequence	other	20261003_47e0cc28	NP_001341860.1	_		traf6_binding_permissive	Motif		PQEENE	319	325	1	6					
sequence	other	20261003_47e0cc28	NP_001341860.1	_		traf2_binding_strict	Motif		PTEKS	158	163	1	5					
sequence	other	20261003_47e0cc28	NP_001341860.1	_		traf2_binding_strict	Motif		PVEES	306	311	1	5					
sequence	other	20261003_47e0cc28	NP_001341860.1	_		traf2_binding_variant	Motif		PTEKS	158	163	1	5					
sequence	other	20261003_47e0cc28	NP_001341860.1	_		traf2_binding_variant	Motif		PYENA	180	185	1	5					
sequence	other	20261003_47e0cc28	NP_001341860.1	_		traf2_binding_variant	Motif		PVEES	306	311	1	5					
sequence	other	20261003_47e0cc28	NP_001341860.1	_		traf2_binding_permissive	Motif		PTEKSD	158	164	1	6					
sequence	other	20261003_47e0cc28	NP_001341860.1	_		traf2_binding_permissive	Motif		PYENA	180	185	1	5					
sequence	other	20261003_47e0cc28	NP_001341860.1	_		traf2_binding_permissive	Motif		PREIIS	210	216	1	6					
sequence	other	20261003_47e0cc28	NP_001341860.1	_		traf2_binding_permissive	Motif		PVEES	306	311	1	5					
sequence	other	20261003_47e0cc28	NP_001341860.1	_		traf2_binding_permissive	Motif		PQEENE	319	325	1	6					
sequence	other	20261003_47e0cc28	NP_001341860.1	_		traf2_binding_permissive	Motif		PRQNVA	352	358	1	6					
sequence	other	20261003_47e0cc28	NP_001341860.1	_		traf2_binding_permissive	Motif		PETNYLG	459	466	1	7					
sequence	other	20261003_47e0cc28	NP_001341860.1	_		traf2_binding_permissive	Motif		PIRENLG	542	549	1	7					
sequence	other	20261003_47e0cc28	NP_001341861.1	_		traf6_binding_strict	Motif		PTEKSD	41	47	1	6					
sequence	other	20261003_47e0cc28	NP_001341861.1	_		traf6_binding_strict	Motif		PVEESW	189	195	1	6					
sequence	other	20261003_47e0cc28	NP_001341861.1	_		traf6_binding_strict	Motif		PQEENE	202	208	1	6					
sequence	other	20261003_47e0cc28	NP_001341861.1	_		traf6_binding_permissive	Motif		PTEKSD	41	47	1	6					
sequence	other	20261003_47e0cc28	NP_001341861.1	_		traf6_binding_permissive	Motif		PYENAI	63	69	1	6					
sequence	other	20261003_47e0cc28	NP_001341861.1	_		traf6_binding_permissive	Motif		PVEESW	189	195	1	6					
sequence	other	20261003_47e0cc28	NP_001341861.1	_		traf6_binding_permissive	Motif		PQEENE	202	208	1	6					
sequence	other	20261003_47e0cc28	NP_001341861.1	_		traf2_binding_strict	Motif		PTEKS	41	46	1	5					
sequence	other	20261003_47e0cc28	NP_001341861.1	_		traf2_binding_strict	Motif		PVEES	189	194	1	5					
sequence	other	20261003_47e0cc28	NP_001341861.1	_		traf2_binding_variant	Motif		PTEKS	41	46	1	5					
sequence	other	20261003_47e0cc28	NP_001341861.1	_		traf2_binding_variant	Motif		PYENA	63	68	1	5					
sequence	other	20261003_47e0cc28	NP_001341861.1	_		traf2_binding_variant	Motif		PVEES	189	194	1	5					
sequence	other	20261003_47e0cc28	NP_001341861.1	_		traf2_binding_permissive	Motif		PTEKSD	41	47	1	6					
sequence	other	20261003_47e0cc28	NP_001341861.1	_		traf2_binding_permissive	Motif		PYENA	63	68	1	5					
sequence	other	20261003_47e0cc28	NP_001341861.1	_		traf2_binding_permissive	Motif		PREIIS	93	99	1	6					
sequence	other	20261003_47e0cc28	NP_001341861.1	_		traf2_binding_permissive	Motif		PVEES	189	194	1	5					
sequence	other	20261003_47e0cc28	NP_001341861.1	_		traf2_binding_permissive	Motif		PQEENE	202	208	1	6					
sequence	other	20261003_47e0cc28	NP_001341861.1	_		traf2_binding_permissive	Motif		PRQNVA	235	241	1	6					
sequence	other	20261003_47e0cc28	NP_001341861.1	_		traf2_binding_permissive	Motif		PETNYLG	342	349	1	7					
sequence	other	20261003_47e0cc28	NP_001341861.1	_		traf2_binding_permissive	Motif		PIRENLG	425	432	1	7					
sequence	other	20261003_47e0cc28	NP_001341862.1	_		traf6_binding_strict	Motif		PTEKSD	41	47	1	6					
sequence	other	20261003_47e0cc28	NP_001341862.1	_		traf6_binding_strict	Motif		PVEESW	189	195	1	6					
sequence	other	20261003_47e0cc28	NP_001341862.1	_		traf6_binding_strict	Motif		PQEENE	202	208	1	6					
sequence	other	20261003_47e0cc28	NP_001341862.1	_		traf6_binding_permissive	Motif		PTEKSD	41	47	1	6					
sequence	other	20261003_47e0cc28	NP_001341862.1	_		traf6_binding_permissive	Motif		PYENAI	63	69	1	6					
sequence	other	20261003_47e0cc28	NP_001341862.1	_		traf6_binding_permissive	Motif		PVEESW	189	195	1	6					
sequence	other	20261003_47e0cc28	NP_001341862.1	_		traf6_binding_permissive	Motif		PQEENE	202	208	1	6					
sequence	other	20261003_47e0cc28	NP_001341862.1	_		traf2_binding_strict	Motif		PTEKS	41	46	1	5					
sequence	other	20261003_47e0cc28	NP_001341862.1	_		traf2_binding_strict	Motif		PVEES	189	194	1	5					
sequence	other	20261003_47e0cc28	NP_001341862.1	_		traf2_binding_variant	Motif		PTEKS	41	46	1	5					
sequence	other	20261003_47e0cc28	NP_001341862.1	_		traf2_binding_variant	Motif		PYENA	63	68	1	5					
sequence	other	20261003_47e0cc28	NP_001341862.1	_		traf2_binding_variant	Motif		PVEES	189	194	1	5					
sequence	other	20261003_47e0cc28	NP_001341862.1	_		traf2_binding_permissive	Motif		PTEKSD	41	47	1	6					
sequence	other	20261003_47e0cc28	NP_001341862.1	_		traf2_binding_permissive	Motif		PYENA	63	68	1	5					
sequence	other	20261003_47e0cc28	NP_001341862.1	_		traf2_binding_permissive	Motif		PREIIS	93	99	1	6					
sequence	other	20261003_47e0cc28	NP_001341862.1	_		traf2_binding_permissive	Motif		PVEES	189	194	1	5					
sequence	other	20261003_47e0cc28	NP_001341862.1	_		traf2_binding_permissive	Motif		PQEENE	202	208	1	6					
sequence	other	20261003_47e0cc28	NP_001341862.1	_		traf2_binding_permissive	Motif		PRQNVA	235	241	1	6					
sequence	other	20261003_47e0cc28	NP_001341862.1	_		traf2_binding_permissive	Motif		PETNYLG	342	349	1	7					
sequence	other	20261003_47e0cc28	NP_001341862.1	_		traf2_binding_permissive	Motif		PIRENLG	425	432	1	7					
sequence	other	20261003_47e0cc28	NP_001341863.1	_		traf6_binding_strict	Motif		PTEKSD	41	47	1	6					
sequence	other	20261003_47e0cc28	NP_001341863.1	_		traf6_binding_strict	Motif		PVEESW	189	195	1	6					
sequence	other	20261003_47e0cc28	NP_001341863.1	_		traf6_binding_strict	Motif		PQEENE	202	208	1	6					
sequence	other	20261003_47e0cc28	NP_001341863.1	_		traf6_binding_permissive	Motif		PTEKSD	41	47	1	6					
sequence	other	20261003_47e0cc28	NP_001341863.1	_		traf6_binding_permissive	Motif		PYENAI	63	69	1	6					
sequence	other	20261003_47e0cc28	NP_001341863.1	_		traf6_binding_permissive	Motif		PVEESW	189	195	1	6					
sequence	other	20261003_47e0cc28	NP_001341863.1	_		traf6_binding_permissive	Motif		PQEENE	202	208	1	6					
sequence	other	20261003_47e0cc28	NP_001341863.1	_		traf2_binding_strict	Motif		PTEKS	41	46	1	5					
sequence	other	20261003_47e0cc28	NP_001341863.1	_		traf2_binding_strict	Motif		PVEES	189	194	1	5					
sequence	other	20261003_47e0cc28	NP_001341863.1	_		traf2_binding_variant	Motif		PTEKS	41	46	1	5					
sequence	other	20261003_47e0cc28	NP_001341863.1	_		traf2_binding_variant	Motif		PYENA	63	68	1	5					
sequence	other	20261003_47e0cc28	NP_001341863.1	_		traf2_binding_variant	Motif		PVEES	189	194	1	5					
sequence	other	20261003_47e0cc28	NP_001341863.1	_		traf2_binding_permissive	Motif		PTEKSD	41	47	1	6					
sequence	other	20261003_47e0cc28	NP_001341863.1	_		traf2_binding_permissive	Motif		PYENA	63	68	1	5					
sequence	other	20261003_47e0cc28	NP_001341863.1	_		traf2_binding_permissive	Motif		PREIIS	93	99	1	6					
sequence	other	20261003_47e0cc28	NP_001341863.1	_		traf2_binding_permissive	Motif		PVEES	189	194	1	5					
sequence	other	20261003_47e0cc28	NP_001341863.1	_		traf2_binding_permissive	Motif		PQEENE	202	208	1	6					
sequence	other	20261003_47e0cc28	NP_001341863.1	_		traf2_binding_permissive	Motif		PRQNVA	235	241	1	6					
sequence	other	20261003_47e0cc28	NP_001341863.1	_		traf2_binding_permissive	Motif		PETNYLG	342	349	1	7					
sequence	other	20261003_47e0cc28	NP_001341863.1	_		traf2_binding_permissive	Motif		PIRENLG	425	432	1	7					
sequence	other	20261003_47e0cc28	NP_001397630.1	_		traf6_binding_strict	Motif		PVESDE	580	586	1	6					
sequence	other	20261003_47e0cc28	NP_001397630.1	_		traf6_binding_strict	Motif		PEESDE	699	705	1	6					
sequence	other	20261003_47e0cc28	NP_001397630.1	_		traf6_binding_permissive	Motif		PEEYIK	417	423	1	6					
sequence	other	20261003_47e0cc28	NP_001397630.1	_		traf6_binding_permissive	Motif		PPELGL	511	517	1	6					
sequence	other	20261003_47e0cc28	NP_001397630.1	_		traf6_binding_permissive	Motif		PNQPVE	577	583	1	6					
sequence	other	20261003_47e0cc28	NP_001397630.1	_		traf6_binding_permissive	Motif		PPQIII	652	658	1	6					
sequence	other	20261003_47e0cc28	NP_001397630.1	_		traf6_binding_permissive	Motif		PEESDE	699	705	1	6					
sequence	other	20261003_47e0cc28	NP_001397630.1	_		traf2_binding_strict	Motif		PSQSS	397	402	1	5					
sequence	other	20261003_47e0cc28	NP_001397630.1	_		traf2_binding_variant	Motif		PGEPA	6	11	1	5					
sequence	other	20261003_47e0cc28	NP_001397630.1	_		traf2_binding_variant	Motif		PAEAE	149	154	1	5					
sequence	other	20261003_47e0cc28	NP_001397630.1	_		traf2_binding_variant	Motif		PSQSS	397	402	1	5					
sequence	other	20261003_47e0cc28	NP_001397630.1	_		traf2_binding_variant	Motif		PPELG	511	516	1	5					
sequence	other	20261003_47e0cc28	NP_001397630.1	_		traf2_binding_variant	Motif		PVESD	580	585	1	5					
sequence	other	20261003_47e0cc28	NP_001397630.1	_		traf2_binding_variant	Motif		PEESD	699	704	1	5					
sequence	other	20261003_47e0cc28	NP_001397630.1	_		traf2_binding_permissive	Motif		PGEPAA	6	12	1	6					
sequence	other	20261003_47e0cc28	NP_001397630.1	_		traf2_binding_permissive	Motif		PWINRNA	97	104	1	7					
sequence	other	20261003_47e0cc28	NP_001397630.1	_		traf2_binding_permissive	Motif		PAEAEA	149	155	1	6					
sequence	other	20261003_47e0cc28	NP_001397630.1	_		traf2_binding_permissive	Motif		PGSQTHS	173	180	1	7					
sequence	other	20261003_47e0cc28	NP_001397630.1	_		traf2_binding_permissive	Motif		PGPESS	206	212	1	6					
sequence	other	20261003_47e0cc28	NP_001397630.1	_		traf2_binding_permissive	Motif		PLCEIS	226	232	1	6					
sequence	other	20261003_47e0cc28	NP_001397630.1	_		traf2_binding_permissive	Motif		PSQSS	397	402	1	5					
sequence	other	20261003_47e0cc28	NP_001397630.1	_		traf2_binding_permissive	Motif		PPELG	511	516	1	5					
sequence	other	20261003_47e0cc28	NP_001397630.1	_		traf2_binding_permissive	Motif		PMTQENS	535	542	1	7					
sequence	other	20261003_47e0cc28	NP_001397630.1	_		traf2_binding_permissive	Motif		PWQPLA	555	561	1	6					
sequence	other	20261003_47e0cc28	NP_001397630.1	_		traf2_binding_permissive	Motif		PNQPVE	577	583	1	6					
sequence	other	20261003_47e0cc28	NP_001397630.1	_		traf2_binding_permissive	Motif		PLREAG	609	615	1	6					
sequence	other	20261003_47e0cc28	NP_001397630.1	_		traf2_binding_permissive	Motif		PEESDE	699	705	1	6					
sequence	other	20261003_47e0cc28	NP_001560.2	_		traf6_binding_strict	Motif		PQENSY	541	547	1	6					
sequence	other	20261003_47e0cc28	NP_001560.2	_		traf6_binding_strict	Motif		PVESDE	584	590	1	6					
sequence	other	20261003_47e0cc28	NP_001560.2	_		traf6_binding_strict	Motif		PEESDE	703	709	1	6					
sequence	other	20261003_47e0cc28	NP_001560.2	_		traf6_binding_permissive	Motif		PEEYIK	391	397	1	6					
sequence	other	20261003_47e0cc28	NP_001560.2	_		traf6_binding_permissive	Motif		PPELGL	485	491	1	6					
sequence	other	20261003_47e0cc28	NP_001560.2	_		traf6_binding_permissive	Motif		PQENSY	541	547	1	6					
sequence	other	20261003_47e0cc28	NP_001560.2	_		traf6_binding_permissive	Motif		PNQPVE	581	587	1	6					
sequence	other	20261003_47e0cc28	NP_001560.2	_		traf6_binding_permissive	Motif		PPQIII	656	662	1	6					
sequence	other	20261003_47e0cc28	NP_001560.2	_		traf6_binding_permissive	Motif		PEESDE	703	709	1	6					
sequence	other	20261003_47e0cc28	NP_001560.2	_		traf2_binding_strict	Motif		PSQSS	371	376	1	5					
sequence	other	20261003_47e0cc28	NP_001560.2	_		traf2_binding_strict	Motif		PQENS	541	546	1	5					
sequence	other	20261003_47e0cc28	NP_001560.2	_		traf2_binding_variant	Motif		PGEPA	6	11	1	5					
sequence	other	20261003_47e0cc28	NP_001560.2	_		traf2_binding_variant	Motif		PAEAE	123	128	1	5					
sequence	other	20261003_47e0cc28	NP_001560.2	_		traf2_binding_variant	Motif		PSQSS	371	376	1	5					
sequence	other	20261003_47e0cc28	NP_001560.2	_		traf2_binding_variant	Motif		PPELG	485	490	1	5					
sequence	other	20261003_47e0cc28	NP_001560.2	_		traf2_binding_variant	Motif		PQENS	541	546	1	5					
sequence	other	20261003_47e0cc28	NP_001560.2	_		traf2_binding_variant	Motif		PVESD	584	589	1	5					
sequence	other	20261003_47e0cc28	NP_001560.2	_		traf2_binding_variant	Motif		PEESD	703	708	1	5					
sequence	other	20261003_47e0cc28	NP_001560.2	_		traf2_binding_permissive	Motif		PGEPAA	6	12	1	6					
sequence	other	20261003_47e0cc28	NP_001560.2	_		traf2_binding_permissive	Motif		PWINRNA	71	78	1	7					
sequence	other	20261003_47e0cc28	NP_001560.2	_		traf2_binding_permissive	Motif		PAEAEA	123	129	1	6					
sequence	other	20261003_47e0cc28	NP_001560.2	_		traf2_binding_permissive	Motif		PGSQTHS	147	154	1	7					
sequence	other	20261003_47e0cc28	NP_001560.2	_		traf2_binding_permissive	Motif		PGPESS	180	186	1	6					
sequence	other	20261003_47e0cc28	NP_001560.2	_		traf2_binding_permissive	Motif		PLCEIS	200	206	1	6					
sequence	other	20261003_47e0cc28	NP_001560.2	_		traf2_binding_permissive	Motif		PSQSS	371	376	1	5					
sequence	other	20261003_47e0cc28	NP_001560.2	_		traf2_binding_permissive	Motif		PPELG	485	490	1	5					
sequence	other	20261003_47e0cc28	NP_001560.2	_		traf2_binding_permissive	Motif		PMTQVYE	509	516	1	7					
sequence	other	20261003_47e0cc28	NP_001560.2	_		traf2_binding_permissive	Motif		PSPQENS	539	546	1	7					
sequence	other	20261003_47e0cc28	NP_001560.2	_		traf2_binding_permissive	Motif		PWQPLA	559	565	1	6					
sequence	other	20261003_47e0cc28	NP_001560.2	_		traf2_binding_permissive	Motif		PNQPVE	581	587	1	6					
sequence	other	20261003_47e0cc28	NP_001560.2	_		traf2_binding_permissive	Motif		PLREAG	613	619	1	6					
sequence	other	20261003_47e0cc28	NP_001560.2	_		traf2_binding_permissive	Motif		PEESDE	703	709	1	6					
sequence	other	20261003_47e0cc28	NP_001561.3	_		traf6_binding_strict	Motif		PEETDD	525	531	1	6					
sequence	other	20261003_47e0cc28	NP_001561.3	_		traf6_binding_strict	Motif		PTENGE	556	562	1	6					
sequence	other	20261003_47e0cc28	NP_001561.3	_		traf6_binding_permissive	Motif		PKQEKL	182	188	1	6					
sequence	other	20261003_47e0cc28	NP_001561.3	_		traf6_binding_permissive	Motif		PEETDD	525	531	1	6					
sequence	other	20261003_47e0cc28	NP_001561.3	_		traf6_binding_permissive	Motif		PTENGE	556	562	1	6					
sequence	other	20261003_47e0cc28	NP_001561.3	_		traf2_binding_variant	Motif		PPEED	155	160	1	5					
sequence	other	20261003_47e0cc28	NP_001561.3	_		traf2_binding_variant	Motif		PEETD	525	530	1	5					
sequence	other	20261003_47e0cc28	NP_001561.3	_		traf2_binding_variant	Motif		PTENG	556	561	1	5					
sequence	other	20261003_47e0cc28	NP_001561.3	_		traf2_binding_permissive	Motif		PPEEDA	155	161	1	6					
sequence	other	20261003_47e0cc28	NP_001561.3	_		traf2_binding_permissive	Motif		PWPQRVS	307	314	1	7					
sequence	other	20261003_47e0cc28	NP_001561.3	_		traf2_binding_permissive	Motif		PVNKRS	359	365	1	6					
sequence	other	20261003_47e0cc28	NP_001561.3	_		traf2_binding_permissive	Motif		PEETDD	525	531	1	6					
sequence	other	20261003_47e0cc28	NP_001561.3	_		traf2_binding_permissive	Motif		PTENGEG	556	563	1	7					
sequence	other	20261003_47e0cc28	NP_001561.3	_		traf2_binding_permissive	Motif		PPQDVT	584	590	1	6					
sequence	other	20261003_47e0cc28	NP_003795.2	_		traf6_binding_strict	Motif		PTEKSD	204	210	1	6					
sequence	other	20261003_47e0cc28	NP_003795.2	_		traf6_binding_strict	Motif		PVEESW	352	358	1	6					
sequence	other	20261003_47e0cc28	NP_003795.2	_		traf6_binding_strict	Motif		PQEENE	365	371	1	6					
sequence	other	20261003_47e0cc28	NP_003795.2	_		traf6_binding_permissive	Motif		PTEKSD	204	210	1	6					
sequence	other	20261003_47e0cc28	NP_003795.2	_		traf6_binding_permissive	Motif		PYENAI	226	232	1	6					
sequence	other	20261003_47e0cc28	NP_003795.2	_		traf6_binding_permissive	Motif		PVEESW	352	358	1	6					
sequence	other	20261003_47e0cc28	NP_003795.2	_		traf6_binding_permissive	Motif		PQEENE	365	371	1	6					
sequence	other	20261003_47e0cc28	NP_003795.2	_		traf2_binding_strict	Motif		PTEKS	204	209	1	5					
sequence	other	20261003_47e0cc28	NP_003795.2	_		traf2_binding_strict	Motif		PVEES	352	357	1	5					
sequence	other	20261003_47e0cc28	NP_003795.2	_		traf2_binding_variant	Motif		PTEKS	204	209	1	5					
sequence	other	20261003_47e0cc28	NP_003795.2	_		traf2_binding_variant	Motif		PYENA	226	231	1	5					
sequence	other	20261003_47e0cc28	NP_003795.2	_		traf2_binding_variant	Motif		PVEES	352	357	1	5					
sequence	other	20261003_47e0cc28	NP_003795.2	_		traf2_binding_permissive	Motif		PTEKSD	204	210	1	6					
sequence	other	20261003_47e0cc28	NP_003795.2	_		traf2_binding_permissive	Motif		PYENA	226	231	1	5					
sequence	other	20261003_47e0cc28	NP_003795.2	_		traf2_binding_permissive	Motif		PREIIS	256	262	1	6					
sequence	other	20261003_47e0cc28	NP_003795.2	_		traf2_binding_permissive	Motif		PVEES	352	357	1	5					
sequence	other	20261003_47e0cc28	NP_003795.2	_		traf2_binding_permissive	Motif		PQEENE	365	371	1	6					
sequence	other	20261003_47e0cc28	NP_003795.2	_		traf2_binding_permissive	Motif		PRQNVA	398	404	1	6					
sequence	other	20261003_47e0cc28	NP_003795.2	_		traf2_binding_permissive	Motif		PETNYLG	505	512	1	7					
sequence	other	20261003_47e0cc28	NP_003795.2	_		traf2_binding_permissive	Motif		PIRENLG	588	595	1	7					
sequence	other	20261003_47e0cc28	NP_004929.2	_		traf6_binding_permissive	Motif		PYEIQL	844	850	1	6					
sequence	other	20261003_47e0cc28	NP_004929.2	_		traf6_binding_permissive	Motif		PVEEPI	864	870	1	6					
sequence	other	20261003_47e0cc28	NP_004929.2	_		traf6_binding_permissive	Motif		PLQVVL	878	884	1	6					
sequence	other	20261003_47e0cc28	NP_004929.2	_		traf6_binding_permissive	Motif		PQQLRE	1238	1244	1	6					
sequence	other	20261003_47e0cc28	NP_004929.2	_		traf2_binding_permissive	Motif		PNIQDKE	470	477	1	7					
sequence	other	20261003_47e0cc28	NP_004929.2	_		traf2_binding_permissive	Motif		PGCENVS	750	757	1	7					
sequence	other	20261003_47e0cc28	NP_004929.2	_		traf2_binding_permissive	Motif		PVEEPIA	864	871	1	7					
sequence	other	20261003_47e0cc28	NP_004929.2	_		traf2_binding_permissive	Motif		PNQLMS	981	987	1	6					
sequence	other	20261003_47e0cc28	NP_004929.2	_		traf2_binding_permissive	Motif		PVEHLT	1132	1138	1	6					
sequence	other	20261003_47e0cc28	NP_004929.2	_		traf2_binding_permissive	Motif		PQQLRE	1238	1244	1	6					
sequence	other	20261003_47e0cc28	NP_009130.2	_		traf6_binding_strict	Motif		PSEKSY	110	116	1	6					
sequence	other	20261003_47e0cc28	NP_009130.2	_		traf6_binding_strict	Motif		PVEDDE	477	483	1	6					
sequence	other	20261003_47e0cc28	NP_009130.2	_		traf6_binding_permissive	Motif		PSEKSY	110	116	1	6					
sequence	other	20261003_47e0cc28	NP_009130.2	_		traf6_binding_permissive	Motif		PEEYIR	341	347	1	6					
sequence	other	20261003_47e0cc28	NP_009130.2	_		traf6_binding_permissive	Motif		PVEDDE	477	483	1	6					
sequence	other	20261003_47e0cc28	NP_009130.2	_		traf6_binding_permissive	Motif		PSQDLR	549	555	1	6					
sequence	other	20261003_47e0cc28	NP_009130.2	_		traf2_binding_strict	Motif		PSEKS	110	115	1	5					
sequence	other	20261003_47e0cc28	NP_009130.2	_		traf2_binding_strict	Motif		PFECS	505	510	1	5					
sequence	other	20261003_47e0cc28	NP_009130.2	_		traf2_binding_strict	Motif		PVESS	575	580	1	5					
sequence	other	20261003_47e0cc28	NP_009130.2	_		traf2_binding_variant	Motif		PSEKS	110	115	1	5					
sequence	other	20261003_47e0cc28	NP_009130.2	_		traf2_binding_variant	Motif		PRNFS	410	415	1	5					
sequence	other	20261003_47e0cc28	NP_009130.2	_		traf2_binding_variant	Motif		PVEDD	477	482	1	5					
sequence	other	20261003_47e0cc28	NP_009130.2	_		traf2_binding_variant	Motif		PFECS	505	510	1	5					
sequence	other	20261003_47e0cc28	NP_009130.2	_		traf2_binding_variant	Motif		PVESS	575	580	1	5					
sequence	other	20261003_47e0cc28	NP_009130.2	_		traf2_binding_permissive	Motif		PSEKS	110	115	1	5					
sequence	other	20261003_47e0cc28	NP_009130.2	_		traf2_binding_permissive	Motif		PEHNEKG	139	146	1	7					
sequence	other	20261003_47e0cc28	NP_009130.2	_		traf2_binding_permissive	Motif		PRNFSA	410	416	1	6					
sequence	other	20261003_47e0cc28	NP_009130.2	_		traf2_binding_permissive	Motif		PVEDDE	477	483	1	6					
sequence	other	20261003_47e0cc28	NP_009130.2	_		traf2_binding_permissive	Motif		PFECS	505	510	1	5					
sequence	other	20261003_47e0cc28	NP_009130.2	_		traf2_binding_permissive	Motif		PSSEAPG	562	569	1	7					
sequence	other	20261003_47e0cc28	NP_009130.2	_		traf2_binding_permissive	Motif		PVESS	575	580	1	5					
sequence	other	20261003_47e0cc28	XP_016866892.1	_		traf6_binding_strict	Motif		PTEKSD	41	47	1	6					
sequence	other	20261003_47e0cc28	XP_016866892.1	_		traf6_binding_strict	Motif		PVEESW	189	195	1	6					
sequence	other	20261003_47e0cc28	XP_016866892.1	_		traf6_binding_strict	Motif		PQEENE	202	208	1	6					
sequence	other	20261003_47e0cc28	XP_016866892.1	_		traf6_binding_permissive	Motif		PTEKSD	41	47	1	6					
sequence	other	20261003_47e0cc28	XP_016866892.1	_		traf6_binding_permissive	Motif		PYENAI	63	69	1	6					
sequence	other	20261003_47e0cc28	XP_016866892.1	_		traf6_binding_permissive	Motif		PVEESW	189	195	1	6					
sequence	other	20261003_47e0cc28	XP_016866892.1	_		traf6_binding_permissive	Motif		PQEENE	202	208	1	6					
sequence	other	20261003_47e0cc28	XP_016866892.1	_		traf2_binding_strict	Motif		PTEKS	41	46	1	5					
sequence	other	20261003_47e0cc28	XP_016866892.1	_		traf2_binding_strict	Motif		PVEES	189	194	1	5					
sequence	other	20261003_47e0cc28	XP_016866892.1	_		traf2_binding_variant	Motif		PTEKS	41	46	1	5					
sequence	other	20261003_47e0cc28	XP_016866892.1	_		traf2_binding_variant	Motif		PYENA	63	68	1	5					
sequence	other	20261003_47e0cc28	XP_016866892.1	_		traf2_binding_variant	Motif		PVEES	189	194	1	5					
sequence	other	20261003_47e0cc28	XP_016866892.1	_		traf2_binding_permissive	Motif		PTEKSD	41	47	1	6					
sequence	other	20261003_47e0cc28	XP_016866892.1	_		traf2_binding_permissive	Motif		PYENA	63	68	1	5					
sequence	other	20261003_47e0cc28	XP_016866892.1	_		traf2_binding_permissive	Motif		PREIIS	93	99	1	6					
sequence	other	20261003_47e0cc28	XP_016866892.1	_		traf2_binding_permissive	Motif		PVEES	189	194	1	5					
sequence	other	20261003_47e0cc28	XP_016866892.1	_		traf2_binding_permissive	Motif		PQEENE	202	208	1	6					
sequence	other	20261003_47e0cc28	XP_016866892.1	_		traf2_binding_permissive	Motif		PRQNVA	235	241	1	6					
sequence	other	20261003_47e0cc28	XP_016866892.1	_		traf2_binding_permissive	Motif		PETNYLG	342	349	1	7					
sequence	other	20261003_47e0cc28	XP_016866892.1	_		traf2_binding_permissive	Motif		PIRENLG	425	432	1	7					
sequence	other	20261003_47e0cc28	XP_047275401.1	_		traf6_binding_strict	Motif		PTEKSD	245	251	1	6					
sequence	other	20261003_47e0cc28	XP_047275401.1	_		traf6_binding_strict	Motif		PVEESW	393	399	1	6					
sequence	other	20261003_47e0cc28	XP_047275401.1	_		traf6_binding_strict	Motif		PQEENE	406	412	1	6					
sequence	other	20261003_47e0cc28	XP_047275401.1	_		traf6_binding_permissive	Motif		PTEKSD	245	251	1	6					
sequence	other	20261003_47e0cc28	XP_047275401.1	_		traf6_binding_permissive	Motif		PYENAI	267	273	1	6					
sequence	other	20261003_47e0cc28	XP_047275401.1	_		traf6_binding_permissive	Motif		PVEESW	393	399	1	6					
sequence	other	20261003_47e0cc28	XP_047275401.1	_		traf6_binding_permissive	Motif		PQEENE	406	412	1	6					
sequence	other	20261003_47e0cc28	XP_047275401.1	_		traf2_binding_strict	Motif		PTEKS	245	250	1	5					
sequence	other	20261003_47e0cc28	XP_047275401.1	_		traf2_binding_strict	Motif		PVEES	393	398	1	5					
sequence	other	20261003_47e0cc28	XP_047275401.1	_		traf2_binding_variant	Motif		PTEKS	245	250	1	5					
sequence	other	20261003_47e0cc28	XP_047275401.1	_		traf2_binding_variant	Motif		PYENA	267	272	1	5					
sequence	other	20261003_47e0cc28	XP_047275401.1	_		traf2_binding_variant	Motif		PVEES	393	398	1	5					
sequence	other	20261003_47e0cc28	XP_047275401.1	_		traf2_binding_permissive	Motif		PTEKSD	245	251	1	6					
sequence	other	20261003_47e0cc28	XP_047275401.1	_		traf2_binding_permissive	Motif		PYENA	267	272	1	5					
sequence	other	20261003_47e0cc28	XP_047275401.1	_		traf2_binding_permissive	Motif		PREIIS	297	303	1	6					
sequence	other	20261003_47e0cc28	XP_047275401.1	_		traf2_binding_permissive	Motif		PVEES	393	398	1	5					
sequence	other	20261003_47e0cc28	XP_047275401.1	_		traf2_binding_permissive	Motif		PQEENE	406	412	1	6					
sequence	other	20261003_47e0cc28	XP_047275401.1	_		traf2_binding_permissive	Motif		PRQNVA	439	445	1	6					
sequence	other	20261003_47e0cc28	XP_047275401.1	_		traf2_binding_permissive	Motif		PETNYLG	546	553	1	7					
sequence	other	20261003_47e0cc28	XP_047275401.1	_		traf2_binding_permissive	Motif		PIRENLG	629	636	1	7					
sequence	other	20261003_47e0cc28	XP_047275402.1	_		traf6_binding_strict	Motif		PTEKSD	245	251	1	6					
sequence	other	20261003_47e0cc28	XP_047275402.1	_		traf6_binding_strict	Motif		PVEESW	393	399	1	6					
sequence	other	20261003_47e0cc28	XP_047275402.1	_		traf6_binding_strict	Motif		PQEENE	406	412	1	6					
sequence	other	20261003_47e0cc28	XP_047275402.1	_		traf6_binding_permissive	Motif		PTEKSD	245	251	1	6					
sequence	other	20261003_47e0cc28	XP_047275402.1	_		traf6_binding_permissive	Motif		PYENAI	267	273	1	6					
sequence	other	20261003_47e0cc28	XP_047275402.1	_		traf6_binding_permissive	Motif		PVEESW	393	399	1	6					
sequence	other	20261003_47e0cc28	XP_047275402.1	_		traf6_binding_permissive	Motif		PQEENE	406	412	1	6					
sequence	other	20261003_47e0cc28	XP_047275402.1	_		traf2_binding_strict	Motif		PTEKS	245	250	1	5					
sequence	other	20261003_47e0cc28	XP_047275402.1	_		traf2_binding_strict	Motif		PVEES	393	398	1	5					
sequence	other	20261003_47e0cc28	XP_047275402.1	_		traf2_binding_variant	Motif		PTEKS	245	250	1	5					
sequence	other	20261003_47e0cc28	XP_047275402.1	_		traf2_binding_variant	Motif		PYENA	267	272	1	5					
sequence	other	20261003_47e0cc28	XP_047275402.1	_		traf2_binding_variant	Motif		PVEES	393	398	1	5					
sequence	other	20261003_47e0cc28	XP_047275402.1	_		traf2_binding_permissive	Motif		PTEKSD	245	251	1	6					
sequence	other	20261003_47e0cc28	XP_047275402.1	_		traf2_binding_permissive	Motif		PYENA	267	272	1	5					
sequence	other	20261003_47e0cc28	XP_047275402.1	_		traf2_binding_permissive	Motif		PREIIS	297	303	1	6					
sequence	other	20261003_47e0cc28	XP_047275402.1	_		traf2_binding_permissive	Motif		PVEES	393	398	1	5					
sequence	other	20261003_47e0cc28	XP_047275402.1	_		traf2_binding_permissive	Motif		PQEENE	406	412	1	6					
sequence	other	20261003_47e0cc28	XP_047275402.1	_		traf2_binding_permissive	Motif		PRQNVA	439	445	1	6					
sequence	other	20261003_47e0cc28	XP_047275402.1	_		traf2_binding_permissive	Motif		PETNYLG	546	553	1	7					
sequence	other	20261003_47e0cc28	XP_047275402.1	_		traf2_binding_permissive	Motif		PIRENLG	629	636	1	7					
sequence	other	20261003_47e0cc28	XP_047275403.1	_		traf6_binding_strict	Motif		PTEKSD	204	210	1	6					
sequence	other	20261003_47e0cc28	XP_047275403.1	_		traf6_binding_strict	Motif		PVEESW	352	358	1	6					
sequence	other	20261003_47e0cc28	XP_047275403.1	_		traf6_binding_strict	Motif		PQEENE	365	371	1	6					
sequence	other	20261003_47e0cc28	XP_047275403.1	_		traf6_binding_permissive	Motif		PTEKSD	204	210	1	6					
sequence	other	20261003_47e0cc28	XP_047275403.1	_		traf6_binding_permissive	Motif		PYENAI	226	232	1	6					
sequence	other	20261003_47e0cc28	XP_047275403.1	_		traf6_binding_permissive	Motif		PVEESW	352	358	1	6					
sequence	other	20261003_47e0cc28	XP_047275403.1	_		traf6_binding_permissive	Motif		PQEENE	365	371	1	6					
sequence	other	20261003_47e0cc28	XP_047275403.1	_		traf2_binding_strict	Motif		PTEKS	204	209	1	5					
sequence	other	20261003_47e0cc28	XP_047275403.1	_		traf2_binding_strict	Motif		PVEES	352	357	1	5					
sequence	other	20261003_47e0cc28	XP_047275403.1	_		traf2_binding_variant	Motif		PTEKS	204	209	1	5					
sequence	other	20261003_47e0cc28	XP_047275403.1	_		traf2_binding_variant	Motif		PYENA	226	231	1	5					
sequence	other	20261003_47e0cc28	XP_047275403.1	_		traf2_binding_variant	Motif		PVEES	352	357	1	5					
sequence	other	20261003_47e0cc28	XP_047275403.1	_		traf2_binding_permissive	Motif		PTEKSD	204	210	1	6					
sequence	other	20261003_47e0cc28	XP_047275403.1	_		traf2_binding_permissive	Motif		PYENA	226	231	1	5					
sequence	other	20261003_47e0cc28	XP_047275403.1	_		traf2_binding_permissive	Motif		PREIIS	256	262	1	6					
sequence	other	20261003_47e0cc28	XP_047275403.1	_		traf2_binding_permissive	Motif		PVEES	352	357	1	5					
sequence	other	20261003_47e0cc28	XP_047275403.1	_		traf2_binding_permissive	Motif		PQEENE	365	371	1	6					
sequence	other	20261003_47e0cc28	XP_047275403.1	_		traf2_binding_permissive	Motif		PRQNVA	398	404	1	6					
sequence	other	20261003_47e0cc28	XP_047275403.1	_		traf2_binding_permissive	Motif		PETNYLG	505	512	1	7					
sequence	other	20261003_47e0cc28	XP_047275403.1	_		traf2_binding_permissive	Motif		PIRENLG	588	595	1	7					
sequence	other	20261003_47e0cc28	XP_047275404.1	_		traf6_binding_strict	Motif		PTEKSD	204	210	1	6					
sequence	other	20261003_47e0cc28	XP_047275404.1	_		traf6_binding_strict	Motif		PVEESW	352	358	1	6					
sequence	other	20261003_47e0cc28	XP_047275404.1	_		traf6_binding_strict	Motif		PQEENE	365	371	1	6					
sequence	other	20261003_47e0cc28	XP_047275404.1	_		traf6_binding_permissive	Motif		PTEKSD	204	210	1	6					
sequence	other	20261003_47e0cc28	XP_047275404.1	_		traf6_binding_permissive	Motif		PYENAI	226	232	1	6					
sequence	other	20261003_47e0cc28	XP_047275404.1	_		traf6_binding_permissive	Motif		PVEESW	352	358	1	6					
sequence	other	20261003_47e0cc28	XP_047275404.1	_		traf6_binding_permissive	Motif		PQEENE	365	371	1	6					
sequence	other	20261003_47e0cc28	XP_047275404.1	_		traf2_binding_strict	Motif		PTEKS	204	209	1	5					
sequence	other	20261003_47e0cc28	XP_047275404.1	_		traf2_binding_strict	Motif		PVEES	352	357	1	5					
sequence	other	20261003_47e0cc28	XP_047275404.1	_		traf2_binding_variant	Motif		PTEKS	204	209	1	5					
sequence	other	20261003_47e0cc28	XP_047275404.1	_		traf2_binding_variant	Motif		PYENA	226	231	1	5					
sequence	other	20261003_47e0cc28	XP_047275404.1	_		traf2_binding_variant	Motif		PVEES	352	357	1	5					
sequence	other	20261003_47e0cc28	XP_047275404.1	_		traf2_binding_permissive	Motif		PTEKSD	204	210	1	6					
sequence	other	20261003_47e0cc28	XP_047275404.1	_		traf2_binding_permissive	Motif		PYENA	226	231	1	5					
sequence	other	20261003_47e0cc28	XP_047275404.1	_		traf2_binding_permissive	Motif		PREIIS	256	262	1	6					
sequence	other	20261003_47e0cc28	XP_047275404.1	_		traf2_binding_permissive	Motif		PVEES	352	357	1	5					
sequence	other	20261003_47e0cc28	XP_047275404.1	_		traf2_binding_permissive	Motif		PQEENE	365	371	1	6					
sequence	other	20261003_47e0cc28	XP_047275404.1	_		traf2_binding_permissive	Motif		PRQNVA	398	404	1	6					
sequence	other	20261003_47e0cc28	XP_047275404.1	_		traf2_binding_permissive	Motif		PETNYLG	505	512	1	7					
sequence	other	20261003_47e0cc28	XP_047275404.1	_		traf2_binding_permissive	Motif		PIRENLG	588	595	1	7					
sequence	other	20261003_47e0cc28	XP_047278842.1	_		traf6_binding_permissive	Motif		PYEIQL	844	850	1	6					
sequence	other	20261003_47e0cc28	XP_047278842.1	_		traf6_binding_permissive	Motif		PVEEPI	864	870	1	6					
sequence	other	20261003_47e0cc28	XP_047278842.1	_		traf6_binding_permissive	Motif		PLQVVL	878	884	1	6					
sequence	other	20261003_47e0cc28	XP_047278842.1	_		traf6_binding_permissive	Motif		PQQLRE	1238	1244	1	6					
sequence	other	20261003_47e0cc28	XP_047278842.1	_		traf2_binding_permissive	Motif		PNIQDKE	470	477	1	7					
sequence	other	20261003_47e0cc28	XP_047278842.1	_		traf2_binding_permissive	Motif		PGCENVS	750	757	1	7					
sequence	other	20261003_47e0cc28	XP_047278842.1	_		traf2_binding_permissive	Motif		PVEEPIA	864	871	1	7					
sequence	other	20261003_47e0cc28	XP_047278842.1	_		traf2_binding_permissive	Motif		PNQLMS	981	987	1	6					
sequence	other	20261003_47e0cc28	XP_047278842.1	_		traf2_binding_permissive	Motif		PVEHLT	1132	1138	1	6					
sequence	other	20261003_47e0cc28	XP_047278842.1	_		traf2_binding_permissive	Motif		PQQLRE	1238	1244	1	6					
sequence	other	20261003_47e0cc28	XP_047278843.1	_		traf6_binding_permissive	Motif		PYEIQL	844	850	1	6					
sequence	other	20261003_47e0cc28	XP_047278843.1	_		traf6_binding_permissive	Motif		PVEEPI	864	870	1	6					
sequence	other	20261003_47e0cc28	XP_047278843.1	_		traf6_binding_permissive	Motif		PLQVVL	878	884	1	6					
sequence	other	20261003_47e0cc28	XP_047278843.1	_		traf6_binding_permissive	Motif		PQQLRE	1238	1244	1	6					
sequence	other	20261003_47e0cc28	XP_047278843.1	_		traf2_binding_permissive	Motif		PNIQDKE	470	477	1	7					
sequence	other	20261003_47e0cc28	XP_047278843.1	_		traf2_binding_permissive	Motif		PGCENVS	750	757	1	7					
sequence	other	20261003_47e0cc28	XP_047278843.1	_		traf2_binding_permissive	Motif		PVEEPIA	864	871	1	7					
sequence	other	20261003_47e0cc28	XP_047278843.1	_		traf2_binding_permissive	Motif		PNQLMS	981	987	1	6					
sequence	other	20261003_47e0cc28	XP_047278843.1	_		traf2_binding_permissive	Motif		PVEHLT	1132	1138	1	6					
sequence	other	20261003_47e0cc28	XP_047278843.1	_		traf2_binding_permissive	Motif		PQQLRE	1238	1244	1	6					
sequence	other	20261003_47e0cc28	XP_047298053.1	_		traf6_binding_strict	Motif		PQENSY	526	532	1	6					
sequence	other	20261003_47e0cc28	XP_047298053.1	_		traf6_binding_strict	Motif		PVESDE	569	575	1	6					
sequence	other	20261003_47e0cc28	XP_047298053.1	_		traf6_binding_strict	Motif		PEESDE	688	694	1	6					
sequence	other	20261003_47e0cc28	XP_047298053.1	_		traf6_binding_permissive	Motif		PEEYIK	391	397	1	6					
sequence	other	20261003_47e0cc28	XP_047298053.1	_		traf6_binding_permissive	Motif		PQENSY	526	532	1	6					
sequence	other	20261003_47e0cc28	XP_047298053.1	_		traf6_binding_permissive	Motif		PNQPVE	566	572	1	6					
sequence	other	20261003_47e0cc28	XP_047298053.1	_		traf6_binding_permissive	Motif		PPQIII	641	647	1	6					
sequence	other	20261003_47e0cc28	XP_047298053.1	_		traf6_binding_permissive	Motif		PEESDE	688	694	1	6					
sequence	other	20261003_47e0cc28	XP_047298053.1	_		traf2_binding_strict	Motif		PSQSS	371	376	1	5					
sequence	other	20261003_47e0cc28	XP_047298053.1	_		traf2_binding_strict	Motif		PQENS	526	531	1	5					
sequence	other	20261003_47e0cc28	XP_047298053.1	_		traf2_binding_variant	Motif		PGEPA	6	11	1	5					
sequence	other	20261003_47e0cc28	XP_047298053.1	_		traf2_binding_variant	Motif		PAEAE	123	128	1	5					
sequence	other	20261003_47e0cc28	XP_047298053.1	_		traf2_binding_variant	Motif		PSQSS	371	376	1	5					
sequence	other	20261003_47e0cc28	XP_047298053.1	_		traf2_binding_variant	Motif		PQENS	526	531	1	5					
sequence	other	20261003_47e0cc28	XP_047298053.1	_		traf2_binding_variant	Motif		PVESD	569	574	1	5					
sequence	other	20261003_47e0cc28	XP_047298053.1	_		traf2_binding_variant	Motif		PEESD	688	693	1	5					
sequence	other	20261003_47e0cc28	XP_047298053.1	_		traf2_binding_permissive	Motif		PGEPAA	6	12	1	6					
sequence	other	20261003_47e0cc28	XP_047298053.1	_		traf2_binding_permissive	Motif		PWINRNA	71	78	1	7					
sequence	other	20261003_47e0cc28	XP_047298053.1	_		traf2_binding_permissive	Motif		PAEAEA	123	129	1	6					
sequence	other	20261003_47e0cc28	XP_047298053.1	_		traf2_binding_permissive	Motif		PGSQTHS	147	154	1	7					
sequence	other	20261003_47e0cc28	XP_047298053.1	_		traf2_binding_permissive	Motif		PGPESS	180	186	1	6					
sequence	other	20261003_47e0cc28	XP_047298053.1	_		traf2_binding_permissive	Motif		PLCEIS	200	206	1	6					
sequence	other	20261003_47e0cc28	XP_047298053.1	_		traf2_binding_permissive	Motif		PSQSS	371	376	1	5					
sequence	other	20261003_47e0cc28	XP_047298053.1	_		traf2_binding_permissive	Motif		PMTQVYE	494	501	1	7					
sequence	other	20261003_47e0cc28	XP_047298053.1	_		traf2_binding_permissive	Motif		PSPQENS	524	531	1	7					
sequence	other	20261003_47e0cc28	XP_047298053.1	_		traf2_binding_permissive	Motif		PWQPLA	544	550	1	6					
sequence	other	20261003_47e0cc28	XP_047298053.1	_		traf2_binding_permissive	Motif		PNQPVE	566	572	1	6					
sequence	other	20261003_47e0cc28	XP_047298053.1	_		traf2_binding_permissive	Motif		PLREAG	598	604	1	6					
sequence	other	20261003_47e0cc28	XP_047298053.1	_		traf2_binding_permissive	Motif		PEESDE	688	694	1	6					
sequence	other	20261003_47e0cc28	XP_047298054.1	_		traf6_binding_strict	Motif		PVESDE	539	545	1	6					
sequence	other	20261003_47e0cc28	XP_047298054.1	_		traf6_binding_strict	Motif		PEESDE	658	664	1	6					
sequence	other	20261003_47e0cc28	XP_047298054.1	_		traf6_binding_permissive	Motif		PEEYIK	391	397	1	6					
sequence	other	20261003_47e0cc28	XP_047298054.1	_		traf6_binding_permissive	Motif		PNQPVE	536	542	1	6					
sequence	other	20261003_47e0cc28	XP_047298054.1	_		traf6_binding_permissive	Motif		PPQIII	611	617	1	6					
sequence	other	20261003_47e0cc28	XP_047298054.1	_		traf6_binding_permissive	Motif		PEESDE	658	664	1	6					
sequence	other	20261003_47e0cc28	XP_047298054.1	_		traf2_binding_strict	Motif		PSQSS	371	376	1	5					
sequence	other	20261003_47e0cc28	XP_047298054.1	_		traf2_binding_variant	Motif		PGEPA	6	11	1	5					
sequence	other	20261003_47e0cc28	XP_047298054.1	_		traf2_binding_variant	Motif		PAEAE	123	128	1	5					
sequence	other	20261003_47e0cc28	XP_047298054.1	_		traf2_binding_variant	Motif		PSQSS	371	376	1	5					
sequence	other	20261003_47e0cc28	XP_047298054.1	_		traf2_binding_variant	Motif		PVESD	539	544	1	5					
sequence	other	20261003_47e0cc28	XP_047298054.1	_		traf2_binding_variant	Motif		PEESD	658	663	1	5					
sequence	other	20261003_47e0cc28	XP_047298054.1	_		traf2_binding_permissive	Motif		PGEPAA	6	12	1	6					
sequence	other	20261003_47e0cc28	XP_047298054.1	_		traf2_binding_permissive	Motif		PWINRNA	71	78	1	7					
sequence	other	20261003_47e0cc28	XP_047298054.1	_		traf2_binding_permissive	Motif		PAEAEA	123	129	1	6					
sequence	other	20261003_47e0cc28	XP_047298054.1	_		traf2_binding_permissive	Motif		PGSQTHS	147	154	1	7					
sequence	other	20261003_47e0cc28	XP_047298054.1	_		traf2_binding_permissive	Motif		PGPESS	180	186	1	6					
sequence	other	20261003_47e0cc28	XP_047298054.1	_		traf2_binding_permissive	Motif		PLCEIS	200	206	1	6					
sequence	other	20261003_47e0cc28	XP_047298054.1	_		traf2_binding_permissive	Motif		PSQSS	371	376	1	5					
sequence	other	20261003_47e0cc28	XP_047298054.1	_		traf2_binding_permissive	Motif		PMTQENS	494	501	1	7					
sequence	other	20261003_47e0cc28	XP_047298054.1	_		traf2_binding_permissive	Motif		PWQPLA	514	520	1	6					
sequence	other	20261003_47e0cc28	XP_047298054.1	_		traf2_binding_permissive	Motif		PNQPVE	536	542	1	6					
sequence	other	20261003_47e0cc28	XP_047298054.1	_		traf2_binding_permissive	Motif		PLREAG	568	574	1	6					
sequence	other	20261003_47e0cc28	XP_047298054.1	_		traf2_binding_permissive	Motif		PEESDE	658	664	1	6					
