Cluster Repr	Cluster Member
CAH3163773.1	CAH3163773.1
CAH3163773.1	CAH3193696.1
CAH3163773.1	CAH3037754.1
CAH3163773.1	XP_073233593.1
CAH3169392.1	CAH3169392.1
CAH3169392.1	XP_073230003.1
CAH3169392.1	CAH3119045.1
CAH3169392.1	KAJ7380341.1
CAH3169392.1	XP_032239936.1
CAH3169392.1	XP_032226394.1
CAH3169392.1	XP_032239937.1
CAH3169392.1	XP_068751136.1
CAH3169392.1	XP_068688923.1
CAH3169392.1	XP_068688924.1
CAH3169392.1	XP_048575654.1
CAH3169392.1	XP_048575655.1
CAH3169392.1	XP_015753638.1
CAH3169392.1	XP_015753639.1
CAH3169392.1	XP_015753640.1
CAH3169392.1	XP_020899322.1
CAH3169392.1	XP_020609384.1
CAH3169392.1	XP_029206497.1
CAH3169392.1	XP_029206498.1
CAH3169392.1	XP_029206497.2
CAH3169392.1	XP_067019182.1
CAH3169392.1	XP_031567572.1
CAH3169392.1	XP_029206499.2
CAH3169392.1	XP_029206499.1
CAH3169392.1	XP_067019183.1
CAH3172902.1	CAH3172902.1
CAH3172902.1	CAH3024113.1
CAH3180571.1	CAH3180571.1
CAH3182386.1	CAH3182386.1
CAH3182386.1	CAH3133724.1
CAH3183535.1	CAH3183535.1
CAH3184798.1	CAH3184798.1
CAH3184798.1	CAH3162252.1
CAH3186422.1	CAH3186422.1
CAH3191512.1	CAH3191512.1
CAH3194285.1	CAH3194285.1
CAH3194285.1	XP_020632656.1
CAH3196538.1	CAH3196538.1
CAH3196538.1	KAJ7393840.1
CAH3196538.1	KAK2565227.1
CAH3196538.1	CAH3014052.1
CAH3196538.1	CAH3142108.1
CAH3196538.1	CAH3103675.1
CAH3196538.1	XP_027040739.1
CAH3196538.1	CAH3129795.1
CAH3196538.1	XP_027040740.1
CAH3196538.1	XP_058953351.1
CAH3196538.1	XP_058953352.1
CAH3196538.1	XP_058953351.1
CAH3196538.1	XP_058953352.1
CAH3196538.1	CAB4045656.1
CAH3196538.1	CAB4045655.1
CAH3196538.1	XP_029180149.1
CAH3035606.1	CAH3035606.1
CAH3035606.1	XP_073253536.1
CAH3035606.1	XP_015747880.1
CAH3035606.1	XP_015747879.1
CAH3035606.1	XP_020613139.1
CAH3035606.1	XP_020613138.1
CAH3035606.1	XP_022807464.1
CAH3035606.1	XP_022807463.1
CAH3035606.1	XP_058971540.2
CAH3035606.1	XP_058971540.1
CAH3035606.1	XP_066017278.1
CAH3035606.1	XP_066017279.1
CAH3035606.1	XP_029179323.1
CAH3035606.1	XP_015747881.1
CAH3035606.1	XP_029179324.1
CAH3035606.1	XP_044176021.1
CAH3035606.1	XP_044176226.1
CAH3035606.1	XP_015763093.1
CAH3035606.1	XP_029193813.1
CAH3035606.1	XP_044176227.1
CAH3035606.1	XP_067039996.1
CAH3035606.1	XP_044176384.1
CAH3035606.1	XP_044176385.1
CAH3035606.1	XP_044176386.1
CAH3035606.1	XP_067039673.1
CAH3035606.1	XP_067039674.1
CAH3035606.1	CAH3148348.1
CAH3035606.1	XP_073252573.1
CAH3035606.1	XP_068703215.1
CAH3035606.1	XP_068717914.1
CAH3035606.1	XP_058941056.2
CAH3035606.1	CAH3045973.1
CAH3035606.1	XP_058941056.1
CAH3035606.1	XP_068703010.1
CAH3035606.1	XP_068703009.1
CAH3035606.1	XP_068718191.1
CAH3035606.1	XP_068718192.1
CAH3035606.1	XP_068718193.1
CAH3035606.1	XP_068718194.1
CAH3035606.1	XP_068720639.1
CAH3035606.1	XP_032219879.2
CAH3035606.1	XP_032219879.1
CAH3035606.1	XP_048589202.1
CAH3035606.1	XP_048589199.1
CAH3035606.1	XP_032219877.1
CAH3035606.1	XP_032219878.1
CAH3035606.1	XP_032219877.2
CAH3035606.1	XP_032219878.2
CAH3035606.1	XP_048589200.1
CAH3035606.1	XP_020904619.2
CAH3035606.1	XP_001639065.3
CAH3035606.1	XP_001639065.2
CAH3035606.1	XP_073249187.1
CAH3041716.1	CAH3041716.1
CAH3041830.1	CAH3041830.1
CAH3041838.1	CAH3041838.1
CAH3042003.1	CAH3042003.1
CAH3042003.1	CAH3189527.1
CAH3042003.1	XP_031560103.1
CAH3042003.1	XP_031560088.1
CAH3042003.1	XP_031560102.1
CAH3042335.1	CAH3042335.1
CAH3042335.1	XP_029182919.1
CAH3042335.1	KAK2559161.1
CAH3042335.1	XP_029182919.2
CAH3042335.1	XP_044182146.1
CAH3042335.1	XP_067058053.1
CAH3042335.1	XP_067058054.1
CAH3042335.1	XP_067058055.1
CAH3042335.1	KAK2559159.1
CAH3042335.1	XP_015769783.1
CAH3042335.1	XP_015769784.1
CAH3042335.1	XP_015769785.1
CAH3042335.1	XP_068694464.1
CAH3042537.1	CAH3042537.1
CAH3045194.1	CAH3045194.1
CAH3045206.1	CAH3045206.1
CAH3045206.1	XP_066020557.1
CAH3045206.1	XP_058949215.1
CAH3045206.1	XP_066020556.1
CAH3105893.1	CAH3105893.1
CAH3105920.1	CAH3105920.1
CAH3107170.1	CAH3107170.1
CAH3110727.1	CAH3110727.1
CAH3127323.1	CAH3127323.1
CAH3127323.1	XP_073254313.1
CAH3127323.1	XP_015772362.1
CAH3127323.1	XP_015772360.1
CAH3127323.1	XP_015772357.1
CAH3127323.1	KAK2563088.1
CAH3127323.1	XP_015772358.1
CAH3127323.1	XP_015772359.1
CAH3127323.1	XP_015772363.1
CAH3127323.1	XP_015772364.1
CAH3127323.1	XP_015772365.1
CAH3127323.1	XP_029191374.1
CAH3127323.1	XP_067041653.1
CAH3127323.1	XP_067041654.1
CAH3127323.1	XP_067041655.1
CAH3127323.1	XP_067041657.1
CAH3127323.1	XP_058957183.1
CAH3127323.1	XP_058957186.1
CAH3127323.1	XP_058957183.2
CAH3127323.1	XP_022799468.1
CAH3127323.1	XP_022799469.1
CAH3127323.1	XP_022799470.1
CAH3127323.1	XP_022799471.1
CAH3127323.1	XP_022799473.1
CAH3041106.1	CAH3041106.1
CAH3041106.1	XP_073231699.1
CAH3041108.1	CAH3041108.1
CAH3041110.1	CAH3041110.1
CAH3041116.1	CAH3041116.1
CAH3127526.1	CAH3127526.1
CAH3127536.1	CAH3127536.1
CAH3136487.1	CAH3136487.1
CAH3139803.1	CAH3139803.1
CAH3141738.1	CAH3141738.1
CAH3141738.1	CAH3159096.1
CAH3141738.1	XP_058948801.1
CAH3141738.1	XP_058971729.1
CAH3141738.1	XP_058973655.1
CAH3141738.1	CAH3164218.1
CAH3142857.1	CAH3142857.1
CAH3142857.1	CAH3169113.1
CAH3142857.1	XP_073243824.1
CAH3145966.1	CAH3145966.1
CAH3145966.1	XP_058946104.1
CAH3145966.1	XP_058946104.2
CAH3147670.1	CAH3147670.1
CAH3147682.1	CAH3147682.1
CAH3147686.1	CAH3147686.1
CAH3147720.1	CAH3147720.1
CAH3147720.1	XP_022792323.1
CAH3147720.1	XP_027036882.1
CAH3147720.1	XP_058964401.1
CAH3147720.1	XP_058964424.1
CAH3154862.1	CAH3154862.1
CAH3159098.1	CAH3159098.1
CAH3164236.1	CAH3164236.1
CAH3164236.1	CAH3189196.1
CAH3164236.1	CAH3142087.1
CAH3164236.1	XP_073252286.1
CAH3166120.1	CAH3166120.1
CAH3166120.1	XP_058965539.1
CAH3166120.1	XP_058966911.1
CAH3166120.1	XP_066021621.1
CAH3166120.1	CAH3166135.1
CAH3166120.1	XP_027056560.1
CAH3166120.1	XP_058945478.1
CAH3166140.1	CAH3166140.1
CAH3166458.1	CAH3166458.1
CAH3166458.1	KAJ7393455.1
CAH3166474.1	CAH3166474.1
CAH3166474.1	CAH3179496.1
CAH3166474.1	XP_015747651.1
CAH3166474.1	XP_068700393.1
CAH3166738.1	CAH3166738.1
CAH3166738.1	CAH3139795.1
CAH3166738.1	XP_066027632.1
CAH3166738.1	XP_066027635.1
CAH3166738.1	XP_066027636.1
CAH3166738.1	XP_066027638.1
CAH3166738.1	XP_066027642.1
CAH3166738.1	XP_066027645.1
CAH3166738.1	XP_066027655.1
CAH3166738.1	XP_066027658.1
CAH3166738.1	XP_066027662.1
CAH3166738.1	XP_066027664.1
CAH3166738.1	XP_066027665.1
CAH3166748.1	CAH3166748.1
CAH3166748.1	XP_066027677.1
CAH3166748.1	XP_066027679.1
CAH3166750.1	CAH3166750.1
CAH3166750.1	XP_066027675.1
CAH3166750.1	XP_066027670.1
CAH3166777.1	CAH3166777.1
CAH3166777.1	CAH3139813.1
CAH3167172.1	CAH3167172.1
CAH3167172.1	CAH3030987.1
CAH3167172.1	XP_027050900.1
CAH3167172.1	XP_058941586.1
CAH3167172.1	XP_058973179.1
CAH3167172.1	CAH3030988.1
CAH3167172.1	XP_058946082.1
CAH3167176.1	CAH3167176.1
CAH3167176.1	XP_027050902.1
CAH3168207.1	CAH3168207.1
CAH3168209.1	CAH3168209.1
CAH3168209.1	XP_058960481.1
CAH3168209.1	CAH3041131.1
CAH3168209.1	XP_058960482.1
CAH3168209.1	XP_058960483.1
CAH3168209.1	XP_058960481.2
CAH3168209.1	XP_058960482.2
CAH3168209.1	XP_058960483.2
CAH3168211.1	CAH3168211.1
CAH3168214.1	CAH3168214.1
CAH3168218.1	CAH3168218.1
XP_001634900.2	XP_001634900.2
XP_001634900.2	XP_048590454.1
XP_001634900.2	XP_048590453.1
XP_001634900.2	XP_020895344.1
XP_001635820.2	XP_001635820.2
XP_001635820.2	XP_032241369.1
XP_001635820.2	XP_032241370.1
XP_001635820.2	KAJ7351901.1
XP_001635820.2	XP_020607237.1
XP_001635820.2	XP_020607236.1
XP_001635820.2	XP_073230376.1
XP_001635820.2	CAH3027500.1
XP_001635820.2	CAH3128524.1
XP_001635820.2	XP_073230375.1
XP_001635820.2	XP_020910452.1
XP_001635820.2	XP_020910451.1
XP_001635820.2	XP_031556682.1
XP_001635820.2	XP_031556681.1
XP_001635820.2	XP_058945833.1
XP_001635820.2	CAH3132014.1
XP_001635820.2	XP_058945834.1
XP_001635820.2	XP_058945833.2
XP_001635820.2	XP_058945834.2
XP_001635820.2	XP_067019595.1
XP_001635820.2	XP_015775252.1
XP_001635820.2	XP_029187850.1
XP_001635820.2	XP_044164969.1
XP_001635820.2	XP_044171955.1
XP_001635820.2	XP_068744180.1
XP_001635820.2	XP_068752163.1
XP_001635820.2	XP_068688490.1
XP_001635820.2	CAB3981647.1
XP_001635820.2	XP_028393150.1
XP_001635820.2	XP_046859364.1
XP_032217900.1	XP_032217900.1
XP_032217900.1	XP_032217899.1
XP_032217900.1	CAH3197134.1
XP_032218487.1	XP_032218487.1
XP_032218487.1	XP_032218488.1
XP_032218487.1	XP_032218489.1
XP_032218487.1	XP_032218487.2
XP_032218487.1	XP_032218488.2
XP_032218487.1	XP_032218489.2
XP_032218487.1	XP_031556866.1
XP_032218487.1	XP_031556874.1
XP_032218487.1	XP_031556881.1
XP_032218487.1	XP_031556888.1
XP_032218487.1	XP_020915602.1
XP_032219120.1	XP_032219120.1
XP_032219120.1	XP_032219119.1
XP_032219199.1	XP_032219199.1
XP_032219199.1	XP_032219200.1
XP_032219199.1	XP_032219201.1
XP_032219199.1	XP_048576513.1
XP_032219199.1	XP_048576514.1
XP_032224621.1	XP_032224621.1
XP_032227307.1	XP_032227307.1
XP_032227307.1	XP_032227308.1
XP_032227307.1	XP_032227309.1
XP_032227307.1	XP_032227310.1
XP_032227307.1	XP_032227311.1
XP_032227307.1	XP_032227307.2
XP_032227307.1	XP_048583830.1
XP_032227307.1	XP_022789026.1
XP_032227307.1	XP_022789027.1
XP_032227307.1	XP_022789028.1
XP_032227307.1	XP_022789029.1
XP_032227307.1	XP_022789024.1
XP_032227307.1	CAH3169278.1
XP_032227307.1	CAH3018411.1
XP_032227307.1	CAH3042930.1
XP_032227307.1	CAH3038667.1
XP_032227307.1	CAH3038695.1
XP_032227307.1	XP_066021738.1
XP_032227307.1	XP_022789025.1
XP_032227307.1	XP_066021579.1
XP_032227307.1	XP_058960621.1
XP_032227307.1	XP_058960622.1
XP_032227307.1	XP_058968273.2
XP_032227307.1	XP_066021580.1
XP_032227307.1	XP_066021739.1
XP_032227307.1	XP_020602855.1
XP_032227307.1	XP_020602793.1
XP_032227307.1	XP_022789023.1
XP_032227307.1	XP_022789022.1
XP_032227307.1	XP_058968235.1
XP_032227307.1	XP_058968244.2
XP_032227307.1	CAH3038663.1
XP_032227307.1	XP_027056666.1
XP_032227307.1	XP_058968244.1
XP_032228137.1	XP_032228137.1
XP_032229821.1	XP_032229821.1
XP_032231343.1	XP_032231343.1
XP_032231956.1	XP_032231956.1
XP_015747883.1	XP_015747883.1
XP_015747883.1	XP_015747884.1
XP_015747883.1	XP_015747885.1
XP_015770130.1	XP_015770130.1
XP_015770331.1	XP_015770331.1
XP_015770331.1	XP_015770333.1
XP_015770331.1	XP_015770334.1
XP_015770331.1	XP_015770336.1
XP_015770331.1	XP_015770340.1
XP_015770331.1	XP_015770343.1
XP_015770331.1	XP_015770332.1
XP_015770331.1	XP_015770335.1
XP_015770331.1	XP_015770339.1
XP_015770344.1	XP_015770344.1
XP_015770344.1	XP_068684418.1
XP_015770923.1	XP_015770923.1
XP_015770923.1	XP_015770924.1
XP_015770923.1	XP_015770925.1
XP_015770923.1	XP_015770926.1
XP_015770923.1	XP_044165389.1
XP_015770923.1	XP_029197650.1
XP_015770923.1	XP_029197650.2
XP_015770923.1	XP_067056942.1
XP_015771062.1	XP_015771062.1
XP_015771243.1	XP_015771243.1
XP_015771243.1	XP_015771242.1
XP_015771243.1	XP_044184950.1
XP_015772433.1	XP_015772433.1
XP_015772955.1	XP_015772955.1
XP_015775019.1	XP_015775019.1
XP_015775025.1	XP_015775025.1
XP_015775033.1	XP_015775033.1
XP_015775033.1	KAK2560108.1
XP_015775170.1	XP_015775170.1
XP_015775393.1	XP_015775393.1
XP_015775393.1	XP_015775394.1
XP_015775393.1	XP_015775395.1
XP_015775393.1	XP_015775396.1
XP_015775393.1	XP_029207596.1
XP_015775393.1	XP_029183754.1
XP_015775393.1	XP_029207597.1
XP_015775393.1	XP_029207598.1
XP_015775393.1	XP_029207599.1
XP_015775393.1	XP_029207600.1
XP_015775393.1	XP_029207601.1
XP_015775393.1	XP_044163683.1
XP_015775828.1	XP_015775828.1
XP_015775828.1	KAK2566763.1
XP_015775828.1	XP_015775829.1
XP_015775828.1	XP_015775830.1
XP_015775828.1	XP_015775831.1
XP_015775828.1	XP_015775832.1
XP_015775828.1	XP_015775833.1
XP_015775828.1	XP_067044839.1
XP_015775828.1	KAK2566635.1
XP_015776301.1	XP_015776301.1
XP_015776375.1	XP_015776375.1
XP_015777281.1	XP_015777281.1
XP_015777283.1	XP_015777283.1
XP_015777685.1	XP_015777685.1
XP_015779388.1	XP_015779388.1
XP_015779664.1	XP_015779664.1
XP_020891801.1	XP_020891801.1
XP_020891801.1	XP_032221247.1
XP_020892579.2	XP_020892579.2
XP_020895001.1	XP_020895001.1
XP_020896339.1	XP_020896339.1
XP_020896339.1	XP_020896340.1
XP_020896339.1	XP_020896341.1
XP_020896339.1	XP_020917691.1
XP_020896339.1	XP_020917692.1
XP_020896339.1	XP_020917693.1
XP_020896339.1	XP_028512422.1
XP_020896339.1	XP_028512423.1
XP_020896339.1	XP_028512424.1
XP_020896339.1	XP_028513753.1
XP_020896339.1	XP_028513754.1
XP_020896339.1	XP_028513755.1
XP_020902941.1	XP_020902941.1
XP_020902941.1	XP_031563119.1
XP_020902941.1	XP_020620482.1
XP_020904620.2	XP_020904620.2
XP_020904620.2	CAH3046357.1
XP_020906622.1	XP_020906622.1
XP_020906622.1	XP_031572977.1
XP_020906622.1	XP_020904941.1
XP_020906622.1	XP_020906626.1
XP_020906622.1	XP_020906673.1
XP_020906622.1	XP_020906671.1
XP_020906622.1	XP_020906670.1
XP_020906622.1	XP_028519258.1
XP_020906622.1	XP_020915942.1
XP_020906622.1	XP_020915943.1
XP_020906622.1	XP_028519259.1
XP_020906622.1	XP_028519260.1
XP_020906622.1	XP_028519261.1
XP_020906622.1	XP_028519262.1
XP_020906622.1	XP_028519263.1
XP_020906622.1	XP_031555731.1
XP_020911824.1	XP_020911824.1
XP_020912724.1	XP_020912724.1
XP_020912724.1	XP_031549970.1
XP_020912724.1	XP_031549968.1
XP_020912724.1	XP_032219266.2
XP_020912724.1	XP_032219266.1
XP_020912979.1	XP_020912979.1
XP_020912979.1	XP_031555062.1
XP_020912979.1	KAJ7389463.1
XP_020912979.1	KAJ7348739.1
XP_020912979.1	XP_020610240.1
XP_020912979.1	XP_073244628.1
XP_020913133.2	XP_020913133.2
XP_020913133.2	XP_032229980.1
XP_020913133.2	XP_048590327.1
XP_020913133.2	XP_031573919.1
XP_020913133.2	XP_048576594.1
XP_020913133.2	XP_048576595.1
XP_020913133.2	XP_048576596.1
XP_020913133.2	XP_048576597.1
XP_020914192.1	XP_020914192.1
XP_020914192.1	XP_031567283.1
XP_020914192.1	XP_031567280.1
XP_020914192.1	XP_031567281.1
XP_020914192.1	XP_031567282.1
XP_020915579.1	XP_020915579.1
XP_020915579.1	XP_020915578.1
XP_028512673.1	XP_028512673.1
XP_028513719.1	XP_028513719.1
XP_028514581.1	XP_028514581.1
XP_028518484.1	XP_028518484.1
XP_028518486.1	XP_028518486.1
XP_028519600.1	XP_028519600.1
XP_028519600.1	XP_020916971.1
XP_028519600.1	XP_032233730.1
XP_028519600.1	XP_032233731.1
XP_028519600.1	XP_032233730.2
XP_028519600.1	XP_032233731.2
XP_028519600.1	XP_048580903.1
XP_028519600.1	XP_031557249.1
XP_028519600.1	XP_027046441.1
XP_028519600.1	CAH3155896.1
XP_028519600.1	XP_058968605.1
XP_028519600.1	XP_058968605.2
XP_028519600.1	XP_022793486.1
XP_028519600.1	XP_028409369.1
XP_028519600.1	XP_028409370.1
XP_028519600.1	XP_028409371.1
XP_028519600.1	XP_028409372.1
XP_028519600.1	XP_028418190.1
XP_028519600.1	XP_028418191.1
XP_028519600.1	XP_028418192.1
XP_028519600.1	CAB3979165.1
XP_028519600.1	XP_028390760.1
XP_028519600.1	XP_046852196.1
XP_028519600.1	XP_046852195.1
XP_028519600.1	XP_046852197.1
XP_028519600.1	XP_046852198.1
XP_028519600.1	XP_046852199.1
XP_028519600.1	XP_046852200.1
XP_028519600.1	XP_046862335.1
XP_028519600.1	XP_046862334.1
XP_028519600.1	XP_031567815.1
XP_020600445.1	XP_020600445.1
XP_020600445.1	XP_020600442.1
XP_020600445.1	XP_020600443.1
XP_020600445.1	XP_020600444.1
XP_020601055.1	XP_020601055.1
XP_020601055.1	XP_020601054.1
XP_020601369.1	XP_020601369.1
XP_020601372.1	XP_020601372.1
XP_020601372.1	XP_020601373.1
XP_020601372.1	XP_020601374.1
XP_020601372.1	XP_020601375.1
XP_020601372.1	XP_020601376.1
XP_020601372.1	XP_020601377.1
XP_020601372.1	XP_020601378.1
XP_020601372.1	XP_020601379.1
XP_020601372.1	XP_020601380.1
XP_020601372.1	KAJ7371910.1
XP_020601650.1	XP_020601650.1
XP_020601650.1	XP_020601649.1
XP_020601813.1	XP_020601813.1
XP_020601814.1	XP_020601814.1
XP_020601814.1	XP_058956971.1
XP_020602544.1	XP_020602544.1
XP_020602544.1	CAH3141120.1
XP_020602544.1	XP_067047121.1
XP_020602544.1	XP_029194751.1
XP_020602544.1	XP_029194751.2
XP_020602544.1	XP_029194753.2
XP_020602544.1	XP_044170022.1
XP_020602544.1	XP_044170017.1
XP_020602544.1	XP_044170008.1
XP_020602544.1	XP_044170018.1
XP_020602544.1	XP_044170019.1
XP_020602544.1	XP_044170020.1
XP_020602544.1	XP_066023510.1
XP_020602544.1	XP_066023657.1
XP_020602544.1	XP_066023666.1
XP_020602544.1	XP_066022997.1
XP_020602544.1	CAH3144018.1
XP_020602544.1	XP_058966419.1
XP_020602544.1	XP_066022998.1
XP_020602544.1	XP_073251923.1
XP_020602544.1	CAH3150719.1
XP_020602544.1	CAH3178252.1
XP_020602544.1	CAH3178256.1
XP_020602544.1	XP_020602515.1
XP_020602544.1	CAH3142069.1
XP_020602544.1	XP_022799963.1
XP_020602544.1	XP_044170021.1
XP_020602544.1	XP_068705854.1
XP_020602544.1	XP_068735159.1
XP_020602544.1	XP_073251293.1
XP_020602544.1	CAH3144000.1
XP_020602544.1	CAH3143994.1
XP_020602544.1	CAH3143996.1
XP_020602544.1	XP_058942139.2
XP_020602544.1	XP_066022994.1
XP_020602544.1	XP_029194748.1
XP_020602544.1	XP_015778642.1
XP_020602544.1	XP_029194750.1
XP_020602544.1	XP_044170014.1
XP_020602544.1	XP_044170024.1
XP_020602544.1	XP_044170010.1
XP_020602544.1	XP_067047119.1
XP_020602544.1	XP_044180864.1
XP_020602544.1	XP_044183417.1
XP_020602544.1	XP_067041599.1
XP_020602544.1	XP_067047116.1
XP_020602544.1	XP_067047118.1
XP_020602544.1	XP_044181228.1
XP_020602544.1	XP_067047120.1
XP_020602544.1	KAK2560327.1
XP_020602544.1	XP_044181747.1
XP_020602544.1	XP_058942208.1
XP_020602544.1	XP_067035041.1
XP_020602544.1	XP_067047112.1
XP_020602544.1	XP_044180866.1
XP_020602544.1	XP_044181749.1
XP_020602544.1	XP_015747895.1
XP_020602544.1	XP_015747894.1
XP_020602544.1	XP_029194749.1
XP_020602544.1	XP_015747896.1
XP_020602544.1	XP_015763457.1
XP_020602544.1	XP_029192468.1
XP_020602544.1	XP_029192467.1
XP_020602544.1	XP_044172111.1
XP_020602544.1	XP_015748225.1
XP_020602544.1	XP_044172113.1
XP_020602544.1	XP_044172112.1
XP_020602544.1	XP_067047113.1
XP_020602544.1	XP_044181746.1
XP_020602544.1	XP_068705817.1
XP_020602544.1	XP_068705818.1
XP_020602544.1	XP_068705819.1
XP_020602544.1	XP_068736778.1
XP_020602544.1	XP_068736779.1
XP_020602544.1	XP_068705848.1
XP_020602544.1	XP_068705849.1
XP_020602544.1	XP_068736797.1
XP_020602544.1	XP_068736798.1
XP_020602544.1	XP_068705852.1
XP_020602544.1	XP_068705853.1
XP_020602544.1	XP_068704314.1
XP_020602544.1	XP_068735155.1
XP_020602544.1	XP_068736781.1
XP_020602544.1	XP_068736782.1
XP_020602544.1	XP_068705820.1
XP_020602544.1	XP_068705823.1
XP_020602544.1	XP_068704316.1
XP_020602544.1	XP_068705811.1
XP_020602544.1	XP_068705850.1
XP_020602544.1	XP_068736777.1
XP_020602544.1	XP_068705851.1
XP_020602544.1	XP_073251937.1
XP_020602544.1	XP_027060316.1
XP_020602544.1	XP_066023662.1
XP_020602544.1	CAH3151931.1
XP_020602544.1	CAH3164244.1
XP_020602544.1	XP_058973660.1
XP_020602544.1	XP_058973660.2
XP_020602544.1	XP_066023663.1
XP_020602544.1	XP_066023664.1
XP_020602544.1	XP_066023665.1
XP_020602544.1	XP_068705822.1
XP_020602544.1	XP_068705821.1
XP_020602544.1	XP_068705826.1
XP_020602547.1	XP_020602547.1
XP_020602547.1	XP_015766079.1
XP_020602547.1	XP_015775027.1
XP_020602547.1	XP_027042412.1
XP_020602555.1	XP_020602555.1
XP_020604315.1	XP_020604315.1
XP_020604315.1	XP_020604316.1
XP_020604315.1	XP_020604317.1
XP_020604315.1	XP_044170395.1
XP_020604315.1	XP_044170391.1
XP_020604315.1	XP_044170392.1
XP_020604315.1	XP_044170393.1
XP_020604315.1	XP_044170394.1
XP_020604315.1	XP_066023036.1
XP_020604315.1	XP_066023035.1
XP_020604367.1	XP_020604367.1
XP_020604971.1	XP_020604971.1
XP_020605022.1	XP_020605022.1
XP_020605663.1	XP_020605663.1
XP_020608705.1	XP_020608705.1
XP_020609270.1	XP_020609270.1
XP_020609270.1	XP_020609269.1
XP_020610013.1	XP_020610013.1
XP_020610291.1	XP_020610291.1
XP_020610291.1	XP_020620776.1
XP_020610291.1	XP_020620775.1
XP_020610291.1	XP_022780051.1
XP_020610291.1	XP_067017943.1
XP_020610291.1	XP_044183255.1
XP_020610342.1	XP_020610342.1
XP_020610342.1	XP_020610350.1
XP_020610342.1	XP_020610357.1
XP_020610369.1	XP_020610369.1
XP_020610369.1	XP_015747785.1
XP_020610436.1	XP_020610436.1
XP_020610689.1	XP_020610689.1
XP_020611478.1	XP_020611478.1
XP_020612564.1	XP_020612564.1
XP_020614200.1	XP_020614200.1
XP_020614200.1	XP_020614199.1
XP_020614245.1	XP_020614245.1
XP_020614351.1	XP_020614351.1
XP_020614351.1	XP_020614350.1
XP_020614351.1	CAH3139817.1
XP_020614351.1	XP_058943534.1
XP_020614376.1	XP_020614376.1
XP_020614376.1	XP_020614375.1
XP_020614376.1	XP_020611803.1
XP_020615928.1	XP_020615928.1
XP_020615928.1	XP_020615927.1
XP_020615928.1	XP_022803161.1
XP_020616226.1	XP_020616226.1
XP_020616226.1	XP_020616225.1
XP_020616226.1	XP_015780879.1
XP_020616226.1	XP_015780880.1
XP_020616226.1	XP_015780881.1
XP_020616226.1	XP_015780882.1
XP_020617150.1	XP_020617150.1
XP_020617386.1	XP_020617386.1
XP_020617386.1	KAJ7353738.1
XP_020618077.1	XP_020618077.1
XP_020618711.1	XP_020618711.1
XP_020619854.1	XP_020619854.1
XP_020619854.1	XP_020619853.1
XP_020622139.1	XP_020622139.1
XP_020622139.1	XP_020622138.1
XP_020622143.1	XP_020622143.1
XP_020622143.1	XP_020622140.1
XP_020622636.1	XP_020622636.1
XP_020623023.1	XP_020623023.1
XP_020623045.1	XP_020623045.1
XP_020623045.1	XP_020623044.1
XP_020623045.1	XP_020610280.1
XP_027049984.1	XP_027049984.1
XP_027050444.1	XP_027050444.1
XP_027050904.1	XP_027050904.1
XP_027050904.1	XP_058961492.1
XP_027050904.1	XP_058961493.1
XP_027051570.1	XP_027051570.1
XP_027052146.1	XP_027052146.1
XP_027052147.1	XP_027052147.1
XP_027054282.1	XP_027054282.1
XP_027054282.1	XP_027054281.1
XP_027056588.1	XP_027056588.1
XP_027057701.1	XP_027057701.1
XP_027057701.1	XP_027057702.1
XP_027057701.1	XP_027057703.1
XP_027057701.1	XP_027057704.1
XP_027057984.1	XP_027057984.1
XP_029179329.1	XP_029179329.1
XP_029179329.1	XP_044167738.1
XP_029179329.1	XP_044167737.1
XP_029182880.1	XP_029182880.1
XP_029183552.1	XP_029183552.1
XP_029183552.1	XP_029183551.1
XP_029183552.1	XP_044180798.1
XP_029183793.1	XP_029183793.1
XP_029184007.1	XP_029184007.1
XP_029184025.1	XP_029184025.1
XP_029184025.1	XP_067044924.1
XP_029184025.1	XP_067044925.1
XP_029184025.1	XP_067044926.1
XP_029184080.1	XP_029184080.1
XP_029184080.1	XP_015754489.1
XP_029185206.1	XP_029185206.1
XP_029185206.1	XP_029185207.1
XP_029185206.1	XP_029185208.1
XP_029185206.1	XP_067043168.1
XP_029185206.1	XP_058969282.2
XP_029185206.1	XP_058969280.1
XP_029185206.1	XP_058969281.1
XP_029185206.1	XP_058969282.1
XP_029185206.1	XP_058969283.1
XP_029185206.1	XP_058969280.2
XP_029185206.1	XP_058969283.2
XP_029185206.1	XP_058969281.2
KAK2560109.1	KAK2560109.1
KAK2560322.1	KAK2560322.1
KAK2562132.1	KAK2562132.1
KAK2562132.1	CAH3015108.1
KAK2563902.1	KAK2563902.1
KAK2568169.1	KAK2568169.1
KAK2568169.1	KAJ7381140.1
KAK2569044.1	KAK2569044.1
KAK2569044.1	XP_073247293.1
KAK2569046.1	KAK2569046.1
KAK2571174.1	KAK2571174.1
KAK2573684.1	KAK2573684.1
KAK3699938.1	KAK3699938.1
KAK3699938.1	XP_020894994.1
KAK3699938.1	XP_020894993.1
KAK3713721.1	KAK3713721.1
KAK3715943.1	KAK3715943.1
KAK3717522.1	KAK3717522.1
KAK3717522.1	XP_020903377.1
KAK3717522.1	XP_020903376.1
KAK3732215.1	KAK3732215.1
KAK3732553.1	KAK3732553.1
KAK3732553.1	XP_031560253.1
KAK3732553.1	XP_031560252.1
KAK3732553.1	XP_020896793.2
KAK3732553.1	XP_020617396.1
KAK3737613.1	KAK3737613.1
KAK3738879.1	KAK3738879.1
KAK3738879.1	KAK3746760.1
KAK3738879.1	XP_020915577.1
KAK3746761.1	KAK3746761.1
KAK3750214.1	KAK3750214.1
KAK3750566.1	KAK3750566.1
KAK3754245.1	KAK3754245.1
CAB3977568.1	CAB3977568.1
CAB3978744.1	CAB3978744.1
CAB3979251.1	CAB3979251.1
CAB3979251.1	CAB3979250.1
CAB3979251.1	XP_028415901.1
CAB3979251.1	XP_028415902.1
CAB3979251.1	XP_028415904.1
CAB3979251.1	XP_028415905.1
CAB3979251.1	XP_046855816.1
CAB3979251.1	XP_046855815.1
CAB3979251.1	XP_046855817.1
CAB3979251.1	XP_046855818.1
CAB3982517.1	CAB3982517.1
CAB3982517.1	XP_046850328.1
CAB3982517.1	XP_046850329.1
CAB3982517.1	XP_046850330.1
CAB3982517.1	XP_046850331.1
CAB3982517.1	XP_032229145.1
CAB3982517.1	XP_032229146.1
CAB3982517.1	XP_032229147.1
CAB3982517.1	XP_032229148.1
CAB3982517.1	XP_032229149.1
CAB3982517.1	XP_032229151.1
CAB3982517.1	XP_048587947.1
CAB3982517.1	XP_048587948.1
CAB3982517.1	XP_001625762.3
CAB3982517.1	XP_001625762.2
CAB3982517.1	XP_048587949.1
CAB3982517.1	XP_020903654.1
CAB3982517.1	XP_020903655.1
CAB3982517.1	XP_020903656.1
CAB3982517.1	XP_068681674.1
CAB3982517.1	XP_068728534.1
CAB3982517.1	XP_015768525.1
CAB3982517.1	KAK2561718.1
CAB3982517.1	XP_015768526.1
CAB3982517.1	XP_015768527.1
CAB3982517.1	XP_029205354.1
CAB3982517.1	XP_029205355.1
CAB3982517.1	XP_029205356.1
CAB3982517.1	XP_029205354.2
CAB3982517.1	XP_029205355.2
CAB3982517.1	XP_044163673.1
CAB3982517.1	XP_067025521.1
CAB3982517.1	XP_067025528.1
CAB3982517.1	XP_067025535.1
CAB3982517.1	XP_067025542.1
CAB3982517.1	KAJ7390799.1
CAB3982517.1	XP_027055611.1
CAB3982517.1	CAH3140560.1
CAB3982517.1	XP_027055612.1
CAB3982517.1	XP_027055614.1
CAB3982517.1	XP_058940027.1
CAB3982517.1	XP_058940028.1
CAB3982517.1	XP_058940030.1
CAB3982517.1	XP_058940027.2
CAB3982517.1	XP_058940028.2
CAB3982517.1	XP_058940030.2
CAB3982517.1	XP_020623561.1
CAB3982517.1	XP_020623559.1
CAB3982517.1	XP_020623560.1
CAB3982517.1	XP_022807679.1
CAB3982517.1	XP_022807677.1
CAB3982517.1	XP_022807678.1
CAB3982517.1	XP_073249068.1
CAB3982517.1	XP_031554068.1
CAB3982517.1	XP_031554067.1
CAB3982517.1	XP_031554069.1
CAB3982517.1	XP_031554070.1
CAB3982517.1	XP_020894906.1
CAB3982517.1	XP_020894905.1
CAB3982517.1	XP_048585871.1
CAB3982517.1	XP_032228658.1
CAB3982517.1	XP_048585870.1
CAB3982517.1	XP_068700204.1
CAB3982517.1	XP_068753835.1
CAB3982517.1	KAJ7393224.1
CAB3982517.1	CAH3027046.1
CAB3982517.1	CAH3038878.1
CAB3982517.1	XP_073243451.1
CAB3982517.1	XP_020630396.1
CAB3982517.1	XP_029209717.1
CAB3982517.1	KAK2556396.1
CAB3982517.1	XP_015758412.1
CAB3982517.1	XP_029209717.2
CAB3982517.1	XP_067049263.1
CAB3982517.1	XP_073256641.1
CAB3982517.1	XP_073256642.1
CAB3982517.1	XP_073254950.1
CAB3982517.1	CAH3179638.1
CAB3982517.1	CAH3104969.1
CAB3982517.1	XP_015773872.1
CAB3982517.1	XP_015773868.1
CAB3982517.1	XP_015773871.1
CAB3982517.1	XP_020602401.1
CAB3982517.1	KAJ7390627.1
CAB3982517.1	XP_022804750.1
CAB3982517.1	CAH3145960.1
CAB3982517.1	XP_027058827.1
CAB3982517.1	XP_058942793.1
CAB3982517.1	XP_066024898.1
CAB3982517.1	XP_029181165.1
CAB3982517.1	XP_015773869.1
CAB3982517.1	XP_015773870.1
CAB3982517.1	XP_029181166.1
CAB3982517.1	XP_029181167.1
CAB3982517.1	XP_029181169.1
CAB3982517.1	XP_029181170.1
CAB3982517.1	XP_029181171.1
CAB3982517.1	XP_029181165.2
CAB3982517.1	XP_029181166.2
CAB3982517.1	XP_029181167.2
CAB3982517.1	XP_029181169.2
CAB3982517.1	XP_029181171.2
CAB3982517.1	XP_067045652.1
CAB3982517.1	XP_067045654.1
CAB3982517.1	XP_067045655.1
CAB3982517.1	XP_067045656.1
CAB3982517.1	XP_067045665.1
CAB3982517.1	XP_067045673.1
CAB3982517.1	XP_067045680.1
CAB3982517.1	XP_067045689.1
CAB3982517.1	XP_067045697.1
CAB3982517.1	CAH3151599.1
CAB3982517.1	CAH3104966.1
CAB3982517.1	XP_073256255.1
CAB3982517.1	XP_073256256.1
CAB3982517.1	XP_073256257.1
CAB3982517.1	XP_068686061.1
CAB3982517.1	XP_068686062.1
CAB3982517.1	XP_068686063.1
CAB3982517.1	XP_068686064.1
CAB3982517.1	XP_068732231.1
CAB3982517.1	XP_068732232.1
CAB3982517.1	XP_068732233.1
CAB3982517.1	XP_068732234.1
CAB3989120.1	CAB3989120.1
CAB3989120.1	CAB3989119.1
CAB3989120.1	CAB3989121.1
CAB3989578.1	CAB3989578.1
CAB3989578.1	CAB4045187.1
CAB3989578.1	CAB4045937.1
CAB4000035.1	CAB4000035.1
CAB4002729.1	CAB4002729.1
CAB4003655.1	CAB4003655.1
CAB4004765.1	CAB4004765.1
CAB4004765.1	CAB4004764.1
CAB4006900.1	CAB4006900.1
CAB4006900.1	XP_028405064.1
CAB4007715.1	CAB4007715.1
CAB4013315.1	CAB4013315.1
CAB4013315.1	CAB4013314.1
CAB4014724.1	CAB4014724.1
CAB4017765.1	CAB4017765.1
CAB4017765.1	CAB4017763.1
CAB4017765.1	CAB4017762.1
CAB4017765.1	CAB4017764.1
CAB4019669.1	CAB4019669.1
CAB4019669.1	CAB3991598.1
CAB4022332.1	CAB4022332.1
CAB4022947.1	CAB4022947.1
CAB4022947.1	CAB4013495.1
CAB4023008.1	CAB4023008.1
CAB4027802.1	CAB4027802.1
CAB4032077.1	CAB4032077.1
CAB4032968.1	CAB4032968.1
CAB4032968.1	CAB4032967.1
XP_015747902.1	XP_015747902.1
XP_015748516.1	XP_015748516.1
XP_015748939.1	XP_015748939.1
XP_015748939.1	XP_015748940.1
XP_015748939.1	XP_044173059.1
XP_015748939.1	XP_044173060.1
XP_015748939.1	XP_067038920.1
XP_015748939.1	XP_067038921.1
XP_015748939.1	XP_029210799.1
XP_015748939.1	XP_029210800.1
XP_015748939.1	XP_029210801.1
XP_015749616.1	XP_015749616.1
XP_015749936.1	XP_015749936.1
XP_015749936.1	XP_067037068.1
XP_015749936.1	XP_067037067.1
XP_015750224.1	XP_015750224.1
XP_015750224.1	XP_015750220.1
XP_015750224.1	XP_015750221.1
XP_015750224.1	XP_015750225.1
XP_015750224.1	XP_015750217.1
XP_015750224.1	XP_015750218.1
XP_015750224.1	XP_015750222.1
XP_015750224.1	XP_015750223.1
XP_015752909.1	XP_015752909.1
XP_015752909.1	XP_015752910.1
XP_015752909.1	XP_015752911.1
XP_015752909.1	XP_015752912.1
XP_015752909.1	XP_015752914.1
XP_015752909.1	XP_015752915.1
XP_015752909.1	XP_015752916.1
XP_015752909.1	XP_015752917.1
XP_015752909.1	XP_015752918.1
XP_015752909.1	XP_015752919.1
XP_015752909.1	XP_015752920.1
XP_015752909.1	XP_015752921.1
XP_015752909.1	XP_015752922.1
XP_015752909.1	CAH3170054.1
XP_015752909.1	CAH3132287.1
XP_015752909.1	XP_058956985.1
XP_015752909.1	XP_058956986.1
XP_015752909.1	XP_058956985.2
XP_015752909.1	CAH3132311.1
XP_015752909.1	CAH3166432.1
XP_015752909.1	XP_027045514.1
XP_015752909.1	XP_068687725.1
XP_015754401.1	XP_015754401.1
XP_015755021.1	XP_015755021.1
XP_015755260.1	XP_015755260.1
XP_015755271.1	XP_015755271.1
XP_015755595.1	XP_015755595.1
XP_015755595.1	XP_015755596.1
XP_015755595.1	XP_015755597.1
XP_015755595.1	XP_015755598.1
XP_015755595.1	XP_015755599.1
XP_015755595.1	XP_015755600.1
XP_015755595.1	XP_015755601.1
XP_015755595.1	XP_015755602.1
XP_015755595.1	XP_015755603.1
XP_015755595.1	XP_015755604.1
XP_015755595.1	XP_015755605.1
XP_015755595.1	XP_015755606.1
XP_015755595.1	XP_015755607.1
XP_015755595.1	XP_015755608.1
XP_015755595.1	XP_015755594.1
XP_015755595.1	XP_015755590.1
XP_015755595.1	XP_015755591.1
XP_015755595.1	XP_015755592.1
XP_015755595.1	XP_015755593.1
XP_015755595.1	XP_015755609.1
XP_015755595.1	XP_029183756.1
XP_015755595.1	XP_067054647.1
XP_015755595.1	XP_015769702.1
XP_015755595.1	XP_015769703.1
XP_015755595.1	XP_067054646.1
XP_015755595.1	XP_022802391.1
XP_015755595.1	XP_022802384.1
XP_015755610.1	XP_015755610.1
XP_015755610.1	XP_015755612.1
XP_015755610.1	XP_015755613.1
XP_015755967.1	XP_015755967.1
XP_015755967.1	XP_068671361.1
XP_015761088.1	XP_015761088.1
XP_015761865.1	XP_015761865.1
XP_015762140.1	XP_015762140.1
XP_015763459.1	XP_015763459.1
XP_015763459.1	XP_015763458.1
XP_015763622.1	XP_015763622.1
XP_015764935.1	XP_015764935.1
XP_015764935.1	XP_015764934.1
XP_015764935.1	XP_044182172.1
XP_015765823.1	XP_015765823.1
XP_015765823.1	KAK2566091.1
XP_015765823.1	XP_029212328.1
XP_015765823.1	XP_029212328.2
XP_015765823.1	XP_067057441.1
XP_015765823.1	XP_067057442.1
XP_015765823.1	XP_015749917.1
XP_015765823.1	XP_067057440.1
XP_015765823.1	CAH3025570.1
XP_015765823.1	XP_020610416.1
XP_015765823.1	XP_020610415.1
XP_015765823.1	XP_027044208.1
XP_015765823.1	CAH3037614.1
XP_015765823.1	XP_027044210.1
XP_015765823.1	XP_058969659.1
XP_015765823.1	XP_058969660.1
XP_015765823.1	XP_058969659.2
XP_015765823.1	XP_058969660.2
XP_015765823.1	XP_022789127.1
XP_015765823.1	XP_068688711.1
XP_015765823.1	XP_068733322.1
XP_015765823.1	XP_073243211.1
XP_015765823.1	CAH3114116.1
XP_015765823.1	XP_028516577.1
XP_015765823.1	XP_020906653.1
XP_015765823.1	XP_001624845.1
XP_015765823.1	XP_001624845.1
XP_015765823.1	XP_048586963.1
XP_015765823.1	XP_031562463.1
XP_015765823.1	XP_031562462.1
XP_015765823.1	XP_028394607.1
XP_015765823.1	XP_046845375.1
XP_015767508.1	XP_015767508.1
XP_015767508.1	XP_020612522.1
XP_015767798.1	XP_015767798.1
XP_015767798.1	XP_015767797.1
XP_015768296.1	XP_015768296.1
XP_015768296.1	XP_015768297.1
XP_015768296.1	XP_015768298.1
XP_015768296.1	XP_015768299.1
XP_015768296.1	XP_015768300.1
XP_015768296.1	CAH3160769.1
XP_015768434.1	XP_015768434.1
XP_015768434.1	XP_044173321.1
XP_015768434.1	XP_015768433.1
XP_015768434.1	XP_015768435.1
XP_015768434.1	XP_015768436.1
XP_015768434.1	XP_015768437.1
XP_015768434.1	XP_044173322.1
XP_015768434.1	XP_044173323.1
XP_015768434.1	XP_067038063.1
XP_015768434.1	XP_067038064.1
XP_015768794.1	XP_015768794.1
XP_015768794.1	XP_015768795.1
XP_015768794.1	XP_015768796.1
XP_015768794.1	XP_015768797.1
XP_015768794.1	XP_015768798.1
XP_015768794.1	XP_015768799.1
XP_015768794.1	XP_015768800.1
XP_015768794.1	XP_015768801.1
XP_015768794.1	XP_015768802.1
XP_015768794.1	XP_015768804.1
XP_015768794.1	XP_015768827.1
XP_015768794.1	XP_015768828.1
XP_015768794.1	XP_015768829.1
XP_015768794.1	XP_015768830.1
XP_015768794.1	XP_015768831.1
XP_015768794.1	XP_015768832.1
XP_015768794.1	XP_015768833.1
XP_015768794.1	XP_015768834.1
XP_015768794.1	XP_015768835.1
XP_015768794.1	XP_015768836.1
XP_015768794.1	XP_015768838.1
XP_015768823.1	XP_015768823.1
XP_015769705.1	XP_015769705.1
XP_015769705.1	XP_015769704.1
XP_015769705.1	XP_044167136.1
XP_020625453.1	XP_020625453.1
XP_020625597.1	XP_020625597.1
XP_020625597.1	CAH3112552.1
XP_020625597.1	XP_058949418.1
XP_020625597.1	XP_058949418.2
XP_020625597.1	XP_020624204.1
XP_020625597.1	XP_020624202.1
XP_020625623.1	XP_020625623.1
XP_020625623.1	XP_020625622.1
XP_020627644.1	XP_020627644.1
XP_020628905.1	XP_020628905.1
XP_020629205.1	XP_020629205.1
XP_020629268.1	XP_020629268.1
XP_020629946.1	XP_020629946.1
XP_020629949.1	XP_020629949.1
XP_020629949.1	XP_073252309.1
XP_020629984.1	XP_020629984.1
XP_020630019.1	XP_020630019.1
XP_020630019.1	XP_020630017.1
XP_020630824.1	XP_020630824.1
XP_020630927.1	XP_020630927.1
XP_020630927.1	XP_020600955.1
XP_020630927.1	XP_020630896.1
XP_020630927.1	XP_020630928.1
XP_020631593.1	XP_020631593.1
XP_020632372.1	XP_020632372.1
XP_022778190.1	XP_022778190.1
XP_022779096.1	XP_022779096.1
XP_022779096.1	XP_022779097.1
XP_022779096.1	XP_022779098.1
XP_022780467.1	XP_022780467.1
XP_022782962.1	XP_022782962.1
XP_022783811.1	XP_022783811.1
XP_022783828.1	XP_022783828.1
XP_022783828.1	CAH3030051.1
XP_022783828.1	CAH3189529.1
XP_022783828.1	CAH3041995.1
XP_022783828.1	XP_073241873.1
XP_022783828.1	CAH3042009.1
XP_022783828.1	XP_073241872.1
XP_022785866.1	XP_022785866.1
XP_022785875.1	XP_022785875.1
XP_022786039.1	XP_022786039.1
XP_022786049.1	XP_022786049.1
XP_022786056.1	XP_022786056.1
XP_022786057.1	XP_022786057.1
XP_022786058.1	XP_022786058.1
XP_022786059.1	XP_022786059.1
XP_022786059.1	XP_066029182.1
XP_022786059.1	XP_058943108.1
XP_022786059.1	XP_022792874.1
XP_022786059.1	XP_022792875.1
XP_022786059.1	XP_022792876.1
XP_022786059.1	XP_022792878.1
XP_022786090.1	XP_022786090.1
XP_022786091.1	XP_022786091.1
XP_022786091.1	XP_022809064.1
XP_022786301.1	XP_022786301.1
XP_022786301.1	CAH3150794.1
XP_022786301.1	XP_027044087.1
XP_022786301.1	XP_066023214.1
XP_022786301.1	XP_020631048.1
XP_022786301.1	XP_029195675.1
XP_022786301.1	XP_029195676.1
XP_022786301.1	XP_029195677.1
XP_022786301.1	XP_044181217.1
XP_022786301.1	XP_044181218.1
XP_022786301.1	XP_044181219.1
XP_022786301.1	XP_044181949.1
XP_022786301.1	XP_044181950.1
XP_022786301.1	XP_044181951.1
XP_022786301.1	XP_067046609.1
XP_022786301.1	XP_067046610.1
XP_022786301.1	XP_067046611.1
XP_022786301.1	XP_028405154.1
XP_022786301.1	XP_031553009.1
XP_022786301.1	XP_046839223.1
XP_022786301.1	XP_058944715.1
XP_022786301.1	XP_068707088.1
XP_022786301.1	XP_068737684.1
XP_022786301.1	XP_068737685.1
XP_022786301.1	XP_068707089.1
XP_022786301.1	XP_068707090.1
XP_022786301.1	XP_048590257.1
XP_022786301.1	XP_073251566.1
XP_022786301.1	CAH3030250.1
XP_022786301.1	CAH3149380.1
XP_022786301.1	XP_073251567.1
XP_022786301.1	KAK3750360.1
XP_022786301.1	XP_020895343.1
XP_022786301.1	XP_020895342.1
XP_022790067.1	XP_022790067.1
XP_029185249.1	XP_029185249.1
XP_029186470.1	XP_029186470.1
XP_029186611.1	XP_029186611.1
XP_029186611.1	XP_029186610.1
XP_029187849.1	XP_029187849.1
XP_029192533.1	XP_029192533.1
XP_029193823.1	XP_029193823.1
XP_029195600.1	XP_029195600.1
XP_029202604.1	XP_029202604.1
XP_029202604.1	XP_015777670.1
XP_029202604.1	XP_044169719.1
XP_029202604.1	XP_044169720.1
XP_029202604.1	XP_067043946.1
XP_029202604.1	XP_067043947.1
XP_029202604.1	XP_067043948.1
XP_029202604.1	XP_067043949.1
XP_029206976.1	XP_029206976.1
XP_029206976.1	XP_029179352.1
XP_044182456.1	XP_044182456.1
XP_044183312.1	XP_044183312.1
XP_044183312.1	KAK2551966.1
XP_044183403.1	XP_044183403.1
XP_044183403.1	XP_044183402.1
XP_044183405.1	XP_044183405.1
XP_044183405.1	XP_044183404.1
XP_044183405.1	XP_044183406.1
XP_044183524.1	XP_044183524.1
XP_044183524.1	KAK2552295.1
XP_044183524.1	KAJ7363448.1
XP_044183524.1	CAH3120605.1
XP_044183524.1	XP_022794939.1
XP_044183524.1	XP_027043886.1
XP_044183524.1	XP_058950643.1
XP_044183524.1	XP_058950643.2
XP_044183524.1	XP_066019569.1
XP_044183524.1	XP_020610803.1
XP_044183524.1	XP_068688279.1
XP_044183524.1	XP_068688278.1
XP_044183524.1	KAK3753342.1
XP_044183524.1	KAK3733710.1
XP_044183524.1	XP_020893228.1
XP_044183524.1	XP_001635901.1
XP_044183524.1	XP_001635901.1
XP_044183524.1	XP_048579571.1
XP_044183524.1	XP_031557029.1
XP_044183524.1	CAB3991392.1
XP_044183524.1	XP_028393501.1
XP_044183524.1	XP_015749012.1
XP_044183524.1	XP_015749007.1
XP_044183524.1	XP_015749008.1
XP_044183524.1	XP_015749009.1
XP_044183524.1	XP_015749010.1
XP_044183524.1	XP_015749011.1
XP_044183524.1	XP_015762595.1
XP_044183524.1	XP_044183522.1
XP_044183524.1	XP_044183523.1
XP_044183524.1	XP_044183861.1
XP_044183524.1	XP_015769422.1
XP_044183524.1	XP_015769424.1
XP_044183524.1	XP_029197695.1
XP_044183524.1	XP_029197697.1
XP_044183524.1	XP_029197695.1
XP_044183524.1	XP_029197697.1
XP_044183524.1	KAK2560551.1
XP_044183524.1	XP_015769423.1
XP_044183524.1	XP_029197696.1
XP_044183524.1	XP_029197696.1
XP_044183524.1	XP_067039327.1
XP_044183524.1	XP_029186729.1
XP_044183524.1	XP_015749006.1
XP_044183524.1	XP_044183525.1
XP_044183524.1	XP_044183591.1
XP_044183524.1	XP_044183730.1
XP_044183524.1	XP_044183869.1
XP_044183524.1	XP_067019305.1
XP_044183524.1	XP_031557038.1
XP_044183524.1	XP_031557036.1
XP_044183524.1	XP_031557039.1
XP_044183524.1	XP_031557037.1
XP_044183524.1	XP_029213740.2
XP_044183524.1	XP_029213740.1
XP_044183524.1	XP_029213742.1
XP_044183524.1	XP_029213742.2
XP_044183524.1	XP_046860425.1
XP_044183524.1	XP_073230683.1
XP_044183524.1	CAH3154053.1
XP_044183524.1	CAH3128329.1
XP_044183524.1	XP_028405339.1
XP_044183524.1	XP_028405335.1
XP_044183524.1	XP_046841982.1
XP_044183524.1	XP_068744420.1
XP_044183524.1	XP_068744421.1
XP_044183524.1	XP_068744422.1
XP_044183524.1	XP_068744418.1
XP_044183524.1	XP_068710921.1
XP_044183705.1	XP_044183705.1
XP_044184951.1	XP_044184951.1
XP_046841662.1	XP_046841662.1
XP_046841662.1	XP_046841663.1
XP_046841662.1	XP_046841664.1
XP_046841726.1	XP_046841726.1
XP_046841726.1	XP_046841724.1
XP_046841726.1	XP_046841725.1
XP_046841726.1	XP_046841727.1
XP_046842764.1	XP_046842764.1
XP_046842764.1	XP_028410140.1
XP_046842764.1	XP_028410141.1
XP_046842764.1	XP_028410142.1
XP_046842764.1	CAB4016570.1
XP_046843757.1	XP_046843757.1
XP_046843757.1	XP_046843758.1
XP_046843757.1	XP_046843760.1
XP_046843757.1	XP_046843761.1
XP_046843757.1	XP_046843762.1
XP_046843757.1	XP_046843763.1
XP_046843757.1	XP_046843764.1
XP_046843757.1	XP_046843765.1
XP_046843757.1	XP_046843766.1
XP_046843757.1	XP_046843767.1
XP_046843757.1	XP_046843768.1
XP_046843757.1	XP_046843769.1
XP_046843757.1	XP_046843770.1
XP_046843757.1	XP_046843771.1
XP_046843757.1	XP_046843772.1
XP_046843823.1	XP_046843823.1
XP_046843866.1	XP_046843866.1
XP_046843876.1	XP_046843876.1
XP_046843876.1	XP_046843878.1
XP_046843876.1	XP_046843879.1
XP_046843876.1	XP_046843880.1
XP_046844012.1	XP_046844012.1
XP_046844012.1	XP_046844013.1
XP_046844012.1	XP_046844016.1
XP_046844012.1	XP_046863828.1
XP_046844012.1	XP_046863829.1
XP_046844064.1	XP_046844064.1
XP_046844064.1	CAB4015806.1
XP_046844064.1	CAB4015807.1
XP_046844383.1	XP_046844383.1
XP_046844383.1	XP_046844384.1
XP_046844383.1	XP_046844385.1
XP_046844383.1	XP_046844386.1
XP_046844383.1	XP_046844387.1
XP_046844383.1	XP_046844388.1
XP_046844383.1	XP_046844389.1
XP_046844383.1	XP_046844390.1
XP_046844383.1	XP_046844391.1
XP_046844383.1	XP_046844392.1
XP_046844383.1	XP_046844393.1
XP_046844383.1	XP_046844394.1
XP_046844383.1	XP_046844395.1
XP_046844383.1	XP_046844396.1
XP_046844383.1	XP_046844398.1
XP_046844383.1	XP_046844399.1
XP_046844383.1	XP_046844400.1
XP_046844383.1	XP_046844401.1
XP_046844383.1	XP_046844402.1
XP_046844383.1	XP_046844403.1
XP_046844383.1	XP_046844404.1
XP_046844383.1	XP_046844405.1
XP_046844383.1	XP_046844406.1
XP_046844383.1	XP_046844407.1
XP_046844383.1	XP_046844408.1
XP_046844383.1	XP_046844409.1
XP_046844383.1	XP_046844410.1
XP_046844383.1	XP_046844411.1
XP_046844383.1	XP_046844412.1
XP_046844383.1	XP_046844414.1
XP_046844383.1	XP_046844415.1
XP_046844383.1	XP_046844416.1
XP_046844383.1	XP_046844417.1
XP_046844383.1	XP_046844418.1
XP_046844383.1	XP_046844419.1
XP_046844383.1	XP_046844420.1
XP_046844383.1	XP_046844421.1
XP_046844383.1	XP_046844422.1
XP_046844383.1	XP_046844423.1
XP_046844383.1	XP_046844425.1
XP_046844383.1	XP_046844426.1
XP_046844383.1	XP_046844427.1
XP_046844383.1	XP_046844429.1
XP_046844383.1	XP_046844430.1
XP_046844383.1	XP_046844431.1
XP_046844383.1	XP_046844432.1
XP_046844383.1	XP_046844433.1
XP_046844383.1	XP_046844434.1
XP_048577267.1	XP_048577267.1
XP_048577267.1	XP_048577266.1
XP_048577267.1	XP_048577268.1
XP_048577267.1	XP_048577270.1
XP_048577273.1	XP_048577273.1
XP_048577273.1	XP_032232481.1
XP_048577716.1	XP_048577716.1
XP_048577716.1	XP_048577715.1
XP_048577716.1	CAB4006562.1
XP_048577716.1	CAB4006563.1
XP_048577716.1	XP_028393278.1
XP_048577716.1	XP_046860450.1
XP_048578794.1	XP_048578794.1
XP_048578794.1	XP_048578792.1
XP_048578794.1	XP_048578793.1
XP_048578794.1	XP_032225076.1
XP_048587111.1	XP_048587111.1
XP_048587111.1	XP_032228033.1
XP_048587111.1	XP_048587112.1
XP_048587111.1	XP_048587114.1
XP_048587111.1	XP_048587116.1
XP_048587111.1	XP_048587117.1
XP_048587118.1	XP_048587118.1
XP_048587118.1	XP_048587113.1
XP_048590151.1	XP_048590151.1
XP_048590455.1	XP_048590455.1
XP_073228550.1	XP_073228550.1
XP_073228555.1	XP_073228555.1
XP_073228555.1	CAH3170138.1
XP_073228766.1	XP_073228766.1
XP_073228766.1	CAH3027588.1
XP_073228766.1	CAH3046952.1
XP_073228766.1	XP_073228767.1
XP_073229688.1	XP_073229688.1
XP_073231005.1	XP_073231005.1
XP_073231005.1	XP_044169043.1
XP_073231005.1	XP_029181095.1
XP_073231005.1	XP_022804838.1
XP_073231005.1	XP_044169022.1
XP_073231005.1	XP_044169024.1
XP_073231005.1	XP_044169025.1
XP_073231005.1	XP_068754005.1
XP_073231005.1	XP_068754006.1
XP_073231005.1	XP_068754007.1
XP_073231005.1	XP_044166037.1
XP_073231005.1	XP_029180064.1
XP_073231005.1	XP_044166039.1
XP_073231005.1	XP_044166041.1
XP_073231005.1	XP_044166036.1
XP_073231005.1	XP_044166040.1
XP_073231005.1	XP_044166042.1
XP_073231005.1	XP_044169013.1
XP_073231005.1	XP_044169026.1
XP_073231005.1	XP_068699870.1
XP_073231005.1	XP_068699871.1
XP_073231005.1	XP_068699872.1
XP_073231005.1	XP_068699873.1
XP_073231005.1	XP_068699874.1
XP_073231005.1	XP_068699875.1
XP_073231700.1	XP_073231700.1
XP_073233524.1	XP_073233524.1
XP_073234721.1	XP_073234721.1
XP_073234721.1	XP_073234719.1
XP_073234721.1	XP_058967598.1
XP_073234721.1	XP_058967597.1
XP_073234721.1	XP_068739694.1
XP_073234721.1	XP_068739700.1
XP_073234721.1	XP_068739706.1
XP_073234721.1	XP_068739714.1
XP_073234739.1	XP_073234739.1
XP_073234739.1	XP_073234740.1
XP_073234739.1	XP_073234741.1
XP_073234739.1	XP_073234742.1
XP_073234739.1	XP_073234743.1
XP_073236312.1	XP_073236312.1
XP_073236312.1	CAH3015109.1
XP_073236312.1	CAH3121128.1
XP_073236312.1	XP_020625016.1
XP_073236312.1	XP_073236313.1
XP_073236312.1	CAH3121132.1
XP_073236312.1	XP_068715322.1
XP_073236312.1	XP_068741477.1
XP_073236312.1	XP_068741551.1
XP_073236312.1	XP_068715321.1
XP_073236312.1	XP_068715323.1
XP_073236312.1	XP_015756007.1
XP_073236312.1	XP_015756008.1
XP_073236312.1	XP_015756009.1
XP_073236312.1	XP_015756011.1
XP_073236312.1	XP_015756012.1
XP_073236312.1	XP_029200195.1
XP_073236312.1	XP_029200196.1
XP_073236312.1	XP_029200197.1
XP_073236312.1	XP_029200198.1
XP_073236312.1	XP_029200199.1
XP_073236312.1	XP_029200200.1
XP_073236312.1	XP_029200195.2
XP_073236312.1	XP_029200196.2
XP_073236312.1	XP_029200197.2
XP_073236312.1	XP_029200198.2
XP_073236312.1	XP_029200199.2
XP_073236312.1	XP_044178947.1
XP_073236312.1	XP_044178948.1
XP_073236312.1	XP_044178949.1
XP_073236312.1	XP_044178950.1
XP_073236312.1	XP_044178951.1
XP_073236312.1	XP_067022691.1
XP_073236312.1	XP_067022692.1
XP_073236312.1	XP_067022693.1
XP_073236312.1	XP_067022694.1
XP_073236312.1	XP_067022695.1
XP_073236312.1	XP_067022696.1
XP_073237481.1	XP_073237481.1
XP_073237481.1	CAH3140156.1
XP_073237481.1	XP_058960282.1
XP_073237481.1	XP_073228553.1
XP_073237481.1	CAH3162589.1
XP_073240961.1	XP_073240961.1
XP_073240961.1	CAH3014050.1
XP_073240961.1	CAH3142098.1
XP_073240961.1	XP_068734582.1
XP_073240961.1	XP_068732966.1
XP_073240961.1	CAH3180467.1
XP_073240961.1	XP_015749583.1
XP_073240961.1	XP_015749582.1
XP_073240961.1	XP_027040607.1
XP_073240961.1	XP_068760053.1
XP_073240961.1	XP_068712597.1
XP_073240961.1	XP_073247252.1
XP_073240961.1	CAH3157232.1
XP_073241821.1	XP_073241821.1
XP_073241871.1	XP_073241871.1
XP_073241871.1	XP_073241870.1
XP_073242188.1	XP_073242188.1
XP_073242188.1	XP_022789059.1
XP_073242361.1	XP_073242361.1
XP_073242696.1	XP_073242696.1
XP_073242696.1	CAH3169140.1
XP_073242696.1	XP_020615114.1
XP_073242696.1	KAJ7360228.1
XP_073242696.1	XP_027057149.1
XP_073242696.1	CAH3142890.1
XP_073242696.1	XP_022794407.1
XP_073242696.1	XP_058965338.1
XP_073242696.1	XP_058965338.2
XP_073242696.1	XP_015764809.1
XP_073242696.1	KAK2566880.1
XP_073242696.1	XP_029195570.1
XP_073242696.1	XP_029195571.1
XP_073242696.1	XP_044178979.1
XP_073242696.1	XP_044178983.1
XP_073242696.1	XP_044178988.1
XP_073242696.1	XP_067057065.1
XP_073242696.1	XP_067057066.1
XP_073242696.1	XP_067057067.1
XP_073242696.1	XP_067057112.1
XP_073242696.1	XP_073242990.1
XP_073242696.1	CAH3169119.1
XP_073243166.1	XP_073243166.1
XP_073243825.1	XP_073243825.1
XP_073243825.1	CAH3024129.1
XP_073243825.1	CAH3169135.1
XP_073243825.1	XP_073243308.1
XP_073243825.1	CAH3142899.1
XP_073243825.1	XP_058965202.2
XP_073243825.1	XP_027056848.1
XP_073243825.1	XP_058965202.1
XP_073243825.1	XP_068695044.1
XP_073243825.1	XP_068728195.1
XP_073243825.1	XP_068739984.1
XP_073243825.1	XP_068695045.1
XP_073243825.1	XP_068695046.1
XP_073243825.1	XP_015770124.1
XP_073243825.1	XP_067057113.1
XP_073243825.1	XP_022794400.1
XP_073243825.1	XP_022794401.1
XP_073243825.1	XP_058965377.1
XP_073243825.1	XP_020605666.1
XP_073243825.1	XP_068728184.1
XP_073243825.1	XP_067057097.1
XP_073243825.1	XP_067057098.1
XP_073243825.1	XP_067057099.1
XP_073243825.1	XP_067057118.1
XP_073243825.1	XP_067057119.1
XP_073243825.1	XP_067057120.1
XP_073243825.1	XP_068728420.1
XP_073243827.1	XP_073243827.1
XP_073244178.1	XP_073244178.1
XP_073244178.1	KAK2555587.1
XP_073247094.1	XP_073247094.1
XP_073248384.1	XP_073248384.1
XP_073250252.1	XP_073250252.1
XP_073250252.1	XP_073251758.1
XP_073251145.1	XP_073251145.1
XP_073251918.1	XP_073251918.1
XP_073251935.1	XP_073251935.1
XP_073254454.1	XP_073254454.1
XP_073254454.1	CAH3038993.1
XP_073259161.1	XP_073259161.1
XP_022805167.1	XP_022805167.1
XP_022805599.1	XP_022805599.1
XP_022806615.1	XP_022806615.1
XP_022807056.1	XP_022807056.1
XP_022807201.1	XP_022807201.1
XP_022807201.1	XP_022807202.1
XP_022807201.1	XP_022807203.1
XP_022807201.1	XP_022807204.1
XP_022807201.1	XP_022807205.1
XP_022807201.1	CAH3160770.1
XP_022807201.1	XP_015748514.1
XP_022807201.1	XP_067040284.1
XP_022807201.1	XP_067040285.1
XP_022807201.1	XP_067040286.1
XP_022807201.1	XP_067040287.1
XP_022807648.1	XP_022807648.1
XP_022807648.1	CAH3164222.1
XP_022807648.1	XP_027038815.1
XP_022807648.1	XP_022806861.1
XP_022807648.1	XP_022806860.1
XP_022807648.1	XP_022806863.1
XP_022807648.1	XP_022806862.1
XP_022807648.1	CAH3164216.1
XP_022807648.1	XP_058973410.1
XP_022807648.1	XP_066019518.1
XP_022807648.1	XP_066019524.1
XP_022807648.1	XP_066019529.1
XP_022807648.1	XP_066019532.1
XP_022807648.1	XP_066019536.1
XP_022807648.1	XP_066019541.1
XP_022807648.1	XP_066019545.1
XP_022807648.1	XP_027046688.1
XP_022807648.1	CAH3139807.1
XP_022807648.1	XP_058967975.2
XP_022807648.1	XP_058948585.1
XP_022807648.1	XP_058967975.1
XP_022807648.1	XP_058973652.1
XP_022807648.1	XP_066023670.1
XP_022808324.1	XP_022808324.1
XP_022808324.1	XP_022808325.1
XP_022808324.1	XP_022808327.1
XP_022808328.1	XP_022808328.1
XP_022808465.1	XP_022808465.1
XP_022808465.1	XP_022808464.1
XP_022808473.1	XP_022808473.1
XP_022808473.1	XP_058956659.1
XP_022808473.1	XP_022791905.1
XP_022808473.1	XP_022791906.1
XP_022808473.1	XP_022791907.1
XP_022808871.1	XP_022808871.1
XP_022808878.1	XP_022808878.1
XP_022808878.1	XP_022808879.1
XP_022808878.1	XP_022808880.1
XP_022808878.1	CAH3045218.1
XP_022808878.1	CAH3014810.1
XP_022808878.1	XP_073237442.1
XP_022808878.1	XP_020604332.1
XP_022808878.1	XP_022799011.1
XP_022808878.1	XP_022799010.1
XP_022808878.1	XP_058956685.1
XP_022808878.1	XP_058956755.1
XP_022808906.1	XP_022808906.1
XP_022808913.1	XP_022808913.1
XP_022809042.1	XP_022809042.1
XP_022809042.1	XP_022809041.1
XP_022809066.1	XP_022809066.1
XP_022809066.1	XP_020601368.1
XP_022809359.1	XP_022809359.1
XP_022809862.1	XP_022809862.1
XP_022809862.1	XP_022809861.1
XP_022809911.1	XP_022809911.1
XP_022809911.1	XP_022809910.1
XP_022810005.1	XP_022810005.1
XP_027038492.1	XP_027038492.1
XP_027039243.1	XP_027039243.1
XP_027039243.1	KAJ7361989.1
XP_027039243.1	XP_073239824.1
XP_027039243.1	XP_058942238.1
XP_027039243.1	XP_058959241.1
XP_027040273.1	XP_027040273.1
XP_027040273.1	XP_022799013.1
XP_027040273.1	XP_022799012.1
XP_027043735.1	XP_027043735.1
XP_027043735.1	XP_027043736.1
XP_027043735.1	XP_066021730.1
XP_027043735.1	XP_022806783.1
XP_027043735.1	XP_058969237.1
XP_027043735.1	CAH3037806.1
XP_027043735.1	XP_066021729.1
XP_027043735.1	KAJ7339409.1
XP_027043735.1	XP_020630807.1
XP_027043735.1	XP_020630808.1
XP_027043735.1	XP_020630809.1
XP_027043735.1	XP_022800369.1
XP_027043735.1	XP_022800368.1
XP_027043735.1	XP_068734802.1
XP_027043735.1	XP_068695869.1
XP_027045049.1	XP_027045049.1
XP_022790757.1	XP_022790757.1
XP_022790772.1	XP_022790772.1
XP_022790772.1	XP_022790771.1
XP_022790772.1	CAH3186888.1
XP_022790772.1	XP_058942447.2
XP_022790772.1	CAH3161796.1
XP_022790772.1	XP_027055137.1
XP_022790772.1	XP_058942447.1
XP_022790772.1	XP_066016219.1
XP_022790772.1	XP_066016220.1
XP_022791720.1	XP_022791720.1
XP_022791722.1	XP_022791722.1
XP_022791902.1	XP_022791902.1
XP_022791902.1	XP_022791901.1
XP_022792911.1	XP_022792911.1
XP_022792920.1	XP_022792920.1
XP_022793002.1	XP_022793002.1
XP_022794414.1	XP_022794414.1
XP_022794414.1	KAJ7360236.1
XP_022794414.1	XP_067057088.1
XP_022794581.1	XP_022794581.1
XP_022795821.1	XP_022795821.1
XP_022797964.1	XP_022797964.1
XP_022798204.1	XP_022798204.1
XP_022799009.1	XP_022799009.1
XP_022799466.1	XP_022799466.1
XP_022799486.1	XP_022799486.1
XP_022799486.1	XP_020629695.1
XP_022799486.1	XP_020629694.1
XP_022799486.1	XP_058941052.2
XP_022799486.1	CAH3046065.1
XP_022799486.1	XP_027058014.1
XP_022799486.1	XP_058941052.1
XP_022799486.1	XP_068702782.1
XP_022799486.1	XP_068719248.1
XP_022799486.1	XP_073254334.1
XP_022799486.1	CAH3127361.1
XP_022799486.1	CAH3191869.1
XP_022799486.1	CAH3191871.1
XP_022799508.1	XP_022799508.1
XP_022802001.1	XP_022802001.1
XP_022802332.1	XP_022802332.1
XP_022802696.1	XP_022802696.1
XP_022802696.1	XP_020612656.1
XP_022802696.1	XP_058960490.1
XP_022802850.1	XP_022802850.1
XP_022802850.1	XP_022802848.1
XP_022803051.1	XP_022803051.1
XP_022803160.1	XP_022803160.1
XP_022803160.1	XP_022806854.1
XP_022803160.1	XP_022806853.1
XP_022803160.1	XP_022806857.1
XP_022803160.1	XP_022806856.1
XP_022804993.1	XP_022804993.1
XP_022804993.1	XP_022804992.1
XP_022804993.1	XP_058969184.1
XP_022804993.1	XP_068687584.1
XP_022804993.1	KAK2553272.1
XP_022804993.1	KAK2553273.1
XP_022804993.1	CAH3191510.1
XP_022804994.1	XP_022804994.1
XP_022805163.1	XP_022805163.1
XP_029209624.2	XP_029209624.2
XP_029209625.2	XP_029209625.2
XP_044163247.1	XP_044163247.1
XP_044163247.1	XP_015759335.1
XP_044163247.1	XP_044163248.1
XP_044163247.1	XP_044163249.1
XP_044163247.1	XP_029209176.1
XP_044163247.1	XP_029209175.1
XP_044163247.1	XP_031549034.1
XP_044163247.1	XP_031549033.1
XP_044163247.1	XP_031549035.1
XP_044163247.1	XP_044163731.1
XP_044164847.1	XP_044164847.1
XP_044164847.1	XP_067049588.1
XP_044166057.1	XP_044166057.1
XP_044166057.1	XP_044166799.1
XP_044166057.1	XP_044166800.1
XP_044166057.1	XP_044166801.1
XP_044166057.1	XP_044166802.1
XP_044166057.1	XP_067041881.1
XP_044166057.1	KAK2546776.1
XP_044166057.1	XP_027042352.1
XP_044166057.1	CAH3039952.1
XP_044166057.1	XP_029183906.1
XP_044166057.1	XP_029183907.1
XP_044166057.1	XP_029183908.1
XP_044166057.1	XP_044167717.1
XP_044166057.1	CAH3186130.1
XP_044166057.1	CAH3143354.1
XP_044166057.1	CAH3158508.1
XP_044166057.1	CAH3120772.1
XP_044166057.1	CAH3184168.1
XP_044166057.1	CAH3132945.1
XP_044166057.1	XP_073250530.1
XP_044166057.1	CAH3029534.1
XP_044166057.1	XP_020601392.1
XP_044166057.1	XP_020601391.1
XP_044166057.1	XP_029207604.1
XP_044166057.1	XP_029207605.1
XP_044166057.1	XP_029207606.1
XP_044166057.1	XP_032225444.1
XP_044166057.1	CAH3196539.1
XP_044166057.1	XP_015773634.1
XP_044166057.1	XP_020615698.1
XP_044166057.1	XP_029191880.1
XP_044166057.1	XP_044174105.1
XP_044166057.1	XP_067040002.1
XP_044166057.1	XP_015776126.1
XP_044166057.1	XP_067040003.1
XP_044166057.1	XP_067040004.1
XP_044166057.1	XP_067040005.1
XP_044166057.1	XP_067041647.1
XP_044166057.1	XP_067041648.1
XP_044166057.1	XP_067041649.1
XP_044166057.1	XP_073254141.1
XP_044166057.1	CAH3033076.1
XP_044166057.1	XP_073253412.1
XP_044166057.1	XP_068699878.1
XP_044166057.1	XP_022797973.1
XP_044166057.1	XP_067044927.1
XP_044166057.1	XP_068756061.1
XP_044167138.1	XP_044167138.1
XP_044167718.1	XP_044167718.1
XP_044167723.1	XP_044167723.1
XP_044169019.1	XP_044169019.1
XP_044169021.1	XP_044169021.1
XP_044169034.1	XP_044169034.1
XP_044169034.1	XP_044166804.1
XP_044169034.1	XP_044166806.1
XP_044169034.1	XP_044166807.1
XP_044169721.1	XP_044169721.1
XP_044169721.1	XP_029202572.1
XP_044169721.1	XP_015777665.1
XP_044169721.1	XP_029202601.1
XP_044169721.1	XP_015777666.1
XP_044169721.1	XP_015777667.1
XP_044169721.1	XP_015777668.1
XP_044169721.1	XP_029202602.1
XP_044169721.1	XP_029202603.1
XP_044169721.1	XP_044169717.1
XP_044169721.1	XP_044169718.1
XP_044169721.1	XP_067043941.1
XP_044169721.1	XP_067043942.1
XP_044169721.1	XP_067043943.1
XP_044169721.1	XP_067043944.1
XP_044169721.1	XP_029202605.1
XP_044169721.1	XP_029202605.2
XP_044169721.1	XP_044184793.1
XP_044169721.1	XP_067043939.1
XP_044169721.1	XP_067045412.1
XP_044169721.1	XP_022780050.1
XP_044169721.1	XP_027046981.1
XP_044169721.1	CAH3106550.1
XP_044169721.1	XP_066026689.1
XP_044169721.1	XP_067043623.1
XP_044169721.1	KAK2569047.1
XP_044169721.1	XP_067043625.1
XP_044169721.1	XP_067043940.1
XP_044169721.1	XP_029202600.1
XP_044169721.1	XP_029202600.2
XP_044169721.1	XP_058949882.2
XP_044169721.1	CAH3106282.1
XP_044169721.1	XP_027050267.1
XP_044169721.1	XP_058949882.1
XP_044169721.1	XP_058969004.2
XP_044169721.1	XP_058969004.1
XP_044169721.1	XP_066026686.1
XP_044169721.1	XP_066026687.1
XP_044169721.1	XP_066026688.1
XP_044169721.1	CAH3106553.1
XP_044169721.1	XP_022782046.1
XP_044169721.1	XP_068673816.1
XP_044169721.1	XP_068717473.1
XP_044169721.1	XP_068717475.1
XP_044169721.1	XP_068717476.1
XP_044169721.1	XP_068673817.1
XP_044169721.1	XP_068673818.1
XP_044169721.1	XP_068673819.1
XP_044169721.1	XP_068717474.1
XP_044169721.1	XP_068717472.1
XP_044169721.1	XP_068761211.1
XP_044169721.1	XP_068761212.1
XP_044169721.1	XP_068761210.1
XP_044169721.1	XP_068673822.1
XP_044169721.1	XP_068673820.1
XP_044169721.1	XP_068673823.1
XP_044170368.1	XP_044170368.1
XP_044170368.1	XP_044167720.1
XP_044170368.1	XP_015768825.1
XP_044170368.1	XP_015768852.1
XP_044170368.1	XP_029179352.2
XP_044170368.1	XP_044170661.1
XP_044170368.1	CAB4039025.1
XP_046862156.1	XP_046862156.1
XP_046862324.1	XP_046862324.1
XP_046862398.1	XP_046862398.1
XP_046862415.1	XP_046862415.1
XP_046862416.1	XP_046862416.1
XP_046862416.1	XP_046862385.1
XP_046862416.1	XP_046862154.1
XP_046862416.1	XP_046862153.1
XP_046862416.1	XP_046862425.1
XP_046862416.1	XP_046862010.1
XP_046862416.1	XP_046862389.1
XP_046862435.1	XP_046862435.1
XP_046862440.1	XP_046862440.1
XP_046862440.1	XP_046862432.1
XP_046862471.1	XP_046862471.1
XP_046862482.1	XP_046862482.1
XP_046862483.1	XP_046862483.1
XP_058941096.1	XP_058941096.1
XP_058942139.1	XP_058942139.1
XP_058942644.1	XP_058942644.1
XP_058942644.1	XP_058949715.1
XP_058942644.1	XP_022789209.1
XP_058942644.1	XP_058970073.1
XP_058942644.1	XP_058971800.1
XP_058942644.1	CAH3117663.1
XP_058942644.1	XP_058942643.1
XP_058942644.1	XP_058963279.1
XP_058942644.1	XP_058963282.1
XP_058942644.1	XP_058971807.1
XP_058942644.1	XP_066019306.1
XP_058942644.1	XP_066019307.1
XP_058942644.1	XP_066019308.1
XP_058942644.1	XP_066019799.1
XP_058942644.1	XP_066019798.1
XP_058942644.1	XP_066019795.1
XP_058942644.1	CAH3117371.1
XP_058942644.1	XP_066019796.1
XP_058942644.1	XP_066019797.1
XP_058943713.1	XP_058943713.1
XP_058943713.1	XP_058943710.1
XP_058943713.1	XP_058943709.1
XP_058943713.1	XP_058943711.1
XP_058943713.1	XP_058960496.1
XP_058943713.1	XP_058943712.1
XP_058943713.1	XP_058960497.1
XP_058943713.1	XP_058960494.1
XP_058943713.1	XP_058960495.1
XP_058943713.1	XP_058960498.1
XP_058943713.1	XP_058960499.1
XP_058943713.1	XP_058960495.2
XP_058943723.1	XP_058943723.1
XP_058943723.1	XP_058960470.1
XP_058943723.1	XP_022783122.1
XP_058943723.1	CAH3041126.1
XP_058943723.1	CAH3168205.1
XP_058943723.1	XP_027047335.1
XP_058943723.1	XP_058960480.1
XP_058943723.1	XP_066020105.1
XP_058943723.1	XP_022802693.1
XP_058943723.1	XP_058943725.1
XP_058943723.1	XP_029186608.1
XP_058943723.1	XP_029186609.1
XP_058943723.1	XP_044167122.1
XP_058943723.1	XP_068707166.1
XP_058943723.1	XP_068725402.1
XP_058943723.1	XP_068725403.1
XP_058943723.1	XP_068725407.1
XP_058943723.1	XP_068688150.1
XP_058943723.1	XP_068688916.1
XP_058943723.1	XP_068689747.1
XP_058943723.1	XP_068690378.1
XP_058943723.1	XP_068690881.1
XP_058943723.1	XP_068691343.1
XP_058943723.1	XP_068691824.1
XP_058943723.1	XP_068691936.1
XP_058943723.1	XP_068691995.1
XP_058943723.1	XP_068692060.1
XP_058943723.1	XP_068707233.1
XP_058943723.1	XP_068707281.1
XP_058943723.1	XP_068707372.1
XP_058943723.1	XP_068707423.1
XP_058943723.1	XP_068707471.1
XP_058943723.1	XP_068707522.1
XP_058943723.1	XP_068707598.1
XP_058943723.1	XP_068707642.1
XP_058943723.1	XP_068707687.1
XP_058943723.1	XP_068721272.1
XP_058943723.1	XP_068721271.1
XP_058943723.1	XP_068725399.1
XP_058943723.1	XP_068725400.1
XP_058943723.1	XP_068725397.1
XP_058943723.1	XP_068725401.1
XP_058943723.1	XP_068725398.1
XP_058943723.1	XP_068725406.1
XP_058943723.1	XP_068689461.1
XP_058943723.1	XP_068687500.1
XP_058943723.1	XP_068689854.1
XP_058943723.1	XP_068691715.1
XP_058943723.1	XP_068691877.1
XP_058943723.1	XP_068692130.1
XP_058943723.1	XP_068692195.1
XP_058943723.1	XP_068692260.1
XP_058943723.1	XP_068707560.1
XP_058943723.1	XP_068707274.1
XP_058943724.1	XP_058943724.1
XP_058946750.1	XP_058946750.1
XP_058946750.1	XP_027045778.1
XP_058947983.1	XP_058947983.1
XP_058947983.1	CAH3160213.1
XP_058947983.1	XP_058947984.1
XP_058947983.1	XP_066023849.1
XP_058947983.1	XP_015748513.1
XP_058947983.1	XP_015748512.1
XP_058947983.1	CAH3045202.1
XP_058947983.1	XP_020616999.1
XP_058947983.1	XP_020616997.1
XP_058947983.1	XP_020631559.1
XP_058947983.1	XP_020631558.1
XP_058947983.1	XP_029210230.1
XP_058947983.1	XP_029205489.1
XP_058947983.1	XP_015760057.1
XP_058947983.1	XP_015760058.1
XP_058947983.1	XP_015760059.1
XP_058947983.1	XP_015760060.1
XP_058947983.1	XP_015760061.1
XP_058947983.1	XP_015760062.1
XP_058947983.1	XP_015760063.1
XP_058947983.1	XP_015760065.1
XP_058947983.1	XP_015760066.1
XP_058947983.1	XP_015760067.1
XP_058947983.1	XP_015760068.1
XP_058947983.1	XP_015760069.1
XP_058947983.1	XP_015760070.1
XP_058947983.1	XP_015760071.1
XP_058947983.1	XP_015760072.1
XP_058947983.1	XP_044167732.1
XP_058947983.1	XP_044167733.1
XP_058947983.1	XP_044167734.1
XP_058947983.1	XP_067040336.1
XP_058947983.1	XP_067040338.1
XP_058947983.1	CAH3045164.1
XP_058947983.1	XP_029205491.1
XP_058947983.1	XP_029205487.1
XP_058947983.1	XP_044169035.1
XP_058947983.1	XP_029210235.1
XP_058947983.1	XP_029210236.1
XP_058947983.1	XP_044169036.1
XP_058947983.1	XP_044170370.1
XP_058947983.1	XP_068700371.1
XP_058947983.1	XP_058967623.1
XP_058947983.1	CAH3139819.1
XP_058947983.1	XP_058967586.1
XP_058947983.1	XP_058973093.1
XP_058947983.1	XP_066019561.1
XP_058947983.1	XP_066014655.1
XP_058947983.1	XP_027059841.1
XP_058947983.1	XP_027059842.1
XP_058947983.1	XP_066014659.1
XP_058947983.1	XP_066014660.1
XP_058947983.1	XP_066014665.1
XP_058947983.1	XP_066014667.1
XP_058947983.1	XP_066014670.1
XP_058947983.1	XP_066014676.1
XP_058947983.1	CAH3139823.1
XP_058947983.1	XP_058973095.1
XP_058947983.1	XP_022791900.1
XP_058947983.1	XP_058956756.1
XP_058947983.1	XP_066019551.1
XP_058947983.1	XP_066019554.1
XP_058947983.1	XP_068705830.1
XP_058947983.1	XP_068736786.1
XP_058947983.1	XP_068736787.1
XP_058947983.1	XP_068736788.1
XP_058947983.1	XP_068736790.1
XP_058947983.1	XP_068736791.1
XP_058947983.1	XP_068705814.1
XP_058947983.1	XP_068705815.1
XP_058947983.1	XP_068705816.1
XP_058947983.1	XP_068705831.1
XP_058947983.1	XP_068705832.1
XP_058947983.1	XP_068705833.1
XP_058947983.1	XP_068705834.1
XP_058947983.1	XP_068705836.1
XP_058947983.1	XP_068705828.1
XP_058947983.1	XP_068705829.1
XP_058947983.1	XP_068705837.1
XP_058947983.1	XP_068705838.1
XP_058947983.1	XP_068705839.1
XP_058947983.1	XP_068707614.1
XP_058947983.1	XP_068721351.1
XP_058949216.1	XP_058949216.1
XP_058950280.1	XP_058950280.1
XP_058950280.1	XP_058950279.1
XP_058951380.1	XP_058951380.1
XP_058953423.1	XP_058953423.1
XP_058953423.1	XP_020614378.1
XP_058953423.1	XP_020614377.1
KAJ7318903.1	KAJ7318903.1
KAJ7326127.1	KAJ7326127.1
KAJ7326127.1	XP_022789031.1
KAJ7326127.1	XP_022789030.1
KAJ7326133.1	KAJ7326133.1
KAJ7327373.1	KAJ7327373.1
KAJ7339414.1	KAJ7339414.1
KAJ7339480.1	KAJ7339480.1
KAJ7339480.1	XP_015773825.1
KAJ7339480.1	XP_022783805.1
KAJ7339480.1	XP_073244483.1
KAJ7339480.1	XP_073244482.1
KAJ7339480.1	XP_022783809.1
KAJ7339480.1	XP_027041833.1
KAJ7339480.1	XP_027041834.1
KAJ7339480.1	XP_027041835.1
KAJ7339480.1	XP_058969305.1
KAJ7339480.1	KAJ7339475.1
KAJ7339480.1	CAH3183533.1
KAJ7339480.1	CAH3023845.1
KAJ7339480.1	XP_020629252.1
KAJ7339480.1	XP_020629251.1
KAJ7339480.1	XP_020629207.1
KAJ7339480.1	XP_020629208.1
KAJ7339480.1	XP_020629209.1
KAJ7339480.1	XP_020629260.1
KAJ7339480.1	XP_058969253.1
KAJ7340231.1	KAJ7340231.1
KAJ7340231.1	CAH3143507.1
KAJ7340231.1	XP_073245101.1
KAJ7340231.1	XP_029179863.2
KAJ7340231.1	XP_029179863.1
KAJ7340231.1	XP_044163180.1
KAJ7340231.1	XP_067044578.1
KAJ7340231.1	KAK2571920.1
KAJ7340231.1	XP_020618409.1
KAJ7340231.1	XP_020618408.1
KAJ7340231.1	XP_058964389.2
KAJ7340231.1	CAH3137894.1
KAJ7340231.1	XP_027056956.1
KAJ7340231.1	XP_058964389.1
KAJ7340231.1	XP_022785120.1
KAJ7340231.1	XP_022785122.1
KAJ7340231.1	XP_022785123.1
KAJ7340231.1	XP_068675130.1
KAJ7340231.1	XP_068675129.1
KAJ7340231.1	XP_048576259.1
KAJ7340231.1	XP_032242740.1
KAJ7340231.1	XP_048576260.1
KAJ7340231.1	XP_048576261.1
KAJ7349508.1	KAJ7349508.1
KAJ7360206.1	KAJ7360206.1
KAJ7360206.1	CAH3040630.1
KAJ7360206.1	XP_029185209.1
KAJ7360206.1	XP_015776373.1
KAJ7360206.1	XP_015776374.1
KAJ7360206.1	XP_029185210.1
KAJ7360206.1	XP_058941639.1
KAJ7360206.1	XP_032241888.1
KAJ7360206.1	XP_032241888.1
KAJ7360206.1	KAK2569165.1
KAJ7360206.1	CAH3041722.1
KAJ7360206.1	XP_029185084.1
KAJ7360206.1	CAH3138407.1
KAJ7360206.1	XP_020912986.1
KAJ7360206.1	XP_031554678.1
KAJ7360209.1	KAJ7360209.1
KAJ7360233.1	KAJ7360233.1
KAJ7360233.1	KAJ7360232.1
KAJ7361869.1	KAJ7361869.1
KAJ7363111.1	KAJ7363111.1
KAJ7363114.1	KAJ7363114.1
KAJ7363120.1	KAJ7363120.1
KAJ7363124.1	KAJ7363124.1
KAJ7363124.1	KAJ7382090.1
KAJ7363162.1	KAJ7363162.1
KAJ7363162.1	XP_022786106.1
KAJ7369728.1	KAJ7369728.1
KAJ7369981.1	KAJ7369981.1
KAJ7370042.1	KAJ7370042.1
KAJ7371306.1	KAJ7371306.1
KAJ7371314.1	KAJ7371314.1
KAJ7371314.1	XP_029200251.1
KAJ7371314.1	XP_029200250.1
KAJ7371314.1	KAJ7371305.1
KAJ7371314.1	XP_022799043.1
KAJ7371314.1	XP_022799044.1
KAJ7371314.1	XP_027044669.1
KAJ7371314.1	XP_058961481.1
KAJ7371314.1	XP_058961481.2
KAJ7371314.1	CAH3023713.1
KAJ7371314.1	CAH3121135.1
KAJ7371314.1	CAH3179021.1
KAJ7371314.1	XP_073236338.1
KAJ7371314.1	XP_073236339.1
KAJ7371314.1	XP_020892841.1
KAJ7371314.1	XP_031555728.1
KAJ7371314.1	XP_020632012.1
KAJ7371314.1	XP_029200250.2
KAJ7371314.1	XP_029200251.2
KAJ7371314.1	XP_044179732.1
KAJ7371314.1	XP_067022698.1
KAJ7371314.1	XP_067022699.1
KAJ7371314.1	XP_068741375.1
KAJ7371314.1	XP_068741304.1
KAJ7371314.1	XP_068741148.1
KAJ7371314.1	XP_068741225.1
KAJ7371314.1	XP_058961461.1
KAJ7371314.1	XP_027044668.1
KAJ7371314.1	XP_058961461.2
KAJ7371314.1	XP_022799029.1
KAJ7371314.1	XP_027044664.1
KAJ7371314.1	XP_027044666.1
KAJ7371314.1	XP_027044667.1
KAJ7371314.1	XP_058961477.1
KAJ7371314.1	XP_058961478.1
KAJ7371314.1	XP_058961478.1
KAJ7371314.1	XP_066029468.1
KAJ7371314.1	XP_066029469.1
KAJ7371314.1	XP_022799030.1
KAJ7371900.1	KAJ7371900.1
KAJ7372605.1	KAJ7372605.1
KAJ7372605.1	XP_020609962.1
KAJ7372605.1	CAH3191599.1
KAJ7372605.1	CAH3162789.1
KAJ7372605.1	XP_073247452.1
KAJ7372605.1	CAH3105739.1
KAJ7372605.1	XP_022784976.1
KAJ7372605.1	XP_022784977.1
KAJ7372605.1	XP_058958950.1
KAJ7372605.1	XP_058958951.1
KAJ7372605.1	XP_058958952.1
KAJ7372605.1	XP_058958950.2
KAJ7372605.1	XP_058958951.2
KAJ7372605.1	XP_058958952.2
KAJ7372605.1	XP_068673450.1
KAJ7372605.1	XP_068762132.1
KAJ7372605.1	XP_068673451.1
KAJ7372605.1	XP_068673452.1
KAJ7372605.1	XP_032235104.2
KAJ7372605.1	XP_032235104.1
KAJ7372605.1	XP_020900500.1
KAJ7372605.1	XP_031567582.1
KAJ7375320.1	KAJ7375320.1
KAJ7375431.1	KAJ7375431.1
KAJ7375910.1	KAJ7375910.1
KAJ7375910.1	KAJ7370327.1
KAJ7377789.1	KAJ7377789.1
KAJ7378157.1	KAJ7378157.1
KAJ7380271.1	KAJ7380271.1
KAJ7380272.1	KAJ7380272.1
KAJ7380902.1	KAJ7380902.1
KAJ7381197.1	KAJ7381197.1
KAJ7383099.1	KAJ7383099.1
KAJ7383147.1	KAJ7383147.1
KAJ7383312.1	KAJ7383312.1
KAJ7383348.1	KAJ7383348.1
KAJ7383348.1	XP_031567891.1
KAJ7383348.1	KAK3704473.1
KAJ7383420.1	KAJ7383420.1
KAJ7383813.1	KAJ7383813.1
KAJ7388303.1	KAJ7388303.1
KAJ7388344.1	KAJ7388344.1
KAJ7388407.1	KAJ7388407.1
KAJ7391055.1	KAJ7391055.1
KAJ7391055.1	KAJ7391058.1
KAJ7392171.1	KAJ7392171.1
KAJ7392171.1	XP_020601115.1
KAJ7393451.1	KAJ7393451.1
KAK2547294.1	KAK2547294.1
KAK2551608.1	KAK2551608.1
KAK2552328.1	KAK2552328.1
KAK2553203.1	KAK2553203.1
KAK2553203.1	XP_015758617.1
KAK2553203.1	XP_015758618.1
KAK2553203.1	XP_029185056.1
KAK2553203.1	XP_044174538.1
KAK2553203.1	XP_067057714.1
KAK2553203.1	CAH3144585.1
KAK2553203.1	CAH3041734.1
KAK2553203.1	XP_073243850.1
KAK2553203.1	XP_015776640.1
KAK2553203.1	XP_015776641.1
KAK2553203.1	XP_058969241.2
KAK2553203.1	CAH3037812.1
KAK2553203.1	XP_027043720.1
KAK2553203.1	XP_058969241.1
KAK2553203.1	XP_058969242.1
KAK2553203.1	XP_058969242.2
KAK2553203.1	XP_066021728.1
KAK2555542.1	KAK2555542.1
KAK2559379.1	KAK2559379.1
CAH3136448.1	CAH3136448.1
CAH3158455.1	CAH3158455.1
CAH3160555.1	CAH3160555.1
CAH3160555.1	CAH3116407.1
CAH3160947.1	CAH3160947.1
CAH3160947.1	CAH3160942.1
CAH3160947.1	CAH3160956.1
CAH3160947.1	XP_073250914.1
CAH3160966.1	CAH3160966.1
CAH3160966.1	XP_029201035.1
CAH3164962.1	CAH3164962.1
CAH3164962.1	CAH3164984.1
CAH3168129.1	CAH3168129.1
CAH3168129.1	CAH3164447.1
CAH3168129.1	CAH3035640.1
CAH3169099.1	CAH3169099.1
CAH3169099.1	CAH3142852.1
CAH3169110.1	CAH3169110.1
CAH3169150.1	CAH3169150.1
CAH3169150.1	CAH3140502.1
CAH3169150.1	CAH3040624.1
CAH3169150.1	CAH3183818.1
CAH3169150.1	XP_020603597.1
CAH3170142.1	CAH3170142.1
CAH3170146.1	CAH3170146.1
CAH3171588.1	CAH3171588.1
CAH3176193.1	CAH3176193.1
CAH3176193.1	XP_073254787.1
CAH3176193.1	CAH3038983.1
CAH3176193.1	CAH3178445.1
CAH3176193.1	XP_073253378.1
CAH3176193.1	CAH3131004.1
CAH3176193.1	CAH3131012.1
CAH3176193.1	CAH3131006.1
CAH3176193.1	XP_022798991.1
CAH3176193.1	XP_066019801.1
CAH3176193.1	CAH3030986.1
CAH3176193.1	CAH3167170.1
CAH3176193.1	XP_058966788.1
CAH3176193.1	XP_058966789.1
CAH3176193.1	XP_058966790.1
CAH3176193.1	XP_066019802.1
CAH3176193.1	XP_066019803.1
CAH3176193.1	XP_066019804.1
CAH3176193.1	XP_066019805.1
CAH3176193.1	XP_058941585.1
CAH3176193.1	XP_066019816.1
CAH3176193.1	XP_058946072.1
CAH3176193.1	XP_066019817.1
CAH3176193.1	XP_073242360.1
CAH3176193.1	CAH3180573.1
CAH3178994.1	CAH3178994.1
CAH3183838.1	CAH3183838.1
CAH3188860.1	CAH3188860.1
CAH3189195.1	CAH3189195.1
CAH3189195.1	CAH3015680.1
CAH3189195.1	CAH3184796.1
CAH3189195.1	XP_073251140.1
CAH3189195.1	CAH3186002.1
CAH3189195.1	XP_058951950.1
CAH3189195.1	XP_058951952.1
CAH3030990.1	CAH3030990.1
CAH3031206.1	CAH3031206.1
CAH3031318.1	CAH3031318.1
CAH3031318.1	XP_027038522.1
CAH3031318.1	XP_058971596.1
CAH3031318.1	XP_066019824.1
CAH3031318.1	KAK2566419.1
CAH3031318.1	CAH3045538.1
CAH3031318.1	CAH3014726.1
CAH3031318.1	XP_073232141.1
CAH3031318.1	XP_029187750.1
CAH3031318.1	XP_015764131.1
CAH3031318.1	XP_029187750.2
CAH3031318.1	XP_044174648.1
CAH3031318.1	XP_067054972.1
CAH3031318.1	XP_068721449.1
CAH3031318.1	XP_068721448.1
CAH3031318.1	XP_068708069.1
CAH3031318.1	XP_068708063.1
CAH3033057.1	CAH3033057.1
CAH3034335.1	CAH3034335.1
CAH3034335.1	CAH3167748.1
CAH3034339.1	CAH3034339.1
CAH3034342.1	CAH3034342.1
CAH3034342.1	XP_058946724.1
CAH3034344.1	CAH3034344.1
CAH3034350.1	CAH3034350.1
CAH3037810.1	CAH3037810.1
CAH3037810.1	XP_022800361.1
CAH3037810.1	XP_022800362.1
CAH3037810.1	XP_022800363.1
CAH3037810.1	XP_022800364.1
CAH3037810.1	XP_022806779.1
CAH3037810.1	XP_066021731.1
CAH3037810.1	XP_058969187.1
CAH3037810.1	XP_066021732.1
CAH3037911.1	CAH3037911.1
CAH3037911.1	XP_066021374.1
CAH3037915.1	CAH3037915.1
XP_044171261.1	XP_044171261.1
XP_044171345.1	XP_044171345.1
XP_044171358.1	XP_044171358.1
XP_044171360.1	XP_044171360.1
XP_044171361.1	XP_044171361.1
XP_044173111.1	XP_044173111.1
XP_044174897.1	XP_044174897.1
XP_044174897.1	XP_044174896.1
XP_044175090.1	XP_044175090.1
XP_044175090.1	XP_015757295.1
XP_044175090.1	XP_015759069.1
XP_044175090.1	XP_029207213.1
XP_044175090.1	CAH3188333.1
XP_044175090.1	CAH3152273.1
XP_044175090.1	XP_022790294.1
XP_044176123.1	XP_044176123.1
XP_044176123.1	XP_067042423.1
XP_044176123.1	XP_015772767.1
XP_044176123.1	XP_068760233.1
XP_044176123.1	XP_068760235.1
XP_044176123.1	XP_068760236.1
XP_044176123.1	CAH3139801.1
XP_044176123.1	XP_022809286.1
XP_044176123.1	XP_022810007.1
XP_044176123.1	XP_022810008.1
XP_044176123.1	XP_022810011.1
XP_044176123.1	XP_066027626.1
XP_044176123.1	CAH3166744.1
XP_044176123.1	XP_066027630.1
XP_044176123.1	XP_068746736.1
XP_044176123.1	XP_068708798.1
XP_044176123.1	CAH3183033.1
XP_044176123.1	CAH3125431.1
XP_044176123.1	XP_073239601.1
XP_044176229.1	XP_044176229.1
XP_044176229.1	XP_044176228.1
XP_044176566.1	XP_044176566.1
XP_044176566.1	XP_029179346.1
XP_044176566.1	XP_044183408.1
XP_044176566.1	XP_044169020.1
XP_044176566.1	XP_044170662.1
XP_044176566.1	XP_044170663.1
XP_044176566.1	XP_044170664.1
XP_044176566.1	XP_044170665.1
XP_044176566.1	XP_044170666.1
XP_044176566.1	XP_044170667.1
XP_044176566.1	XP_067016922.1
XP_044176566.1	XP_067016921.1
XP_044176566.1	XP_029179348.1
XP_044176566.1	XP_015779463.1
XP_044176566.1	XP_029202972.1
XP_044176566.1	XP_029202973.1
XP_044176566.1	XP_029202974.1
XP_044176566.1	XP_029202975.1
XP_044176566.1	XP_044176099.1
XP_044176566.1	XP_067016915.1
XP_044176566.1	XP_067016916.1
XP_044176566.1	XP_067016909.1
XP_044176566.1	XP_067016910.1
XP_044176566.1	XP_067016911.1
XP_044176566.1	XP_067016912.1
XP_044176566.1	XP_067016913.1
XP_044176566.1	XP_067056034.1
XP_044176566.1	XP_067016914.1
XP_044176566.1	XP_044169016.1
XP_044176566.1	XP_067016908.1
XP_044176566.1	XP_067040335.1
XP_044176566.1	XP_067040334.1
XP_044176566.1	XP_044169044.1
XP_044176566.1	XP_067040617.1
XP_044178333.1	XP_044178333.1
XP_044178333.1	XP_029207585.1
XP_044178333.1	XP_044178390.1
XP_044178333.1	XP_044178391.1
XP_044178333.1	XP_044178392.1
XP_044178333.1	XP_044178393.1
XP_044178333.1	XP_044178394.1
XP_044178333.1	XP_067027265.1
XP_044178333.1	XP_029209199.1
XP_044178333.1	XP_029209200.1
XP_044178333.1	XP_029209201.1
XP_044178333.1	XP_029209202.1
XP_044178333.1	XP_044164600.1
XP_044178333.1	XP_067027266.1
XP_044178333.1	XP_067027267.1
XP_044179105.1	XP_044179105.1
XP_044179105.1	CAH3178328.1
XP_044179105.1	XP_020605077.1
XP_044181229.1	XP_044181229.1
XP_044181229.1	XP_022809805.1
CAB4033274.1	CAB4033274.1
CAB4033517.1	CAB4033517.1
CAB4033914.1	CAB4033914.1
CAB4036736.1	CAB4036736.1
CAB4037080.1	CAB4037080.1
CAB4037080.1	CAB4001026.1
CAB4038010.1	CAB4038010.1
CAB4038010.1	CAB4032078.1
CAB4038621.1	CAB4038621.1
CAB4038621.1	XP_028395283.1
CAB4038621.1	XP_046856309.1
CAB4038911.1	CAB4038911.1
CAB4040424.1	CAB4040424.1
CAB4042272.1	CAB4042272.1
CAB4042526.1	CAB4042526.1
CAB4043088.1	CAB4043088.1
CAB4043519.1	CAB4043519.1
CAB4044838.1	CAB4044838.1
CAH3014108.1	CAH3014108.1
CAH3014803.1	CAH3014803.1
CAH3014807.1	CAH3014807.1
CAH3014807.1	CAH3045162.1
CAH3014807.1	CAH3031205.1
CAH3014807.1	CAH3166999.1
CAH3014807.1	XP_068721352.1
CAH3014807.1	XP_068721353.1
CAH3014807.1	XP_068721355.1
CAH3014807.1	XP_068721356.1
CAH3014807.1	XP_068707620.1
CAH3014807.1	XP_068707625.1
CAH3014807.1	XP_068707629.1
CAH3014807.1	XP_068707634.1
CAH3014807.1	XP_068735888.1
CAH3014807.1	XP_068735890.1
CAH3014807.1	XP_068735891.1
CAH3014807.1	XP_068735892.1
CAH3014807.1	XP_068735893.1
CAH3014807.1	XP_068735894.1
CAH3014807.1	XP_068735895.1
CAH3014807.1	XP_073234722.1
CAH3014807.1	XP_073234723.1
CAH3014807.1	XP_073234724.1
CAH3014807.1	XP_073234725.1
CAH3014807.1	XP_073234726.1
CAH3014807.1	XP_073234727.1
CAH3014807.1	XP_073234728.1
CAH3014807.1	XP_073234729.1
CAH3014807.1	CAH3045225.1
CAH3014807.1	XP_022790101.1
CAH3014807.1	XP_022790100.1
CAH3014807.1	CAH3166997.1
CAH3014807.1	XP_027057275.1
CAH3014807.1	XP_027057276.1
CAH3014807.1	XP_027057278.1
CAH3014807.1	XP_027057279.1
CAH3014807.1	XP_027057280.1
CAH3014807.1	XP_058949187.1
CAH3014807.1	XP_058949188.1
CAH3014807.1	XP_058949189.1
CAH3014807.1	XP_058949190.1
CAH3014807.1	XP_058949192.1
CAH3014807.1	XP_058949193.1
CAH3014807.1	XP_058949194.1
CAH3014807.1	XP_066020544.1
CAH3014807.1	XP_066020545.1
CAH3014807.1	XP_066020546.1
CAH3014807.1	XP_066020547.1
CAH3014807.1	XP_066020548.1
CAH3014807.1	XP_066020549.1
CAH3014807.1	XP_066020550.1
CAH3014807.1	CAH3167003.1
CAH3014807.1	XP_020621437.1
CAH3014807.1	XP_022810257.1
CAH3014807.1	XP_066019811.1
CAH3014807.1	XP_058966791.1
CAH3014807.1	XP_058966792.1
CAH3014807.1	XP_058966793.1
CAH3014807.1	XP_058966794.1
CAH3014807.1	XP_058971090.1
CAH3014807.1	XP_058966791.2
CAH3014807.1	XP_066019812.1
CAH3014807.1	XP_066019813.1
CAH3014807.1	XP_066019814.1
CAH3014812.1	CAH3014812.1
CAH3014812.1	XP_073232572.1
CAH3017364.1	CAH3017364.1
CAH3017364.1	XP_073233645.1
CAH3017364.1	CAH3178441.1
CAH3017364.1	KAJ7383149.1
CAH3017364.1	CAH3133702.1
CAH3017364.1	XP_020632065.1
CAH3017364.1	XP_027047568.1
CAH3017364.1	CAH3042408.1
CAH3017364.1	XP_027047569.1
CAH3017364.1	XP_058959740.1
CAH3017364.1	XP_058959740.2
CAH3017364.1	XP_022802547.1
CAH3017364.1	XP_029186567.1
CAH3017364.1	KAK2549955.1
CAH3017364.1	XP_029186568.1
CAH3017364.1	XP_067054621.1
CAH3017364.1	XP_044173105.1
CAH3017364.1	XP_015748484.1
CAH3017384.1	CAH3017384.1
CAH3017384.1	CAH3133606.1
CAH3017384.1	XP_073233660.1
CAH3017384.1	XP_073233661.1
CAH3017384.1	KAK2547300.1
CAH3017384.1	XP_015769700.1
CAH3017384.1	XP_015769701.1
CAH3017384.1	XP_044167137.1
CAH3017384.1	XP_067054629.1
CAH3017384.1	XP_058960502.1
CAH3017384.1	CAH3041134.1
CAH3017384.1	XP_022802692.1
CAH3017384.1	XP_027047323.1
CAH3017384.1	XP_058960502.2
CAH3017384.1	XP_068709935.1
CAH3017384.1	XP_068722598.1
CAH3017384.1	XP_068709856.1
CAH3020065.1	CAH3020065.1
CAH3020065.1	CAH3020078.1
CAH3020065.1	XP_068754023.1
CAH3020065.1	XP_068754020.1
CAH3020065.1	XP_068754021.1
CAH3020065.1	XP_068754022.1
CAH3020065.1	KAJ7363687.1
CAH3022831.1	CAH3022831.1
CAH3022831.1	CAH3016093.1
CAH3022857.1	CAH3022857.1
CAH3023718.1	CAH3023718.1
CAH3023834.1	CAH3023834.1
CAH3023839.1	CAH3023839.1
CAH3024133.1	CAH3024133.1
CAH3024133.1	CAH3024135.1
CAH3024137.1	CAH3024137.1
CAH3024137.1	CAH3169146.1
CAH3024137.1	XP_068739450.1
CAH3024566.1	CAH3024566.1
CAH3024570.1	CAH3024570.1
CAH3024570.1	CAH3144587.1
CAH3024570.1	XP_073243852.1
CAH3024570.1	KAJ7339417.1
CAH3024570.1	KAK2553204.1
CAH3024570.1	XP_067056151.1
CAH3024570.1	CAH3041724.1
CAH3024570.1	XP_068734870.1
CAH3024570.1	XP_068734863.1
CAH3024571.1	CAH3024571.1
CAH3026146.1	CAH3026146.1
CAH3026435.1	CAH3026435.1
CAH3026577.1	CAH3026577.1
CAH3027045.1	CAH3027045.1
CAH3027597.1	CAH3027597.1
CAH3027597.1	CAH3046957.1
CAH3027597.1	XP_073228836.1
CAH3027597.1	XP_073228837.1
CAH3027597.1	XP_020609275.1
CAH3027597.1	XP_020609274.1
CAH3029005.1	CAH3029005.1
CAH3030902.1	CAH3030902.1
CAH3030902.1	CAH3158754.1
CAH3030902.1	CAH3030900.1
CAH3144597.1	CAH3144597.1
CAH3152435.1	CAH3152435.1
CAH3152435.1	CAH3020425.1
CAH3152435.1	CAH3026662.1
CAH3152435.1	CAH3020420.1
CAH3152435.1	CAH3179141.1
CAH3152435.1	CAH3168505.1
CAH3152435.1	CAH3129174.1
CAH3152435.1	CAH3113686.1
CAH3152435.1	CAH3160932.1
CAH3152435.1	CAH3160969.1
CAH3152435.1	XP_073258822.1
CAH3153162.1	CAH3153162.1
CAH3153162.1	XP_073252685.1
CAH3162591.1	CAH3162591.1
XP_029208846.1	XP_029208846.1
XP_029208849.1	XP_029208849.1
XP_029208849.1	XP_015768021.1
XP_029208849.1	XP_015760455.1
XP_029208849.1	KAK2550947.1
XP_029210167.1	XP_029210167.1
XP_029210167.1	XP_015759336.1
XP_029210167.1	XP_044171359.1
XP_029210234.1	XP_029210234.1
XP_029210234.1	KAK2560326.1
XP_029210234.1	KAK2560325.1
XP_029210234.1	XP_068705842.1
XP_029210234.1	CAH3178237.1
XP_029210234.1	XP_015766080.1
XP_029210546.1	XP_029210546.1
XP_029211764.1	XP_029211764.1
XP_029211764.1	XP_029211765.1
XP_029211764.1	XP_029211766.1
XP_029211764.1	XP_029211767.1
XP_029211764.1	XP_067056588.1
XP_029211764.1	XP_067056589.1
XP_029211764.1	XP_067056590.1
XP_029211764.1	XP_067056591.1
XP_029212369.1	XP_029212369.1
XP_029212369.1	XP_015755070.1
XP_028391233.1	XP_028391233.1
XP_028391233.1	XP_028391225.1
XP_028391233.1	XP_032222159.1
XP_028391233.1	XP_032222160.1
XP_028391233.1	XP_032222159.1
XP_028391233.1	XP_032222160.1
XP_028391233.1	XP_046847236.1
XP_028391233.1	XP_046862911.1
XP_028392645.1	XP_028392645.1
XP_028393663.1	XP_028393663.1
XP_028394863.1	XP_028394863.1
XP_028395169.1	XP_028395169.1
XP_028395169.1	XP_028395168.1
XP_028395169.1	XP_046855454.1
XP_028397851.1	XP_028397851.1
XP_028397851.1	CAB4010952.1
XP_028397851.1	CAB4019456.1
XP_028397851.1	CAB4019455.1
XP_028397851.1	XP_046853861.1
XP_028397851.1	XP_046853862.1
XP_028397851.1	XP_046853863.1
XP_028397851.1	XP_046853864.1
XP_028397851.1	XP_046853865.1
XP_028397851.1	XP_046853866.1
XP_028397851.1	XP_046853867.1
XP_028397851.1	XP_046853868.1
XP_028399837.1	XP_028399837.1
XP_028399837.1	XP_028399835.1
XP_028399837.1	XP_046859953.1
XP_028399837.1	XP_046859955.1
XP_028399837.1	XP_046859952.1
XP_028399862.1	XP_028399862.1
XP_028404321.1	XP_028404321.1
XP_028404321.1	XP_028404322.1
XP_028404321.1	XP_028404324.1
XP_028407461.1	XP_028407461.1
XP_028407461.1	XP_028414762.1
XP_028407461.1	XP_028410652.1
XP_028407461.1	XP_028410651.1
XP_028407461.1	XP_046841479.1
XP_028410105.1	XP_028410105.1
XP_028410105.1	CAB3977177.1
XP_028410105.1	CAB3977178.1
XP_028410105.1	CAB3977179.1
XP_028410105.1	CAB3977180.1
XP_028410107.1	XP_028410107.1
XP_028410107.1	XP_028410108.1
XP_028410107.1	XP_028410109.1
XP_028410107.1	XP_028410110.1
XP_028410348.1	XP_028410348.1
XP_028410351.1	XP_028410351.1
XP_028410927.1	XP_028410927.1
XP_028410927.1	CAB4022331.1
XP_028410927.1	XP_046845328.1
XP_028410927.1	XP_046845329.1
XP_028410927.1	XP_046845330.1
XP_028410927.1	XP_046845331.1
XP_028410927.1	XP_046845332.1
XP_028411008.1	XP_028411008.1
XP_028411870.1	XP_028411870.1
XP_028411870.1	XP_028405136.1
XP_028414761.1	XP_028414761.1
XP_028414784.1	XP_028414784.1
XP_028414784.1	XP_028414783.1
XP_031550219.1	XP_031550219.1
XP_031550241.1	XP_031550241.1
XP_031550241.1	XP_031550225.1
XP_031550241.1	XP_031550232.1
XP_031550260.1	XP_031550260.1
XP_031550260.1	XP_031550251.1
XP_031551198.1	XP_031551198.1
XP_031551624.1	XP_031551624.1
XP_031551624.1	XP_031551623.1
XP_031553164.1	XP_031553164.1
XP_031553164.1	XP_031551627.1
XP_031553164.1	XP_031551625.1
XP_031553377.1	XP_031553377.1
XP_031553377.1	KAK2568420.1
XP_031553377.1	XP_020904508.1
XP_031553377.1	XP_020904509.1
XP_031553377.1	XP_031561204.1
XP_031553377.1	XP_058970169.1
XP_031553377.1	CAH3117786.1
XP_031553377.1	XP_022792635.1
XP_031553377.1	XP_027038038.1
XP_031553377.1	XP_058970169.1
XP_031553377.1	XP_020631647.1
XP_031553377.1	XP_068722791.1
XP_031553377.1	XP_015767200.1
XP_031553377.1	XP_029186946.1
XP_031553377.1	XP_029186946.1
XP_031553377.1	XP_067052264.1
XP_031553377.1	XP_068704662.1
XP_031553377.1	XP_073234470.1
XP_031553377.1	CAH3028984.1
XP_031553377.1	CAH3136299.1
XP_031553377.1	XP_073234471.1
XP_031553377.1	XP_048580644.1
XP_031553377.1	XP_032234174.1
XP_031555063.1	XP_031555063.1
XP_031555063.1	XP_031555039.1
XP_031555063.1	XP_031555040.1
XP_031555063.1	XP_031555041.1
XP_031555073.1	XP_031555073.1
XP_031555073.1	XP_031555072.1
XP_031555288.1	XP_031555288.1
XP_031555423.1	XP_031555423.1
XP_031556429.1	XP_031556429.1
XP_031556431.1	XP_031556431.1
XP_031561199.1	XP_031561199.1
XP_031562899.1	XP_031562899.1
XP_031562899.1	XP_031562898.1
XP_031562899.1	XP_020892738.1
XP_031562899.1	XP_032226980.2
XP_031562899.1	XP_032226980.1
XP_031565228.1	XP_031565228.1
XP_031565794.1	XP_031565794.1
XP_031566497.1	XP_031566497.1
XP_031567560.1	XP_031567560.1
XP_031567560.1	XP_031551272.1
XP_031570746.1	XP_031570746.1
XP_031572093.1	XP_031572093.1
XP_031572093.1	KAJ7361802.1
XP_031573782.1	XP_031573782.1
XP_029185212.2	XP_029185212.2
XP_029185212.2	XP_015776361.1
XP_029185212.2	XP_029185212.1
XP_029185212.2	XP_044175457.1
XP_029185212.2	XP_068734881.1
XP_029185212.2	XP_068734774.1
XP_029185212.2	XP_068695809.1
XP_029198349.2	XP_029198349.2
XP_029198349.2	XP_029198349.1
XP_029198349.2	XP_029198350.1
XP_029198349.2	XP_029198350.2
XP_029198349.2	XP_067017092.1
XP_029198349.2	XP_015763773.1
XP_029198349.2	XP_067017077.1
XP_029198349.2	CAH3042522.1
XP_029198349.2	CAH3179666.1
XP_029198349.2	CAH3042518.1
XP_029198349.2	XP_073242007.1
XP_029198349.2	XP_044165718.1
XP_029198349.2	XP_068691937.1
XP_029198349.2	XP_068721181.1
XP_029198349.2	XP_068721786.1
XP_029198349.2	XP_068694563.1
XP_029198349.2	XP_068694565.1
XP_029198349.2	XP_073241867.1
XP_029198349.2	CAH3030049.1
XP_029198349.2	XP_073241866.1
XP_029198349.2	XP_058957839.1
XP_029198349.2	XP_020601044.1
XP_029198349.2	XP_020601043.1
XP_029198349.2	XP_020601082.1
XP_029198349.2	XP_058957840.1
XP_029198349.2	XP_066021008.1
XP_029198349.2	XP_027045762.1
XP_029198349.2	XP_058957841.1
XP_029198349.2	CAH3167754.1
XP_029198349.2	XP_058957843.1
XP_029198349.2	XP_058957844.1
XP_029198349.2	XP_058957845.1
XP_029198349.2	XP_058957843.2
XP_029198349.2	XP_058957844.2
XP_029198349.2	XP_058957845.2
XP_029198349.2	XP_066021095.1
XP_029198349.2	XP_027045773.1
XP_029198349.2	XP_058946744.1
XP_029198349.2	CAH3034348.1
XP_029198349.2	XP_058946722.2
XP_029198349.2	XP_027045761.1
XP_029198349.2	XP_058946726.1
XP_029198349.2	XP_066021092.1
XP_029198349.2	XP_066021093.1
XP_029198349.2	XP_066021094.1
XP_029198349.2	XP_066021096.1
XP_029198349.2	CAH3034347.1
XP_029198349.2	CAH3167750.1
XP_029198349.2	XP_066021930.1
XP_029198349.2	XP_066021290.1
XP_029198349.2	CAH3034351.1
XP_029198349.2	XP_027045760.1
XP_029198349.2	XP_058946721.1
XP_029198349.2	XP_066021291.1
XP_029198349.2	XP_066021292.1
XP_029198349.2	XP_066021293.1
XP_046844465.1	XP_046844465.1
XP_046844465.1	XP_046844464.1
XP_046844466.1	XP_046844466.1
XP_046844892.1	XP_046844892.1
XP_046844925.1	XP_046844925.1
XP_046844931.1	XP_046844931.1
XP_046844972.1	XP_046844972.1
XP_046844972.1	XP_046844973.1
XP_046845004.1	XP_046845004.1
XP_046845004.1	XP_046845002.1
XP_046845004.1	XP_046845374.1
XP_046845004.1	XP_046845373.1
XP_046845004.1	XP_046858437.1
XP_046845096.1	XP_046845096.1
XP_046845096.1	XP_046845341.1
XP_046845096.1	XP_046845394.1
XP_046845096.1	XP_046844743.1
XP_046845096.1	XP_046845395.1
XP_046845178.1	XP_046845178.1
XP_046845638.1	XP_046845638.1
XP_046845874.1	XP_046845874.1
XP_046845874.1	XP_046845873.1
XP_046846813.1	XP_046846813.1
XP_046851636.1	XP_046851636.1
XP_046851636.1	XP_046851637.1
XP_046851636.1	XP_046851638.1
XP_046851636.1	XP_046851639.1
XP_046851636.1	XP_046851640.1
XP_046851636.1	XP_046851641.1
XP_046851636.1	XP_046850909.1
XP_046853869.1	XP_046853869.1
XP_046855825.1	XP_046855825.1
XP_046856625.1	XP_046856625.1
XP_046856625.1	XP_046856627.1
XP_046856625.1	XP_046856628.1
XP_046856625.1	XP_046856629.1
XP_046856625.1	XP_046856630.1
XP_046858021.1	XP_046858021.1
XP_046858021.1	CAB3991778.1
XP_046858021.1	XP_028402748.1
XP_046858433.1	XP_046858433.1
XP_046858433.1	XP_046858434.1
XP_046858433.1	XP_046858435.1
XP_046858433.1	XP_046854667.1
XP_046858433.1	XP_046854665.1
XP_046858433.1	XP_046854666.1
XP_058953676.1	XP_058953676.1
XP_058953676.1	XP_022785945.1
XP_058953676.1	XP_027052150.1
XP_058953676.1	XP_066029748.1
XP_058953676.1	XP_058960278.1
XP_058953676.1	CAH3147667.1
XP_058953676.1	XP_058953709.1
XP_058953676.1	XP_058953710.1
XP_058953676.1	XP_058953711.1
XP_058953676.1	XP_058953711.2
XP_058953676.1	XP_066029850.1
XP_058953676.1	XP_066029851.1
XP_058953676.1	XP_027052173.1
XP_058953676.1	CAH3147664.1
XP_058953676.1	XP_022785949.1
XP_058953676.1	XP_058953689.1
XP_058953676.1	XP_058953690.1
XP_058953676.1	XP_058953691.1
XP_058953676.1	XP_058953692.1
XP_058953676.1	XP_058953689.1
XP_058953676.1	XP_058953690.1
XP_058953676.1	XP_058953691.1
XP_058953676.1	XP_058953692.1
XP_058953676.1	XP_058953677.1
XP_058953676.1	XP_066029616.1
XP_058953676.1	XP_058953678.1
XP_058953676.1	XP_066029752.1
XP_058953676.1	XP_058964422.1
XP_058953676.1	XP_066029595.1
XP_058953722.1	XP_058953722.1
XP_058953722.1	CAH3147684.1
XP_058956660.1	XP_058956660.1
XP_058956660.1	CAH3139793.1
XP_058956660.1	XP_027041984.1
XP_058956660.1	XP_058956661.1
XP_058956660.1	XP_058956660.2
XP_058956660.1	XP_058956661.2
XP_058956660.1	XP_022798994.1
XP_058956679.1	XP_058956679.1
XP_058956679.1	XP_058956680.1
XP_058960609.1	XP_058960609.1
XP_058963276.1	XP_058963276.1
XP_058963276.1	XP_058963275.1
XP_058964403.1	XP_058964403.1
XP_058964403.1	XP_066029831.1
XP_058965285.1	XP_058965285.1
XP_058968291.1	XP_058968291.1
XP_058968291.1	XP_058943118.1
XP_058968291.1	XP_022792910.1
XP_058968291.1	XP_022792913.1
XP_058968291.1	XP_058961168.1
XP_058968291.1	XP_058961169.1
XP_058968291.1	XP_058961170.1
XP_058968291.1	XP_066029650.1
XP_058968292.1	XP_058968292.1
XP_058968294.1	XP_058968294.1
XP_058969294.1	XP_058969294.1
XP_058969294.1	XP_058969292.1
XP_058969294.1	CAH3037869.1
XP_058969294.1	XP_020629239.1
XP_058969294.1	CAH3041792.1
XP_058969294.1	XP_058947849.1
XP_058969294.1	XP_058947856.1
XP_058969294.1	XP_058969183.1
XP_058969294.1	XP_058947862.2
XP_058969294.1	XP_058947862.1
XP_058969294.1	XP_066021164.1
XP_058969294.1	XP_066021975.1
XP_058969294.1	XP_058947911.2
XP_058973019.1	XP_058973019.1
XP_067016792.1	XP_067016792.1
XP_067016792.1	KAK2566998.1
XP_067016792.1	XP_015755646.1
XP_067016792.1	XP_044180547.1
XP_067016792.1	XP_044180614.1
XP_067016792.1	XP_022789204.1
XP_067016792.1	KAJ7381111.1
XP_067016792.1	XP_058972164.2
XP_067016792.1	CAH3117657.1
XP_067016792.1	XP_058972164.1
XP_067016792.1	XP_068707466.1
XP_067016792.1	XP_068725265.1
XP_067016792.1	XP_073232756.1
XP_067016792.1	XP_029180648.1
XP_067016920.1	XP_067016920.1
XP_067016920.1	XP_067016919.1
XP_067017483.1	XP_067017483.1
XP_067017483.1	XP_067017484.1
XP_067017483.1	XP_067017485.1
XP_067017483.1	XP_067017486.1
XP_067017483.1	XP_067017487.1
XP_067017483.1	XP_067017488.1
XP_067017483.1	XP_067017489.1
XP_067017483.1	XP_067017490.1
XP_067017483.1	XP_067017491.1
XP_067017483.1	XP_067017492.1
XP_067017483.1	XP_067017493.1
XP_067017483.1	XP_067017494.1
XP_067017483.1	XP_067017495.1
XP_067017483.1	XP_067017496.1
XP_067017483.1	XP_067017497.1
XP_067017483.1	XP_067017498.1
XP_067017483.1	XP_067017499.1
XP_067017483.1	XP_067017500.1
XP_067017483.1	XP_067017501.1
XP_067017483.1	XP_067017502.1
XP_067017483.1	XP_067017503.1
XP_067017483.1	XP_067017504.1
XP_067017483.1	XP_067017505.1
XP_067017483.1	XP_067017506.1
XP_067017483.1	XP_067017507.1
XP_067017483.1	XP_067017508.1
XP_067017483.1	XP_067017509.1
XP_067017529.1	XP_067017529.1
XP_067017529.1	XP_015757179.1
XP_067017529.1	XP_015757180.1
XP_067017529.1	XP_015757181.1
XP_067017529.1	XP_015757182.1
XP_067017529.1	XP_015757183.1
XP_067017529.1	XP_067017530.1
XP_067018267.1	XP_067018267.1
XP_067018267.1	XP_067018269.1
XP_067018267.1	XP_067018270.1
XP_067018267.1	XP_067018271.1
XP_067018267.1	XP_067018272.1
XP_067018273.1	XP_067018273.1
XP_067018302.1	XP_067018302.1
XP_067018302.1	XP_067018842.1
XP_067018667.1	XP_067018667.1
XP_067018974.1	XP_067018974.1
XP_067018974.1	XP_044171469.1
XP_067018974.1	XP_044171472.1
XP_067018974.1	XP_044171475.1
XP_067018974.1	KAJ7355028.1
XP_067018974.1	KAJ7375436.1
XP_067018974.1	XP_022808976.1
XP_067018974.1	XP_068727933.1
XP_067019269.1	XP_067019269.1
XP_067019269.1	XP_067019268.1
XP_067019269.1	XP_020605712.1
XP_067019269.1	XP_029186670.1
XP_067020026.1	XP_067020026.1
XP_067029842.1	XP_067029842.1
XP_067029842.1	XP_067049583.1
XP_067029842.1	XP_067049584.1
XP_067029842.1	XP_067049585.1
XP_067029842.1	XP_067049586.1
XP_067029842.1	XP_067049587.1
XP_067029842.1	XP_044164846.1
XP_067029842.1	XP_044164845.1
XP_067029842.1	XP_044164862.1
XP_067029895.1	XP_067029895.1
XP_067035087.1	XP_067035087.1
XP_067039897.1	XP_067039897.1
XP_067040031.1	XP_067040031.1
XP_067041622.1	XP_067041622.1
XP_067041622.1	XP_067041623.1
XP_067041622.1	XP_067041624.1
XP_067041622.1	XP_067041625.1
XP_067041622.1	XP_067041626.1
XP_067041622.1	XP_067041627.1
XP_067041622.1	XP_067041628.1
XP_067041622.1	XP_067041629.1
XP_067041622.1	XP_067041632.1
XP_067041622.1	XP_044171351.1
XP_067041622.1	XP_029181212.1
XP_067041622.1	XP_029181213.1
XP_067041622.1	XP_029181214.1
XP_067041622.1	XP_029181215.1
XP_067041622.1	XP_029181216.1
XP_067041622.1	XP_029181217.1
XP_067041622.1	XP_029181218.1
XP_067041622.1	XP_029181219.1
XP_067041622.1	XP_029205488.1
XP_067041622.1	XP_029205490.1
XP_067041622.1	XP_029207607.1
XP_067041622.1	XP_029181218.2
XP_067041622.1	XP_029181219.2
XP_067041622.1	XP_044171352.1
XP_067041622.1	XP_044171353.1
XP_067041622.1	XP_044171354.1
XP_067041622.1	XP_044171355.1
XP_067041622.1	XP_067041621.1
XP_067041622.1	XP_067041620.1
XP_067042366.1	XP_067042366.1
XP_067042366.1	XP_044176233.1
XP_067043167.1	XP_067043167.1
XP_067043167.1	XP_044174899.1
XP_067043167.1	XP_044174898.1
XP_067044815.1	XP_067044815.1
XP_067044815.1	XP_044180346.1
XP_067044815.1	XP_067044823.1
XP_067044815.1	XP_067044831.1
XP_067044815.1	XP_015767833.1
XP_067044815.1	XP_015767834.1
XP_067044815.1	XP_015767836.1
XP_067044815.1	XP_015767837.1
XP_067044815.1	XP_015767835.1
XP_067044815.1	XP_044180345.1
XP_067047123.1	XP_067047123.1
XP_067047123.1	XP_067047122.1
XP_067047123.1	XP_067047124.1
XP_067049437.1	XP_067049437.1
XP_067052966.1	XP_067052966.1
XP_067052966.1	XP_067052967.1
XP_067052966.1	XP_067052968.1
XP_067054625.1	XP_067054625.1
XP_067054625.1	XP_067054626.1
XP_067054625.1	XP_067054627.1
XP_067054625.1	XP_067054628.1
XP_067057114.1	XP_067057114.1
XP_067057114.1	XP_067057115.1
XP_067057114.1	XP_067057116.1
XP_058941097.2	XP_058941097.2
XP_058941097.2	XP_027057966.1
XP_058941097.2	XP_058957139.1
XP_058943703.2	XP_058943703.2
XP_058943703.2	XP_058943702.1
XP_058943703.2	XP_058943703.1
XP_058943703.2	XP_058943702.2
XP_058943703.2	XP_022791708.1
XP_058943703.2	XP_022791709.1
XP_058943703.2	XP_022791710.1
XP_058943703.2	XP_073233638.1
XP_058943703.2	XP_073233639.1
XP_058943703.2	XP_073233640.1
XP_058943703.2	CAH3133697.1
XP_058943703.2	XP_073233642.1
XP_058943703.2	XP_073233641.1
XP_058947849.2	XP_058947849.2
XP_058949779.2	XP_058949779.2
XP_058949779.2	CAH3150949.1
XP_058949779.2	XP_020617879.1
XP_058949779.2	XP_022802958.1
XP_058949779.2	XP_058949779.1
XP_058949779.2	KAK2548949.1
XP_058949779.2	XP_029205625.1
XP_058949779.2	XP_015751644.1
XP_058949779.2	XP_029205625.2
XP_058949779.2	XP_067047505.1
XP_058949779.2	XP_068706909.1
XP_058949779.2	XP_068735785.1
XP_058949779.2	XP_028513127.1
XP_058949779.2	XP_020894021.1
XP_058949779.2	XP_073251725.1
XP_058949779.2	CAH3027634.1
XP_058949779.2	CAH3144069.1
XP_058949779.2	XP_073251726.1
XP_058949779.2	XP_032225130.1
XP_058949779.2	XP_032225131.1
XP_058949779.2	XP_032226611.1
XP_058949779.2	XP_048590148.1
XP_058949779.2	XP_048590149.1
XP_058949779.2	XP_048590150.1
XP_058958063.2	XP_058958063.2
XP_058958063.2	XP_027036757.1
XP_058965386.2	XP_058965386.2
XP_058965386.2	XP_058965386.1
XP_058965386.2	XP_032230406.1
XP_058965386.2	XP_032230406.1
XP_058965386.2	XP_048587364.1
XP_058965386.2	XP_020911823.1
XP_058965386.2	KAK3740039.1
XP_058965386.2	XP_031555049.1
XP_058965386.2	XP_022801867.1
XP_058965386.2	XP_044178887.1
XP_058965386.2	KAK2567154.1
XP_058965386.2	XP_029195619.1
XP_058965386.2	XP_029195619.2
XP_058965386.2	XP_067057845.1
XP_066015155.1	XP_066015155.1
XP_066015155.1	XP_066015151.1
XP_066015155.1	XP_066015152.1
XP_066015155.1	XP_066015153.1
XP_066019309.1	XP_066019309.1
XP_066019346.1	XP_066019346.1
XP_066019346.1	XP_058959580.1
XP_066019346.1	CAH3031369.1
XP_066019346.1	XP_058949556.1
XP_066019346.1	XP_058940052.1
XP_066019346.1	XP_066020477.1
XP_066019362.1	XP_066019362.1
XP_066019362.1	XP_066019361.1
XP_066019462.1	XP_066019462.1
XP_066019462.1	XP_066019466.1
XP_066019462.1	XP_066019467.1
XP_066019462.1	XP_066019482.1
XP_066019462.1	XP_066019489.1
XP_066019484.1	XP_066019484.1
XP_066019484.1	XP_066019485.1
XP_066019484.1	XP_066019486.1
XP_066019484.1	XP_066019475.1
XP_066019484.1	XP_066019476.1
XP_066019484.1	XP_066019477.1
XP_066019484.1	XP_066019478.1
XP_066019484.1	XP_066019479.1
XP_066019484.1	XP_066019777.1
XP_066019501.1	XP_066019501.1
XP_066019501.1	XP_066019498.1
XP_066019514.1	XP_066019514.1
XP_066019514.1	XP_066019508.1
XP_066019580.1	XP_066019580.1
XP_066019580.1	XP_066019579.1
XP_066019580.1	XP_058973357.1
XP_066019591.1	XP_066019591.1
XP_066019591.1	XP_058948228.1
XP_066019591.1	XP_066019589.1
XP_066019591.1	XP_066019590.1
XP_066020028.1	XP_066020028.1
XP_066020028.1	XP_058943705.1
XP_066020028.1	XP_058943705.2
XP_066020028.1	CAH3133705.1
XP_066020028.1	CAH3182384.1
XP_066020028.1	CAH3133715.1
XP_066020028.1	XP_073233056.1
XP_066020028.1	XP_073233068.1
XP_066020028.1	XP_022777434.1
XP_066020028.1	XP_027050446.1
XP_066020028.1	CAH3041114.1
XP_066020028.1	XP_027050448.1
XP_066020028.1	XP_058943720.1
XP_066020028.1	XP_058943721.1
XP_066020028.1	XP_058963273.1
XP_066020028.1	XP_066020025.1
XP_066020028.1	XP_066020217.1
XP_066020028.1	XP_022791724.1
XP_066020028.1	XP_022791723.1
XP_066020028.1	XP_022791691.1
XP_066020028.1	XP_022791689.1
XP_066020028.1	XP_022791692.1
XP_066020028.1	XP_022791693.1
XP_066020028.1	XP_058943718.1
XP_066020028.1	XP_066020029.1
XP_066020028.1	CAH3168216.1
XP_066020028.1	XP_058963274.1
XP_066020034.1	XP_066020034.1
XP_066020034.1	CAH3117659.1
XP_066020034.1	XP_022789203.1
XP_066020034.1	CAH3175929.1
XP_066020034.1	CAH3149226.1
XP_066020034.1	CAH3192759.1
XP_066020034.1	XP_073232755.1
XP_066020034.1	XP_020612589.1
XP_066020159.1	XP_066020159.1
XP_066020159.1	XP_066020160.1
XP_066020159.1	XP_066020161.1
XP_066020159.1	XP_066020162.1
XP_066020159.1	XP_066020163.1
XP_066020159.1	XP_066020164.1
XP_066020159.1	XP_066020165.1
XP_066020159.1	XP_066020166.1
XP_066020303.1	XP_066020303.1
XP_066020303.1	XP_066020304.1
XP_066020303.1	XP_066020305.1
XP_066020303.1	CAH3045598.1
XP_066021680.1	XP_066021680.1
XP_066021680.1	CAH3038437.1
XP_066021680.1	XP_066021679.1
XP_066021680.1	CAH3038452.1
XP_066021680.1	XP_066021678.1
XP_066022468.1	XP_066022468.1
XP_066022468.1	XP_058973351.1
XP_066022468.1	XP_066022466.1
XP_066022468.1	CAH3164226.1
XP_066022468.1	CAH3164254.1
XP_066023658.1	XP_066023658.1
XP_066023658.1	XP_066023656.1
XP_066023658.1	KAK2560112.1
XP_066023667.1	XP_066023667.1
XP_066025453.1	XP_066025453.1
XP_066025453.1	CAH3166760.1
XP_066025453.1	XP_027054280.1
XP_066025453.1	XP_066025451.1
XP_066025453.1	CAH3139815.1
XP_066025453.1	CAH3166774.1
XP_066025453.1	XP_027051572.1
XP_066025453.1	XP_027051573.1
XP_066025453.1	XP_027051574.1
XP_066025453.1	XP_058943534.2
XP_066025453.1	XP_066016192.1
XP_066025453.1	XP_066019585.1
XP_066026731.1	XP_066026731.1
XP_066027562.1	XP_066027562.1
XP_066027562.1	XP_027042361.1
XP_066027562.1	XP_020620659.1
XP_066027562.1	XP_020620658.1
XP_066027562.1	XP_022808905.1
XP_066027562.1	XP_022808904.1
XP_066027562.1	XP_022809123.1
XP_066027562.1	XP_058951380.2
XP_066027562.1	XP_028415846.1
XP_066027562.1	XP_028416625.1
XP_066027562.1	XP_046845244.1
XP_066027562.1	XP_046845236.1
XP_066027562.1	XP_068717469.1
XP_066027562.1	XP_068672800.1
XP_066027562.1	XP_068672801.1
XP_066027562.1	XP_028390618.1
XP_066027562.1	XP_028390619.1
XP_066027562.1	XP_028390620.1
XP_066027562.1	XP_067036042.1
XP_066027562.1	KAK2567162.1
XP_066027562.1	XP_015755823.1
XP_066027562.1	XP_029200086.1
XP_066027562.1	XP_029200086.2
XP_066027562.1	XP_073247308.1
XP_066027562.1	CAH3158752.1
XP_066027562.1	CAH3030899.1
XP_066027562.1	CAH3040751.1
XP_066027562.1	XP_073247559.1
XP_066027562.1	CAH3158755.1
XP_066027628.1	XP_066027628.1
XP_066027628.1	CAH3040190.1
XP_066027628.1	XP_066027629.1
XP_066027628.1	CAH3040187.1
XP_066029176.1	XP_066029176.1
XP_066029176.1	CAH3127528.1
XP_066029176.1	XP_066029177.1
XP_066029176.1	XP_066029178.1
XP_066029176.1	XP_066029179.1
XP_066029176.1	XP_066029180.1
XP_066029176.1	XP_066029181.1
XP_066029620.1	XP_066029620.1
XP_066029620.1	XP_027036881.1
XP_066029685.1	XP_066029685.1
XP_066029685.1	XP_066029678.1
XP_066029749.1	XP_066029749.1
XP_066029749.1	XP_066029750.1
XP_066029749.1	XP_066029751.1
XP_066029755.1	XP_066029755.1
XP_066029755.1	XP_066029756.1
XP_066029755.1	XP_066029757.1
XP_066029755.1	XP_066029758.1
XP_066029755.1	XP_066029759.1
XP_066029755.1	XP_066029760.1
XP_066029755.1	CAH3147687.1
XP_066029934.1	XP_066029934.1
XP_066029934.1	XP_066029933.1
XP_068718143.1	XP_068718143.1
XP_068718143.1	XP_068718142.1
XP_068718143.1	XP_068702757.1
XP_068718549.1	XP_068718549.1
XP_068719825.1	XP_068719825.1
XP_068721273.1	XP_068721273.1
XP_068721273.1	XP_068721274.1
XP_068721273.1	XP_068721275.1
XP_068721273.1	XP_068721276.1
XP_068721273.1	XP_068721277.1
XP_068721273.1	XP_068721278.1
XP_068721273.1	XP_068721279.1
XP_068721273.1	XP_068721281.1
XP_068721273.1	XP_068682260.1
XP_068721273.1	XP_068681505.1
XP_068721273.1	XP_068684225.1
XP_068721283.1	XP_068721283.1
XP_068721283.1	XP_068721282.1
XP_068721804.1	XP_068721804.1
XP_068724095.1	XP_068724095.1
XP_068724095.1	XP_044175284.1
XP_068724195.1	XP_068724195.1
XP_068725266.1	XP_068725266.1
XP_068725416.1	XP_068725416.1
XP_068725416.1	XP_068725417.1
XP_068725416.1	XP_068725418.1
XP_068725416.1	CAH3133681.1
XP_068725416.1	XP_068725419.1
XP_068727423.1	XP_068727423.1
XP_068727423.1	XP_015757216.1
XP_068727423.1	XP_029213273.2
XP_068727423.1	XP_068727424.1
XP_068727423.1	XP_068676769.1
XP_068727423.1	XP_068676770.1
XP_068727423.1	KAK2556704.1
XP_068727423.1	XP_015757215.1
XP_068727423.1	XP_029213273.1
XP_068727423.1	XP_067026245.1
XP_068727423.1	CAH3028801.1
XP_068727423.1	CAH3130727.1
XP_068727423.1	XP_073227553.1
XP_068727423.1	CAH3130733.1
XP_068727423.1	CAH3129793.1
XP_068727423.1	XP_058953350.1
XP_068727423.1	XP_058953350.2
XP_068727423.1	XP_020624626.1
XP_068727423.1	XP_022802326.1
XP_068727882.1	XP_068727882.1
XP_068728190.1	XP_068728190.1
XP_068732965.1	XP_068732965.1
XP_068733191.1	XP_068733191.1
XP_068733191.1	XP_068733192.1
XP_068733191.1	XP_068733193.1
XP_068733191.1	XP_068733194.1
XP_068733191.1	XP_068733195.1
XP_068733191.1	XP_068733196.1
XP_068733191.1	XP_068685226.1
XP_068733191.1	XP_068685227.1
XP_068733191.1	XP_068685228.1
XP_068737301.1	XP_068737301.1
XP_068739177.1	XP_068739177.1
XP_068739177.1	XP_066029129.1
XP_068739177.1	CAH3131002.1
XP_068739177.1	CAH3131008.1
XP_068739177.1	XP_058972920.1
XP_068739177.1	XP_066029130.1
XP_068739177.1	XP_066029131.1
XP_068739177.1	XP_022779271.1
XP_068739177.1	XP_022779272.1
XP_068739177.1	XP_022779273.1
XP_068739177.1	XP_027053830.1
XP_068739177.1	XP_066029133.1
XP_068739177.1	XP_066029478.1
XP_068739177.1	XP_066029480.1
XP_068739177.1	XP_066029479.1
XP_068739177.1	XP_066029837.1
XP_068739177.1	XP_066029132.1
XP_068739177.1	XP_066029836.1
XP_068741774.1	XP_068741774.1
XP_068751275.1	XP_068751275.1
XP_068751275.1	XP_068751274.1
XP_068753648.1	XP_068753648.1
XP_068755509.1	XP_068755509.1
XP_068757802.1	XP_068757802.1
XP_068757802.1	XP_068673354.1
XP_068757802.1	XP_068673355.1
XP_068757802.1	XP_068673356.1
XP_068757802.1	XP_068673357.1
XP_068757802.1	XP_068714631.1
XP_068757802.1	XP_068714632.1
XP_068757802.1	XP_068714633.1
XP_068757802.1	XP_068714634.1
XP_068757802.1	XP_068714635.1
XP_068757802.1	XP_068714636.1
XP_068757802.1	XP_068714637.1
XP_068757802.1	XP_068714638.1
XP_068757802.1	XP_068714639.1
XP_068757802.1	XP_068714641.1
XP_068757802.1	KAK2571175.1
XP_068757802.1	XP_029205124.1
XP_068757802.1	XP_029205125.1
XP_068757802.1	XP_067024923.1
XP_068757802.1	XP_067024922.1
XP_068757802.1	XP_067024906.1
XP_068757802.1	XP_015761850.1
XP_068757802.1	XP_015761851.1
XP_068757802.1	XP_015761852.1
XP_068757802.1	XP_015761853.1
XP_068757802.1	XP_015761854.1
XP_068757802.1	XP_015761855.1
XP_068757802.1	XP_067024907.1
XP_068757802.1	XP_067024908.1
XP_068757802.1	XP_067024909.1
XP_068757802.1	XP_067024911.1
XP_068757802.1	XP_067024912.1
XP_068757802.1	XP_067024913.1
XP_068757802.1	XP_067024914.1
XP_068757802.1	XP_067024915.1
XP_068757802.1	XP_067024916.1
XP_068757802.1	XP_029205126.1
XP_068757802.1	XP_029205125.2
XP_068757802.1	XP_029205126.2
XP_068757802.1	XP_044182307.1
XP_068757802.1	XP_067024917.1
XP_068757802.1	XP_067024918.1
XP_068676713.1	XP_068676713.1
XP_068676713.1	XP_068727881.1
XP_068677287.1	XP_068677287.1
XP_068677290.1	XP_068677290.1
XP_068682205.1	XP_068682205.1
XP_068682205.1	XP_068682204.1
XP_068684378.1	XP_068684378.1
XP_068685335.1	XP_068685335.1
XP_068685335.1	XP_068686007.1
XP_068685335.1	XP_068686659.1
XP_068687692.1	XP_068687692.1
XP_068687692.1	XP_068734792.1
XP_068688105.1	XP_068688105.1
XP_068688105.1	CAH3016755.1
XP_068688105.1	CAH3128416.1
XP_068688105.1	XP_068688106.1
XP_068688105.1	XP_073230730.1
XP_068688105.1	CAH3131649.1
XP_068688105.1	XP_022791279.1
XP_068688105.1	XP_058945690.1
XP_068688105.1	XP_027043102.1
XP_068688105.1	XP_066016943.1
XP_068688105.1	XP_032222788.1
XP_068688105.1	XP_032222789.1
XP_068688105.1	XP_032222788.2
XP_068688105.1	XP_028519633.1
XP_068688105.1	XP_020917167.1
XP_068688105.1	XP_029186665.1
XP_068688105.1	XP_029186666.1
XP_068688105.1	XP_029186667.1
XP_068688105.1	XP_029186669.1
XP_068688105.1	XP_029186665.2
XP_068688105.1	XP_029186666.2
XP_068688105.1	XP_029186669.2
XP_068688105.1	XP_067018319.1
XP_068688105.1	XP_067018320.1
XP_068688105.1	XP_067018321.1
XP_068688105.1	XP_067019244.1
XP_068688105.1	XP_029186672.1
XP_068688105.1	XP_044183689.1
XP_068688105.1	XP_067019242.1
XP_068688105.1	XP_067019245.1
XP_068688105.1	XP_067019246.1
XP_068688105.1	XP_067019247.1
XP_068688105.1	XP_067019265.1
XP_068688105.1	XP_067019243.1
XP_068688486.1	XP_068688486.1
XP_068688486.1	XP_068688487.1
XP_068688486.1	XP_068688488.1
XP_068688486.1	XP_068688489.1
XP_068688672.1	XP_068688672.1
XP_068688672.1	XP_068688671.1
XP_068688672.1	KAJ7361994.1
XP_068688672.1	XP_020608711.1
XP_068688672.1	XP_020608712.1
XP_068688672.1	XP_020608713.1
XP_068688672.1	XP_066026638.1
XP_068688672.1	XP_066026752.1
XP_068688672.1	XP_058959242.1
XP_068688672.1	XP_066026753.1
XP_068688672.1	XP_066026754.1
XP_068688672.1	XP_066026756.1
XP_068688672.1	XP_066026755.1
XP_068689639.1	XP_068689639.1
XP_068689639.1	XP_068753960.1
XP_068689639.1	XP_068753961.1
XP_068689639.1	XP_068753962.1
XP_068689639.1	XP_068753963.1
XP_068689639.1	XP_068754002.1
XP_068689639.1	XP_068753968.1
XP_068689639.1	XP_068753969.1
XP_068689639.1	XP_068753970.1
XP_068689639.1	XP_068754003.1
XP_068689639.1	XP_068754004.1
XP_068689639.1	XP_068699865.1
XP_068689639.1	XP_068699866.1
XP_068689639.1	XP_068699867.1
XP_068689639.1	XP_068699868.1
XP_068689639.1	XP_068699869.1
XP_068689639.1	XP_044170367.1
XP_068689639.1	XP_044170369.1
XP_068689639.1	XP_044171346.1
XP_068689639.1	XP_044171347.1
XP_068689639.1	XP_067041884.1
XP_068689639.1	XP_067040001.1
XP_068689639.1	XP_015768361.1
XP_068689639.1	XP_044176319.1
XP_068689639.1	XP_015776125.1
XP_068689639.1	XP_029191359.1
XP_068689639.1	XP_015776124.1
XP_068689639.1	XP_044176033.1
XP_068693038.1	XP_068693038.1
XP_068694898.1	XP_068694898.1
XP_068694898.1	XP_068724880.1
XP_068694898.1	XP_058969307.1
XP_068694898.1	XP_058969306.1
XP_068695021.1	XP_068695021.1
XP_068695021.1	CAH3024114.1
XP_068695021.1	XP_073243819.1
XP_068695021.1	XP_068727992.1
XP_068695021.1	XP_068728000.1
XP_068699861.1	XP_068699861.1
XP_068699861.1	XP_068754026.1
XP_068699861.1	XP_020602449.1
XP_068700046.1	XP_068700046.1
XP_068700046.1	XP_068700045.1
XP_068700046.1	XP_067029867.1
XP_068700046.1	XP_067029868.1
XP_068700046.1	XP_067029869.1
XP_068700046.1	XP_067049598.1
XP_068700046.1	XP_067049599.1
XP_068700046.1	XP_067049600.1
XP_068700635.1	XP_068700635.1
XP_068700635.1	CAH3157034.1
XP_068700635.1	XP_066023655.1
XP_068700635.1	XP_066022470.1
XP_068700635.1	XP_068697799.1
XP_068700635.1	CAH3182630.1
XP_068704788.1	XP_068704788.1
XP_068704788.1	XP_068721954.1
XP_068704788.1	XP_027038010.1
XP_068704788.1	CAH3136379.1
XP_068704788.1	CAH3027709.1
XP_068704788.1	CAH3186488.1
XP_068704788.1	XP_073234456.1
XP_068704788.1	XP_015766406.1
XP_068704788.1	XP_020612557.1
XP_068704788.1	XP_022789211.1
XP_068704788.1	XP_022789210.1
XP_068704788.1	XP_029186950.1
XP_068704788.1	XP_029186950.2
XP_068704788.1	XP_067053651.1
XP_068704788.1	XP_058970121.1
XP_068704788.1	CAH3117715.1
XP_068704788.1	XP_058970121.1
XP_068705679.1	XP_068705679.1
XP_068705679.1	XP_068737776.1
XP_068705679.1	XP_068737777.1
XP_068705679.1	XP_068705680.1
XP_068705679.1	XP_068705681.1
XP_068705804.1	XP_068705804.1
XP_068705804.1	XP_068705803.1
XP_068705804.1	XP_068736785.1
XP_068705804.1	XP_068736784.1
XP_068705805.1	XP_068705805.1
XP_068705805.1	XP_068705806.1
XP_068705805.1	XP_068705807.1
XP_068705808.1	XP_068705808.1
XP_068705808.1	XP_068705809.1
XP_068705808.1	XP_068705810.1
XP_068706916.1	XP_068706916.1
XP_068706916.1	XP_068722745.1
XP_068706916.1	XP_068722746.1
XP_068706916.1	XP_068706989.1
XP_068706916.1	XP_068707059.1
XP_068708127.1	XP_068708127.1
XP_068708127.1	XP_068722223.1
XP_068708127.1	XP_068722224.1
XP_068708127.1	XP_068708180.1
XP_068708127.1	XP_029186474.1
XP_068708127.1	XP_029186475.1
XP_068708127.1	XP_029186477.1
XP_068708127.1	XP_067054622.1
XP_068708127.1	KAJ7383148.1
XP_068708127.1	CAH3133700.1
XP_068708127.1	CAH3017365.1
XP_068708127.1	CAH3042406.1
XP_068708127.1	XP_027047578.1
XP_068708127.1	XP_027047579.1
XP_068708127.1	XP_058959704.1
XP_068708127.1	XP_058959706.1
XP_068708127.1	XP_058959707.1
XP_068708127.1	XP_058959708.1
XP_068708127.1	XP_058959704.2
XP_068708127.1	XP_066019299.1
XP_068708127.1	XP_066019300.1
XP_068708127.1	XP_066019301.1
XP_068708127.1	CAH3168203.1
XP_068708127.1	CAH3041128.1
XP_068708127.1	XP_027047339.1
XP_068708127.1	XP_027047340.1
XP_068708127.1	XP_027047341.1
XP_068708127.1	XP_066020728.1
XP_068708127.1	XP_066020729.1
XP_068708127.1	XP_066020730.1
XP_068708127.1	XP_066020731.1
XP_068708127.1	XP_022783332.1
XP_068708127.1	XP_022782944.1
XP_068708127.1	XP_022791684.1
XP_068708127.1	XP_022791683.1
XP_068708127.1	XP_022791741.1
XP_068708127.1	XP_022791742.1
XP_068708127.1	XP_022791743.1
XP_068708127.1	XP_022791721.1
XP_068708127.1	XP_022791726.1
XP_068708127.1	XP_022791725.1
XP_068708127.1	XP_027039198.1
XP_068708127.1	XP_044172349.1
XP_068708127.1	XP_067054644.1
XP_068708127.1	XP_029186612.1
XP_068708127.1	XP_029186615.1
XP_068708127.1	XP_029186616.1
XP_068708127.1	XP_067054630.1
XP_068708127.1	XP_029186478.1
XP_068708127.1	XP_044173108.1
XP_068708127.1	XP_044173109.1
XP_068708127.1	XP_044173110.1
XP_068708127.1	XP_067054631.1
XP_068708127.1	XP_067054632.1
XP_068708127.1	XP_067054633.1
XP_068708127.1	XP_067054635.1
XP_068708127.1	XP_067054636.1
XP_068708127.1	XP_067054637.1
XP_068708127.1	XP_067054638.1
XP_068708127.1	XP_067054639.1
XP_068708127.1	XP_067054640.1
XP_068708127.1	XP_067054641.1
XP_068708127.1	XP_067054642.1
XP_068708127.1	XP_067054643.1
XP_068708127.1	XP_066020027.1
XP_068708127.1	XP_058943707.1
XP_068708127.1	XP_066020024.1
XP_068708127.1	XP_066020026.1
XP_068708127.1	XP_068724571.1
XP_068708127.1	XP_068708714.1
XP_068708127.1	XP_068707718.1
XP_068708127.1	XP_068707764.1
XP_068708127.1	XP_068707266.1
XP_068708127.1	XP_068707330.1
XP_068708127.1	XP_068707830.1
XP_068708127.1	XP_068725408.1
XP_068708127.1	XP_068707873.1
XP_068708127.1	XP_068707916.1
XP_068708127.1	XP_068707963.1
XP_068708127.1	XP_068708006.1
XP_068708127.1	XP_068708053.1
XP_068708127.1	XP_068708247.1
XP_068708127.1	XP_068711626.1
XP_068708127.1	XP_073233647.1
XP_068708127.1	CAH3017374.1
XP_068708127.1	CAH3133677.1
XP_068708127.1	XP_073233648.1
XP_068708127.1	CAH3017372.1
XP_068708127.1	CAH3133679.1
XP_068708127.1	XP_073233650.1
XP_068708127.1	XP_073233651.1
XP_068708127.1	XP_073233652.1
XP_068708127.1	CAH3178443.1
XP_068708127.1	XP_073233649.1
XP_068708127.1	CAH3133676.1
XP_068708127.1	CAH3133678.1
XP_068708127.1	CAH3133698.1
XP_068708127.1	CAH3017368.1
XP_068708127.1	CAH3133699.1
XP_068708127.1	CAH3017366.1
XP_068708127.1	XP_073233646.1
XP_068708127.1	CAH3178442.1
XP_068708430.1	XP_068708430.1
XP_068708430.1	XP_068708431.1
XP_068708430.1	XP_068711491.1
XP_068708430.1	CAH3119404.1
XP_068708430.1	XP_029207042.1
XP_068708430.1	XP_015753064.1
XP_068708430.1	KAK2557895.1
XP_068708430.1	XP_015778115.1
XP_068708430.1	XP_015778116.1
XP_068708430.1	XP_015778117.1
XP_068708430.1	XP_015778118.1
XP_068708430.1	XP_015778119.1
XP_068708430.1	XP_015778120.1
XP_068708430.1	XP_015778121.1
XP_068708430.1	XP_015778122.1
XP_068708430.1	XP_015778123.1
XP_068708430.1	XP_015778124.1
XP_068708430.1	XP_015778125.1
XP_068708430.1	XP_015778126.1
XP_068708430.1	XP_015778129.1
XP_068708430.1	XP_044165162.1
XP_068708430.1	XP_044169489.1
XP_068708430.1	XP_044183878.1
XP_068708430.1	XP_044183883.1
XP_068708430.1	XP_067017790.1
XP_068708430.1	XP_067049430.1
XP_068708430.1	XP_067049429.1
XP_068708430.1	XP_067049426.1
XP_068708430.1	XP_067049427.1
XP_068708430.1	XP_067049428.1
XP_068711473.1	XP_068711473.1
XP_068711473.1	XP_068711471.1
XP_068711473.1	XP_068689895.1
XP_068711473.1	XP_068689896.1
XP_068711473.1	XP_068689897.1
XP_068711473.1	XP_068689898.1
XP_068711473.1	XP_068711469.1
XP_068711473.1	XP_068711470.1
XP_068711473.1	XP_068711472.1
XP_068711473.1	XP_067037407.1
XP_068711473.1	XP_067037409.1
XP_068711473.1	XP_067037410.1
XP_068711473.1	XP_067037411.1
XP_068711473.1	XP_067037412.1
XP_068711473.1	XP_067037413.1
XP_068711473.1	XP_067037414.1
XP_068711473.1	XP_067037416.1
XP_068711473.1	XP_067037418.1
XP_068711473.1	XP_067037419.1
XP_001636280.1	XP_001636280.1
XP_001636280.1	XP_001636280.1
XP_032222781.1	XP_032222781.1
XP_032222781.1	XP_032222781.1
