Cluster Repr	Cluster Member
CAH3132311.1_PF00531_1_1	CAH3132311.1_PF00531_1_1
CAH3132311.1_PF00531_1_1	CAH3166432.1_PF00531_1_1
CAH3132311.1_PF00531_1_1	XP_027045514.1_PF00531_1_1
CAH3132311.1_PF00531_1_1	XP_058956971.1_PF00531_1_1
CAH3137894.1_PF00531_1_1	CAH3137894.1_PF00531_1_1
CAH3137894.1_PF00531_1_1	XP_027056956.1_PF00531_1_1
CAH3137894.1_PF00531_1_1	XP_058964389.1_PF00531_1_1
CAH3137894.1_PF00531_1_1	XP_058964389.2_PF00531_1_1
CAH3138407.1_PF00531_1_1	CAH3138407.1_PF00531_1_1
CAH3139801.1_PF00531_1_1	CAH3139801.1_PF00531_1_1
CAH3139803.1_PF00531_1_1	CAH3139803.1_PF00531_1_1
CAH3139807.1_PF00531_1_1	CAH3139807.1_PF00531_1_1
CAH3139807.1_PF00531_1_1	CAH3166744.1_PF00531_1_1
CAH3139807.1_PF00531_1_1	XP_027046688.1_PF00531_1_1
CAH3139807.1_PF00531_1_1	XP_058956755.1_PF00531_1_1
CAH3139807.1_PF00531_1_1	XP_066019462.1_PF00531_1_1
CAH3139807.1_PF00531_1_1	XP_066019466.1_PF00531_1_1
CAH3139807.1_PF00531_1_1	XP_066019467.1_PF00531_1_1
CAH3139807.1_PF00531_1_1	XP_066019482.1_PF00531_1_1
CAH3139807.1_PF00531_1_1	XP_066019489.1_PF00531_1_1
CAH3139807.1_PF00531_1_1	XP_066019508.1_PF00531_1_1
CAH3139807.1_PF00531_1_1	XP_066019514.1_PF00531_1_1
CAH3139819.1_PF00531_1_1	CAH3139819.1_PF00531_1_1
CAH3139819.1_PF00531_1_1	CAH3139817.1_PF00531_1_1
CAH3139819.1_PF00531_1_1	CAH3166777.1_PF00531_1_1
CAH3139819.1_PF00531_1_1	XP_058943534.1_PF00531_1_1
CAH3139819.1_PF00531_1_1	XP_058943534.2_PF00531_1_1
CAH3139819.1_PF00531_1_1	XP_066016192.1_PF00531_1_1
CAH3139819.1_PF00531_1_1	XP_066019569.1_PF00531_1_1
CAH3139823.1_PF00531_1_1	CAH3139823.1_PF00531_1_1
CAH3142852.1_PF00531_1_1	CAH3142852.1_PF00531_1_1
CAH3142852.1_PF00531_1_1	CAH3166140.1_PF00531_1_1
CAH3142852.1_PF00531_1_1	XP_022801867.1_PF00531_1_1
CAH3142852.1_PF00531_1_1	XP_058965386.1_PF00531_1_1
CAH3142852.1_PF00531_1_1	XP_058965386.2_PF00531_1_1
CAH3143994.1_PF00531_1_1	CAH3143994.1_PF00531_1_1
CAH3143994.1_PF00531_1_1	CAH3144000.1_PF00531_1_1
CAH3143994.1_PF00531_1_1	XP_027060316.1_PF00531_1_1
CAH3143994.1_PF00531_1_1	XP_058942208.1_PF00531_1_1
CAH3143994.1_PF00531_1_1	XP_066022994.1_PF00531_1_1
CAH3143996.1_PF00531_1_1	CAH3143996.1_PF00531_1_1
CAH3143996.1_PF00531_1_1	XP_058942139.1_PF00531_1_1
CAH3143996.1_PF00531_1_1	XP_058942139.2_PF00531_1_1
CAH3144018.1_PF00531_1_1	CAH3144018.1_PF00531_1_1
CAH3145966.1_PF00531_1_1	CAH3145966.1_PF00531_1_1
CAH3145966.1_PF00531_1_1	CAH3145960.1_PF00531_1_1
CAH3145966.1_PF00531_1_1	XP_027058827.1_PF00531_1_1
CAH3145966.1_PF00531_1_1	XP_058942793.1_PF00531_1_1
CAH3145966.1_PF00531_1_1	XP_058946104.1_PF00531_1_1
CAH3145966.1_PF00531_1_1	XP_058946104.2_PF00531_1_1
CAH3145966.1_PF00531_1_1	XP_066024898.1_PF00531_1_1
CAH3147687.1_PF00531_1_1	CAH3147687.1_PF00531_1_1
CAH3150794.1_PF00531_1_1	CAH3150794.1_PF00531_1_1
CAH3150794.1_PF00531_1_1	XP_022786301.1_PF00531_1_1
CAH3150794.1_PF00531_1_1	XP_027044087.1_PF00531_1_1
CAH3150794.1_PF00531_1_1	XP_058944715.1_PF00531_1_1
CAH3150794.1_PF00531_1_1	XP_066023214.1_PF00531_1_1
CAH3151931.1_PF00531_1_1	CAH3151931.1_PF00531_1_1
CAH3151931.1_PF00531_1_1	XP_027038815.1_PF00531_1_1
CAH3151931.1_PF00531_1_1	XP_058973660.1_PF00531_1_1
CAH3151931.1_PF00531_1_1	XP_058973660.2_PF00531_1_1
CAH3155896.1_PF00531_1_1	CAH3155896.1_PF00531_1_1
CAH3155896.1_PF00531_1_1	XP_027046441.1_PF00531_1_1
CAH3155896.1_PF00531_1_1	XP_058968605.2_PF00531_1_1
CAH3160213.1_PF00531_1_1	CAH3160213.1_PF00531_1_1
CAH3164216.1_PF00531_1_1	CAH3164216.1_PF00531_1_1
CAH3164218.1_PF00531_1_1	CAH3164218.1_PF00531_1_1
CAH3164222.1_PF00531_1_1	CAH3164222.1_PF00531_1_1
CAH3164222.1_PF00531_1_1	XP_066022466.1_PF00531_1_1
CAH3164222.1_PF00531_1_1	XP_066023665.1_PF00531_1_1
CAH3164226.1_PF00531_1_1	CAH3164226.1_PF00531_1_1
CAH3164236.1_PF00531_1_1	CAH3164236.1_PF00531_1_1
CAH3164236.1_PF00531_1_1	XP_058948585.1_PF00531_1_1
CAH3164236.1_PF00531_1_1	XP_058967975.1_PF00531_1_1
CAH3164236.1_PF00531_1_1	XP_058967975.2_PF00531_1_1
CAH3164236.1_PF00531_1_1	XP_066022470.1_PF00531_1_1
CAH3164236.1_PF00531_1_1	XP_066023670.1_PF00531_1_1
CAH3164254.1_PF00531_1_1	CAH3164254.1_PF00531_1_1
CAH3166120.1_PF00531_1_1	CAH3166120.1_PF00531_1_1
CAH3166120.1_PF00531_1_1	XP_058965539.1_PF00531_1_1
CAH3166120.1_PF00531_1_1	XP_027056560.1_PF00531_1_1
CAH3166120.1_PF00531_1_1	XP_058945478.1_PF00531_1_1
CAH3166120.1_PF00531_1_1	XP_058966911.1_PF00531_1_1
CAH3166120.1_PF00531_1_1	XP_066021621.1_PF00531_1_1
CAH3166120.1_PF00531_1_1	XP_066021679.1_PF00531_1_1
CAH3166120.1_PF00531_1_1	XP_066021680.1_PF00531_1_1
CAH3166135.1_PF00531_1_1	CAH3166135.1_PF00531_1_1
CAH3166458.1_PF00531_1_1	CAH3166458.1_PF00531_1_1
CAH3166474.1_PF00531_1_1	CAH3166474.1_PF00531_1_1
CAH3166474.1_PF00531_1_1	XP_027040607.1_PF00531_1_1
CAH3166474.1_PF00531_1_1	XP_058956985.1_PF00531_1_1
CAH3166474.1_PF00531_1_1	XP_058956986.1_PF00531_1_1
CAH3166748.1_PF00531_1_1	CAH3166748.1_PF00531_1_1
CAH3166748.1_PF00531_1_1	XP_027054281.1_PF00531_1_1
CAH3166748.1_PF00531_1_1	XP_027054282.1_PF00531_1_1
CAH3166748.1_PF00531_1_1	XP_066027677.1_PF00531_1_1
CAH3166748.1_PF00531_1_1	XP_066027679.1_PF00531_1_1
CAH3166750.1_PF00531_1_1	CAH3166750.1_PF00531_1_1
CAH3166997.1_PF00531_1_1	CAH3166997.1_PF00531_1_1
CAH3166997.1_PF00531_1_1	CAH3031206.1_PF00531_1_1
CAH3166997.1_PF00531_1_1	XP_027057275.1_PF00531_1_1
CAH3166997.1_PF00531_1_1	XP_027057276.1_PF00531_1_1
CAH3166997.1_PF00531_1_1	XP_027057278.1_PF00531_1_1
CAH3166997.1_PF00531_1_1	XP_027057279.1_PF00531_1_1
CAH3166997.1_PF00531_1_1	XP_027057280.1_PF00531_1_1
CAH3166997.1_PF00531_1_1	XP_058949187.1_PF00531_1_1
CAH3166997.1_PF00531_1_1	XP_058949188.1_PF00531_1_1
CAH3166997.1_PF00531_1_1	XP_058949189.1_PF00531_1_1
CAH3166997.1_PF00531_1_1	XP_058949190.1_PF00531_1_1
CAH3166997.1_PF00531_1_1	XP_058949192.1_PF00531_1_1
CAH3166997.1_PF00531_1_1	XP_058949193.1_PF00531_1_1
CAH3166997.1_PF00531_1_1	XP_058949194.1_PF00531_1_1
CAH3166997.1_PF00531_1_1	XP_066020544.1_PF00531_1_1
CAH3166997.1_PF00531_1_1	XP_066020545.1_PF00531_1_1
CAH3166997.1_PF00531_1_1	XP_066020546.1_PF00531_1_1
CAH3166997.1_PF00531_1_1	XP_066020547.1_PF00531_1_1
CAH3166997.1_PF00531_1_1	XP_066020548.1_PF00531_1_1
CAH3166997.1_PF00531_1_1	XP_066020549.1_PF00531_1_1
CAH3166997.1_PF00531_1_1	XP_066020550.1_PF00531_1_1
CAH3166999.1_PF00531_1_1	CAH3166999.1_PF00531_1_1
CAH3167003.1_PF00531_1_1	CAH3167003.1_PF00531_1_1
CAH3167003.1_PF00531_1_1	XP_058949215.1_PF00531_1_1
CAH3167172.1_PF00531_1_1	CAH3167172.1_PF00531_1_1
CAH3167172.1_PF00531_1_1	CAH3030987.1_PF00531_1_1
CAH3167172.1_PF00531_1_1	XP_027050900.1_PF00531_1_1
CAH3167172.1_PF00531_1_1	XP_058941586.1_PF00531_1_1
CAH3167176.1_PF00531_1_1	CAH3167176.1_PF00531_1_1
CAH3167176.1_PF00531_1_1	XP_027050902.1_PF00531_1_1
CAH3167176.1_PF00531_1_1	XP_058966791.1_PF00531_1_1
CAH3167176.1_PF00531_1_1	XP_058966792.1_PF00531_1_1
CAH3167176.1_PF00531_1_1	XP_058966793.1_PF00531_1_1
CAH3167176.1_PF00531_1_1	XP_058966794.1_PF00531_1_1
CAH3167176.1_PF00531_1_1	XP_058966791.2_PF00531_1_1
CAH3167748.1_PF00531_1_1	CAH3167748.1_PF00531_1_1
CAH3167754.1_PF00531_1_1	CAH3167754.1_PF00531_1_1
CAH3167754.1_PF00531_1_1	CAH3034350.1_PF00531_1_1
CAH3168209.1_PF00531_1_1	CAH3168209.1_PF00531_1_1
CAH3168211.1_PF00531_1_1	CAH3168211.1_PF00531_1_1
CAH3168211.1_PF00531_1_1	XP_058943709.1_PF00531_1_1
CAH3168211.1_PF00531_1_1	XP_058943710.1_PF00531_1_1
CAH3168211.1_PF00531_1_1	XP_058943711.1_PF00531_1_1
CAH3168211.1_PF00531_1_1	XP_058943712.1_PF00531_1_1
CAH3168211.1_PF00531_1_1	XP_058943713.1_PF00531_1_1
CAH3168211.1_PF00531_1_1	XP_058943721.1_PF00531_1_1
CAH3168211.1_PF00531_1_1	XP_058960494.1_PF00531_1_1
CAH3168211.1_PF00531_1_1	XP_058960495.1_PF00531_1_1
CAH3168211.1_PF00531_1_1	XP_058960496.1_PF00531_1_1
CAH3168211.1_PF00531_1_1	XP_058960497.1_PF00531_1_1
CAH3168211.1_PF00531_1_1	XP_058960498.1_PF00531_1_1
CAH3168211.1_PF00531_1_1	XP_058960499.1_PF00531_1_1
CAH3168211.1_PF00531_1_1	XP_058960495.2_PF00531_1_1
XP_001624845.1_PF00531_1_1	XP_001624845.1_PF00531_1_1
XP_001624845.1_PF00531_1_1	XP_048586963.1_PF00531_1_1
XP_001625762.2_PF00531_1_1	XP_001625762.2_PF00531_1_1
XP_001625762.2_PF00531_1_1	XP_032229145.1_PF00531_1_1
XP_001625762.2_PF00531_1_1	XP_032229146.1_PF00531_1_1
XP_001625762.2_PF00531_1_1	XP_032229147.1_PF00531_1_1
XP_001625762.2_PF00531_1_1	XP_032229148.1_PF00531_1_1
XP_001625762.2_PF00531_1_1	XP_032229149.1_PF00531_1_1
XP_001625762.2_PF00531_1_1	XP_032229151.1_PF00531_1_1
XP_001625762.2_PF00531_1_1	XP_001625762.3_PF00531_1_1
XP_001625762.2_PF00531_1_1	XP_048587947.1_PF00531_1_1
XP_001625762.2_PF00531_1_1	XP_048587948.1_PF00531_1_1
XP_001625762.2_PF00531_1_1	XP_048587949.1_PF00531_1_1
XP_001634900.2_PF00531_1_1	XP_001634900.2_PF00531_1_1
XP_001634900.2_PF00531_1_1	XP_048590453.1_PF00531_1_1
XP_001634900.2_PF00531_1_1	XP_048590454.1_PF00531_1_1
XP_001634900.2_PF00531_1_1	XP_048590455.1_PF00531_1_1
XP_001635820.2_PF00531_1_1	XP_001635820.2_PF00531_1_1
XP_001635820.2_PF00531_1_1	XP_032241369.1_PF00531_1_1
XP_001635820.2_PF00531_1_1	XP_032241370.1_PF00531_1_1
XP_001636280.1_PF00531_1_1	XP_001636280.1_PF00531_1_1
XP_001639065.2_PF00531_1_1	XP_001639065.2_PF00531_1_1
XP_001639065.2_PF00531_1_1	XP_032225444.1_PF00531_1_1
XP_001639065.2_PF00531_1_1	XP_001639065.3_PF00531_1_1
XP_032217899.1_PF00531_1_1	XP_032217899.1_PF00531_1_1
XP_032217899.1_PF00531_1_1	XP_032217900.1_PF00531_1_1
XP_032217899.1_PF00531_1_1	XP_048590257.1_PF00531_1_1
XP_032218487.1_PF00531_1_1	XP_032218487.1_PF00531_1_1
XP_032218487.1_PF00531_1_1	XP_032218488.1_PF00531_1_1
XP_032218487.1_PF00531_1_1	XP_032218489.1_PF00531_1_1
XP_032218487.1_PF00531_1_1	XP_032218487.2_PF00531_1_1
XP_032218487.1_PF00531_1_1	XP_032218488.2_PF00531_1_1
XP_032218487.1_PF00531_1_1	XP_032218489.2_PF00531_1_1
XP_032219119.1_PF00531_1_1	XP_032219119.1_PF00531_1_1
XP_032219119.1_PF00531_1_1	XP_032219120.1_PF00531_1_1
XP_032219119.1_PF00531_1_1	XP_048576594.1_PF00531_1_1
XP_032219119.1_PF00531_1_1	XP_048576595.1_PF00531_1_1
XP_032219119.1_PF00531_1_1	XP_048576596.1_PF00531_1_1
XP_032219119.1_PF00531_1_1	XP_048576597.1_PF00531_1_1
XP_032219199.1_PF00531_1_1	XP_032219199.1_PF00531_1_1
XP_032219199.1_PF00531_1_1	XP_032219200.1_PF00531_1_1
XP_032219199.1_PF00531_1_1	XP_032219201.1_PF00531_1_1
XP_032219199.1_PF00531_1_1	XP_048576513.1_PF00531_1_1
XP_032219199.1_PF00531_1_1	XP_048576514.1_PF00531_1_1
XP_032219877.1_PF00531_1_1	XP_032219877.1_PF00531_1_1
XP_032219877.1_PF00531_1_1	XP_032219878.1_PF00531_1_1
XP_032219877.1_PF00531_1_1	XP_032219877.2_PF00531_1_1
XP_032219877.1_PF00531_1_1	XP_032219878.2_PF00531_1_1
XP_032219877.1_PF00531_1_1	XP_048589199.1_PF00531_1_1
XP_032219877.1_PF00531_1_1	XP_048589200.1_PF00531_1_1
XP_032219879.1_PF00531_1_1	XP_032219879.1_PF00531_1_1
XP_032219879.1_PF00531_1_1	XP_032219879.2_PF00531_1_1
XP_032219879.1_PF00531_1_1	XP_048589202.1_PF00531_1_1
XP_032221247.1_PF00531_1_1	XP_032221247.1_PF00531_1_1
XP_015768794.1_PF00531_1_1	XP_015768794.1_PF00531_1_1
XP_015768794.1_PF00531_1_1	XP_015768795.1_PF00531_1_1
XP_015768794.1_PF00531_1_1	XP_015768796.1_PF00531_1_1
XP_015768794.1_PF00531_1_1	XP_015768797.1_PF00531_1_1
XP_015768794.1_PF00531_1_1	XP_015768798.1_PF00531_1_1
XP_015768794.1_PF00531_1_1	XP_015768799.1_PF00531_1_1
XP_015768794.1_PF00531_1_1	XP_015768800.1_PF00531_1_1
XP_015768794.1_PF00531_1_1	XP_015768801.1_PF00531_1_1
XP_015768794.1_PF00531_1_1	XP_015768827.1_PF00531_1_1
XP_015768794.1_PF00531_1_1	XP_015768828.1_PF00531_1_1
XP_015768794.1_PF00531_1_1	XP_015768829.1_PF00531_1_1
XP_015768794.1_PF00531_1_1	XP_015768830.1_PF00531_1_1
XP_015768794.1_PF00531_1_1	XP_015768831.1_PF00531_1_1
XP_015768794.1_PF00531_1_1	XP_015768832.1_PF00531_1_1
XP_015768794.1_PF00531_1_1	XP_015768833.1_PF00531_1_1
XP_015768794.1_PF00531_1_1	XP_015768834.1_PF00531_1_1
XP_015768794.1_PF00531_1_1	XP_015768838.1_PF00531_1_1
XP_015768802.1_PF00531_1_1	XP_015768802.1_PF00531_1_1
XP_015768802.1_PF00531_1_1	XP_015768804.1_PF00531_1_1
XP_015768802.1_PF00531_1_1	XP_015768835.1_PF00531_1_1
XP_015768802.1_PF00531_1_1	XP_015768836.1_PF00531_1_1
XP_015768852.1_PF00531_1_1	XP_015768852.1_PF00531_1_1
XP_015768852.1_PF00531_1_1	XP_015768825.1_PF00531_1_1
XP_015769702.1_PF00531_1_1	XP_015769702.1_PF00531_1_1
XP_015769702.1_PF00531_1_1	XP_015769703.1_PF00531_1_1
XP_015769702.1_PF00531_1_1	XP_067054646.1_PF00531_1_1
XP_015769702.1_PF00531_1_1	XP_067054647.1_PF00531_1_1
XP_015769702.1_PF00531_1_1	XP_015755610.1_PF00531_1_1
XP_015769702.1_PF00531_1_1	XP_015755612.1_PF00531_1_1
XP_015769702.1_PF00531_1_1	XP_015755613.1_PF00531_1_1
XP_015769783.1_PF00531_1_1	XP_015769783.1_PF00531_1_1
XP_015769783.1_PF00531_1_1	XP_015769784.1_PF00531_1_1
XP_015769783.1_PF00531_1_1	XP_015769785.1_PF00531_1_1
XP_015769783.1_PF00531_1_1	XP_015775170.1_PF00531_1_1
XP_015769783.1_PF00531_1_1	KAK2559159.1_PF00531_1_1
XP_015769783.1_PF00531_1_1	KAK2559161.1_PF00531_1_1
XP_015769783.1_PF00531_1_1	XP_029182919.1_PF00531_1_1
XP_015769783.1_PF00531_1_1	XP_029182919.2_PF00531_1_1
XP_015769783.1_PF00531_1_1	XP_044182146.1_PF00531_1_1
XP_015769783.1_PF00531_1_1	XP_067058053.1_PF00531_1_1
XP_015769783.1_PF00531_1_1	XP_067058054.1_PF00531_1_1
XP_015769783.1_PF00531_1_1	XP_067058055.1_PF00531_1_1
XP_015770124.1_PF00531_1_1	XP_015770124.1_PF00531_1_1
XP_015770331.1_PF00531_1_1	XP_015770331.1_PF00531_1_1
XP_015770331.1_PF00531_1_1	XP_015770332.1_PF00531_1_1
XP_015770331.1_PF00531_1_1	XP_015770333.1_PF00531_1_1
XP_015770331.1_PF00531_1_1	XP_015770334.1_PF00531_1_1
XP_015770331.1_PF00531_1_1	XP_015770335.1_PF00531_1_1
XP_015770331.1_PF00531_1_1	XP_015770336.1_PF00531_1_1
XP_015770331.1_PF00531_1_1	XP_015770339.1_PF00531_1_1
XP_015770331.1_PF00531_1_1	XP_015770340.1_PF00531_1_1
XP_015770331.1_PF00531_1_1	XP_015770343.1_PF00531_1_1
XP_015770331.1_PF00531_1_1	XP_015770344.1_PF00531_1_1
XP_015770923.1_PF00531_1_1	XP_015770923.1_PF00531_1_1
XP_015770923.1_PF00531_1_1	XP_015770924.1_PF00531_1_1
XP_015770923.1_PF00531_1_1	XP_015770925.1_PF00531_1_1
XP_015770923.1_PF00531_1_1	XP_015770926.1_PF00531_1_1
XP_015770923.1_PF00531_1_1	XP_029197650.1_PF00531_1_1
XP_015770923.1_PF00531_1_1	XP_029197650.2_PF00531_1_1
XP_015770923.1_PF00531_1_1	XP_044165389.1_PF00531_1_1
XP_015770923.1_PF00531_1_1	XP_067056942.1_PF00531_1_1
XP_015772357.1_PF00531_1_1	XP_015772357.1_PF00531_1_1
XP_015772357.1_PF00531_1_1	KAK2563088.1_PF00531_1_1
XP_015772357.1_PF00531_1_1	XP_015772358.1_PF00531_1_1
XP_015772357.1_PF00531_1_1	XP_015772359.1_PF00531_1_1
XP_015772357.1_PF00531_1_1	XP_015772360.1_PF00531_1_1
XP_015772357.1_PF00531_1_1	XP_015772362.1_PF00531_1_1
XP_015772357.1_PF00531_1_1	XP_015772363.1_PF00531_1_1
XP_015772357.1_PF00531_1_1	XP_015772364.1_PF00531_1_1
XP_015772357.1_PF00531_1_1	XP_015772365.1_PF00531_1_1
XP_015772357.1_PF00531_1_1	XP_029191374.1_PF00531_1_1
XP_015772357.1_PF00531_1_1	XP_067041653.1_PF00531_1_1
XP_015772357.1_PF00531_1_1	XP_067041654.1_PF00531_1_1
XP_015772357.1_PF00531_1_1	XP_067041655.1_PF00531_1_1
XP_015772357.1_PF00531_1_1	XP_067041657.1_PF00531_1_1
XP_015772767.1_PF00531_1_1	XP_015772767.1_PF00531_1_1
XP_015772767.1_PF00531_1_1	XP_044176123.1_PF00531_1_1
XP_015772767.1_PF00531_1_1	XP_067042423.1_PF00531_1_1
XP_015772955.1_PF00531_1_1	XP_015772955.1_PF00531_1_1
XP_015772955.1_PF00531_1_1	KAK2571920.1_PF00531_1_1
XP_015772955.1_PF00531_1_1	XP_029179863.1_PF00531_1_1
XP_015772955.1_PF00531_1_1	XP_029179863.2_PF00531_1_1
XP_015772955.1_PF00531_1_1	XP_044163180.1_PF00531_1_1
XP_015772955.1_PF00531_1_1	XP_067044578.1_PF00531_1_1
XP_015773634.1_PF00531_1_1	XP_015773634.1_PF00531_1_1
XP_015773634.1_PF00531_1_1	XP_044176384.1_PF00531_1_1
XP_015773634.1_PF00531_1_1	XP_044176385.1_PF00531_1_1
XP_015773634.1_PF00531_1_1	XP_044176386.1_PF00531_1_1
XP_015773634.1_PF00531_1_1	XP_067039673.1_PF00531_1_1
XP_015773634.1_PF00531_1_1	XP_067039674.1_PF00531_1_1
XP_015773825.1_PF00531_1_1	XP_015773825.1_PF00531_1_1
XP_015773825.1_PF00531_1_1	XP_029211764.1_PF00531_1_1
XP_015773825.1_PF00531_1_1	XP_029211765.1_PF00531_1_1
XP_015773825.1_PF00531_1_1	XP_029211766.1_PF00531_1_1
XP_015773825.1_PF00531_1_1	XP_029211767.1_PF00531_1_1
XP_015773825.1_PF00531_1_1	XP_067056588.1_PF00531_1_1
XP_015773825.1_PF00531_1_1	XP_067056589.1_PF00531_1_1
XP_015773825.1_PF00531_1_1	XP_067056590.1_PF00531_1_1
XP_015773825.1_PF00531_1_1	XP_067056591.1_PF00531_1_1
XP_015773868.1_PF00531_1_1	XP_015773868.1_PF00531_1_1
XP_015773868.1_PF00531_1_1	XP_015773869.1_PF00531_1_1
XP_015773868.1_PF00531_1_1	XP_015773870.1_PF00531_1_1
XP_015773868.1_PF00531_1_1	XP_015773871.1_PF00531_1_1
XP_015773868.1_PF00531_1_1	XP_015773872.1_PF00531_1_1
XP_015773868.1_PF00531_1_1	XP_029181165.1_PF00531_1_1
XP_015773868.1_PF00531_1_1	XP_029181166.1_PF00531_1_1
XP_015773868.1_PF00531_1_1	XP_029181167.1_PF00531_1_1
XP_015773868.1_PF00531_1_1	XP_029181169.1_PF00531_1_1
XP_015773868.1_PF00531_1_1	XP_029181170.1_PF00531_1_1
XP_015773868.1_PF00531_1_1	XP_029181171.1_PF00531_1_1
XP_015773868.1_PF00531_1_1	XP_029181165.2_PF00531_1_1
XP_015773868.1_PF00531_1_1	XP_029181166.2_PF00531_1_1
XP_015773868.1_PF00531_1_1	XP_029181167.2_PF00531_1_1
XP_015773868.1_PF00531_1_1	XP_029181169.2_PF00531_1_1
XP_015773868.1_PF00531_1_1	XP_029181171.2_PF00531_1_1
XP_015773868.1_PF00531_1_1	XP_067045652.1_PF00531_1_1
XP_015773868.1_PF00531_1_1	XP_067045654.1_PF00531_1_1
XP_015773868.1_PF00531_1_1	XP_067045655.1_PF00531_1_1
XP_015773868.1_PF00531_1_1	XP_067045656.1_PF00531_1_1
XP_015773868.1_PF00531_1_1	XP_067045665.1_PF00531_1_1
XP_015773868.1_PF00531_1_1	XP_067045673.1_PF00531_1_1
XP_015773868.1_PF00531_1_1	XP_067045680.1_PF00531_1_1
XP_015773868.1_PF00531_1_1	XP_067045689.1_PF00531_1_1
XP_015773868.1_PF00531_1_1	XP_067045697.1_PF00531_1_1
XP_015775033.1_PF00531_1_1	XP_015775033.1_PF00531_1_1
XP_015775033.1_PF00531_1_1	XP_015766080.1_PF00531_1_1
XP_015775033.1_PF00531_1_1	KAK2560108.1_PF00531_1_1
XP_015775033.1_PF00531_1_1	XP_015775019.1_PF00531_1_1
XP_015775033.1_PF00531_1_1	XP_044170010.1_PF00531_1_1
XP_015775033.1_PF00531_1_1	XP_067047119.1_PF00531_1_1
XP_015775033.1_PF00531_1_1	XP_044170024.1_PF00531_1_1
XP_015775252.1_PF00531_1_1	XP_015775252.1_PF00531_1_1
XP_015775395.1_PF00531_1_1	XP_015775395.1_PF00531_1_1
XP_015775395.1_PF00531_1_1	XP_015759335.1_PF00531_1_1
XP_015775395.1_PF00531_1_1	XP_015775396.1_PF00531_1_1
XP_015775395.1_PF00531_1_1	XP_015779664.1_PF00531_1_1
XP_015775395.1_PF00531_1_1	XP_044163248.1_PF00531_1_1
XP_015775395.1_PF00531_1_1	XP_044163249.1_PF00531_1_1
XP_015776124.1_PF00531_1_1	XP_015776124.1_PF00531_1_1
XP_015776124.1_PF00531_1_1	XP_015776125.1_PF00531_1_1
XP_015776124.1_PF00531_1_1	XP_015776126.1_PF00531_1_1
XP_015776124.1_PF00531_1_1	XP_044176319.1_PF00531_1_1
XP_015776124.1_PF00531_1_1	XP_067040001.1_PF00531_1_1
XP_015776124.1_PF00531_1_1	XP_067041647.1_PF00531_1_1
XP_015776124.1_PF00531_1_1	XP_067041648.1_PF00531_1_1
XP_015776124.1_PF00531_1_1	XP_067041649.1_PF00531_1_1
XP_015776301.1_PF00531_1_1	XP_015776301.1_PF00531_1_1
XP_015776375.1_PF00531_1_1	XP_015776375.1_PF00531_1_1
XP_015776641.1_PF00531_1_1	XP_015776641.1_PF00531_1_1
XP_015777666.1_PF00531_1_1	XP_015777666.1_PF00531_1_1
XP_015777666.1_PF00531_1_1	XP_015777665.1_PF00531_1_1
XP_015777666.1_PF00531_1_1	XP_015777667.1_PF00531_1_1
XP_015777666.1_PF00531_1_1	XP_015777668.1_PF00531_1_1
XP_015777666.1_PF00531_1_1	XP_015777670.1_PF00531_1_1
XP_015777666.1_PF00531_1_1	XP_015777685.1_PF00531_1_1
XP_015777666.1_PF00531_1_1	XP_029202600.1_PF00531_1_1
XP_015777666.1_PF00531_1_1	XP_029202601.1_PF00531_1_1
XP_015777666.1_PF00531_1_1	XP_029202602.1_PF00531_1_1
XP_015777666.1_PF00531_1_1	XP_029202603.1_PF00531_1_1
XP_015777666.1_PF00531_1_1	XP_029202604.1_PF00531_1_1
XP_015777666.1_PF00531_1_1	XP_029202600.2_PF00531_1_1
XP_015777666.1_PF00531_1_1	XP_044169717.1_PF00531_1_1
XP_015777666.1_PF00531_1_1	XP_044169718.1_PF00531_1_1
XP_015777666.1_PF00531_1_1	XP_044169719.1_PF00531_1_1
XP_015777666.1_PF00531_1_1	XP_044169720.1_PF00531_1_1
XP_015777666.1_PF00531_1_1	XP_067043939.1_PF00531_1_1
XP_015777666.1_PF00531_1_1	XP_067043940.1_PF00531_1_1
XP_015777666.1_PF00531_1_1	XP_067043941.1_PF00531_1_1
XP_015777666.1_PF00531_1_1	XP_067043942.1_PF00531_1_1
XP_015777666.1_PF00531_1_1	XP_067043943.1_PF00531_1_1
XP_015777666.1_PF00531_1_1	XP_067043944.1_PF00531_1_1
XP_015777666.1_PF00531_1_1	XP_067043946.1_PF00531_1_1
XP_015777666.1_PF00531_1_1	XP_067043947.1_PF00531_1_1
XP_015777666.1_PF00531_1_1	XP_067043948.1_PF00531_1_1
XP_015777666.1_PF00531_1_1	XP_067043949.1_PF00531_1_1
XP_022806862.1_PF00531_1_1	XP_022806862.1_PF00531_1_1
XP_022806862.1_PF00531_1_1	XP_022806860.1_PF00531_1_1
XP_022806862.1_PF00531_1_1	XP_022806861.1_PF00531_1_1
XP_022806862.1_PF00531_1_1	XP_022806863.1_PF00531_1_1
XP_022807056.1_PF00531_1_1	XP_022807056.1_PF00531_1_1
XP_022807201.1_PF00531_1_1	XP_022807201.1_PF00531_1_1
XP_022807201.1_PF00531_1_1	XP_022807202.1_PF00531_1_1
XP_022807201.1_PF00531_1_1	XP_022807203.1_PF00531_1_1
XP_022807201.1_PF00531_1_1	XP_022807204.1_PF00531_1_1
XP_022807201.1_PF00531_1_1	XP_022807205.1_PF00531_1_1
XP_022807464.1_PF00531_1_1	XP_022807464.1_PF00531_1_1
XP_022807464.1_PF00531_1_1	XP_022807463.1_PF00531_1_1
XP_022807648.1_PF00531_1_1	XP_022807648.1_PF00531_1_1
XP_022807677.1_PF00531_1_1	XP_022807677.1_PF00531_1_1
XP_022807677.1_PF00531_1_1	XP_022807678.1_PF00531_1_1
XP_022807677.1_PF00531_1_1	XP_022807679.1_PF00531_1_1
XP_022808324.1_PF00531_1_1	XP_022808324.1_PF00531_1_1
XP_022808324.1_PF00531_1_1	XP_022808325.1_PF00531_1_1
XP_022808324.1_PF00531_1_1	XP_022808327.1_PF00531_1_1
XP_022808328.1_PF00531_1_1	XP_022808328.1_PF00531_1_1
XP_022808465.1_PF00531_1_1	XP_022808465.1_PF00531_1_1
XP_022808465.1_PF00531_1_1	XP_022808464.1_PF00531_1_1
XP_022808473.1_PF00531_1_1	XP_022808473.1_PF00531_1_1
XP_022808871.1_PF00531_1_1	XP_022808871.1_PF00531_1_1
XP_022808878.1_PF00531_1_1	XP_022808878.1_PF00531_1_1
XP_022808878.1_PF00531_1_1	XP_022808879.1_PF00531_1_1
XP_022808878.1_PF00531_1_1	XP_022808880.1_PF00531_1_1
XP_022808904.1_PF00531_1_1	XP_022808904.1_PF00531_1_1
XP_022808904.1_PF00531_1_1	XP_022808905.1_PF00531_1_1
XP_022808904.1_PF00531_1_1	XP_022809123.1_PF00531_1_1
XP_022808906.1_PF00531_1_1	XP_022808906.1_PF00531_1_1
XP_022808913.1_PF00531_1_1	XP_022808913.1_PF00531_1_1
XP_022808976.1_PF00531_1_1	XP_022808976.1_PF00531_1_1
XP_022809042.1_PF00531_1_1	XP_022809042.1_PF00531_1_1
XP_022809042.1_PF00531_1_1	XP_022809041.1_PF00531_1_1
XP_022809064.1_PF00531_1_1	XP_022809064.1_PF00531_1_1
XP_022809066.1_PF00531_1_1	XP_022809066.1_PF00531_1_1
XP_022809286.1_PF00531_1_1	XP_022809286.1_PF00531_1_1
XP_022809359.1_PF00531_1_1	XP_022809359.1_PF00531_1_1
XP_022809805.1_PF00531_1_1	XP_022809805.1_PF00531_1_1
XP_022809862.1_PF00531_1_1	XP_022809862.1_PF00531_1_1
XP_022809862.1_PF00531_1_1	XP_022809861.1_PF00531_1_1
XP_022810005.1_PF00531_1_1	XP_022810005.1_PF00531_1_1
XP_022810007.1_PF00531_1_1	XP_022810007.1_PF00531_1_1
XP_022810007.1_PF00531_1_1	XP_022810008.1_PF00531_1_1
XP_022810007.1_PF00531_1_1	XP_022810011.1_PF00531_1_1
XP_022810257.1_PF00531_1_1	XP_022810257.1_PF00531_1_1
XP_027038038.1_PF00531_1_1	XP_027038038.1_PF00531_1_1
XP_027038038.1_PF00531_1_1	CAH3117786.1_PF00531_1_1
XP_027038038.1_PF00531_1_1	XP_022792635.1_PF00531_1_1
XP_027038038.1_PF00531_1_1	XP_058970169.1_PF00531_1_1
XP_027038492.1_PF00531_1_1	XP_027038492.1_PF00531_1_1
XP_027038492.1_PF00531_1_1	CAH3141120.1_PF00531_1_1
XP_027039198.1_PF00531_1_1	XP_027039198.1_PF00531_1_1
XP_027039198.1_PF00531_1_1	CAH3168207.1_PF00531_1_1
XP_027039198.1_PF00531_1_1	XP_066020026.1_PF00531_1_1
XP_027039198.1_PF00531_1_1	XP_066020027.1_PF00531_1_1
XP_027040273.1_PF00531_1_1	XP_027040273.1_PF00531_1_1
XP_027040273.1_PF00531_1_1	CAH3139795.1_PF00531_1_1
XP_027040273.1_PF00531_1_1	CAH3166738.1_PF00531_1_1
XP_027040273.1_PF00531_1_1	XP_058956679.1_PF00531_1_1
XP_027040273.1_PF00531_1_1	XP_058956680.1_PF00531_1_1
XP_027040273.1_PF00531_1_1	XP_066027632.1_PF00531_1_1
XP_027040273.1_PF00531_1_1	XP_066027635.1_PF00531_1_1
XP_027040273.1_PF00531_1_1	XP_066027636.1_PF00531_1_1
XP_027040273.1_PF00531_1_1	XP_066027638.1_PF00531_1_1
XP_027040273.1_PF00531_1_1	XP_066027642.1_PF00531_1_1
XP_027040273.1_PF00531_1_1	XP_066027645.1_PF00531_1_1
XP_027040273.1_PF00531_1_1	XP_066027655.1_PF00531_1_1
XP_027040273.1_PF00531_1_1	XP_066027658.1_PF00531_1_1
XP_027040273.1_PF00531_1_1	XP_066027662.1_PF00531_1_1
XP_027040273.1_PF00531_1_1	XP_066027664.1_PF00531_1_1
XP_027040273.1_PF00531_1_1	XP_066027665.1_PF00531_1_1
XP_027040739.1_PF00531_1_1	XP_027040739.1_PF00531_1_1
XP_027040739.1_PF00531_1_1	CAH3129795.1_PF00531_1_1
XP_027040739.1_PF00531_1_1	XP_027040740.1_PF00531_1_1
XP_027040739.1_PF00531_1_1	XP_058953351.1_PF00531_1_1
XP_027040739.1_PF00531_1_1	XP_058953352.1_PF00531_1_1
XP_027041833.1_PF00531_1_1	XP_027041833.1_PF00531_1_1
XP_027041833.1_PF00531_1_1	XP_027041834.1_PF00531_1_1
XP_027041833.1_PF00531_1_1	XP_027041835.1_PF00531_1_1
XP_027041833.1_PF00531_1_1	XP_058969305.1_PF00531_1_1
XP_027041984.1_PF00531_1_1	XP_027041984.1_PF00531_1_1
XP_027042412.1_PF00531_1_1	XP_027042412.1_PF00531_1_1
XP_027042412.1_PF00531_1_1	XP_058951950.1_PF00531_1_1
XP_027042412.1_PF00531_1_1	XP_058951952.1_PF00531_1_1
XP_027042412.1_PF00531_1_1	XP_058966419.1_PF00531_1_1
XP_027042412.1_PF00531_1_1	XP_066022997.1_PF00531_1_1
XP_027042412.1_PF00531_1_1	XP_066022998.1_PF00531_1_1
XP_027042412.1_PF00531_1_1	XP_066023510.1_PF00531_1_1
XP_027043102.1_PF00531_1_1	XP_027043102.1_PF00531_1_1
XP_027043102.1_PF00531_1_1	XP_058945690.1_PF00531_1_1
XP_027043102.1_PF00531_1_1	XP_066016943.1_PF00531_1_1
XP_027044664.1_PF00531_1_1	XP_027044664.1_PF00531_1_1
XP_027044664.1_PF00531_1_1	XP_027044666.1_PF00531_1_1
XP_027044664.1_PF00531_1_1	XP_027044667.1_PF00531_1_1
XP_027044664.1_PF00531_1_1	XP_058961477.1_PF00531_1_1
XP_027044664.1_PF00531_1_1	XP_058961478.1_PF00531_1_1
XP_027044664.1_PF00531_1_1	XP_066029468.1_PF00531_1_1
XP_027044664.1_PF00531_1_1	XP_066029469.1_PF00531_1_1
XP_027045049.1_PF00531_1_1	XP_027045049.1_PF00531_1_1
XP_027046981.1_PF00531_1_1	XP_027046981.1_PF00531_1_1
XP_027046981.1_PF00531_1_1	CAH3106550.1_PF00531_1_1
XP_027046981.1_PF00531_1_1	CAH3106553.1_PF00531_1_1
XP_027046981.1_PF00531_1_1	XP_058969004.1_PF00531_1_1
XP_027046981.1_PF00531_1_1	XP_066026689.1_PF00531_1_1
XP_027047578.1_PF00531_1_1	XP_027047578.1_PF00531_1_1
XP_027047578.1_PF00531_1_1	CAH3042406.1_PF00531_1_1
XP_027047578.1_PF00531_1_1	XP_027047579.1_PF00531_1_1
XP_027047578.1_PF00531_1_1	XP_058959704.1_PF00531_1_1
XP_027047578.1_PF00531_1_1	XP_058959706.1_PF00531_1_1
XP_027047578.1_PF00531_1_1	XP_058959707.1_PF00531_1_1
XP_027047578.1_PF00531_1_1	XP_058959708.1_PF00531_1_1
XP_027047578.1_PF00531_1_1	XP_058959704.2_PF00531_1_1
XP_027047578.1_PF00531_1_1	XP_066019299.1_PF00531_1_1
XP_027047578.1_PF00531_1_1	XP_066019300.1_PF00531_1_1
XP_027047578.1_PF00531_1_1	XP_066019301.1_PF00531_1_1
XP_027049984.1_PF00531_1_1	XP_027049984.1_PF00531_1_1
XP_044167122.1_PF00531_1_1	XP_044167122.1_PF00531_1_1
XP_044167136.1_PF00531_1_1	XP_044167136.1_PF00531_1_1
XP_044167136.1_PF00531_1_1	XP_015755590.1_PF00531_1_1
XP_044167136.1_PF00531_1_1	XP_015755591.1_PF00531_1_1
XP_044167136.1_PF00531_1_1	XP_015755592.1_PF00531_1_1
XP_044167136.1_PF00531_1_1	XP_015755594.1_PF00531_1_1
XP_044167136.1_PF00531_1_1	XP_015769704.1_PF00531_1_1
XP_044167136.1_PF00531_1_1	XP_015769705.1_PF00531_1_1
XP_044167136.1_PF00531_1_1	XP_029186615.1_PF00531_1_1
XP_044167136.1_PF00531_1_1	XP_067054625.1_PF00531_1_1
XP_044167136.1_PF00531_1_1	XP_067054626.1_PF00531_1_1
XP_044167136.1_PF00531_1_1	XP_067054627.1_PF00531_1_1
XP_044167136.1_PF00531_1_1	XP_067054628.1_PF00531_1_1
XP_044167138.1_PF00531_1_1	XP_044167138.1_PF00531_1_1
XP_044167717.1_PF00531_1_1	XP_044167717.1_PF00531_1_1
XP_044167718.1_PF00531_1_1	XP_044167718.1_PF00531_1_1
XP_044167720.1_PF00531_1_1	XP_044167720.1_PF00531_1_1
XP_044167723.1_PF00531_1_1	XP_044167723.1_PF00531_1_1
XP_044167738.1_PF00531_1_1	XP_044167738.1_PF00531_1_1
XP_044167738.1_PF00531_1_1	XP_015754489.1_PF00531_1_1
XP_044167738.1_PF00531_1_1	XP_029184080.1_PF00531_1_1
XP_044167738.1_PF00531_1_1	XP_044167737.1_PF00531_1_1
XP_044169020.1_PF00531_1_1	XP_044169020.1_PF00531_1_1
XP_044169034.1_PF00531_1_1	XP_044169034.1_PF00531_1_1
XP_044169036.1_PF00531_1_1	XP_044169036.1_PF00531_1_1
XP_044169036.1_PF00531_1_1	XP_044169035.1_PF00531_1_1
XP_044169044.1_PF00531_1_1	XP_044169044.1_PF00531_1_1
XP_044169044.1_PF00531_1_1	XP_015750217.1_PF00531_1_1
XP_044169044.1_PF00531_1_1	XP_015750218.1_PF00531_1_1
XP_044169044.1_PF00531_1_1	XP_015750220.1_PF00531_1_1
XP_044169044.1_PF00531_1_1	XP_015750221.1_PF00531_1_1
XP_044169044.1_PF00531_1_1	XP_015750222.1_PF00531_1_1
XP_044169044.1_PF00531_1_1	XP_015750223.1_PF00531_1_1
XP_044169044.1_PF00531_1_1	XP_015750224.1_PF00531_1_1
XP_044169044.1_PF00531_1_1	XP_015750225.1_PF00531_1_1
XP_044169044.1_PF00531_1_1	XP_044167732.1_PF00531_1_1
XP_044169044.1_PF00531_1_1	XP_044167733.1_PF00531_1_1
XP_044169044.1_PF00531_1_1	XP_044167734.1_PF00531_1_1
XP_044169044.1_PF00531_1_1	XP_067040334.1_PF00531_1_1
XP_044169044.1_PF00531_1_1	XP_067040335.1_PF00531_1_1
XP_044169044.1_PF00531_1_1	XP_067040336.1_PF00531_1_1
XP_044169044.1_PF00531_1_1	XP_067040338.1_PF00531_1_1
XP_044169044.1_PF00531_1_1	XP_044169016.1_PF00531_1_1
XP_044169044.1_PF00531_1_1	XP_044183408.1_PF00531_1_1
XP_044170014.1_PF00531_1_1	XP_044170014.1_PF00531_1_1
XP_044170368.1_PF00531_1_1	XP_044170368.1_PF00531_1_1
XP_044170368.1_PF00531_1_1	XP_044169026.1_PF00531_1_1
XP_044170368.1_PF00531_1_1	XP_044169043.1_PF00531_1_1
XP_044170369.1_PF00531_1_1	XP_044170369.1_PF00531_1_1
XP_044170370.1_PF00531_1_1	XP_044170370.1_PF00531_1_1
XP_044170370.1_PF00531_1_1	XP_015768823.1_PF00531_1_1
XP_044170391.1_PF00531_1_1	XP_044170391.1_PF00531_1_1
XP_044170391.1_PF00531_1_1	XP_044170392.1_PF00531_1_1
XP_044170391.1_PF00531_1_1	XP_044170393.1_PF00531_1_1
XP_044170391.1_PF00531_1_1	XP_044170394.1_PF00531_1_1
XP_044170391.1_PF00531_1_1	XP_044170395.1_PF00531_1_1
XP_044170662.1_PF00531_1_1	XP_044170662.1_PF00531_1_1
XP_044170662.1_PF00531_1_1	XP_044170663.1_PF00531_1_1
XP_044170662.1_PF00531_1_1	XP_044170664.1_PF00531_1_1
XP_044170665.1_PF00531_1_1	XP_044170665.1_PF00531_1_1
XP_044170665.1_PF00531_1_1	XP_044170666.1_PF00531_1_1
XP_044170665.1_PF00531_1_1	XP_044170667.1_PF00531_1_1
XP_044171261.1_PF00531_1_1	XP_044171261.1_PF00531_1_1
XP_044171346.1_PF00531_1_1	XP_044171346.1_PF00531_1_1
XP_044171346.1_PF00531_1_1	XP_044171347.1_PF00531_1_1
XP_044171358.1_PF00531_1_1	XP_044171358.1_PF00531_1_1
XP_044171358.1_PF00531_1_1	XP_044169019.1_PF00531_1_1
XP_044171359.1_PF00531_1_1	XP_044171359.1_PF00531_1_1
XP_044171361.1_PF00531_1_1	XP_044171361.1_PF00531_1_1
XP_044171361.1_PF00531_1_1	XP_044171360.1_PF00531_1_1
XP_044172349.1_PF00531_1_1	XP_044172349.1_PF00531_1_1
XP_044173105.1_PF00531_1_1	XP_044173105.1_PF00531_1_1
XP_044173105.1_PF00531_1_1	XP_015748484.1_PF00531_1_1
XP_044173321.1_PF00531_1_1	XP_044173321.1_PF00531_1_1
XP_044173321.1_PF00531_1_1	XP_044173322.1_PF00531_1_1
XP_044173321.1_PF00531_1_1	XP_044173323.1_PF00531_1_1
XP_044173321.1_PF00531_1_1	XP_067038063.1_PF00531_1_1
XP_044173321.1_PF00531_1_1	XP_067038064.1_PF00531_1_1
XP_044174896.1_PF00531_1_1	XP_044174896.1_PF00531_1_1
XP_044174896.1_PF00531_1_1	KAK2569165.1_PF00531_1_1
XP_044174896.1_PF00531_1_1	XP_044174897.1_PF00531_1_1
XP_044174896.1_PF00531_1_1	XP_044174898.1_PF00531_1_1
XP_044174896.1_PF00531_1_1	XP_044174899.1_PF00531_1_1
XP_044175090.1_PF00531_1_1	XP_044175090.1_PF00531_1_1
XP_044175090.1_PF00531_1_1	XP_015770130.1_PF00531_1_1
XP_044175090.1_PF00531_1_1	XP_029180064.1_PF00531_1_1
XP_044175457.1_PF00531_1_1	XP_044175457.1_PF00531_1_1
XP_044176021.1_PF00531_1_1	XP_044176021.1_PF00531_1_1
XP_044176021.1_PF00531_1_1	XP_029179329.1_PF00531_1_1
XP_044176033.1_PF00531_1_1	XP_044176033.1_PF00531_1_1
XP_044176099.1_PF00531_1_1	XP_044176099.1_PF00531_1_1
XP_044176229.1_PF00531_1_1	XP_044176229.1_PF00531_1_1
XP_067019242.1_PF00531_1_1	XP_067019242.1_PF00531_1_1
XP_067019242.1_PF00531_1_1	XP_067019243.1_PF00531_1_1
XP_067019242.1_PF00531_1_1	XP_067019244.1_PF00531_1_1
XP_067019242.1_PF00531_1_1	XP_067019245.1_PF00531_1_1
XP_067019242.1_PF00531_1_1	XP_067019246.1_PF00531_1_1
XP_067019242.1_PF00531_1_1	XP_067019247.1_PF00531_1_1
XP_067019595.1_PF00531_1_1	XP_067019595.1_PF00531_1_1
XP_067019595.1_PF00531_1_1	XP_029187849.1_PF00531_1_1
XP_067019595.1_PF00531_1_1	XP_029187850.1_PF00531_1_1
XP_067020026.1_PF00531_1_1	XP_067020026.1_PF00531_1_1
XP_067020026.1_PF00531_1_1	XP_044183705.1_PF00531_1_1
XP_067024906.1_PF00531_1_1	XP_067024906.1_PF00531_1_1
XP_067024906.1_PF00531_1_1	XP_067024907.1_PF00531_1_1
XP_067024906.1_PF00531_1_1	XP_067024908.1_PF00531_1_1
XP_067024906.1_PF00531_1_1	XP_067024909.1_PF00531_1_1
XP_067024906.1_PF00531_1_1	XP_067024911.1_PF00531_1_1
XP_067024906.1_PF00531_1_1	XP_067024912.1_PF00531_1_1
XP_067024906.1_PF00531_1_1	XP_067024913.1_PF00531_1_1
XP_067024906.1_PF00531_1_1	XP_067024914.1_PF00531_1_1
XP_067024906.1_PF00531_1_1	XP_067024915.1_PF00531_1_1
XP_067024922.1_PF00531_1_1	XP_067024922.1_PF00531_1_1
XP_067024922.1_PF00531_1_1	KAK2571174.1_PF00531_1_1
XP_067024922.1_PF00531_1_1	XP_067024923.1_PF00531_1_1
XP_067026245.1_PF00531_1_1	XP_067026245.1_PF00531_1_1
XP_067029895.1_PF00531_1_1	XP_067029895.1_PF00531_1_1
XP_067037407.1_PF00531_1_1	XP_067037407.1_PF00531_1_1
XP_067037407.1_PF00531_1_1	XP_067037409.1_PF00531_1_1
XP_067037407.1_PF00531_1_1	XP_067037410.1_PF00531_1_1
XP_067037407.1_PF00531_1_1	XP_067037411.1_PF00531_1_1
XP_067037407.1_PF00531_1_1	XP_067037412.1_PF00531_1_1
XP_067037407.1_PF00531_1_1	XP_067037413.1_PF00531_1_1
XP_067037407.1_PF00531_1_1	XP_067037414.1_PF00531_1_1
XP_067037407.1_PF00531_1_1	XP_067037416.1_PF00531_1_1
XP_067037407.1_PF00531_1_1	XP_067037418.1_PF00531_1_1
XP_067037407.1_PF00531_1_1	XP_067037419.1_PF00531_1_1
XP_067040031.1_PF00531_1_1	XP_067040031.1_PF00531_1_1
XP_067040284.1_PF00531_1_1	XP_067040284.1_PF00531_1_1
XP_067040284.1_PF00531_1_1	XP_067040285.1_PF00531_1_1
XP_067040284.1_PF00531_1_1	XP_067040286.1_PF00531_1_1
XP_067040284.1_PF00531_1_1	XP_067040287.1_PF00531_1_1
XP_067040617.1_PF00531_1_1	XP_067040617.1_PF00531_1_1
XP_020601055.1_PF00531_1_1	XP_020601055.1_PF00531_1_1
XP_020601055.1_PF00531_1_1	XP_020601054.1_PF00531_1_1
XP_020601082.1_PF00531_1_1	XP_020601082.1_PF00531_1_1
XP_020601115.1_PF00531_1_1	XP_020601115.1_PF00531_1_1
XP_020601368.1_PF00531_1_1	XP_020601368.1_PF00531_1_1
XP_020601369.1_PF00531_1_1	XP_020601369.1_PF00531_1_1
XP_020601372.1_PF00531_1_1	XP_020601372.1_PF00531_1_1
XP_020601372.1_PF00531_1_1	XP_020601373.1_PF00531_1_1
XP_020601372.1_PF00531_1_1	XP_020601374.1_PF00531_1_1
XP_020601372.1_PF00531_1_1	XP_020601375.1_PF00531_1_1
XP_020601372.1_PF00531_1_1	XP_020601376.1_PF00531_1_1
XP_020601372.1_PF00531_1_1	XP_020601377.1_PF00531_1_1
XP_020601372.1_PF00531_1_1	XP_020601378.1_PF00531_1_1
XP_020601372.1_PF00531_1_1	XP_020601379.1_PF00531_1_1
XP_020601372.1_PF00531_1_1	XP_020601380.1_PF00531_1_1
XP_020601392.1_PF00531_1_1	XP_020601392.1_PF00531_1_1
XP_020601392.1_PF00531_1_1	XP_020601391.1_PF00531_1_1
XP_020601650.1_PF00531_1_1	XP_020601650.1_PF00531_1_1
XP_020601650.1_PF00531_1_1	XP_020601649.1_PF00531_1_1
XP_020601813.1_PF00531_1_1	XP_020601813.1_PF00531_1_1
XP_020601814.1_PF00531_1_1	XP_020601814.1_PF00531_1_1
XP_020602401.1_PF00531_1_1	XP_020602401.1_PF00531_1_1
XP_020602449.1_PF00531_1_1	XP_020602449.1_PF00531_1_1
XP_020602515.1_PF00531_1_1	XP_020602515.1_PF00531_1_1
XP_020602547.1_PF00531_1_1	XP_020602547.1_PF00531_1_1
XP_020602555.1_PF00531_1_1	XP_020602555.1_PF00531_1_1
XP_020602555.1_PF00531_1_1	XP_020602544.1_PF00531_1_1
XP_020604315.1_PF00531_1_1	XP_020604315.1_PF00531_1_1
XP_020604315.1_PF00531_1_1	XP_020604316.1_PF00531_1_1
XP_020604315.1_PF00531_1_1	XP_020604317.1_PF00531_1_1
XP_020604332.1_PF00531_1_1	XP_020604332.1_PF00531_1_1
XP_020604367.1_PF00531_1_1	XP_020604367.1_PF00531_1_1
XP_020604971.1_PF00531_1_1	XP_020604971.1_PF00531_1_1
XP_020605022.1_PF00531_1_1	XP_020605022.1_PF00531_1_1
XP_020605077.1_PF00531_1_1	XP_020605077.1_PF00531_1_1
XP_020605663.1_PF00531_1_1	XP_020605663.1_PF00531_1_1
XP_020605666.1_PF00531_1_1	XP_020605666.1_PF00531_1_1
XP_020607237.1_PF00531_1_1	XP_020607237.1_PF00531_1_1
XP_020607237.1_PF00531_1_1	XP_020607236.1_PF00531_1_1
XP_020608705.1_PF00531_1_1	XP_020608705.1_PF00531_1_1
XP_020609270.1_PF00531_1_1	XP_020609270.1_PF00531_1_1
XP_020609270.1_PF00531_1_1	XP_020609269.1_PF00531_1_1
XP_020609384.1_PF00531_1_1	XP_020609384.1_PF00531_1_1
XP_020609962.1_PF00531_1_1	XP_020609962.1_PF00531_1_1
XP_020610013.1_PF00531_1_1	XP_020610013.1_PF00531_1_1
XP_020610291.1_PF00531_1_1	XP_020610291.1_PF00531_1_1
XP_020610342.1_PF00531_1_1	XP_020610342.1_PF00531_1_1
XP_020610342.1_PF00531_1_1	XP_020610350.1_PF00531_1_1
XP_020610342.1_PF00531_1_1	XP_020610357.1_PF00531_1_1
XP_020610369.1_PF00531_1_1	XP_020610369.1_PF00531_1_1
XP_020610369.1_PF00531_1_1	XP_020605712.1_PF00531_1_1
XP_020610416.1_PF00531_1_1	XP_020610416.1_PF00531_1_1
XP_020610416.1_PF00531_1_1	XP_020610415.1_PF00531_1_1
XP_020610436.1_PF00531_1_1	XP_020610436.1_PF00531_1_1
XP_020610689.1_PF00531_1_1	XP_020610689.1_PF00531_1_1
XP_020610803.1_PF00531_1_1	XP_020610803.1_PF00531_1_1
XP_020611478.1_PF00531_1_1	XP_020611478.1_PF00531_1_1
XP_020612557.1_PF00531_1_1	XP_020612557.1_PF00531_1_1
XP_020612557.1_PF00531_1_1	KAJ7381140.1_PF00531_1_1
XP_020612557.1_PF00531_1_1	XP_020612522.1_PF00531_1_1
XP_020612564.1_PF00531_1_1	XP_020612564.1_PF00531_1_1
XP_020612656.1_PF00531_1_1	XP_020612656.1_PF00531_1_1
XP_020613139.1_PF00531_1_1	XP_020613139.1_PF00531_1_1
XP_020613139.1_PF00531_1_1	XP_020613138.1_PF00531_1_1
XP_020614200.1_PF00531_1_1	XP_020614200.1_PF00531_1_1
XP_020614200.1_PF00531_1_1	XP_020614199.1_PF00531_1_1
XP_020614245.1_PF00531_1_1	XP_020614245.1_PF00531_1_1
XP_020614351.1_PF00531_1_1	XP_020614351.1_PF00531_1_1
XP_020614351.1_PF00531_1_1	XP_020614350.1_PF00531_1_1
XP_020614375.1_PF00531_1_1	XP_020614375.1_PF00531_1_1
XP_020614375.1_PF00531_1_1	XP_020614376.1_PF00531_1_1
XP_020614375.1_PF00531_1_1	XP_020614377.1_PF00531_1_1
XP_020614375.1_PF00531_1_1	XP_020614378.1_PF00531_1_1
XP_020615114.1_PF00531_1_1	XP_020615114.1_PF00531_1_1
XP_020615698.1_PF00531_1_1	XP_020615698.1_PF00531_1_1
XP_020615928.1_PF00531_1_1	XP_020615928.1_PF00531_1_1
XP_020615928.1_PF00531_1_1	XP_020615927.1_PF00531_1_1
XP_020616226.1_PF00531_1_1	XP_020616226.1_PF00531_1_1
XP_020616226.1_PF00531_1_1	XP_020616225.1_PF00531_1_1
XP_020616999.1_PF00531_1_1	XP_020616999.1_PF00531_1_1
XP_020616999.1_PF00531_1_1	XP_020616997.1_PF00531_1_1
XP_020617150.1_PF00531_1_1	XP_020617150.1_PF00531_1_1
XP_020617879.1_PF00531_1_1	XP_020617879.1_PF00531_1_1
XP_020618077.1_PF00531_1_1	XP_020618077.1_PF00531_1_1
XP_020618409.1_PF00531_1_1	XP_020618409.1_PF00531_1_1
XP_020618409.1_PF00531_1_1	XP_020618408.1_PF00531_1_1
XP_020618711.1_PF00531_1_1	XP_020618711.1_PF00531_1_1
XP_020619853.1_PF00531_1_1	XP_020619853.1_PF00531_1_1
XP_020619854.1_PF00531_1_1	XP_020619854.1_PF00531_1_1
XP_020620482.1_PF00531_1_1	XP_020620482.1_PF00531_1_1
XP_020620658.1_PF00531_1_1	XP_020620658.1_PF00531_1_1
XP_020620658.1_PF00531_1_1	XP_020620659.1_PF00531_1_1
XP_020620776.1_PF00531_1_1	XP_020620776.1_PF00531_1_1
XP_020620776.1_PF00531_1_1	XP_020620775.1_PF00531_1_1
XP_020621437.1_PF00531_1_1	XP_020621437.1_PF00531_1_1
XP_020622138.1_PF00531_1_1	XP_020622138.1_PF00531_1_1
XP_020622138.1_PF00531_1_1	XP_020622139.1_PF00531_1_1
XP_020622138.1_PF00531_1_1	XP_020622140.1_PF00531_1_1
XP_020622138.1_PF00531_1_1	XP_020622143.1_PF00531_1_1
XP_020622636.1_PF00531_1_1	XP_020622636.1_PF00531_1_1
XP_020623023.1_PF00531_1_1	XP_020623023.1_PF00531_1_1
XP_044176566.1_PF00531_1_1	XP_044176566.1_PF00531_1_1
XP_044178333.1_PF00531_1_1	XP_044178333.1_PF00531_1_1
XP_044178333.1_PF00531_1_1	XP_044178390.1_PF00531_1_1
XP_044178333.1_PF00531_1_1	XP_067049429.1_PF00531_1_1
XP_044178333.1_PF00531_1_1	XP_067049430.1_PF00531_1_1
XP_044178391.1_PF00531_1_1	XP_044178391.1_PF00531_1_1
XP_044178391.1_PF00531_1_1	XP_044178392.1_PF00531_1_1
XP_044178391.1_PF00531_1_1	XP_044178393.1_PF00531_1_1
XP_044178391.1_PF00531_1_1	XP_044178394.1_PF00531_1_1
XP_044178391.1_PF00531_1_1	XP_067049426.1_PF00531_1_1
XP_044178391.1_PF00531_1_1	XP_067049427.1_PF00531_1_1
XP_044178391.1_PF00531_1_1	XP_067049428.1_PF00531_1_1
XP_044178391.1_PF00531_1_1	XP_067049437.1_PF00531_1_1
XP_044178391.1_PF00531_1_1	XP_015759069.1_PF00531_1_1
XP_044178391.1_PF00531_1_1	XP_015757295.1_PF00531_1_1
XP_044179105.1_PF00531_1_1	XP_044179105.1_PF00531_1_1
XP_044179105.1_PF00531_1_1	XP_029195600.1_PF00531_1_1
XP_044180798.1_PF00531_1_1	XP_044180798.1_PF00531_1_1
XP_044181229.1_PF00531_1_1	XP_044181229.1_PF00531_1_1
XP_044181229.1_PF00531_1_1	KAK2560327.1_PF00531_1_1
XP_044181746.1_PF00531_1_1	XP_044181746.1_PF00531_1_1
XP_044181746.1_PF00531_1_1	XP_044180864.1_PF00531_1_1
XP_044183405.1_PF00531_1_1	XP_044183405.1_PF00531_1_1
XP_044183405.1_PF00531_1_1	XP_067039897.1_PF00531_1_1
XP_044183417.1_PF00531_1_1	XP_044183417.1_PF00531_1_1
XP_044183417.1_PF00531_1_1	XP_067041599.1_PF00531_1_1
XP_044183522.1_PF00531_1_1	XP_044183522.1_PF00531_1_1
XP_044183522.1_PF00531_1_1	XP_044183523.1_PF00531_1_1
XP_044183522.1_PF00531_1_1	XP_044183524.1_PF00531_1_1
XP_044183525.1_PF00531_1_1	XP_044183525.1_PF00531_1_1
XP_044183525.1_PF00531_1_1	XP_029186729.1_PF00531_1_1
XP_044183861.1_PF00531_1_1	XP_044183861.1_PF00531_1_1
XP_044183861.1_PF00531_1_1	XP_015762595.1_PF00531_1_1
XP_044183861.1_PF00531_1_1	XP_044183730.1_PF00531_1_1
XP_044184951.1_PF00531_1_1	XP_044184951.1_PF00531_1_1
XP_046839223.1_PF00531_1_1	XP_046839223.1_PF00531_1_1
XP_046841479.1_PF00531_1_1	XP_046841479.1_PF00531_1_1
XP_046841479.1_PF00531_1_1	XP_046841662.1_PF00531_1_1
XP_046841479.1_PF00531_1_1	XP_046841663.1_PF00531_1_1
XP_046841479.1_PF00531_1_1	XP_046841664.1_PF00531_1_1
XP_046841725.1_PF00531_1_1	XP_046841725.1_PF00531_1_1
XP_046841725.1_PF00531_1_1	XP_046841724.1_PF00531_1_1
XP_046841726.1_PF00531_1_1	XP_046841726.1_PF00531_1_1
XP_046841727.1_PF00531_1_1	XP_046841727.1_PF00531_1_1
XP_046841982.1_PF00531_1_1	XP_046841982.1_PF00531_1_1
XP_046842764.1_PF00531_1_1	XP_046842764.1_PF00531_1_1
XP_046843757.1_PF00531_1_1	XP_046843757.1_PF00531_1_1
XP_046843757.1_PF00531_1_1	XP_046843758.1_PF00531_1_1
XP_046843757.1_PF00531_1_1	XP_046843760.1_PF00531_1_1
XP_046843757.1_PF00531_1_1	XP_046843761.1_PF00531_1_1
XP_046843757.1_PF00531_1_1	XP_046843762.1_PF00531_1_1
XP_046843757.1_PF00531_1_1	XP_046843763.1_PF00531_1_1
XP_046843757.1_PF00531_1_1	XP_046843764.1_PF00531_1_1
XP_046843757.1_PF00531_1_1	XP_046843765.1_PF00531_1_1
XP_046843757.1_PF00531_1_1	XP_046843766.1_PF00531_1_1
XP_046843757.1_PF00531_1_1	XP_046843767.1_PF00531_1_1
XP_046843757.1_PF00531_1_1	XP_046843768.1_PF00531_1_1
XP_046843757.1_PF00531_1_1	XP_046843769.1_PF00531_1_1
XP_046843757.1_PF00531_1_1	XP_046843770.1_PF00531_1_1
XP_046843757.1_PF00531_1_1	XP_046843771.1_PF00531_1_1
XP_046843757.1_PF00531_1_1	XP_046843772.1_PF00531_1_1
XP_046843823.1_PF00531_1_1	XP_046843823.1_PF00531_1_1
XP_046843866.1_PF00531_1_1	XP_046843866.1_PF00531_1_1
XP_046843880.1_PF00531_1_1	XP_046843880.1_PF00531_1_1
XP_046843880.1_PF00531_1_1	XP_046843879.1_PF00531_1_1
XP_046844064.1_PF00531_1_1	XP_046844064.1_PF00531_1_1
XP_046844383.1_PF00531_1_1	XP_046844383.1_PF00531_1_1
XP_046844383.1_PF00531_1_1	XP_046844384.1_PF00531_1_1
XP_046844383.1_PF00531_1_1	XP_046844385.1_PF00531_1_1
XP_046844383.1_PF00531_1_1	XP_046844386.1_PF00531_1_1
XP_046844383.1_PF00531_1_1	XP_046844387.1_PF00531_1_1
XP_046844383.1_PF00531_1_1	XP_046844388.1_PF00531_1_1
XP_046844383.1_PF00531_1_1	XP_046844389.1_PF00531_1_1
XP_046844383.1_PF00531_1_1	XP_046844390.1_PF00531_1_1
XP_046844383.1_PF00531_1_1	XP_046844391.1_PF00531_1_1
XP_046844383.1_PF00531_1_1	XP_046844392.1_PF00531_1_1
XP_046844383.1_PF00531_1_1	XP_046844393.1_PF00531_1_1
XP_046844383.1_PF00531_1_1	XP_046844394.1_PF00531_1_1
XP_046844383.1_PF00531_1_1	XP_046844395.1_PF00531_1_1
XP_046844383.1_PF00531_1_1	XP_046844396.1_PF00531_1_1
XP_046844383.1_PF00531_1_1	XP_046844398.1_PF00531_1_1
XP_046844383.1_PF00531_1_1	XP_046844399.1_PF00531_1_1
XP_046844383.1_PF00531_1_1	XP_046844400.1_PF00531_1_1
XP_046844383.1_PF00531_1_1	XP_046844401.1_PF00531_1_1
XP_046844383.1_PF00531_1_1	XP_046844402.1_PF00531_1_1
XP_046844383.1_PF00531_1_1	XP_046844403.1_PF00531_1_1
XP_046844383.1_PF00531_1_1	XP_046844404.1_PF00531_1_1
XP_046844383.1_PF00531_1_1	XP_046844405.1_PF00531_1_1
XP_046844383.1_PF00531_1_1	XP_046844406.1_PF00531_1_1
XP_046844383.1_PF00531_1_1	XP_046844407.1_PF00531_1_1
XP_046844383.1_PF00531_1_1	XP_046844408.1_PF00531_1_1
XP_046844383.1_PF00531_1_1	XP_046844409.1_PF00531_1_1
XP_046844383.1_PF00531_1_1	XP_046844410.1_PF00531_1_1
XP_046844383.1_PF00531_1_1	XP_046844411.1_PF00531_1_1
XP_046844383.1_PF00531_1_1	XP_046844412.1_PF00531_1_1
XP_046844383.1_PF00531_1_1	XP_046844414.1_PF00531_1_1
XP_046844383.1_PF00531_1_1	XP_046844415.1_PF00531_1_1
XP_046844383.1_PF00531_1_1	XP_046844416.1_PF00531_1_1
XP_046844383.1_PF00531_1_1	XP_046844417.1_PF00531_1_1
XP_046844383.1_PF00531_1_1	XP_046844418.1_PF00531_1_1
XP_046844383.1_PF00531_1_1	XP_046844419.1_PF00531_1_1
XP_046844383.1_PF00531_1_1	XP_046844420.1_PF00531_1_1
XP_046844383.1_PF00531_1_1	XP_046844421.1_PF00531_1_1
XP_046844383.1_PF00531_1_1	XP_046844422.1_PF00531_1_1
XP_046844383.1_PF00531_1_1	XP_046844423.1_PF00531_1_1
XP_046844383.1_PF00531_1_1	XP_046844425.1_PF00531_1_1
XP_046844383.1_PF00531_1_1	XP_046844426.1_PF00531_1_1
XP_046844383.1_PF00531_1_1	XP_046844427.1_PF00531_1_1
XP_046844383.1_PF00531_1_1	XP_046844429.1_PF00531_1_1
XP_046844383.1_PF00531_1_1	XP_046844430.1_PF00531_1_1
XP_046844383.1_PF00531_1_1	XP_046844431.1_PF00531_1_1
XP_046844383.1_PF00531_1_1	XP_046844432.1_PF00531_1_1
XP_046844383.1_PF00531_1_1	XP_046844433.1_PF00531_1_1
XP_046844383.1_PF00531_1_1	XP_046844434.1_PF00531_1_1
XP_066019501.1_PF00531_1_1	XP_066019501.1_PF00531_1_1
XP_066019501.1_PF00531_1_1	XP_066019498.1_PF00531_1_1
XP_066019518.1_PF00531_1_1	XP_066019518.1_PF00531_1_1
XP_066019518.1_PF00531_1_1	XP_066019524.1_PF00531_1_1
XP_066019518.1_PF00531_1_1	XP_066019529.1_PF00531_1_1
XP_066019518.1_PF00531_1_1	XP_066019532.1_PF00531_1_1
XP_066019518.1_PF00531_1_1	XP_066019536.1_PF00531_1_1
XP_066019518.1_PF00531_1_1	XP_066019541.1_PF00531_1_1
XP_066019518.1_PF00531_1_1	XP_066019545.1_PF00531_1_1
XP_066019551.1_PF00531_1_1	XP_066019551.1_PF00531_1_1
XP_066019554.1_PF00531_1_1	XP_066019554.1_PF00531_1_1
XP_066019554.1_PF00531_1_1	CAH3139813.1_PF00531_1_1
XP_066019554.1_PF00531_1_1	XP_027051570.1_PF00531_1_1
XP_066019554.1_PF00531_1_1	XP_058956756.1_PF00531_1_1
XP_066019561.1_PF00531_1_1	XP_066019561.1_PF00531_1_1
XP_066019580.1_PF00531_1_1	XP_066019580.1_PF00531_1_1
XP_066019580.1_PF00531_1_1	XP_066019579.1_PF00531_1_1
XP_066019585.1_PF00531_1_1	XP_066019585.1_PF00531_1_1
XP_066019589.1_PF00531_1_1	XP_066019589.1_PF00531_1_1
XP_066019589.1_PF00531_1_1	XP_058940052.1_PF00531_1_1
XP_066019589.1_PF00531_1_1	XP_058948228.1_PF00531_1_1
XP_066019590.1_PF00531_1_1	XP_066019590.1_PF00531_1_1
XP_066019591.1_PF00531_1_1	XP_066019591.1_PF00531_1_1
XP_066019777.1_PF00531_1_1	XP_066019777.1_PF00531_1_1
XP_066019795.1_PF00531_1_1	XP_066019795.1_PF00531_1_1
XP_066019795.1_PF00531_1_1	XP_066019796.1_PF00531_1_1
XP_066019795.1_PF00531_1_1	XP_066019797.1_PF00531_1_1
XP_066019795.1_PF00531_1_1	XP_066019798.1_PF00531_1_1
XP_066019795.1_PF00531_1_1	XP_066019799.1_PF00531_1_1
XP_066019801.1_PF00531_1_1	XP_066019801.1_PF00531_1_1
XP_066019801.1_PF00531_1_1	XP_066019802.1_PF00531_1_1
XP_066019801.1_PF00531_1_1	XP_066019803.1_PF00531_1_1
XP_066019801.1_PF00531_1_1	XP_066019804.1_PF00531_1_1
XP_066019801.1_PF00531_1_1	XP_066019805.1_PF00531_1_1
XP_066020159.1_PF00531_1_1	XP_066020159.1_PF00531_1_1
XP_066020159.1_PF00531_1_1	XP_066020160.1_PF00531_1_1
XP_066020159.1_PF00531_1_1	XP_066020161.1_PF00531_1_1
XP_066020159.1_PF00531_1_1	XP_066020162.1_PF00531_1_1
XP_066020159.1_PF00531_1_1	XP_066020163.1_PF00531_1_1
XP_066020159.1_PF00531_1_1	XP_066020164.1_PF00531_1_1
XP_066020159.1_PF00531_1_1	XP_066020165.1_PF00531_1_1
XP_066020159.1_PF00531_1_1	XP_066020166.1_PF00531_1_1
XP_066020217.1_PF00531_1_1	XP_066020217.1_PF00531_1_1
XP_066020217.1_PF00531_1_1	XP_027050448.1_PF00531_1_1
XP_066020303.1_PF00531_1_1	XP_066020303.1_PF00531_1_1
XP_066020303.1_PF00531_1_1	XP_066020304.1_PF00531_1_1
XP_066020303.1_PF00531_1_1	XP_066020305.1_PF00531_1_1
XP_066020477.1_PF00531_1_1	XP_066020477.1_PF00531_1_1
XP_066020556.1_PF00531_1_1	XP_066020556.1_PF00531_1_1
XP_066020556.1_PF00531_1_1	XP_066020557.1_PF00531_1_1
XP_066021290.1_PF00531_1_1	XP_066021290.1_PF00531_1_1
XP_066021290.1_PF00531_1_1	CAH3034351.1_PF00531_1_1
XP_066021290.1_PF00531_1_1	XP_027045760.1_PF00531_1_1
XP_066021290.1_PF00531_1_1	XP_066021291.1_PF00531_1_1
XP_066021290.1_PF00531_1_1	XP_066021292.1_PF00531_1_1
XP_066021290.1_PF00531_1_1	XP_066021293.1_PF00531_1_1
XP_066021374.1_PF00531_1_1	XP_066021374.1_PF00531_1_1
XP_066021374.1_PF00531_1_1	CAH3037911.1_PF00531_1_1
XP_066021374.1_PF00531_1_1	XP_058969253.1_PF00531_1_1
XP_066021678.1_PF00531_1_1	XP_066021678.1_PF00531_1_1
XP_068687584.1_PF00531_1_1	XP_068687584.1_PF00531_1_1
XP_068687692.1_PF00531_1_1	XP_068687692.1_PF00531_1_1
XP_068687692.1_PF00531_1_1	XP_068734792.1_PF00531_1_1
XP_068687725.1_PF00531_1_1	XP_068687725.1_PF00531_1_1
XP_068688106.1_PF00531_1_1	XP_068688106.1_PF00531_1_1
XP_068688106.1_PF00531_1_1	XP_068688105.1_PF00531_1_1
XP_068688279.1_PF00531_1_1	XP_068688279.1_PF00531_1_1
XP_068688279.1_PF00531_1_1	XP_068688278.1_PF00531_1_1
XP_068688924.1_PF00531_1_1	XP_068688924.1_PF00531_1_1
XP_068688924.1_PF00531_1_1	XP_068751136.1_PF00531_1_1
XP_068688924.1_PF00531_1_1	XP_068688923.1_PF00531_1_1
XP_068689639.1_PF00531_1_1	XP_068689639.1_PF00531_1_1
XP_068691937.1_PF00531_1_1	XP_068691937.1_PF00531_1_1
XP_068691937.1_PF00531_1_1	XP_068721181.1_PF00531_1_1
XP_068694464.1_PF00531_1_1	XP_068694464.1_PF00531_1_1
XP_068694464.1_PF00531_1_1	XP_068739177.1_PF00531_1_1
XP_068694898.1_PF00531_1_1	XP_068694898.1_PF00531_1_1
XP_068694898.1_PF00531_1_1	XP_068724880.1_PF00531_1_1
XP_068695046.1_PF00531_1_1	XP_068695046.1_PF00531_1_1
XP_068695046.1_PF00531_1_1	XP_068728420.1_PF00531_1_1
XP_068697799.1_PF00531_1_1	XP_068697799.1_PF00531_1_1
XP_068699861.1_PF00531_1_1	XP_068699861.1_PF00531_1_1
XP_068699861.1_PF00531_1_1	XP_068754026.1_PF00531_1_1
XP_068699865.1_PF00531_1_1	XP_068699865.1_PF00531_1_1
XP_068699865.1_PF00531_1_1	XP_068699866.1_PF00531_1_1
XP_068699865.1_PF00531_1_1	XP_068699867.1_PF00531_1_1
XP_068699865.1_PF00531_1_1	XP_068699868.1_PF00531_1_1
XP_068699865.1_PF00531_1_1	XP_068699869.1_PF00531_1_1
XP_068699870.1_PF00531_1_1	XP_068699870.1_PF00531_1_1
XP_068699870.1_PF00531_1_1	XP_068699871.1_PF00531_1_1
XP_068699870.1_PF00531_1_1	XP_068699872.1_PF00531_1_1
XP_068699870.1_PF00531_1_1	XP_068699873.1_PF00531_1_1
XP_068699870.1_PF00531_1_1	XP_068699874.1_PF00531_1_1
XP_068699870.1_PF00531_1_1	XP_068699875.1_PF00531_1_1
XP_068700046.1_PF00531_1_1	XP_068700046.1_PF00531_1_1
XP_068700046.1_PF00531_1_1	XP_068700045.1_PF00531_1_1
XP_068700204.1_PF00531_1_1	XP_068700204.1_PF00531_1_1
XP_068700204.1_PF00531_1_1	XP_068753835.1_PF00531_1_1
XP_068700393.1_PF00531_1_1	XP_068700393.1_PF00531_1_1
XP_068700635.1_PF00531_1_1	XP_068700635.1_PF00531_1_1
XP_068703215.1_PF00531_1_1	XP_068703215.1_PF00531_1_1
XP_068703215.1_PF00531_1_1	XP_068717914.1_PF00531_1_1
XP_068704316.1_PF00531_1_1	XP_068704316.1_PF00531_1_1
XP_068704316.1_PF00531_1_1	XP_068705810.1_PF00531_1_1
XP_068704662.1_PF00531_1_1	XP_068704662.1_PF00531_1_1
XP_068704662.1_PF00531_1_1	XP_068722791.1_PF00531_1_1
XP_068704788.1_PF00531_1_1	XP_068704788.1_PF00531_1_1
XP_068704788.1_PF00531_1_1	XP_068721954.1_PF00531_1_1
XP_068705679.1_PF00531_1_1	XP_068705679.1_PF00531_1_1
XP_068705679.1_PF00531_1_1	XP_068737776.1_PF00531_1_1
XP_068705679.1_PF00531_1_1	XP_068737777.1_PF00531_1_1
XP_068705679.1_PF00531_1_1	XP_068705680.1_PF00531_1_1
XP_068705679.1_PF00531_1_1	XP_068705681.1_PF00531_1_1
XP_068705804.1_PF00531_1_1	XP_068705804.1_PF00531_1_1
XP_068705804.1_PF00531_1_1	XP_068705803.1_PF00531_1_1
XP_068705805.1_PF00531_1_1	XP_068705805.1_PF00531_1_1
XP_068705805.1_PF00531_1_1	XP_068735155.1_PF00531_1_1
XP_068705805.1_PF00531_1_1	XP_068705806.1_PF00531_1_1
XP_068705805.1_PF00531_1_1	XP_068705807.1_PF00531_1_1
XP_068705817.1_PF00531_1_1	XP_068705817.1_PF00531_1_1
XP_068705817.1_PF00531_1_1	XP_068704314.1_PF00531_1_1
XP_068705817.1_PF00531_1_1	XP_068705818.1_PF00531_1_1
XP_068705817.1_PF00531_1_1	XP_068705819.1_PF00531_1_1
XP_068705817.1_PF00531_1_1	XP_068705838.1_PF00531_1_1
XP_068705817.1_PF00531_1_1	XP_068705839.1_PF00531_1_1
XP_027052146.1_PF00531_1_1	XP_027052146.1_PF00531_1_1
XP_027052173.1_PF00531_1_1	XP_027052173.1_PF00531_1_1
XP_027052173.1_PF00531_1_1	CAH3147664.1_PF00531_1_1
XP_027052173.1_PF00531_1_1	XP_022785949.1_PF00531_1_1
XP_027052173.1_PF00531_1_1	XP_058953689.1_PF00531_1_1
XP_027052173.1_PF00531_1_1	XP_058953690.1_PF00531_1_1
XP_027052173.1_PF00531_1_1	XP_058953691.1_PF00531_1_1
XP_027052173.1_PF00531_1_1	XP_058953692.1_PF00531_1_1
XP_027057149.1_PF00531_1_1	XP_027057149.1_PF00531_1_1
XP_027057149.1_PF00531_1_1	CAH3142890.1_PF00531_1_1
XP_027057149.1_PF00531_1_1	XP_058965338.1_PF00531_1_1
XP_027057149.1_PF00531_1_1	XP_058965338.2_PF00531_1_1
XP_027057701.1_PF00531_1_1	XP_027057701.1_PF00531_1_1
XP_027057701.1_PF00531_1_1	XP_027057702.1_PF00531_1_1
XP_027057701.1_PF00531_1_1	XP_027057703.1_PF00531_1_1
XP_027057701.1_PF00531_1_1	XP_027057704.1_PF00531_1_1
XP_027057701.1_PF00531_1_1	XP_058971540.1_PF00531_1_1
XP_027057701.1_PF00531_1_1	XP_058971540.2_PF00531_1_1
XP_027057701.1_PF00531_1_1	XP_066017278.1_PF00531_1_1
XP_027057701.1_PF00531_1_1	XP_066017279.1_PF00531_1_1
XP_027057966.1_PF00531_1_1	XP_027057966.1_PF00531_1_1
XP_027057966.1_PF00531_1_1	XP_058957139.1_PF00531_1_1
XP_027057966.1_PF00531_1_1	XP_058941097.2_PF00531_1_1
XP_027059841.1_PF00531_1_1	XP_027059841.1_PF00531_1_1
XP_027059841.1_PF00531_1_1	XP_027059842.1_PF00531_1_1
XP_027059841.1_PF00531_1_1	XP_066014655.1_PF00531_1_1
XP_027059841.1_PF00531_1_1	XP_066014659.1_PF00531_1_1
XP_027059841.1_PF00531_1_1	XP_066014660.1_PF00531_1_1
XP_027059841.1_PF00531_1_1	XP_066014665.1_PF00531_1_1
XP_027059841.1_PF00531_1_1	XP_066014667.1_PF00531_1_1
XP_027059841.1_PF00531_1_1	XP_066014670.1_PF00531_1_1
XP_027059841.1_PF00531_1_1	XP_066014676.1_PF00531_1_1
XP_029180149.1_PF00531_1_1	XP_029180149.1_PF00531_1_1
XP_029180648.1_PF00531_1_1	XP_029180648.1_PF00531_1_1
XP_029182880.1_PF00531_1_1	XP_029182880.1_PF00531_1_1
XP_029183552.1_PF00531_1_1	XP_029183552.1_PF00531_1_1
XP_029183552.1_PF00531_1_1	XP_029183551.1_PF00531_1_1
XP_029183756.1_PF00531_1_1	XP_029183756.1_PF00531_1_1
XP_029183756.1_PF00531_1_1	XP_029186474.1_PF00531_1_1
XP_029183756.1_PF00531_1_1	XP_029186475.1_PF00531_1_1
XP_029183756.1_PF00531_1_1	XP_029186478.1_PF00531_1_1
XP_029183756.1_PF00531_1_1	XP_044173108.1_PF00531_1_1
XP_029183756.1_PF00531_1_1	XP_044173109.1_PF00531_1_1
XP_029183756.1_PF00531_1_1	XP_044173110.1_PF00531_1_1
XP_029183756.1_PF00531_1_1	XP_044173111.1_PF00531_1_1
XP_029183756.1_PF00531_1_1	XP_067054630.1_PF00531_1_1
XP_029183756.1_PF00531_1_1	XP_067054631.1_PF00531_1_1
XP_029183756.1_PF00531_1_1	XP_067054632.1_PF00531_1_1
XP_029183756.1_PF00531_1_1	XP_067054633.1_PF00531_1_1
XP_029183756.1_PF00531_1_1	XP_067054635.1_PF00531_1_1
XP_029183756.1_PF00531_1_1	XP_067054636.1_PF00531_1_1
XP_029183756.1_PF00531_1_1	XP_067054637.1_PF00531_1_1
XP_029183756.1_PF00531_1_1	XP_067054638.1_PF00531_1_1
XP_029183756.1_PF00531_1_1	XP_067054639.1_PF00531_1_1
XP_029183756.1_PF00531_1_1	XP_067054640.1_PF00531_1_1
XP_029183756.1_PF00531_1_1	XP_067054641.1_PF00531_1_1
XP_029183756.1_PF00531_1_1	XP_067054642.1_PF00531_1_1
XP_029183756.1_PF00531_1_1	XP_067054643.1_PF00531_1_1
XP_029183756.1_PF00531_1_1	XP_067054644.1_PF00531_1_1
XP_029183756.1_PF00531_1_1	XP_029186611.1_PF00531_1_1
XP_029183756.1_PF00531_1_1	XP_029186610.1_PF00531_1_1
XP_029185084.1_PF00531_1_1	XP_029185084.1_PF00531_1_1
XP_029185206.1_PF00531_1_1	XP_029185206.1_PF00531_1_1
XP_029185206.1_PF00531_1_1	XP_029185207.1_PF00531_1_1
XP_029185206.1_PF00531_1_1	XP_029185208.1_PF00531_1_1
XP_029185206.1_PF00531_1_1	XP_029185209.1_PF00531_1_1
XP_029185206.1_PF00531_1_1	XP_029185210.1_PF00531_1_1
XP_029185212.1_PF00531_1_1	XP_029185212.1_PF00531_1_1
XP_029185249.1_PF00531_1_1	XP_029185249.1_PF00531_1_1
XP_029186470.1_PF00531_1_1	XP_029186470.1_PF00531_1_1
XP_029186567.1_PF00531_1_1	XP_029186567.1_PF00531_1_1
XP_029186567.1_PF00531_1_1	XP_029186568.1_PF00531_1_1
XP_029186567.1_PF00531_1_1	XP_067054621.1_PF00531_1_1
XP_029186608.1_PF00531_1_1	XP_029186608.1_PF00531_1_1
XP_029186609.1_PF00531_1_1	XP_029186609.1_PF00531_1_1
XP_029186616.1_PF00531_1_1	XP_029186616.1_PF00531_1_1
XP_029186616.1_PF00531_1_1	XP_029186612.1_PF00531_1_1
XP_029186665.1_PF00531_1_1	XP_029186665.1_PF00531_1_1
XP_029186665.1_PF00531_1_1	XP_029186666.1_PF00531_1_1
XP_029186665.1_PF00531_1_1	XP_029186667.1_PF00531_1_1
XP_029186665.1_PF00531_1_1	XP_029186669.1_PF00531_1_1
XP_029186665.1_PF00531_1_1	XP_029186670.1_PF00531_1_1
XP_029186665.1_PF00531_1_1	XP_029186665.2_PF00531_1_1
XP_029186665.1_PF00531_1_1	XP_029186666.2_PF00531_1_1
XP_029186665.1_PF00531_1_1	XP_029186669.2_PF00531_1_1
XP_029186665.1_PF00531_1_1	XP_067018319.1_PF00531_1_1
XP_029186665.1_PF00531_1_1	XP_067018320.1_PF00531_1_1
XP_029186665.1_PF00531_1_1	XP_067018321.1_PF00531_1_1
XP_046844464.1_PF00531_1_1	XP_046844464.1_PF00531_1_1
XP_046844464.1_PF00531_1_1	XP_046844465.1_PF00531_1_1
XP_046844464.1_PF00531_1_1	XP_046844466.1_PF00531_1_1
XP_046844743.1_PF00531_1_1	XP_046844743.1_PF00531_1_1
XP_046844892.1_PF00531_1_1	XP_046844892.1_PF00531_1_1
XP_046844931.1_PF00531_1_1	XP_046844931.1_PF00531_1_1
XP_046845178.1_PF00531_1_1	XP_046845178.1_PF00531_1_1
XP_046845244.1_PF00531_1_1	XP_046845244.1_PF00531_1_1
XP_046845244.1_PF00531_1_1	XP_046845236.1_PF00531_1_1
XP_046845328.1_PF00531_1_1	XP_046845328.1_PF00531_1_1
XP_046845328.1_PF00531_1_1	XP_046845329.1_PF00531_1_1
XP_046845328.1_PF00531_1_1	XP_046845330.1_PF00531_1_1
XP_046845328.1_PF00531_1_1	XP_046845331.1_PF00531_1_1
XP_046845328.1_PF00531_1_1	XP_046845332.1_PF00531_1_1
XP_046845374.1_PF00531_1_1	XP_046845374.1_PF00531_1_1
XP_046845374.1_PF00531_1_1	XP_046845373.1_PF00531_1_1
XP_046845375.1_PF00531_1_1	XP_046845375.1_PF00531_1_1
XP_046845395.1_PF00531_1_1	XP_046845395.1_PF00531_1_1
XP_046845395.1_PF00531_1_1	XP_046845394.1_PF00531_1_1
XP_046845638.1_PF00531_1_1	XP_046845638.1_PF00531_1_1
XP_046845874.1_PF00531_1_1	XP_046845874.1_PF00531_1_1
XP_046845874.1_PF00531_1_1	XP_046845873.1_PF00531_1_1
XP_046846813.1_PF00531_1_1	XP_046846813.1_PF00531_1_1
XP_046847236.1_PF00531_1_1	XP_046847236.1_PF00531_1_1
XP_046847236.1_PF00531_1_1	XP_046862911.1_PF00531_1_1
XP_046850328.1_PF00531_1_1	XP_046850328.1_PF00531_1_1
XP_046850328.1_PF00531_1_1	XP_046850329.1_PF00531_1_1
XP_046850328.1_PF00531_1_1	XP_046850330.1_PF00531_1_1
XP_046850328.1_PF00531_1_1	XP_046850331.1_PF00531_1_1
XP_046851636.1_PF00531_1_1	XP_046851636.1_PF00531_1_1
XP_046851636.1_PF00531_1_1	XP_046850909.1_PF00531_1_1
XP_046851636.1_PF00531_1_1	XP_046851637.1_PF00531_1_1
XP_046851636.1_PF00531_1_1	XP_046851638.1_PF00531_1_1
XP_046851636.1_PF00531_1_1	XP_046851639.1_PF00531_1_1
XP_046851636.1_PF00531_1_1	XP_046851640.1_PF00531_1_1
XP_046851636.1_PF00531_1_1	XP_046851641.1_PF00531_1_1
XP_046852195.1_PF00531_1_1	XP_046852195.1_PF00531_1_1
XP_046852195.1_PF00531_1_1	XP_046852196.1_PF00531_1_1
XP_046852195.1_PF00531_1_1	XP_046852197.1_PF00531_1_1
XP_046852195.1_PF00531_1_1	XP_046852198.1_PF00531_1_1
XP_046852195.1_PF00531_1_1	XP_046852199.1_PF00531_1_1
XP_046852195.1_PF00531_1_1	XP_046852200.1_PF00531_1_1
XP_046853861.1_PF00531_1_1	XP_046853861.1_PF00531_1_1
XP_046853862.1_PF00531_1_1	XP_046853862.1_PF00531_1_1
XP_046853862.1_PF00531_1_1	XP_046853863.1_PF00531_1_1
XP_046853862.1_PF00531_1_1	XP_046853864.1_PF00531_1_1
XP_046853862.1_PF00531_1_1	XP_046853865.1_PF00531_1_1
XP_046853866.1_PF00531_1_1	XP_046853866.1_PF00531_1_1
XP_046853866.1_PF00531_1_1	XP_046853867.1_PF00531_1_1
XP_046853866.1_PF00531_1_1	XP_046853868.1_PF00531_1_1
XP_046853869.1_PF00531_1_1	XP_046853869.1_PF00531_1_1
XP_046855454.1_PF00531_1_1	XP_046855454.1_PF00531_1_1
XP_046855815.1_PF00531_1_1	XP_046855815.1_PF00531_1_1
XP_046855815.1_PF00531_1_1	XP_046855816.1_PF00531_1_1
XP_046855815.1_PF00531_1_1	XP_046855817.1_PF00531_1_1
XP_046855815.1_PF00531_1_1	XP_046855818.1_PF00531_1_1
XP_046855825.1_PF00531_1_1	XP_046855825.1_PF00531_1_1
XP_046856309.1_PF00531_1_1	XP_046856309.1_PF00531_1_1
XP_046856625.1_PF00531_1_1	XP_046856625.1_PF00531_1_1
XP_046856625.1_PF00531_1_1	XP_046856627.1_PF00531_1_1
XP_046856625.1_PF00531_1_1	XP_046856628.1_PF00531_1_1
XP_046856625.1_PF00531_1_1	XP_046856629.1_PF00531_1_1
XP_046856625.1_PF00531_1_1	XP_046856630.1_PF00531_1_1
XP_067041881.1_PF00531_1_1	XP_067041881.1_PF00531_1_1
XP_067042366.1_PF00531_1_1	XP_067042366.1_PF00531_1_1
XP_067042366.1_PF00531_1_1	XP_044176228.1_PF00531_1_1
XP_067043167.1_PF00531_1_1	XP_067043167.1_PF00531_1_1
XP_067043168.1_PF00531_1_1	XP_067043168.1_PF00531_1_1
XP_067044927.1_PF00531_1_1	XP_067044927.1_PF00531_1_1
XP_067047113.1_PF00531_1_1	XP_067047113.1_PF00531_1_1
XP_067047113.1_PF00531_1_1	XP_015747894.1_PF00531_1_1
XP_067047113.1_PF00531_1_1	XP_015747895.1_PF00531_1_1
XP_067047113.1_PF00531_1_1	XP_015747896.1_PF00531_1_1
XP_067047113.1_PF00531_1_1	XP_044181749.1_PF00531_1_1
XP_067047118.1_PF00531_1_1	XP_067047118.1_PF00531_1_1
XP_067047118.1_PF00531_1_1	XP_029194748.1_PF00531_1_1
XP_067047118.1_PF00531_1_1	XP_044181228.1_PF00531_1_1
XP_067047120.1_PF00531_1_1	XP_067047120.1_PF00531_1_1
XP_067047120.1_PF00531_1_1	XP_015775027.1_PF00531_1_1
XP_067047120.1_PF00531_1_1	XP_044181747.1_PF00531_1_1
XP_067047121.1_PF00531_1_1	XP_067047121.1_PF00531_1_1
XP_067052966.1_PF00531_1_1	XP_067052966.1_PF00531_1_1
XP_067052966.1_PF00531_1_1	XP_044175284.1_PF00531_1_1
XP_067052966.1_PF00531_1_1	XP_067052967.1_PF00531_1_1
XP_067052966.1_PF00531_1_1	XP_067052968.1_PF00531_1_1
XP_067054622.1_PF00531_1_1	XP_067054622.1_PF00531_1_1
XP_067054622.1_PF00531_1_1	XP_029186477.1_PF00531_1_1
XP_067056034.1_PF00531_1_1	XP_067056034.1_PF00531_1_1
XP_067056151.1_PF00531_1_1	XP_067056151.1_PF00531_1_1
XP_067056151.1_PF00531_1_1	KAK2553204.1_PF00531_1_1
XP_067057097.1_PF00531_1_1	XP_067057097.1_PF00531_1_1
XP_067057097.1_PF00531_1_1	XP_067057088.1_PF00531_1_1
XP_067057097.1_PF00531_1_1	XP_067057098.1_PF00531_1_1
XP_067057097.1_PF00531_1_1	XP_067057099.1_PF00531_1_1
XP_067057097.1_PF00531_1_1	XP_067057114.1_PF00531_1_1
XP_067057097.1_PF00531_1_1	XP_067057115.1_PF00531_1_1
XP_067057097.1_PF00531_1_1	XP_067057116.1_PF00531_1_1
XP_067057113.1_PF00531_1_1	XP_067057113.1_PF00531_1_1
XP_068737301.1_PF00531_1_1	XP_068737301.1_PF00531_1_1
XP_068737684.1_PF00531_1_1	XP_068737684.1_PF00531_1_1
XP_068737684.1_PF00531_1_1	XP_068737685.1_PF00531_1_1
XP_068737684.1_PF00531_1_1	XP_068707088.1_PF00531_1_1
XP_068737684.1_PF00531_1_1	XP_068707089.1_PF00531_1_1
XP_068737684.1_PF00531_1_1	XP_068707090.1_PF00531_1_1
XP_068739694.1_PF00531_1_1	XP_068739694.1_PF00531_1_1
XP_068739694.1_PF00531_1_1	XP_068739700.1_PF00531_1_1
XP_068739694.1_PF00531_1_1	XP_068739706.1_PF00531_1_1
XP_068739694.1_PF00531_1_1	XP_068739714.1_PF00531_1_1
XP_068739694.1_PF00531_1_1	XP_068700371.1_PF00531_1_1
XP_068741148.1_PF00531_1_1	XP_068741148.1_PF00531_1_1
XP_068741148.1_PF00531_1_1	XP_068741225.1_PF00531_1_1
XP_068741148.1_PF00531_1_1	XP_068741304.1_PF00531_1_1
XP_068741148.1_PF00531_1_1	XP_068741375.1_PF00531_1_1
XP_068741477.1_PF00531_1_1	XP_068741477.1_PF00531_1_1
XP_068741477.1_PF00531_1_1	XP_068741551.1_PF00531_1_1
XP_068741477.1_PF00531_1_1	XP_068715321.1_PF00531_1_1
XP_068741477.1_PF00531_1_1	XP_068715322.1_PF00531_1_1
XP_068741477.1_PF00531_1_1	XP_068715323.1_PF00531_1_1
XP_068741774.1_PF00531_1_1	XP_068741774.1_PF00531_1_1
XP_068744180.1_PF00531_1_1	XP_068744180.1_PF00531_1_1
XP_068744180.1_PF00531_1_1	XP_068752163.1_PF00531_1_1
XP_068744180.1_PF00531_1_1	XP_068688486.1_PF00531_1_1
XP_068744180.1_PF00531_1_1	XP_068688487.1_PF00531_1_1
XP_068744180.1_PF00531_1_1	XP_068688488.1_PF00531_1_1
XP_068744180.1_PF00531_1_1	XP_068688489.1_PF00531_1_1
XP_068744180.1_PF00531_1_1	XP_068688490.1_PF00531_1_1
XP_068744418.1_PF00531_1_1	XP_068744418.1_PF00531_1_1
XP_068744420.1_PF00531_1_1	XP_068744420.1_PF00531_1_1
XP_068744420.1_PF00531_1_1	XP_068744421.1_PF00531_1_1
XP_068744420.1_PF00531_1_1	XP_068744422.1_PF00531_1_1
XP_068744420.1_PF00531_1_1	XP_068710921.1_PF00531_1_1
XP_068751275.1_PF00531_1_1	XP_068751275.1_PF00531_1_1
XP_068751275.1_PF00531_1_1	XP_068751274.1_PF00531_1_1
XP_068753648.1_PF00531_1_1	XP_068753648.1_PF00531_1_1
XP_068753960.1_PF00531_1_1	XP_068753960.1_PF00531_1_1
XP_068753960.1_PF00531_1_1	XP_068753961.1_PF00531_1_1
XP_068753960.1_PF00531_1_1	XP_068753962.1_PF00531_1_1
XP_068753960.1_PF00531_1_1	XP_068753963.1_PF00531_1_1
XP_068753968.1_PF00531_1_1	XP_068753968.1_PF00531_1_1
XP_068753968.1_PF00531_1_1	XP_068753969.1_PF00531_1_1
XP_068753968.1_PF00531_1_1	XP_068753970.1_PF00531_1_1
XP_068754002.1_PF00531_1_1	XP_068754002.1_PF00531_1_1
XP_068754002.1_PF00531_1_1	XP_068754003.1_PF00531_1_1
XP_068754002.1_PF00531_1_1	XP_068754004.1_PF00531_1_1
XP_068754005.1_PF00531_1_1	XP_068754005.1_PF00531_1_1
XP_068754005.1_PF00531_1_1	XP_068754006.1_PF00531_1_1
XP_068754005.1_PF00531_1_1	XP_068754007.1_PF00531_1_1
XP_068754020.1_PF00531_1_1	XP_068754020.1_PF00531_1_1
XP_068754020.1_PF00531_1_1	XP_068754021.1_PF00531_1_1
XP_068754020.1_PF00531_1_1	XP_068754022.1_PF00531_1_1
XP_068754020.1_PF00531_1_1	XP_068754023.1_PF00531_1_1
XP_068754020.1_PF00531_1_1	XP_068699878.1_PF00531_1_1
XP_068755509.1_PF00531_1_1	XP_068755509.1_PF00531_1_1
XP_068756061.1_PF00531_1_1	XP_068756061.1_PF00531_1_1
XP_068760053.1_PF00531_1_1	XP_068760053.1_PF00531_1_1
XP_068760233.1_PF00531_1_1	XP_068760233.1_PF00531_1_1
XP_068760233.1_PF00531_1_1	XP_068760235.1_PF00531_1_1
XP_068760233.1_PF00531_1_1	XP_068760236.1_PF00531_1_1
XP_068762132.1_PF00531_1_1	XP_068762132.1_PF00531_1_1
XP_068762132.1_PF00531_1_1	XP_068673450.1_PF00531_1_1
XP_068762132.1_PF00531_1_1	XP_068673451.1_PF00531_1_1
XP_068762132.1_PF00531_1_1	XP_068673452.1_PF00531_1_1
XP_068672801.1_PF00531_1_1	XP_068672801.1_PF00531_1_1
XP_068672801.1_PF00531_1_1	XP_068717469.1_PF00531_1_1
XP_068672801.1_PF00531_1_1	XP_068672800.1_PF00531_1_1
XP_068673354.1_PF00531_1_1	XP_068673354.1_PF00531_1_1
XP_068673354.1_PF00531_1_1	XP_068673355.1_PF00531_1_1
XP_068673354.1_PF00531_1_1	XP_068673356.1_PF00531_1_1
XP_068673354.1_PF00531_1_1	XP_068673357.1_PF00531_1_1
XP_068675130.1_PF00531_1_1	XP_068675130.1_PF00531_1_1
XP_068675130.1_PF00531_1_1	XP_068675129.1_PF00531_1_1
XP_068677287.1_PF00531_1_1	XP_068677287.1_PF00531_1_1
XP_068677290.1_PF00531_1_1	XP_068677290.1_PF00531_1_1
XP_068677290.1_PF00531_1_1	XP_068727882.1_PF00531_1_1
XP_068681674.1_PF00531_1_1	XP_068681674.1_PF00531_1_1
XP_068681674.1_PF00531_1_1	XP_068728534.1_PF00531_1_1
XP_068682205.1_PF00531_1_1	XP_068682205.1_PF00531_1_1
XP_068682205.1_PF00531_1_1	XP_068682204.1_PF00531_1_1
XP_068682260.1_PF00531_1_1	XP_068682260.1_PF00531_1_1
XP_068682260.1_PF00531_1_1	XP_068681505.1_PF00531_1_1
XP_068684225.1_PF00531_1_1	XP_068684225.1_PF00531_1_1
CAH3189527.1_PF00531_1_1	CAH3189527.1_PF00531_1_1
CAH3191510.1_PF00531_1_1	CAH3191510.1_PF00531_1_1
CAH3191512.1_PF00531_1_1	CAH3191512.1_PF00531_1_1
CAH3193696.1_PF00531_1_1	CAH3193696.1_PF00531_1_1
CAH3194285.1_PF00531_1_1	CAH3194285.1_PF00531_1_1
CAH3194285.1_PF00531_1_1	CAH3017374.1_PF00531_1_1
CAH3194285.1_PF00531_1_1	CAH3133698.1_PF00531_1_1
CAH3194285.1_PF00531_1_1	CAH3017368.1_PF00531_1_1
CAH3196538.1_PF00531_1_1	CAH3196538.1_PF00531_1_1
CAH3196538.1_PF00531_1_1	CAH3196539.1_PF00531_1_1
CAH3196538.1_PF00531_1_1	CAH3148348.1_PF00531_1_1
CAH3196538.1_PF00531_1_1	XP_073252573.1_PF00531_1_1
CAH3038983.1_PF00531_1_1	CAH3038983.1_PF00531_1_1
CAH3040624.1_PF00531_1_1	CAH3040624.1_PF00531_1_1
CAH3041716.1_PF00531_1_1	CAH3041716.1_PF00531_1_1
CAH3041722.1_PF00531_1_1	CAH3041722.1_PF00531_1_1
CAH3041724.1_PF00531_1_1	CAH3041724.1_PF00531_1_1
CAH3041792.1_PF00531_1_1	CAH3041792.1_PF00531_1_1
CAH3041830.1_PF00531_1_1	CAH3041830.1_PF00531_1_1
CAH3041838.1_PF00531_1_1	CAH3041838.1_PF00531_1_1
CAH3041838.1_PF00531_1_1	CAH3023839.1_PF00531_1_1
CAH3041995.1_PF00531_1_1	CAH3041995.1_PF00531_1_1
CAH3042009.1_PF00531_1_1	CAH3042009.1_PF00531_1_1
CAH3042522.1_PF00531_1_1	CAH3042522.1_PF00531_1_1
CAH3042522.1_PF00531_1_1	CAH3042537.1_PF00531_1_1
CAH3042930.1_PF00531_1_1	CAH3042930.1_PF00531_1_1
CAH3045164.1_PF00531_1_1	CAH3045164.1_PF00531_1_1
CAH3045202.1_PF00531_1_1	CAH3045202.1_PF00531_1_1
CAH3045202.1_PF00531_1_1	CAH3045194.1_PF00531_1_1
CAH3045206.1_PF00531_1_1	CAH3045206.1_PF00531_1_1
CAH3045225.1_PF00531_1_1	CAH3045225.1_PF00531_1_1
CAH3045598.1_PF00531_1_1	CAH3045598.1_PF00531_1_1
CAH3105893.1_PF00531_1_1	CAH3105893.1_PF00531_1_1
CAH3105920.1_PF00531_1_1	CAH3105920.1_PF00531_1_1
CAH3107170.1_PF00531_1_1	CAH3107170.1_PF00531_1_1
CAH3110727.1_PF00531_1_1	CAH3110727.1_PF00531_1_1
CAH3116407.1_PF00531_1_1	CAH3116407.1_PF00531_1_1
CAH3121132.1_PF00531_1_1	CAH3121132.1_PF00531_1_1
CAH3121135.1_PF00531_1_1	CAH3121135.1_PF00531_1_1
CAH3121135.1_PF00531_1_1	CAH3023713.1_PF00531_1_1
CAH3121135.1_PF00531_1_1	CAH3179021.1_PF00531_1_1
CAH3121135.1_PF00531_1_1	XP_073236338.1_PF00531_1_1
CAH3121135.1_PF00531_1_1	XP_073236339.1_PF00531_1_1
CAH3128416.1_PF00531_1_1	CAH3128416.1_PF00531_1_1
CAH3129174.1_PF00531_1_1	CAH3129174.1_PF00531_1_1
CAH3130727.1_PF00531_1_1	CAH3130727.1_PF00531_1_1
CAH3130727.1_PF00531_1_1	CAH3028801.1_PF00531_1_1
CAH3130727.1_PF00531_1_1	XP_073227553.1_PF00531_1_1
CAH3130733.1_PF00531_1_1	CAH3130733.1_PF00531_1_1
CAH3133676.1_PF00531_1_1	CAH3133676.1_PF00531_1_1
CAH3133699.1_PF00531_1_1	CAH3133699.1_PF00531_1_1
CAH3133700.1_PF00531_1_1	CAH3133700.1_PF00531_1_1
CAH3133700.1_PF00531_1_1	CAH3017365.1_PF00531_1_1
CAH3133702.1_PF00531_1_1	CAH3133702.1_PF00531_1_1
CAH3142108.1_PF00531_1_1	CAH3142108.1_PF00531_1_1
CAH3142108.1_PF00531_1_1	CAH3014052.1_PF00531_1_1
CAH3143507.1_PF00531_1_1	CAH3143507.1_PF00531_1_1
CAH3157232.1_PF00531_1_1	CAH3157232.1_PF00531_1_1
CAH3157232.1_PF00531_1_1	XP_073231005.1_PF00531_1_1
CAH3157232.1_PF00531_1_1	XP_073247252.1_PF00531_1_1
CAH3158455.1_PF00531_1_1	CAH3158455.1_PF00531_1_1
CAH3158508.1_PF00531_1_1	CAH3158508.1_PF00531_1_1
CAH3158754.1_PF00531_1_1	CAH3158754.1_PF00531_1_1
CAH3158755.1_PF00531_1_1	CAH3158755.1_PF00531_1_1
CAH3160555.1_PF00531_1_1	CAH3160555.1_PF00531_1_1
CAH3160555.1_PF00531_1_1	CAH3180467.1_PF00531_1_1
CAH3160555.1_PF00531_1_1	CAH3188333.1_PF00531_1_1
CAH3160769.1_PF00531_1_1	CAH3160769.1_PF00531_1_1
CAH3160770.1_PF00531_1_1	CAH3160770.1_PF00531_1_1
CAH3160932.1_PF00531_1_1	CAH3160932.1_PF00531_1_1
CAH3160942.1_PF00531_1_1	CAH3160942.1_PF00531_1_1
CAH3160942.1_PF00531_1_1	CAH3160956.1_PF00531_1_1
CAH3160947.1_PF00531_1_1	CAH3160947.1_PF00531_1_1
CAH3160966.1_PF00531_1_1	CAH3160966.1_PF00531_1_1
CAH3160969.1_PF00531_1_1	CAH3160969.1_PF00531_1_1
XP_032222160.1_PF00531_1_1	XP_032222160.1_PF00531_1_1
XP_032222160.1_PF00531_1_1	XP_032222159.1_PF00531_1_1
XP_032222781.1_PF00531_1_1	XP_032222781.1_PF00531_1_1
XP_032222788.1_PF00531_1_1	XP_032222788.1_PF00531_1_1
XP_032222788.1_PF00531_1_1	XP_032222789.1_PF00531_1_1
XP_032222788.1_PF00531_1_1	XP_032222788.2_PF00531_1_1
XP_032225130.1_PF00531_1_1	XP_032225130.1_PF00531_1_1
XP_032225130.1_PF00531_1_1	XP_032225131.1_PF00531_1_1
XP_032225130.1_PF00531_1_1	XP_032226611.1_PF00531_1_1
XP_032225130.1_PF00531_1_1	XP_048590148.1_PF00531_1_1
XP_032225130.1_PF00531_1_1	XP_048590149.1_PF00531_1_1
XP_032225130.1_PF00531_1_1	XP_048590150.1_PF00531_1_1
XP_032225130.1_PF00531_1_1	XP_048590151.1_PF00531_1_1
XP_032226980.1_PF00531_1_1	XP_032226980.1_PF00531_1_1
XP_032226980.1_PF00531_1_1	XP_032226980.2_PF00531_1_1
XP_032228033.1_PF00531_1_1	XP_032228033.1_PF00531_1_1
XP_032228033.1_PF00531_1_1	XP_032228137.1_PF00531_1_1
XP_032228033.1_PF00531_1_1	XP_048587111.1_PF00531_1_1
XP_032228033.1_PF00531_1_1	XP_048587112.1_PF00531_1_1
XP_032228033.1_PF00531_1_1	XP_048587113.1_PF00531_1_1
XP_032228033.1_PF00531_1_1	XP_048587114.1_PF00531_1_1
XP_032228033.1_PF00531_1_1	XP_048587116.1_PF00531_1_1
XP_032228033.1_PF00531_1_1	XP_048587117.1_PF00531_1_1
XP_032228033.1_PF00531_1_1	XP_048587118.1_PF00531_1_1
XP_032228658.1_PF00531_1_1	XP_032228658.1_PF00531_1_1
XP_032228658.1_PF00531_1_1	XP_048585870.1_PF00531_1_1
XP_032228658.1_PF00531_1_1	XP_048585871.1_PF00531_1_1
XP_032229821.1_PF00531_1_1	XP_032229821.1_PF00531_1_1
XP_032229821.1_PF00531_1_1	XP_032242740.1_PF00531_1_1
XP_032229821.1_PF00531_1_1	XP_048576259.1_PF00531_1_1
XP_032229821.1_PF00531_1_1	XP_048576260.1_PF00531_1_1
XP_032229821.1_PF00531_1_1	XP_048576261.1_PF00531_1_1
XP_032233731.1_PF00531_1_1	XP_032233731.1_PF00531_1_1
XP_032233731.1_PF00531_1_1	XP_032233730.1_PF00531_1_1
XP_032233731.1_PF00531_1_1	XP_032233730.2_PF00531_1_1
XP_032233731.1_PF00531_1_1	XP_032233731.2_PF00531_1_1
XP_032233731.1_PF00531_1_1	XP_048580903.1_PF00531_1_1
XP_032239936.1_PF00531_1_1	XP_032239936.1_PF00531_1_1
XP_032239936.1_PF00531_1_1	XP_032239937.1_PF00531_1_1
XP_032239936.1_PF00531_1_1	XP_048575654.1_PF00531_1_1
XP_032241888.1_PF00531_1_1	XP_032241888.1_PF00531_1_1
XP_015747651.1_PF00531_1_1	XP_015747651.1_PF00531_1_1
XP_015747785.1_PF00531_1_1	XP_015747785.1_PF00531_1_1
XP_015747785.1_PF00531_1_1	KAK2552328.1_PF00531_1_1
XP_015747785.1_PF00531_1_1	XP_015761865.1_PF00531_1_1
XP_015747785.1_PF00531_1_1	XP_029186672.1_PF00531_1_1
XP_015747785.1_PF00531_1_1	XP_044183689.1_PF00531_1_1
XP_015747785.1_PF00531_1_1	XP_067019265.1_PF00531_1_1
XP_015747785.1_PF00531_1_1	XP_067019268.1_PF00531_1_1
XP_015747785.1_PF00531_1_1	XP_067019269.1_PF00531_1_1
XP_015747879.1_PF00531_1_1	XP_015747879.1_PF00531_1_1
XP_015747879.1_PF00531_1_1	XP_015747880.1_PF00531_1_1
XP_015747879.1_PF00531_1_1	XP_029193813.1_PF00531_1_1
XP_015747879.1_PF00531_1_1	XP_044176226.1_PF00531_1_1
XP_015747879.1_PF00531_1_1	XP_044176227.1_PF00531_1_1
XP_015747879.1_PF00531_1_1	XP_044176233.1_PF00531_1_1
XP_015747879.1_PF00531_1_1	XP_067039996.1_PF00531_1_1
XP_015747881.1_PF00531_1_1	XP_015747881.1_PF00531_1_1
XP_015747881.1_PF00531_1_1	XP_029179323.1_PF00531_1_1
XP_015747881.1_PF00531_1_1	XP_029179324.1_PF00531_1_1
XP_015747883.1_PF00531_1_1	XP_015747883.1_PF00531_1_1
XP_015747883.1_PF00531_1_1	XP_015747884.1_PF00531_1_1
XP_015747883.1_PF00531_1_1	XP_015747885.1_PF00531_1_1
XP_015747902.1_PF00531_1_1	XP_015747902.1_PF00531_1_1
XP_015747902.1_PF00531_1_1	KAK2560325.1_PF00531_1_1
XP_015748225.1_PF00531_1_1	XP_015748225.1_PF00531_1_1
XP_015748512.1_PF00531_1_1	XP_015748512.1_PF00531_1_1
XP_015748512.1_PF00531_1_1	XP_015748513.1_PF00531_1_1
XP_015748512.1_PF00531_1_1	XP_015748514.1_PF00531_1_1
XP_015748512.1_PF00531_1_1	XP_029184025.1_PF00531_1_1
XP_015748516.1_PF00531_1_1	XP_015748516.1_PF00531_1_1
XP_015748939.1_PF00531_1_1	XP_015748939.1_PF00531_1_1
XP_015748939.1_PF00531_1_1	KAK2563902.1_PF00531_1_1
XP_015748939.1_PF00531_1_1	XP_015748940.1_PF00531_1_1
XP_015748939.1_PF00531_1_1	XP_044173059.1_PF00531_1_1
XP_015748939.1_PF00531_1_1	XP_044173060.1_PF00531_1_1
XP_015748939.1_PF00531_1_1	XP_067038920.1_PF00531_1_1
XP_015748939.1_PF00531_1_1	XP_067038921.1_PF00531_1_1
XP_015749008.1_PF00531_1_1	XP_015749008.1_PF00531_1_1
XP_015749008.1_PF00531_1_1	XP_015749009.1_PF00531_1_1
XP_015749008.1_PF00531_1_1	XP_015749010.1_PF00531_1_1
XP_015749008.1_PF00531_1_1	XP_015749011.1_PF00531_1_1
XP_015749012.1_PF00531_1_1	XP_015749012.1_PF00531_1_1
XP_015749012.1_PF00531_1_1	XP_015749007.1_PF00531_1_1
XP_015749616.1_PF00531_1_1	XP_015749616.1_PF00531_1_1
XP_015749936.1_PF00531_1_1	XP_015749936.1_PF00531_1_1
XP_015752909.1_PF00531_1_1	XP_015752909.1_PF00531_1_1
XP_015752909.1_PF00531_1_1	XP_015752910.1_PF00531_1_1
XP_015752909.1_PF00531_1_1	XP_015752911.1_PF00531_1_1
XP_015752909.1_PF00531_1_1	XP_015752912.1_PF00531_1_1
XP_015752909.1_PF00531_1_1	XP_015752914.1_PF00531_1_1
XP_015752909.1_PF00531_1_1	XP_015752915.1_PF00531_1_1
XP_015752909.1_PF00531_1_1	XP_015752916.1_PF00531_1_1
XP_015752909.1_PF00531_1_1	XP_015752917.1_PF00531_1_1
XP_015752909.1_PF00531_1_1	XP_015752918.1_PF00531_1_1
XP_015752909.1_PF00531_1_1	XP_015752919.1_PF00531_1_1
XP_015752909.1_PF00531_1_1	XP_015752920.1_PF00531_1_1
XP_015752909.1_PF00531_1_1	XP_015752921.1_PF00531_1_1
XP_015752909.1_PF00531_1_1	XP_015752922.1_PF00531_1_1
XP_015753638.1_PF00531_1_1	XP_015753638.1_PF00531_1_1
XP_015753638.1_PF00531_1_1	XP_015753639.1_PF00531_1_1
XP_015753638.1_PF00531_1_1	XP_015753640.1_PF00531_1_1
XP_015755021.1_PF00531_1_1	XP_015755021.1_PF00531_1_1
XP_015755070.1_PF00531_1_1	XP_015755070.1_PF00531_1_1
XP_015755271.1_PF00531_1_1	XP_015755271.1_PF00531_1_1
XP_015778125.1_PF00531_1_1	XP_015778125.1_PF00531_1_1
XP_015778125.1_PF00531_1_1	KAK2555587.1_PF00531_1_1
XP_015779388.1_PF00531_1_1	XP_015779388.1_PF00531_1_1
XP_015780879.1_PF00531_1_1	XP_015780879.1_PF00531_1_1
XP_015780879.1_PF00531_1_1	XP_015780880.1_PF00531_1_1
XP_015780879.1_PF00531_1_1	XP_015780881.1_PF00531_1_1
XP_015780879.1_PF00531_1_1	XP_015780882.1_PF00531_1_1
XP_015780879.1_PF00531_1_1	XP_044170661.1_PF00531_1_1
XP_020891801.1_PF00531_1_1	XP_020891801.1_PF00531_1_1
XP_020892738.1_PF00531_1_1	XP_020892738.1_PF00531_1_1
XP_020892841.1_PF00531_1_1	XP_020892841.1_PF00531_1_1
XP_020893228.1_PF00531_1_1	XP_020893228.1_PF00531_1_1
XP_020894906.1_PF00531_1_1	XP_020894906.1_PF00531_1_1
XP_020894906.1_PF00531_1_1	XP_020894905.1_PF00531_1_1
XP_020894993.1_PF00531_1_1	XP_020894993.1_PF00531_1_1
XP_020894993.1_PF00531_1_1	XP_020894994.1_PF00531_1_1
XP_020894993.1_PF00531_1_1	XP_020895001.1_PF00531_1_1
XP_020895343.1_PF00531_1_1	XP_020895343.1_PF00531_1_1
XP_020895343.1_PF00531_1_1	XP_020895342.1_PF00531_1_1
XP_020895344.1_PF00531_1_1	XP_020895344.1_PF00531_1_1
XP_020896339.1_PF00531_1_1	XP_020896339.1_PF00531_1_1
XP_020896339.1_PF00531_1_1	XP_020896340.1_PF00531_1_1
XP_020896339.1_PF00531_1_1	XP_020896341.1_PF00531_1_1
XP_020896339.1_PF00531_1_1	XP_020917691.1_PF00531_1_1
XP_020896339.1_PF00531_1_1	XP_020917692.1_PF00531_1_1
XP_020896339.1_PF00531_1_1	XP_020917693.1_PF00531_1_1
XP_020896339.1_PF00531_1_1	XP_028512422.1_PF00531_1_1
XP_020896339.1_PF00531_1_1	XP_028512423.1_PF00531_1_1
XP_020896339.1_PF00531_1_1	XP_028512424.1_PF00531_1_1
XP_020896339.1_PF00531_1_1	XP_028513753.1_PF00531_1_1
XP_020896339.1_PF00531_1_1	XP_028513754.1_PF00531_1_1
XP_020896339.1_PF00531_1_1	XP_028513755.1_PF00531_1_1
XP_020896793.2_PF00531_1_1	XP_020896793.2_PF00531_1_1
XP_020899322.1_PF00531_1_1	XP_020899322.1_PF00531_1_1
XP_020900500.1_PF00531_1_1	XP_020900500.1_PF00531_1_1
XP_020902941.1_PF00531_1_1	XP_020902941.1_PF00531_1_1
XP_020903377.1_PF00531_1_1	XP_020903377.1_PF00531_1_1
XP_020903377.1_PF00531_1_1	XP_020903376.1_PF00531_1_1
XP_020903654.1_PF00531_1_1	XP_020903654.1_PF00531_1_1
XP_020903654.1_PF00531_1_1	XP_020903655.1_PF00531_1_1
XP_020903654.1_PF00531_1_1	XP_020903656.1_PF00531_1_1
XP_020904509.1_PF00531_1_1	XP_020904509.1_PF00531_1_1
XP_020904509.1_PF00531_1_1	XP_020904508.1_PF00531_1_1
XP_020904619.2_PF00531_1_1	XP_020904619.2_PF00531_1_1
XP_020904620.2_PF00531_1_1	XP_020904620.2_PF00531_1_1
XP_020904620.2_PF00531_1_1	XP_020892579.2_PF00531_1_1
XP_020904941.1_PF00531_1_1	XP_020904941.1_PF00531_1_1
XP_020906622.1_PF00531_1_1	XP_020906622.1_PF00531_1_1
XP_020906626.1_PF00531_1_1	XP_020906626.1_PF00531_1_1
XP_020906670.1_PF00531_1_1	XP_020906670.1_PF00531_1_1
XP_020906671.1_PF00531_1_1	XP_020906671.1_PF00531_1_1
XP_020906671.1_PF00531_1_1	XP_020906673.1_PF00531_1_1
XP_020906671.1_PF00531_1_1	XP_020915942.1_PF00531_1_1
XP_020906671.1_PF00531_1_1	XP_020915943.1_PF00531_1_1
XP_020906671.1_PF00531_1_1	XP_028519258.1_PF00531_1_1
XP_020906671.1_PF00531_1_1	XP_028519259.1_PF00531_1_1
XP_020906671.1_PF00531_1_1	XP_028519260.1_PF00531_1_1
XP_020906671.1_PF00531_1_1	XP_028519261.1_PF00531_1_1
XP_020906671.1_PF00531_1_1	XP_028519262.1_PF00531_1_1
XP_020906671.1_PF00531_1_1	XP_028519263.1_PF00531_1_1
XP_020910452.1_PF00531_1_1	XP_020910452.1_PF00531_1_1
XP_020910452.1_PF00531_1_1	XP_020910451.1_PF00531_1_1
XP_020911823.1_PF00531_1_1	XP_020911823.1_PF00531_1_1
XP_020912979.1_PF00531_1_1	XP_020912979.1_PF00531_1_1
XP_020912986.1_PF00531_1_1	XP_020912986.1_PF00531_1_1
XP_020912986.1_PF00531_1_1	XP_020911824.1_PF00531_1_1
XP_020913133.2_PF00531_1_1	XP_020913133.2_PF00531_1_1
XP_020914192.1_PF00531_1_1	XP_020914192.1_PF00531_1_1
XP_020915577.1_PF00531_1_1	XP_020915577.1_PF00531_1_1
XP_020915578.1_PF00531_1_1	XP_020915578.1_PF00531_1_1
XP_020915578.1_PF00531_1_1	XP_020915579.1_PF00531_1_1
XP_020915602.1_PF00531_1_1	XP_020915602.1_PF00531_1_1
XP_028512673.1_PF00531_1_1	XP_028512673.1_PF00531_1_1
XP_028513127.1_PF00531_1_1	XP_028513127.1_PF00531_1_1
XP_028513127.1_PF00531_1_1	XP_020894021.1_PF00531_1_1
XP_028513719.1_PF00531_1_1	XP_028513719.1_PF00531_1_1
XP_028518486.1_PF00531_1_1	XP_028518486.1_PF00531_1_1
XP_028519600.1_PF00531_1_1	XP_028519600.1_PF00531_1_1
XP_028519600.1_PF00531_1_1	XP_020916971.1_PF00531_1_1
XP_028519633.1_PF00531_1_1	XP_028519633.1_PF00531_1_1
XP_028519633.1_PF00531_1_1	XP_020917167.1_PF00531_1_1
XP_020600442.1_PF00531_1_1	XP_020600442.1_PF00531_1_1
XP_020600442.1_PF00531_1_1	XP_020600443.1_PF00531_1_1
XP_020600442.1_PF00531_1_1	XP_020600444.1_PF00531_1_1
XP_020600445.1_PF00531_1_1	XP_020600445.1_PF00531_1_1
XP_020600955.1_PF00531_1_1	XP_020600955.1_PF00531_1_1
XP_020600955.1_PF00531_1_1	XP_020625016.1_PF00531_1_1
XP_020600955.1_PF00531_1_1	XP_020630896.1_PF00531_1_1
XP_020600955.1_PF00531_1_1	XP_020630927.1_PF00531_1_1
XP_020600955.1_PF00531_1_1	XP_020630928.1_PF00531_1_1
XP_020601044.1_PF00531_1_1	XP_020601044.1_PF00531_1_1
XP_020601044.1_PF00531_1_1	XP_020601043.1_PF00531_1_1
XP_029191880.1_PF00531_1_1	XP_029191880.1_PF00531_1_1
XP_029192468.1_PF00531_1_1	XP_029192468.1_PF00531_1_1
XP_029192468.1_PF00531_1_1	XP_029192467.1_PF00531_1_1
XP_029192533.1_PF00531_1_1	XP_029192533.1_PF00531_1_1
XP_029192533.1_PF00531_1_1	KAK2559379.1_PF00531_1_1
XP_029192533.1_PF00531_1_1	XP_015778642.1_PF00531_1_1
XP_029192533.1_PF00531_1_1	XP_044172111.1_PF00531_1_1
XP_029192533.1_PF00531_1_1	XP_044172112.1_PF00531_1_1
XP_029192533.1_PF00531_1_1	XP_044172113.1_PF00531_1_1
XP_029192533.1_PF00531_1_1	XP_067035041.1_PF00531_1_1
XP_029192533.1_PF00531_1_1	XP_067035087.1_PF00531_1_1
XP_029194749.1_PF00531_1_1	XP_029194749.1_PF00531_1_1
XP_029194749.1_PF00531_1_1	XP_015763457.1_PF00531_1_1
XP_029194749.1_PF00531_1_1	XP_044180866.1_PF00531_1_1
XP_029194749.1_PF00531_1_1	XP_067047112.1_PF00531_1_1
XP_029194750.1_PF00531_1_1	XP_029194750.1_PF00531_1_1
XP_029194750.1_PF00531_1_1	XP_044170008.1_PF00531_1_1
XP_029194750.1_PF00531_1_1	XP_044170017.1_PF00531_1_1
XP_029194750.1_PF00531_1_1	XP_044170018.1_PF00531_1_1
XP_029194750.1_PF00531_1_1	XP_044170019.1_PF00531_1_1
XP_029194750.1_PF00531_1_1	XP_044170020.1_PF00531_1_1
XP_029194750.1_PF00531_1_1	XP_067047122.1_PF00531_1_1
XP_029194750.1_PF00531_1_1	XP_067047123.1_PF00531_1_1
XP_029194750.1_PF00531_1_1	XP_067047124.1_PF00531_1_1
XP_029195570.1_PF00531_1_1	XP_029195570.1_PF00531_1_1
XP_029195570.1_PF00531_1_1	XP_015764809.1_PF00531_1_1
XP_029195570.1_PF00531_1_1	XP_029195571.1_PF00531_1_1
XP_029195570.1_PF00531_1_1	XP_044178979.1_PF00531_1_1
XP_029195570.1_PF00531_1_1	XP_044178983.1_PF00531_1_1
XP_029195570.1_PF00531_1_1	XP_044178988.1_PF00531_1_1
XP_029195570.1_PF00531_1_1	XP_067057065.1_PF00531_1_1
XP_029195570.1_PF00531_1_1	XP_067057066.1_PF00531_1_1
XP_029195570.1_PF00531_1_1	XP_067057067.1_PF00531_1_1
XP_029195570.1_PF00531_1_1	XP_067057112.1_PF00531_1_1
XP_029195619.1_PF00531_1_1	XP_029195619.1_PF00531_1_1
XP_029195619.1_PF00531_1_1	XP_029195619.2_PF00531_1_1
XP_029195619.1_PF00531_1_1	XP_044178887.1_PF00531_1_1
XP_029195619.1_PF00531_1_1	XP_067057845.1_PF00531_1_1
XP_029195675.1_PF00531_1_1	XP_029195675.1_PF00531_1_1
XP_029195675.1_PF00531_1_1	XP_029195676.1_PF00531_1_1
XP_029195675.1_PF00531_1_1	XP_029195677.1_PF00531_1_1
XP_029195675.1_PF00531_1_1	XP_044181217.1_PF00531_1_1
XP_029195675.1_PF00531_1_1	XP_044181218.1_PF00531_1_1
XP_029195675.1_PF00531_1_1	XP_044181219.1_PF00531_1_1
XP_029195675.1_PF00531_1_1	XP_044181949.1_PF00531_1_1
XP_029195675.1_PF00531_1_1	XP_044181950.1_PF00531_1_1
XP_029195675.1_PF00531_1_1	XP_044181951.1_PF00531_1_1
XP_029195675.1_PF00531_1_1	XP_067046609.1_PF00531_1_1
XP_029195675.1_PF00531_1_1	XP_067046610.1_PF00531_1_1
XP_029195675.1_PF00531_1_1	XP_067046611.1_PF00531_1_1
XP_029198349.1_PF00531_1_1	XP_029198349.1_PF00531_1_1
XP_029198349.1_PF00531_1_1	XP_015763773.1_PF00531_1_1
XP_029198349.1_PF00531_1_1	XP_029198350.1_PF00531_1_1
XP_029198349.1_PF00531_1_1	XP_029198349.2_PF00531_1_1
XP_029198349.1_PF00531_1_1	XP_029198350.2_PF00531_1_1
XP_029198349.1_PF00531_1_1	XP_067017092.1_PF00531_1_1
XP_029200195.1_PF00531_1_1	XP_029200195.1_PF00531_1_1
XP_029200195.1_PF00531_1_1	XP_029200196.1_PF00531_1_1
XP_029200195.1_PF00531_1_1	XP_029200197.1_PF00531_1_1
XP_029200195.1_PF00531_1_1	XP_029200198.1_PF00531_1_1
XP_029200195.1_PF00531_1_1	XP_029200199.1_PF00531_1_1
XP_029200195.1_PF00531_1_1	XP_029200200.1_PF00531_1_1
XP_029200195.1_PF00531_1_1	XP_029200195.2_PF00531_1_1
XP_029200195.1_PF00531_1_1	XP_029200196.2_PF00531_1_1
XP_029200195.1_PF00531_1_1	XP_029200197.2_PF00531_1_1
XP_029200195.1_PF00531_1_1	XP_029200198.2_PF00531_1_1
XP_029200195.1_PF00531_1_1	XP_029200199.2_PF00531_1_1
XP_029200195.1_PF00531_1_1	XP_044178947.1_PF00531_1_1
XP_029200195.1_PF00531_1_1	XP_044178948.1_PF00531_1_1
XP_029200195.1_PF00531_1_1	XP_044178949.1_PF00531_1_1
XP_029200195.1_PF00531_1_1	XP_044178950.1_PF00531_1_1
XP_029200195.1_PF00531_1_1	XP_044178951.1_PF00531_1_1
XP_029200195.1_PF00531_1_1	XP_067022691.1_PF00531_1_1
XP_029200195.1_PF00531_1_1	XP_067022692.1_PF00531_1_1
XP_029200195.1_PF00531_1_1	XP_067022693.1_PF00531_1_1
XP_029200195.1_PF00531_1_1	XP_067022694.1_PF00531_1_1
XP_029200195.1_PF00531_1_1	XP_067022695.1_PF00531_1_1
XP_029200195.1_PF00531_1_1	XP_067022696.1_PF00531_1_1
XP_029200250.1_PF00531_1_1	XP_029200250.1_PF00531_1_1
XP_029200250.1_PF00531_1_1	XP_015755967.1_PF00531_1_1
XP_029200250.1_PF00531_1_1	XP_029200251.1_PF00531_1_1
XP_029200250.1_PF00531_1_1	XP_029200250.2_PF00531_1_1
XP_029200250.1_PF00531_1_1	XP_029200251.2_PF00531_1_1
XP_029200250.1_PF00531_1_1	XP_044179732.1_PF00531_1_1
XP_029200250.1_PF00531_1_1	XP_067022698.1_PF00531_1_1
XP_029200250.1_PF00531_1_1	XP_067022699.1_PF00531_1_1
XP_029201035.1_PF00531_1_1	XP_029201035.1_PF00531_1_1
XP_029202605.1_PF00531_1_1	XP_029202605.1_PF00531_1_1
XP_029202605.1_PF00531_1_1	XP_029202572.1_PF00531_1_1
XP_029202605.1_PF00531_1_1	XP_029202605.2_PF00531_1_1
XP_029202605.1_PF00531_1_1	XP_044169721.1_PF00531_1_1
XP_029202605.1_PF00531_1_1	XP_044184793.1_PF00531_1_1
XP_029202605.1_PF00531_1_1	XP_067045412.1_PF00531_1_1
XP_029202972.1_PF00531_1_1	XP_029202972.1_PF00531_1_1
XP_029202972.1_PF00531_1_1	XP_029202973.1_PF00531_1_1
XP_029202972.1_PF00531_1_1	XP_029202974.1_PF00531_1_1
XP_029202972.1_PF00531_1_1	XP_029202975.1_PF00531_1_1
XP_029202972.1_PF00531_1_1	XP_029206976.1_PF00531_1_1
XP_029205487.1_PF00531_1_1	XP_029205487.1_PF00531_1_1
XP_029205487.1_PF00531_1_1	XP_029205488.1_PF00531_1_1
XP_029205487.1_PF00531_1_1	XP_029205489.1_PF00531_1_1
XP_029205487.1_PF00531_1_1	XP_029205490.1_PF00531_1_1
XP_029205487.1_PF00531_1_1	XP_029205491.1_PF00531_1_1
XP_029206497.1_PF00531_1_1	XP_029206497.1_PF00531_1_1
XP_029206497.1_PF00531_1_1	XP_029206498.1_PF00531_1_1
XP_029206497.1_PF00531_1_1	XP_029206499.1_PF00531_1_1
XP_029206497.1_PF00531_1_1	XP_029206497.2_PF00531_1_1
XP_029206497.1_PF00531_1_1	XP_029206499.2_PF00531_1_1
XP_029206497.1_PF00531_1_1	XP_067019182.1_PF00531_1_1
XP_029206497.1_PF00531_1_1	XP_067019183.1_PF00531_1_1
XP_029207585.1_PF00531_1_1	XP_029207585.1_PF00531_1_1
XP_029207585.1_PF00531_1_1	XP_015749582.1_PF00531_1_1
XP_029207585.1_PF00531_1_1	XP_015749583.1_PF00531_1_1
XP_029207585.1_PF00531_1_1	XP_029207213.1_PF00531_1_1
XP_029207606.1_PF00531_1_1	XP_029207606.1_PF00531_1_1
XP_029207606.1_PF00531_1_1	XP_029207604.1_PF00531_1_1
XP_029208846.1_PF00531_1_1	XP_029208846.1_PF00531_1_1
XP_029208849.1_PF00531_1_1	XP_029208849.1_PF00531_1_1
XP_029209176.1_PF00531_1_1	XP_029209176.1_PF00531_1_1
XP_029209176.1_PF00531_1_1	XP_029209175.1_PF00531_1_1
XP_029209199.1_PF00531_1_1	XP_029209199.1_PF00531_1_1
XP_029209199.1_PF00531_1_1	XP_029209200.1_PF00531_1_1
XP_029209199.1_PF00531_1_1	XP_029209201.1_PF00531_1_1
XP_029209199.1_PF00531_1_1	XP_029209202.1_PF00531_1_1
XP_029209199.1_PF00531_1_1	XP_029212369.1_PF00531_1_1
XP_029209199.1_PF00531_1_1	XP_044164600.1_PF00531_1_1
XP_029209199.1_PF00531_1_1	XP_067027265.1_PF00531_1_1
XP_029209199.1_PF00531_1_1	XP_067027266.1_PF00531_1_1
XP_029209199.1_PF00531_1_1	XP_067027267.1_PF00531_1_1
XP_029209717.1_PF00531_1_1	XP_029209717.1_PF00531_1_1
XP_029209717.1_PF00531_1_1	KAK2556396.1_PF00531_1_1
XP_029209717.1_PF00531_1_1	XP_015758412.1_PF00531_1_1
XP_029209717.1_PF00531_1_1	XP_067049263.1_PF00531_1_1
XP_029209717.1_PF00531_1_1	XP_029209717.2_PF00531_1_1
XP_029210167.1_PF00531_1_1	XP_029210167.1_PF00531_1_1
XP_029210230.1_PF00531_1_1	XP_029210230.1_PF00531_1_1
XP_029210234.1_PF00531_1_1	XP_029210234.1_PF00531_1_1
XP_029210236.1_PF00531_1_1	XP_029210236.1_PF00531_1_1
XP_029210236.1_PF00531_1_1	XP_029207605.1_PF00531_1_1
XP_029210236.1_PF00531_1_1	XP_029210235.1_PF00531_1_1
XP_029210546.1_PF00531_1_1	XP_029210546.1_PF00531_1_1
XP_029210546.1_PF00531_1_1	XP_029183793.1_PF00531_1_1
XP_029210799.1_PF00531_1_1	XP_029210799.1_PF00531_1_1
XP_029210799.1_PF00531_1_1	XP_029210800.1_PF00531_1_1
XP_029210799.1_PF00531_1_1	XP_029210801.1_PF00531_1_1
XP_031557249.1_PF00531_1_1	XP_031557249.1_PF00531_1_1
XP_031560103.1_PF00531_1_1	XP_031560103.1_PF00531_1_1
XP_031560103.1_PF00531_1_1	XP_031560088.1_PF00531_1_1
XP_031560103.1_PF00531_1_1	XP_031560102.1_PF00531_1_1
XP_031560253.1_PF00531_1_1	XP_031560253.1_PF00531_1_1
XP_031560253.1_PF00531_1_1	XP_031560252.1_PF00531_1_1
XP_031561199.1_PF00531_1_1	XP_031561199.1_PF00531_1_1
XP_031561204.1_PF00531_1_1	XP_031561204.1_PF00531_1_1
XP_031562463.1_PF00531_1_1	XP_031562463.1_PF00531_1_1
XP_031562463.1_PF00531_1_1	XP_031562462.1_PF00531_1_1
XP_031562899.1_PF00531_1_1	XP_031562899.1_PF00531_1_1
XP_031562899.1_PF00531_1_1	XP_031562898.1_PF00531_1_1
XP_031563119.1_PF00531_1_1	XP_031563119.1_PF00531_1_1
XP_031565228.1_PF00531_1_1	XP_031565228.1_PF00531_1_1
XP_031566497.1_PF00531_1_1	XP_031566497.1_PF00531_1_1
XP_031567280.1_PF00531_1_1	XP_031567280.1_PF00531_1_1
XP_031567280.1_PF00531_1_1	XP_031567281.1_PF00531_1_1
XP_031567280.1_PF00531_1_1	XP_031567282.1_PF00531_1_1
XP_031567280.1_PF00531_1_1	XP_031567283.1_PF00531_1_1
XP_031567582.1_PF00531_1_1	XP_031567582.1_PF00531_1_1
XP_031567815.1_PF00531_1_1	XP_031567815.1_PF00531_1_1
XP_031567891.1_PF00531_1_1	XP_031567891.1_PF00531_1_1
XP_031570746.1_PF00531_1_1	XP_031570746.1_PF00531_1_1
XP_031572093.1_PF00531_1_1	XP_031572093.1_PF00531_1_1
XP_031572093.1_PF00531_1_1	XP_031553009.1_PF00531_1_1
XP_031572977.1_PF00531_1_1	XP_031572977.1_PF00531_1_1
XP_031573782.1_PF00531_1_1	XP_031573782.1_PF00531_1_1
XP_031573919.1_PF00531_1_1	XP_031573919.1_PF00531_1_1
XP_029179352.2_PF00531_1_1	XP_029179352.2_PF00531_1_1
XP_029179352.2_PF00531_1_1	XP_029179352.1_PF00531_1_1
XP_029181218.2_PF00531_1_1	XP_029181218.2_PF00531_1_1
XP_029181218.2_PF00531_1_1	XP_015760067.1_PF00531_1_1
XP_029181218.2_PF00531_1_1	XP_015760068.1_PF00531_1_1
XP_029181218.2_PF00531_1_1	XP_015760069.1_PF00531_1_1
XP_029181218.2_PF00531_1_1	XP_015760071.1_PF00531_1_1
XP_029181218.2_PF00531_1_1	XP_015760072.1_PF00531_1_1
XP_029181218.2_PF00531_1_1	XP_029181212.1_PF00531_1_1
XP_029181218.2_PF00531_1_1	XP_029181213.1_PF00531_1_1
XP_029181218.2_PF00531_1_1	XP_029181214.1_PF00531_1_1
XP_029181218.2_PF00531_1_1	XP_029181215.1_PF00531_1_1
XP_029181218.2_PF00531_1_1	XP_029181216.1_PF00531_1_1
XP_029181218.2_PF00531_1_1	XP_029181217.1_PF00531_1_1
XP_029181218.2_PF00531_1_1	XP_029181218.1_PF00531_1_1
XP_029181218.2_PF00531_1_1	XP_029181219.1_PF00531_1_1
XP_029181218.2_PF00531_1_1	XP_029207607.1_PF00531_1_1
XP_029181218.2_PF00531_1_1	XP_029181219.2_PF00531_1_1
XP_029181218.2_PF00531_1_1	XP_044171351.1_PF00531_1_1
XP_029181218.2_PF00531_1_1	XP_044171352.1_PF00531_1_1
XP_029181218.2_PF00531_1_1	XP_044171353.1_PF00531_1_1
XP_029181218.2_PF00531_1_1	XP_044171354.1_PF00531_1_1
XP_029181218.2_PF00531_1_1	XP_044171355.1_PF00531_1_1
XP_029181218.2_PF00531_1_1	XP_067041620.1_PF00531_1_1
XP_029181218.2_PF00531_1_1	XP_067041621.1_PF00531_1_1
XP_029181218.2_PF00531_1_1	XP_067041622.1_PF00531_1_1
XP_029181218.2_PF00531_1_1	XP_067041623.1_PF00531_1_1
XP_029181218.2_PF00531_1_1	XP_067041624.1_PF00531_1_1
XP_029181218.2_PF00531_1_1	XP_067041625.1_PF00531_1_1
XP_029181218.2_PF00531_1_1	XP_067041626.1_PF00531_1_1
XP_029181218.2_PF00531_1_1	XP_067041627.1_PF00531_1_1
XP_029181218.2_PF00531_1_1	XP_067041628.1_PF00531_1_1
XP_029181218.2_PF00531_1_1	XP_067041629.1_PF00531_1_1
XP_029181218.2_PF00531_1_1	XP_067041632.1_PF00531_1_1
XP_029185212.2_PF00531_1_1	XP_029185212.2_PF00531_1_1
XP_029185212.2_PF00531_1_1	XP_015776361.1_PF00531_1_1
XP_029209625.2_PF00531_1_1	XP_029209625.2_PF00531_1_1
XP_029209625.2_PF00531_1_1	XP_029209624.2_PF00531_1_1
XP_044163683.1_PF00531_1_1	XP_044163683.1_PF00531_1_1
XP_044163683.1_PF00531_1_1	XP_029184007.1_PF00531_1_1
XP_044165718.1_PF00531_1_1	XP_044165718.1_PF00531_1_1
XP_044165718.1_PF00531_1_1	XP_067017077.1_PF00531_1_1
XP_044166036.1_PF00531_1_1	XP_044166036.1_PF00531_1_1
XP_044166036.1_PF00531_1_1	XP_044166037.1_PF00531_1_1
XP_044166036.1_PF00531_1_1	XP_044166039.1_PF00531_1_1
XP_044166036.1_PF00531_1_1	XP_044166040.1_PF00531_1_1
XP_044166036.1_PF00531_1_1	XP_044166041.1_PF00531_1_1
XP_044166036.1_PF00531_1_1	XP_044166042.1_PF00531_1_1
XP_044166799.1_PF00531_1_1	XP_044166799.1_PF00531_1_1
XP_044166799.1_PF00531_1_1	XP_015772433.1_PF00531_1_1
XP_044166799.1_PF00531_1_1	XP_044166800.1_PF00531_1_1
XP_044166799.1_PF00531_1_1	XP_044166801.1_PF00531_1_1
XP_044166799.1_PF00531_1_1	XP_044166802.1_PF00531_1_1
XP_044166804.1_PF00531_1_1	XP_044166804.1_PF00531_1_1
XP_044166804.1_PF00531_1_1	XP_044166806.1_PF00531_1_1
XP_044166804.1_PF00531_1_1	XP_044166807.1_PF00531_1_1
XP_058968291.1_PF00531_1_1	XP_058968291.1_PF00531_1_1
XP_058968291.1_PF00531_1_1	XP_058943118.1_PF00531_1_1
XP_058968292.1_PF00531_1_1	XP_058968292.1_PF00531_1_1
XP_058968605.1_PF00531_1_1	XP_058968605.1_PF00531_1_1
XP_058969183.1_PF00531_1_1	XP_058969183.1_PF00531_1_1
XP_058969280.1_PF00531_1_1	XP_058969280.1_PF00531_1_1
XP_058969280.1_PF00531_1_1	XP_058969281.1_PF00531_1_1
XP_058969280.1_PF00531_1_1	XP_058969282.1_PF00531_1_1
XP_058969280.1_PF00531_1_1	XP_058969283.1_PF00531_1_1
XP_058969280.1_PF00531_1_1	XP_058969280.2_PF00531_1_1
XP_058969280.1_PF00531_1_1	XP_058969281.2_PF00531_1_1
XP_058969280.1_PF00531_1_1	XP_058969282.2_PF00531_1_1
XP_058969280.1_PF00531_1_1	XP_058969283.2_PF00531_1_1
XP_058969292.1_PF00531_1_1	XP_058969292.1_PF00531_1_1
XP_058969292.1_PF00531_1_1	XP_058969184.1_PF00531_1_1
XP_058969292.1_PF00531_1_1	XP_058969294.1_PF00531_1_1
XP_058971090.1_PF00531_1_1	XP_058971090.1_PF00531_1_1
XP_058971800.1_PF00531_1_1	XP_058971800.1_PF00531_1_1
XP_058971800.1_PF00531_1_1	XP_058942644.1_PF00531_1_1
XP_058971800.1_PF00531_1_1	XP_058970073.1_PF00531_1_1
XP_058971800.1_PF00531_1_1	XP_058971807.1_PF00531_1_1
XP_058971800.1_PF00531_1_1	XP_066019307.1_PF00531_1_1
XP_058972920.1_PF00531_1_1	XP_058972920.1_PF00531_1_1
XP_058973019.1_PF00531_1_1	XP_058973019.1_PF00531_1_1
XP_058973179.1_PF00531_1_1	XP_058973179.1_PF00531_1_1
XP_058973351.1_PF00531_1_1	XP_058973351.1_PF00531_1_1
XP_058973351.1_PF00531_1_1	CAH3159098.1_PF00531_1_1
XP_058973351.1_PF00531_1_1	XP_058965285.1_PF00531_1_1
XP_058973351.1_PF00531_1_1	XP_058971729.1_PF00531_1_1
XP_058973351.1_PF00531_1_1	XP_058973357.1_PF00531_1_1
XP_058973351.1_PF00531_1_1	XP_058973410.1_PF00531_1_1
XP_058973351.1_PF00531_1_1	XP_058973655.1_PF00531_1_1
XP_058973351.1_PF00531_1_1	XP_066022468.1_PF00531_1_1
XP_058973351.1_PF00531_1_1	XP_066023656.1_PF00531_1_1
XP_058973351.1_PF00531_1_1	XP_066023658.1_PF00531_1_1
XP_058973652.1_PF00531_1_1	XP_058973652.1_PF00531_1_1
XP_067016908.1_PF00531_1_1	XP_067016908.1_PF00531_1_1
XP_067016909.1_PF00531_1_1	XP_067016909.1_PF00531_1_1
XP_067016909.1_PF00531_1_1	XP_067016910.1_PF00531_1_1
XP_067016909.1_PF00531_1_1	XP_067016911.1_PF00531_1_1
XP_067016909.1_PF00531_1_1	XP_067016912.1_PF00531_1_1
XP_067016909.1_PF00531_1_1	XP_067016913.1_PF00531_1_1
XP_067016909.1_PF00531_1_1	XP_067016914.1_PF00531_1_1
XP_067016909.1_PF00531_1_1	XP_067016919.1_PF00531_1_1
XP_067016909.1_PF00531_1_1	XP_067016920.1_PF00531_1_1
XP_067016909.1_PF00531_1_1	XP_029179346.1_PF00531_1_1
XP_067016909.1_PF00531_1_1	XP_067016921.1_PF00531_1_1
XP_067016909.1_PF00531_1_1	XP_067016922.1_PF00531_1_1
XP_067016916.1_PF00531_1_1	XP_067016916.1_PF00531_1_1
XP_067016916.1_PF00531_1_1	XP_067016915.1_PF00531_1_1
XP_067017483.1_PF00531_1_1	XP_067017483.1_PF00531_1_1
XP_067017483.1_PF00531_1_1	XP_067017484.1_PF00531_1_1
XP_067017483.1_PF00531_1_1	XP_067017485.1_PF00531_1_1
XP_067017483.1_PF00531_1_1	XP_067017486.1_PF00531_1_1
XP_067017483.1_PF00531_1_1	XP_067017487.1_PF00531_1_1
XP_067017483.1_PF00531_1_1	XP_067017488.1_PF00531_1_1
XP_067017483.1_PF00531_1_1	XP_067017489.1_PF00531_1_1
XP_067017483.1_PF00531_1_1	XP_067017490.1_PF00531_1_1
XP_067017483.1_PF00531_1_1	XP_067017491.1_PF00531_1_1
XP_067017483.1_PF00531_1_1	XP_067017492.1_PF00531_1_1
XP_067017483.1_PF00531_1_1	XP_067017493.1_PF00531_1_1
XP_067017483.1_PF00531_1_1	XP_067017494.1_PF00531_1_1
XP_067017483.1_PF00531_1_1	XP_067017495.1_PF00531_1_1
XP_067017483.1_PF00531_1_1	XP_067017496.1_PF00531_1_1
XP_067017483.1_PF00531_1_1	XP_067017497.1_PF00531_1_1
XP_067017483.1_PF00531_1_1	XP_067017498.1_PF00531_1_1
XP_067017483.1_PF00531_1_1	XP_067017499.1_PF00531_1_1
XP_067017483.1_PF00531_1_1	XP_067017500.1_PF00531_1_1
XP_067017483.1_PF00531_1_1	XP_067017501.1_PF00531_1_1
XP_067017483.1_PF00531_1_1	XP_067017502.1_PF00531_1_1
XP_067017483.1_PF00531_1_1	XP_067017503.1_PF00531_1_1
XP_067017483.1_PF00531_1_1	XP_067017504.1_PF00531_1_1
XP_067017483.1_PF00531_1_1	XP_067017505.1_PF00531_1_1
XP_067017483.1_PF00531_1_1	XP_067017506.1_PF00531_1_1
XP_067017483.1_PF00531_1_1	XP_067017507.1_PF00531_1_1
XP_067017483.1_PF00531_1_1	XP_067017508.1_PF00531_1_1
XP_067017483.1_PF00531_1_1	XP_067017509.1_PF00531_1_1
XP_067017529.1_PF00531_1_1	XP_067017529.1_PF00531_1_1
XP_067017529.1_PF00531_1_1	XP_044166057.1_PF00531_1_1
XP_067017529.1_PF00531_1_1	XP_067017530.1_PF00531_1_1
XP_067017943.1_PF00531_1_1	XP_067017943.1_PF00531_1_1
XP_067017943.1_PF00531_1_1	XP_044183255.1_PF00531_1_1
XP_067018842.1_PF00531_1_1	XP_067018842.1_PF00531_1_1
XP_067018842.1_PF00531_1_1	XP_029207042.1_PF00531_1_1
XP_067018842.1_PF00531_1_1	XP_044183878.1_PF00531_1_1
XP_067018842.1_PF00531_1_1	XP_067018974.1_PF00531_1_1
XP_067057118.1_PF00531_1_1	XP_067057118.1_PF00531_1_1
XP_067057118.1_PF00531_1_1	XP_067057119.1_PF00531_1_1
XP_067057118.1_PF00531_1_1	XP_067057120.1_PF00531_1_1
XP_058941052.2_PF00531_1_1	XP_058941052.2_PF00531_1_1
XP_058941052.2_PF00531_1_1	CAH3046065.1_PF00531_1_1
XP_058941052.2_PF00531_1_1	XP_027058014.1_PF00531_1_1
XP_058941052.2_PF00531_1_1	XP_058941052.1_PF00531_1_1
XP_058941056.2_PF00531_1_1	XP_058941056.2_PF00531_1_1
XP_058941056.2_PF00531_1_1	CAH3045973.1_PF00531_1_1
XP_058942447.2_PF00531_1_1	XP_058942447.2_PF00531_1_1
XP_058942447.2_PF00531_1_1	CAH3161796.1_PF00531_1_1
XP_058942447.2_PF00531_1_1	XP_027055137.1_PF00531_1_1
XP_058942447.2_PF00531_1_1	XP_058942447.1_PF00531_1_1
XP_058942447.2_PF00531_1_1	XP_066016219.1_PF00531_1_1
XP_058942447.2_PF00531_1_1	XP_066016220.1_PF00531_1_1
XP_058946722.2_PF00531_1_1	XP_058946722.2_PF00531_1_1
XP_058946722.2_PF00531_1_1	XP_066021092.1_PF00531_1_1
XP_058946722.2_PF00531_1_1	XP_066021093.1_PF00531_1_1
XP_058946722.2_PF00531_1_1	XP_066021094.1_PF00531_1_1
XP_058949418.2_PF00531_1_1	XP_058949418.2_PF00531_1_1
XP_058949418.2_PF00531_1_1	CAH3112552.1_PF00531_1_1
XP_058949418.2_PF00531_1_1	XP_058949418.1_PF00531_1_1
XP_058949779.2_PF00531_1_1	XP_058949779.2_PF00531_1_1
XP_058953711.2_PF00531_1_1	XP_058953711.2_PF00531_1_1
XP_058953711.2_PF00531_1_1	CAH3147682.1_PF00531_1_1
XP_058953711.2_PF00531_1_1	XP_058953709.1_PF00531_1_1
XP_058953711.2_PF00531_1_1	XP_058953710.1_PF00531_1_1
XP_058953711.2_PF00531_1_1	XP_058953711.1_PF00531_1_1
XP_058953711.2_PF00531_1_1	XP_066029850.1_PF00531_1_1
XP_058956661.2_PF00531_1_1	XP_058956661.2_PF00531_1_1
XP_058956661.2_PF00531_1_1	XP_022798994.1_PF00531_1_1
XP_058956661.2_PF00531_1_1	XP_058956660.2_PF00531_1_1
XP_058956661.2_PF00531_1_1	XP_058956661.1_PF00531_1_1
XP_058956661.2_PF00531_1_1	CAH3139793.1_PF00531_1_1
XP_058956661.2_PF00531_1_1	XP_058956660.1_PF00531_1_1
XP_058956985.2_PF00531_1_1	XP_058956985.2_PF00531_1_1
XP_058956985.2_PF00531_1_1	CAH3132287.1_PF00531_1_1
XP_058957843.2_PF00531_1_1	XP_058957843.2_PF00531_1_1
XP_058957843.2_PF00531_1_1	XP_058946721.1_PF00531_1_1
XP_058957843.2_PF00531_1_1	XP_058957841.1_PF00531_1_1
XP_058957843.2_PF00531_1_1	XP_058957843.1_PF00531_1_1
XP_058957843.2_PF00531_1_1	XP_058957844.1_PF00531_1_1
XP_058957843.2_PF00531_1_1	XP_058957845.1_PF00531_1_1
XP_058957843.2_PF00531_1_1	XP_058957844.2_PF00531_1_1
XP_058957843.2_PF00531_1_1	XP_058957845.2_PF00531_1_1
XP_058958063.2_PF00531_1_1	XP_058958063.2_PF00531_1_1
XP_058958063.2_PF00531_1_1	XP_027036757.1_PF00531_1_1
XP_058958950.2_PF00531_1_1	XP_058958950.2_PF00531_1_1
XP_058958950.2_PF00531_1_1	XP_058958951.2_PF00531_1_1
XP_058958950.2_PF00531_1_1	XP_058958952.2_PF00531_1_1
XP_058961461.2_PF00531_1_1	XP_058961461.2_PF00531_1_1
XP_058961461.2_PF00531_1_1	XP_027044668.1_PF00531_1_1
XP_058961461.2_PF00531_1_1	XP_058961461.1_PF00531_1_1
XP_058965202.2_PF00531_1_1	XP_058965202.2_PF00531_1_1
XP_058965202.2_PF00531_1_1	CAH3142899.1_PF00531_1_1
XP_058965202.2_PF00531_1_1	XP_027056848.1_PF00531_1_1
XP_058965202.2_PF00531_1_1	XP_058965202.1_PF00531_1_1
XP_058969004.2_PF00531_1_1	XP_058969004.2_PF00531_1_1
XP_058969004.2_PF00531_1_1	XP_066026686.1_PF00531_1_1
XP_058969004.2_PF00531_1_1	XP_066026687.1_PF00531_1_1
XP_058969004.2_PF00531_1_1	XP_066026688.1_PF00531_1_1
XP_058969241.2_PF00531_1_1	XP_058969241.2_PF00531_1_1
XP_058969241.2_PF00531_1_1	XP_058969242.2_PF00531_1_1
XP_058969241.2_PF00531_1_1	XP_066021728.1_PF00531_1_1
XP_066019309.1_PF00531_1_1	XP_066019309.1_PF00531_1_1
XP_066019309.1_PF00531_1_1	XP_066019306.1_PF00531_1_1
XP_066019346.1_PF00531_1_1	XP_066019346.1_PF00531_1_1
KAK2565227.1_PF00531_1_1	KAK2565227.1_PF00531_1_1
KAK2566091.1_PF00531_1_1	KAK2566091.1_PF00531_1_1
KAK2566419.1_PF00531_1_1	KAK2566419.1_PF00531_1_1
KAK2566419.1_PF00531_1_1	XP_015764131.1_PF00531_1_1
KAK2566419.1_PF00531_1_1	XP_029187750.1_PF00531_1_1
KAK2566419.1_PF00531_1_1	XP_029187750.2_PF00531_1_1
KAK2566419.1_PF00531_1_1	XP_044174648.1_PF00531_1_1
KAK2566419.1_PF00531_1_1	XP_067054972.1_PF00531_1_1
KAK2566635.1_PF00531_1_1	KAK2566635.1_PF00531_1_1
KAK2566635.1_PF00531_1_1	XP_044180345.1_PF00531_1_1
KAK2566635.1_PF00531_1_1	XP_044180346.1_PF00531_1_1
KAK2566635.1_PF00531_1_1	XP_067044815.1_PF00531_1_1
KAK2566635.1_PF00531_1_1	XP_067044823.1_PF00531_1_1
KAK2566635.1_PF00531_1_1	XP_067044831.1_PF00531_1_1
KAK2566635.1_PF00531_1_1	XP_067044839.1_PF00531_1_1
KAK2566763.1_PF00531_1_1	KAK2566763.1_PF00531_1_1
KAK2566880.1_PF00531_1_1	KAK2566880.1_PF00531_1_1
KAK2567154.1_PF00531_1_1	KAK2567154.1_PF00531_1_1
KAK2567162.1_PF00531_1_1	KAK2567162.1_PF00531_1_1
KAK2567162.1_PF00531_1_1	XP_015755823.1_PF00531_1_1
KAK2567162.1_PF00531_1_1	XP_029200086.1_PF00531_1_1
KAK2567162.1_PF00531_1_1	XP_029200086.2_PF00531_1_1
KAK2567162.1_PF00531_1_1	XP_067036042.1_PF00531_1_1
KAK2568169.1_PF00531_1_1	KAK2568169.1_PF00531_1_1
KAK2568169.1_PF00531_1_1	XP_015766406.1_PF00531_1_1
KAK2568169.1_PF00531_1_1	XP_015767508.1_PF00531_1_1
KAK2568169.1_PF00531_1_1	XP_029186950.1_PF00531_1_1
KAK2568169.1_PF00531_1_1	XP_029186950.2_PF00531_1_1
KAK2568169.1_PF00531_1_1	XP_067053651.1_PF00531_1_1
KAK2568420.1_PF00531_1_1	KAK2568420.1_PF00531_1_1
KAK2568420.1_PF00531_1_1	XP_015767200.1_PF00531_1_1
KAK2568420.1_PF00531_1_1	XP_029186946.1_PF00531_1_1
KAK2568420.1_PF00531_1_1	XP_067052264.1_PF00531_1_1
KAK2569046.1_PF00531_1_1	KAK2569046.1_PF00531_1_1
KAK2571175.1_PF00531_1_1	KAK2571175.1_PF00531_1_1
KAK2571175.1_PF00531_1_1	XP_015761850.1_PF00531_1_1
KAK2571175.1_PF00531_1_1	XP_015761851.1_PF00531_1_1
KAK2571175.1_PF00531_1_1	XP_015761852.1_PF00531_1_1
KAK2571175.1_PF00531_1_1	XP_015761853.1_PF00531_1_1
KAK2571175.1_PF00531_1_1	XP_015761854.1_PF00531_1_1
KAK2571175.1_PF00531_1_1	XP_015761855.1_PF00531_1_1
KAK2571175.1_PF00531_1_1	XP_029205124.1_PF00531_1_1
KAK2571175.1_PF00531_1_1	XP_029205125.1_PF00531_1_1
KAK2571175.1_PF00531_1_1	XP_029205126.1_PF00531_1_1
KAK2571175.1_PF00531_1_1	XP_029205125.2_PF00531_1_1
KAK2571175.1_PF00531_1_1	XP_029205126.2_PF00531_1_1
KAK2571175.1_PF00531_1_1	XP_044182307.1_PF00531_1_1
KAK2571175.1_PF00531_1_1	XP_067024916.1_PF00531_1_1
KAK2571175.1_PF00531_1_1	XP_067024917.1_PF00531_1_1
KAK2571175.1_PF00531_1_1	XP_067024918.1_PF00531_1_1
KAK2573684.1_PF00531_1_1	KAK2573684.1_PF00531_1_1
KAK3699938.1_PF00531_1_1	KAK3699938.1_PF00531_1_1
KAK3704473.1_PF00531_1_1	KAK3704473.1_PF00531_1_1
KAK3715943.1_PF00531_1_1	KAK3715943.1_PF00531_1_1
KAK3717522.1_PF00531_1_1	KAK3717522.1_PF00531_1_1
KAK3732553.1_PF00531_1_1	KAK3732553.1_PF00531_1_1
KAK3732553.1_PF00531_1_1	KAK3713721.1_PF00531_1_1
KAK3737613.1_PF00531_1_1	KAK3737613.1_PF00531_1_1
KAK3740039.1_PF00531_1_1	KAK3740039.1_PF00531_1_1
KAK3746760.1_PF00531_1_1	KAK3746760.1_PF00531_1_1
KAK3746760.1_PF00531_1_1	KAK3738879.1_PF00531_1_1
KAK3746761.1_PF00531_1_1	KAK3746761.1_PF00531_1_1
KAK3750214.1_PF00531_1_1	KAK3750214.1_PF00531_1_1
KAK3750360.1_PF00531_1_1	KAK3750360.1_PF00531_1_1
KAK3750566.1_PF00531_1_1	KAK3750566.1_PF00531_1_1
KAK3750566.1_PF00531_1_1	KAK3732215.1_PF00531_1_1
KAK3753342.1_PF00531_1_1	KAK3753342.1_PF00531_1_1
KAK3753342.1_PF00531_1_1	KAK3733710.1_PF00531_1_1
KAK3754245.1_PF00531_1_1	KAK3754245.1_PF00531_1_1
CAB3977177.1_PF00531_1_1	CAB3977177.1_PF00531_1_1
CAB3977177.1_PF00531_1_1	CAB3977178.1_PF00531_1_1
CAB3977177.1_PF00531_1_1	CAB3977179.1_PF00531_1_1
CAB3977177.1_PF00531_1_1	CAB3977180.1_PF00531_1_1
CAB3977177.1_PF00531_1_1	CAB4032967.1_PF00531_1_1
CAB3977177.1_PF00531_1_1	CAB4032968.1_PF00531_1_1
CAB3977568.1_PF00531_1_1	CAB3977568.1_PF00531_1_1
CAB3978744.1_PF00531_1_1	CAB3978744.1_PF00531_1_1
CAB3979165.1_PF00531_1_1	CAB3979165.1_PF00531_1_1
CAB3979251.1_PF00531_1_1	CAB3979251.1_PF00531_1_1
CAB3979251.1_PF00531_1_1	CAB3979250.1_PF00531_1_1
CAB3982517.1_PF00531_1_1	CAB3982517.1_PF00531_1_1
CAB3989119.1_PF00531_1_1	CAB3989119.1_PF00531_1_1
CAB3989119.1_PF00531_1_1	CAB3989120.1_PF00531_1_1
CAB3989119.1_PF00531_1_1	CAB3989121.1_PF00531_1_1
CAB3989578.1_PF00531_1_1	CAB3989578.1_PF00531_1_1
CAB3991392.1_PF00531_1_1	CAB3991392.1_PF00531_1_1
CAB4000035.1_PF00531_1_1	CAB4000035.1_PF00531_1_1
CAB4000035.1_PF00531_1_1	CAB3981647.1_PF00531_1_1
CAB4002729.1_PF00531_1_1	CAB4002729.1_PF00531_1_1
CAB4003655.1_PF00531_1_1	CAB4003655.1_PF00531_1_1
CAB4004764.1_PF00531_1_1	CAB4004764.1_PF00531_1_1
CAB4004764.1_PF00531_1_1	CAB4004765.1_PF00531_1_1
CAB4004764.1_PF00531_1_1	XP_028395168.1_PF00531_1_1
CAB4004764.1_PF00531_1_1	XP_028395169.1_PF00531_1_1
CAB4006563.1_PF00531_1_1	CAB4006563.1_PF00531_1_1
CAB4006563.1_PF00531_1_1	CAB4006562.1_PF00531_1_1
CAB4006900.1_PF00531_1_1	CAB4006900.1_PF00531_1_1
CAB4007715.1_PF00531_1_1	CAB4007715.1_PF00531_1_1
CAB4010952.1_PF00531_1_1	CAB4010952.1_PF00531_1_1
CAB4013314.1_PF00531_1_1	CAB4013314.1_PF00531_1_1
CAB4013314.1_PF00531_1_1	CAB3991598.1_PF00531_1_1
CAB4013314.1_PF00531_1_1	CAB4013315.1_PF00531_1_1
CAB4013314.1_PF00531_1_1	CAB4019669.1_PF00531_1_1
CAB4013495.1_PF00531_1_1	CAB4013495.1_PF00531_1_1
CAB4014724.1_PF00531_1_1	CAB4014724.1_PF00531_1_1
CAB4015807.1_PF00531_1_1	CAB4015807.1_PF00531_1_1
CAB4015807.1_PF00531_1_1	CAB4015806.1_PF00531_1_1
CAB4016570.1_PF00531_1_1	CAB4016570.1_PF00531_1_1
CAB4017763.1_PF00531_1_1	CAB4017763.1_PF00531_1_1
CAB4017763.1_PF00531_1_1	CAB4017762.1_PF00531_1_1
CAB4017765.1_PF00531_1_1	CAB4017765.1_PF00531_1_1
CAB4017765.1_PF00531_1_1	CAB4017764.1_PF00531_1_1
CAB4022332.1_PF00531_1_1	CAB4022332.1_PF00531_1_1
CAB4022947.1_PF00531_1_1	CAB4022947.1_PF00531_1_1
CAB4032077.1_PF00531_1_1	CAB4032077.1_PF00531_1_1
CAB4032077.1_PF00531_1_1	CAB4032078.1_PF00531_1_1
CAB4033274.1_PF00531_1_1	CAB4033274.1_PF00531_1_1
CAB4033274.1_PF00531_1_1	CAB4023008.1_PF00531_1_1
CAB4033517.1_PF00531_1_1	CAB4033517.1_PF00531_1_1
CAB4033914.1_PF00531_1_1	CAB4033914.1_PF00531_1_1
CAB4036736.1_PF00531_1_1	CAB4036736.1_PF00531_1_1
CAB4037080.1_PF00531_1_1	CAB4037080.1_PF00531_1_1
CAB4037080.1_PF00531_1_1	CAB4001026.1_PF00531_1_1
CAB4038010.1_PF00531_1_1	CAB4038010.1_PF00531_1_1
CAB4038621.1_PF00531_1_1	CAB4038621.1_PF00531_1_1
CAB4038911.1_PF00531_1_1	CAB4038911.1_PF00531_1_1
CAB4039025.1_PF00531_1_1	CAB4039025.1_PF00531_1_1
CAB4040424.1_PF00531_1_1	CAB4040424.1_PF00531_1_1
CAB4042272.1_PF00531_1_1	CAB4042272.1_PF00531_1_1
CAB4042526.1_PF00531_1_1	CAB4042526.1_PF00531_1_1
CAH3162252.1_PF00531_1_1	CAH3162252.1_PF00531_1_1
CAH3162252.1_PF00531_1_1	CAH3184798.1_PF00531_1_1
CAH3164984.1_PF00531_1_1	CAH3164984.1_PF00531_1_1
CAH3164984.1_PF00531_1_1	CAH3164962.1_PF00531_1_1
CAH3169099.1_PF00531_1_1	CAH3169099.1_PF00531_1_1
CAH3169099.1_PF00531_1_1	CAH3024113.1_PF00531_1_1
CAH3169099.1_PF00531_1_1	CAH3172902.1_PF00531_1_1
CAH3169099.1_PF00531_1_1	XP_073243819.1_PF00531_1_1
CAH3169099.1_PF00531_1_1	CAH3024114.1_PF00531_1_1
CAH3169110.1_PF00531_1_1	CAH3169110.1_PF00531_1_1
CAH3169113.1_PF00531_1_1	CAH3169113.1_PF00531_1_1
CAH3169119.1_PF00531_1_1	CAH3169119.1_PF00531_1_1
CAH3169135.1_PF00531_1_1	CAH3169135.1_PF00531_1_1
CAH3169146.1_PF00531_1_1	CAH3169146.1_PF00531_1_1
CAH3170054.1_PF00531_1_1	CAH3170054.1_PF00531_1_1
CAH3170138.1_PF00531_1_1	CAH3170138.1_PF00531_1_1
CAH3176193.1_PF00531_1_1	CAH3176193.1_PF00531_1_1
CAH3178328.1_PF00531_1_1	CAH3178328.1_PF00531_1_1
CAH3179496.1_PF00531_1_1	CAH3179496.1_PF00531_1_1
CAH3182630.1_PF00531_1_1	CAH3182630.1_PF00531_1_1
CAH3183838.1_PF00531_1_1	CAH3183838.1_PF00531_1_1
CAH3184168.1_PF00531_1_1	CAH3184168.1_PF00531_1_1
CAH3186002.1_PF00531_1_1	CAH3186002.1_PF00531_1_1
CAH3186002.1_PF00531_1_1	CAH3015680.1_PF00531_1_1
CAH3186002.1_PF00531_1_1	CAH3178256.1_PF00531_1_1
CAH3186002.1_PF00531_1_1	CAH3184796.1_PF00531_1_1
CAH3186002.1_PF00531_1_1	XP_073250252.1_PF00531_1_1
CAH3186002.1_PF00531_1_1	XP_073251140.1_PF00531_1_1
CAH3186002.1_PF00531_1_1	XP_073251758.1_PF00531_1_1
CAH3186130.1_PF00531_1_1	CAH3186130.1_PF00531_1_1
CAH3188860.1_PF00531_1_1	CAH3188860.1_PF00531_1_1
CAH3189195.1_PF00531_1_1	CAH3189195.1_PF00531_1_1
CAH3189195.1_PF00531_1_1	CAH3178252.1_PF00531_1_1
CAH3189196.1_PF00531_1_1	CAH3189196.1_PF00531_1_1
CAH3030988.1_PF00531_1_1	CAH3030988.1_PF00531_1_1
CAH3030990.1_PF00531_1_1	CAH3030990.1_PF00531_1_1
CAH3031205.1_PF00531_1_1	CAH3031205.1_PF00531_1_1
CAH3031318.1_PF00531_1_1	CAH3031318.1_PF00531_1_1
CAH3031318.1_PF00531_1_1	XP_027038522.1_PF00531_1_1
CAH3031318.1_PF00531_1_1	XP_058971596.1_PF00531_1_1
CAH3031318.1_PF00531_1_1	XP_066019824.1_PF00531_1_1
CAH3033057.1_PF00531_1_1	CAH3033057.1_PF00531_1_1
CAH3034335.1_PF00531_1_1	CAH3034335.1_PF00531_1_1
CAH3034335.1_PF00531_1_1	CAH3034347.1_PF00531_1_1
CAH3034335.1_PF00531_1_1	XP_027045762.1_PF00531_1_1
CAH3034335.1_PF00531_1_1	XP_058957840.1_PF00531_1_1
CAH3034335.1_PF00531_1_1	XP_066021008.1_PF00531_1_1
CAH3034335.1_PF00531_1_1	XP_066021930.1_PF00531_1_1
CAH3034344.1_PF00531_1_1	CAH3034344.1_PF00531_1_1
CAH3034344.1_PF00531_1_1	CAH3167750.1_PF00531_1_1
CAH3034344.1_PF00531_1_1	XP_058946750.1_PF00531_1_1
CAH3034344.1_PF00531_1_1	XP_066021096.1_PF00531_1_1
CAH3037806.1_PF00531_1_1	CAH3037806.1_PF00531_1_1
CAH3037806.1_PF00531_1_1	XP_027043735.1_PF00531_1_1
CAH3037806.1_PF00531_1_1	XP_027043736.1_PF00531_1_1
CAH3037806.1_PF00531_1_1	XP_058969237.1_PF00531_1_1
CAH3037806.1_PF00531_1_1	XP_066021729.1_PF00531_1_1
CAH3037806.1_PF00531_1_1	XP_066021730.1_PF00531_1_1
CAH3037810.1_PF00531_1_1	CAH3037810.1_PF00531_1_1
CAH3037869.1_PF00531_1_1	CAH3037869.1_PF00531_1_1
CAH3037915.1_PF00531_1_1	CAH3037915.1_PF00531_1_1
CAH3037915.1_PF00531_1_1	XP_058969306.1_PF00531_1_1
CAH3037915.1_PF00531_1_1	XP_058969307.1_PF00531_1_1
CAH3038437.1_PF00531_1_1	CAH3038437.1_PF00531_1_1
CAH3038452.1_PF00531_1_1	CAH3038452.1_PF00531_1_1
CAH3038667.1_PF00531_1_1	CAH3038667.1_PF00531_1_1
CAH3038667.1_PF00531_1_1	XP_027056588.1_PF00531_1_1
CAH3038667.1_PF00531_1_1	XP_058968235.1_PF00531_1_1
CAH3038695.1_PF00531_1_1	CAH3038695.1_PF00531_1_1
CAH3038695.1_PF00531_1_1	XP_058960621.1_PF00531_1_1
CAH3038695.1_PF00531_1_1	XP_058960622.1_PF00531_1_1
CAH3038695.1_PF00531_1_1	XP_058968273.2_PF00531_1_1
CAH3038695.1_PF00531_1_1	XP_066021579.1_PF00531_1_1
CAH3038695.1_PF00531_1_1	XP_066021580.1_PF00531_1_1
CAH3038695.1_PF00531_1_1	XP_066021738.1_PF00531_1_1
CAH3038695.1_PF00531_1_1	XP_066021739.1_PF00531_1_1
CAH3039952.1_PF00531_1_1	CAH3039952.1_PF00531_1_1
CAH3039952.1_PF00531_1_1	XP_027042352.1_PF00531_1_1
CAH3039952.1_PF00531_1_1	XP_058951380.2_PF00531_1_1
CAH3041106.1_PF00531_1_1	CAH3041106.1_PF00531_1_1
CAH3041106.1_PF00531_1_1	XP_058943707.1_PF00531_1_1
CAH3041106.1_PF00531_1_1	XP_066020024.1_PF00531_1_1
CAH3041126.1_PF00531_1_1	CAH3041126.1_PF00531_1_1
CAH3041126.1_PF00531_1_1	CAH3168205.1_PF00531_1_1
CAH3041126.1_PF00531_1_1	XP_027047335.1_PF00531_1_1
CAH3041126.1_PF00531_1_1	XP_058943725.1_PF00531_1_1
CAH3041126.1_PF00531_1_1	XP_058960480.1_PF00531_1_1
CAH3041126.1_PF00531_1_1	XP_066020105.1_PF00531_1_1
CAH3041128.1_PF00531_1_1	CAH3041128.1_PF00531_1_1
CAH3041128.1_PF00531_1_1	CAH3168203.1_PF00531_1_1
CAH3041128.1_PF00531_1_1	XP_027047339.1_PF00531_1_1
CAH3041128.1_PF00531_1_1	XP_027047340.1_PF00531_1_1
CAH3041128.1_PF00531_1_1	XP_027047341.1_PF00531_1_1
CAH3041128.1_PF00531_1_1	XP_058960490.1_PF00531_1_1
CAH3041128.1_PF00531_1_1	XP_066020728.1_PF00531_1_1
CAH3041128.1_PF00531_1_1	XP_066020729.1_PF00531_1_1
CAH3041128.1_PF00531_1_1	XP_066020730.1_PF00531_1_1
CAH3041128.1_PF00531_1_1	XP_066020731.1_PF00531_1_1
CAH3041134.1_PF00531_1_1	CAH3041134.1_PF00531_1_1
CAH3041134.1_PF00531_1_1	XP_022802692.1_PF00531_1_1
CAH3041134.1_PF00531_1_1	XP_027047323.1_PF00531_1_1
CAH3041134.1_PF00531_1_1	XP_058960502.1_PF00531_1_1
CAH3041134.1_PF00531_1_1	XP_058960502.2_PF00531_1_1
CAH3042408.1_PF00531_1_1	CAH3042408.1_PF00531_1_1
CAH3042408.1_PF00531_1_1	XP_027047568.1_PF00531_1_1
CAH3042408.1_PF00531_1_1	XP_027047569.1_PF00531_1_1
CAH3042408.1_PF00531_1_1	XP_058959740.1_PF00531_1_1
CAH3042408.1_PF00531_1_1	XP_058959740.2_PF00531_1_1
CAH3046357.1_PF00531_1_1	CAH3046357.1_PF00531_1_1
CAH3103675.1_PF00531_1_1	CAH3103675.1_PF00531_1_1
CAH3106282.1_PF00531_1_1	CAH3106282.1_PF00531_1_1
CAH3106282.1_PF00531_1_1	XP_027050267.1_PF00531_1_1
CAH3106282.1_PF00531_1_1	XP_058949882.1_PF00531_1_1
CAH3106282.1_PF00531_1_1	XP_058949882.2_PF00531_1_1
CAH3117371.1_PF00531_1_1	CAH3117371.1_PF00531_1_1
CAH3117663.1_PF00531_1_1	CAH3117663.1_PF00531_1_1
CAH3117663.1_PF00531_1_1	XP_058942643.1_PF00531_1_1
CAH3117663.1_PF00531_1_1	XP_066019308.1_PF00531_1_1
CAH3119404.1_PF00531_1_1	CAH3119404.1_PF00531_1_1
CAH3120605.1_PF00531_1_1	CAH3120605.1_PF00531_1_1
CAH3120605.1_PF00531_1_1	XP_027043886.1_PF00531_1_1
CAH3120605.1_PF00531_1_1	XP_058950643.1_PF00531_1_1
CAH3120605.1_PF00531_1_1	XP_058950643.2_PF00531_1_1
CAH3127536.1_PF00531_1_1	CAH3127536.1_PF00531_1_1
CAH3131004.1_PF00531_1_1	CAH3131004.1_PF00531_1_1
CAH3131004.1_PF00531_1_1	XP_066029132.1_PF00531_1_1
CAH3131004.1_PF00531_1_1	XP_066029836.1_PF00531_1_1
CAH3131004.1_PF00531_1_1	XP_066029837.1_PF00531_1_1
CAH3131006.1_PF00531_1_1	CAH3131006.1_PF00531_1_1
CAH3131006.1_PF00531_1_1	XP_066029479.1_PF00531_1_1
CAH3131006.1_PF00531_1_1	XP_066029480.1_PF00531_1_1
CAH3131008.1_PF00531_1_1	CAH3131008.1_PF00531_1_1
CAH3131012.1_PF00531_1_1	CAH3131012.1_PF00531_1_1
CAH3131649.1_PF00531_1_1	CAH3131649.1_PF00531_1_1
XP_020623045.1_PF00531_1_1	XP_020623045.1_PF00531_1_1
XP_020623045.1_PF00531_1_1	XP_020623044.1_PF00531_1_1
XP_020623559.1_PF00531_1_1	XP_020623559.1_PF00531_1_1
XP_020623559.1_PF00531_1_1	XP_020623560.1_PF00531_1_1
XP_020623559.1_PF00531_1_1	XP_020623561.1_PF00531_1_1
XP_020624202.1_PF00531_1_1	XP_020624202.1_PF00531_1_1
XP_020624204.1_PF00531_1_1	XP_020624204.1_PF00531_1_1
XP_020624626.1_PF00531_1_1	XP_020624626.1_PF00531_1_1
XP_020625453.1_PF00531_1_1	XP_020625453.1_PF00531_1_1
XP_020625597.1_PF00531_1_1	XP_020625597.1_PF00531_1_1
XP_020625623.1_PF00531_1_1	XP_020625623.1_PF00531_1_1
XP_020625623.1_PF00531_1_1	XP_020625622.1_PF00531_1_1
XP_020627644.1_PF00531_1_1	XP_020627644.1_PF00531_1_1
XP_020628905.1_PF00531_1_1	XP_020628905.1_PF00531_1_1
XP_020629207.1_PF00531_1_1	XP_020629207.1_PF00531_1_1
XP_020629207.1_PF00531_1_1	XP_020629205.1_PF00531_1_1
XP_020629207.1_PF00531_1_1	XP_020629208.1_PF00531_1_1
XP_020629207.1_PF00531_1_1	XP_020629209.1_PF00531_1_1
XP_020629239.1_PF00531_1_1	XP_020629239.1_PF00531_1_1
XP_020629252.1_PF00531_1_1	XP_020629252.1_PF00531_1_1
XP_020629252.1_PF00531_1_1	XP_020629251.1_PF00531_1_1
XP_020629260.1_PF00531_1_1	XP_020629260.1_PF00531_1_1
XP_020629268.1_PF00531_1_1	XP_020629268.1_PF00531_1_1
XP_020629695.1_PF00531_1_1	XP_020629695.1_PF00531_1_1
XP_020629695.1_PF00531_1_1	XP_020629694.1_PF00531_1_1
XP_020629946.1_PF00531_1_1	XP_020629946.1_PF00531_1_1
XP_020629949.1_PF00531_1_1	XP_020629949.1_PF00531_1_1
XP_020629984.1_PF00531_1_1	XP_020629984.1_PF00531_1_1
XP_020630017.1_PF00531_1_1	XP_020630017.1_PF00531_1_1
XP_020630019.1_PF00531_1_1	XP_020630019.1_PF00531_1_1
XP_020630396.1_PF00531_1_1	XP_020630396.1_PF00531_1_1
XP_020630807.1_PF00531_1_1	XP_020630807.1_PF00531_1_1
XP_020630807.1_PF00531_1_1	XP_020630808.1_PF00531_1_1
XP_020630807.1_PF00531_1_1	XP_020630809.1_PF00531_1_1
XP_020630824.1_PF00531_1_1	XP_020630824.1_PF00531_1_1
XP_020631048.1_PF00531_1_1	XP_020631048.1_PF00531_1_1
XP_020631048.1_PF00531_1_1	KAJ7361802.1_PF00531_1_1
XP_020631559.1_PF00531_1_1	XP_020631559.1_PF00531_1_1
XP_020631559.1_PF00531_1_1	XP_020631558.1_PF00531_1_1
XP_020631593.1_PF00531_1_1	XP_020631593.1_PF00531_1_1
XP_020631647.1_PF00531_1_1	XP_020631647.1_PF00531_1_1
XP_020632012.1_PF00531_1_1	XP_020632012.1_PF00531_1_1
XP_020632065.1_PF00531_1_1	XP_020632065.1_PF00531_1_1
XP_020632065.1_PF00531_1_1	KAJ7383148.1_PF00531_1_1
XP_020632372.1_PF00531_1_1	XP_020632372.1_PF00531_1_1
XP_020632656.1_PF00531_1_1	XP_020632656.1_PF00531_1_1
XP_022778190.1_PF00531_1_1	XP_022778190.1_PF00531_1_1
XP_022779096.1_PF00531_1_1	XP_022779096.1_PF00531_1_1
XP_022779096.1_PF00531_1_1	XP_022779097.1_PF00531_1_1
XP_022779096.1_PF00531_1_1	XP_022779098.1_PF00531_1_1
XP_022779271.1_PF00531_1_1	XP_022779271.1_PF00531_1_1
XP_022779271.1_PF00531_1_1	XP_022779272.1_PF00531_1_1
XP_022779271.1_PF00531_1_1	XP_022779273.1_PF00531_1_1
XP_022780050.1_PF00531_1_1	XP_022780050.1_PF00531_1_1
XP_022780051.1_PF00531_1_1	XP_022780051.1_PF00531_1_1
XP_022780467.1_PF00531_1_1	XP_022780467.1_PF00531_1_1
XP_022782046.1_PF00531_1_1	XP_022782046.1_PF00531_1_1
XP_022782944.1_PF00531_1_1	XP_022782944.1_PF00531_1_1
XP_022782962.1_PF00531_1_1	XP_022782962.1_PF00531_1_1
XP_022783122.1_PF00531_1_1	XP_022783122.1_PF00531_1_1
XP_022783332.1_PF00531_1_1	XP_022783332.1_PF00531_1_1
XP_022783805.1_PF00531_1_1	XP_022783805.1_PF00531_1_1
XP_022783809.1_PF00531_1_1	XP_022783809.1_PF00531_1_1
XP_022783811.1_PF00531_1_1	XP_022783811.1_PF00531_1_1
XP_022783828.1_PF00531_1_1	XP_022783828.1_PF00531_1_1
XP_022783828.1_PF00531_1_1	XP_022804992.1_PF00531_1_1
XP_022783828.1_PF00531_1_1	XP_022804993.1_PF00531_1_1
XP_022783828.1_PF00531_1_1	XP_022804994.1_PF00531_1_1
XP_022784977.1_PF00531_1_1	XP_022784977.1_PF00531_1_1
XP_022784977.1_PF00531_1_1	XP_022784976.1_PF00531_1_1
XP_022785120.1_PF00531_1_1	XP_022785120.1_PF00531_1_1
XP_022785120.1_PF00531_1_1	XP_022785122.1_PF00531_1_1
XP_022785120.1_PF00531_1_1	XP_022785123.1_PF00531_1_1
XP_022785866.1_PF00531_1_1	XP_022785866.1_PF00531_1_1
XP_022785875.1_PF00531_1_1	XP_022785875.1_PF00531_1_1
XP_022785945.1_PF00531_1_1	XP_022785945.1_PF00531_1_1
XP_022786049.1_PF00531_1_1	XP_022786049.1_PF00531_1_1
XP_022786056.1_PF00531_1_1	XP_022786056.1_PF00531_1_1
XP_022786056.1_PF00531_1_1	XP_022786039.1_PF00531_1_1
XP_022786058.1_PF00531_1_1	XP_022786058.1_PF00531_1_1
XP_022786059.1_PF00531_1_1	XP_022786059.1_PF00531_1_1
XP_022786091.1_PF00531_1_1	XP_022786091.1_PF00531_1_1
XP_022786091.1_PF00531_1_1	XP_022786090.1_PF00531_1_1
XP_022786106.1_PF00531_1_1	XP_022786106.1_PF00531_1_1
XP_022789025.1_PF00531_1_1	XP_022789025.1_PF00531_1_1
XP_022789031.1_PF00531_1_1	XP_022789031.1_PF00531_1_1
XP_022789031.1_PF00531_1_1	XP_022789030.1_PF00531_1_1
XP_022789059.1_PF00531_1_1	XP_022789059.1_PF00531_1_1
XP_022789209.1_PF00531_1_1	XP_022789209.1_PF00531_1_1
XP_022789210.1_PF00531_1_1	XP_022789210.1_PF00531_1_1
XP_022789210.1_PF00531_1_1	CAH3117715.1_PF00531_1_1
XP_022789210.1_PF00531_1_1	XP_022789211.1_PF00531_1_1
XP_022789210.1_PF00531_1_1	XP_027038010.1_PF00531_1_1
XP_022789210.1_PF00531_1_1	XP_058970121.1_PF00531_1_1
XP_022790067.1_PF00531_1_1	XP_022790067.1_PF00531_1_1
XP_022790101.1_PF00531_1_1	XP_022790101.1_PF00531_1_1
XP_022790101.1_PF00531_1_1	XP_022790100.1_PF00531_1_1
XP_022790294.1_PF00531_1_1	XP_022790294.1_PF00531_1_1
XP_022790757.1_PF00531_1_1	XP_022790757.1_PF00531_1_1
XP_046858021.1_PF00531_1_1	XP_046858021.1_PF00531_1_1
XP_046858434.1_PF00531_1_1	XP_046858434.1_PF00531_1_1
XP_046858434.1_PF00531_1_1	XP_046854665.1_PF00531_1_1
XP_046858434.1_PF00531_1_1	XP_046854666.1_PF00531_1_1
XP_046858434.1_PF00531_1_1	XP_046854667.1_PF00531_1_1
XP_046858434.1_PF00531_1_1	XP_046858437.1_PF00531_1_1
XP_046859364.1_PF00531_1_1	XP_046859364.1_PF00531_1_1
XP_046859952.1_PF00531_1_1	XP_046859952.1_PF00531_1_1
XP_046859952.1_PF00531_1_1	XP_046859953.1_PF00531_1_1
XP_046859952.1_PF00531_1_1	XP_046859955.1_PF00531_1_1
XP_046860425.1_PF00531_1_1	XP_046860425.1_PF00531_1_1
XP_046860450.1_PF00531_1_1	XP_046860450.1_PF00531_1_1
XP_046862010.1_PF00531_1_1	XP_046862010.1_PF00531_1_1
XP_046862154.1_PF00531_1_1	XP_046862154.1_PF00531_1_1
XP_046862154.1_PF00531_1_1	XP_046862153.1_PF00531_1_1
XP_046862324.1_PF00531_1_1	XP_046862324.1_PF00531_1_1
XP_046862335.1_PF00531_1_1	XP_046862335.1_PF00531_1_1
XP_046862335.1_PF00531_1_1	XP_046862334.1_PF00531_1_1
XP_046862385.1_PF00531_1_1	XP_046862385.1_PF00531_1_1
XP_046862398.1_PF00531_1_1	XP_046862398.1_PF00531_1_1
XP_046862416.1_PF00531_1_1	XP_046862416.1_PF00531_1_1
XP_046862425.1_PF00531_1_1	XP_046862425.1_PF00531_1_1
XP_046862425.1_PF00531_1_1	XP_046862389.1_PF00531_1_1
XP_046862425.1_PF00531_1_1	XP_046862415.1_PF00531_1_1
XP_046862432.1_PF00531_1_1	XP_046862432.1_PF00531_1_1
XP_046862440.1_PF00531_1_1	XP_046862440.1_PF00531_1_1
XP_046862471.1_PF00531_1_1	XP_046862471.1_PF00531_1_1
XP_046862483.1_PF00531_1_1	XP_046862483.1_PF00531_1_1
XP_058940027.1_PF00531_1_1	XP_058940027.1_PF00531_1_1
XP_058940027.1_PF00531_1_1	CAH3140560.1_PF00531_1_1
XP_058940027.1_PF00531_1_1	XP_027055611.1_PF00531_1_1
XP_058940027.1_PF00531_1_1	XP_027055612.1_PF00531_1_1
XP_058940027.1_PF00531_1_1	XP_027055614.1_PF00531_1_1
XP_058940027.1_PF00531_1_1	XP_058940028.1_PF00531_1_1
XP_058940027.1_PF00531_1_1	XP_058940030.1_PF00531_1_1
XP_058940027.1_PF00531_1_1	XP_058940027.2_PF00531_1_1
XP_058940027.1_PF00531_1_1	XP_058940028.2_PF00531_1_1
XP_058940027.1_PF00531_1_1	XP_058940030.2_PF00531_1_1
XP_058941056.1_PF00531_1_1	XP_058941056.1_PF00531_1_1
XP_058941096.1_PF00531_1_1	XP_058941096.1_PF00531_1_1
XP_058941585.1_PF00531_1_1	XP_058941585.1_PF00531_1_1
XP_058943702.1_PF00531_1_1	XP_058943702.1_PF00531_1_1
XP_058943702.1_PF00531_1_1	XP_058943703.1_PF00531_1_1
XP_058943702.1_PF00531_1_1	XP_058943702.2_PF00531_1_1
XP_058943702.1_PF00531_1_1	XP_058943703.2_PF00531_1_1
XP_058943705.1_PF00531_1_1	XP_058943705.1_PF00531_1_1
XP_058943705.1_PF00531_1_1	CAH3168218.1_PF00531_1_1
XP_058943705.1_PF00531_1_1	XP_058963275.1_PF00531_1_1
XP_058943705.1_PF00531_1_1	XP_058963276.1_PF00531_1_1
XP_058943705.1_PF00531_1_1	XP_058943705.2_PF00531_1_1
XP_058943705.1_PF00531_1_1	XP_066020028.1_PF00531_1_1
XP_058943718.1_PF00531_1_1	XP_058943718.1_PF00531_1_1
XP_058943718.1_PF00531_1_1	CAH3041108.1_PF00531_1_1
XP_058943723.1_PF00531_1_1	XP_058943723.1_PF00531_1_1
XP_058943723.1_PF00531_1_1	XP_066019361.1_PF00531_1_1
XP_058943723.1_PF00531_1_1	XP_066019362.1_PF00531_1_1
XP_058943724.1_PF00531_1_1	XP_058943724.1_PF00531_1_1
XP_058945833.1_PF00531_1_1	XP_058945833.1_PF00531_1_1
XP_058945833.1_PF00531_1_1	CAH3132014.1_PF00531_1_1
XP_058945833.1_PF00531_1_1	XP_058945834.1_PF00531_1_1
XP_058945833.1_PF00531_1_1	XP_058945833.2_PF00531_1_1
XP_058945833.1_PF00531_1_1	XP_058945834.2_PF00531_1_1
XP_058946082.1_PF00531_1_1	XP_058946082.1_PF00531_1_1
XP_058946082.1_PF00531_1_1	CAH3030986.1_PF00531_1_1
XP_058946082.1_PF00531_1_1	CAH3167170.1_PF00531_1_1
XP_058946082.1_PF00531_1_1	XP_027050904.1_PF00531_1_1
XP_058946082.1_PF00531_1_1	XP_066019811.1_PF00531_1_1
XP_058946082.1_PF00531_1_1	XP_066019812.1_PF00531_1_1
XP_058946082.1_PF00531_1_1	XP_066019813.1_PF00531_1_1
XP_058946082.1_PF00531_1_1	XP_066019814.1_PF00531_1_1
XP_058946724.1_PF00531_1_1	XP_058946724.1_PF00531_1_1
XP_058946724.1_PF00531_1_1	CAH3034348.1_PF00531_1_1
XP_058946726.1_PF00531_1_1	XP_058946726.1_PF00531_1_1
XP_058946726.1_PF00531_1_1	XP_027045761.1_PF00531_1_1
XP_058946726.1_PF00531_1_1	XP_027045773.1_PF00531_1_1
XP_058946726.1_PF00531_1_1	CAH3034342.1_PF00531_1_1
XP_058946726.1_PF00531_1_1	XP_058946744.1_PF00531_1_1
XP_058946726.1_PF00531_1_1	XP_066021095.1_PF00531_1_1
XP_058947849.1_PF00531_1_1	XP_058947849.1_PF00531_1_1
XP_058947849.1_PF00531_1_1	XP_058947856.1_PF00531_1_1
XP_058947849.1_PF00531_1_1	XP_058947862.1_PF00531_1_1
XP_058947849.1_PF00531_1_1	XP_058947849.2_PF00531_1_1
XP_058947849.1_PF00531_1_1	XP_058947862.2_PF00531_1_1
XP_058947849.1_PF00531_1_1	XP_066021164.1_PF00531_1_1
XP_058947983.1_PF00531_1_1	XP_058947983.1_PF00531_1_1
XP_058947983.1_PF00531_1_1	XP_058947984.1_PF00531_1_1
XP_058947983.1_PF00531_1_1	XP_066023849.1_PF00531_1_1
XP_058948801.1_PF00531_1_1	XP_058948801.1_PF00531_1_1
XP_058948801.1_PF00531_1_1	CAH3141738.1_PF00531_1_1
XP_058948801.1_PF00531_1_1	CAH3159096.1_PF00531_1_1
XP_058948801.1_PF00531_1_1	XP_066023666.1_PF00531_1_1
XP_058949556.1_PF00531_1_1	XP_058949556.1_PF00531_1_1
XP_058949556.1_PF00531_1_1	CAH3031369.1_PF00531_1_1
XP_058949556.1_PF00531_1_1	XP_058959580.1_PF00531_1_1
XP_058949556.1_PF00531_1_1	XP_066019475.1_PF00531_1_1
XP_058949556.1_PF00531_1_1	XP_066019476.1_PF00531_1_1
XP_058949556.1_PF00531_1_1	XP_066019477.1_PF00531_1_1
XP_058949556.1_PF00531_1_1	XP_066019478.1_PF00531_1_1
XP_058949556.1_PF00531_1_1	XP_066019479.1_PF00531_1_1
XP_058949556.1_PF00531_1_1	XP_066019484.1_PF00531_1_1
XP_058949556.1_PF00531_1_1	XP_066019485.1_PF00531_1_1
XP_058949556.1_PF00531_1_1	XP_066019486.1_PF00531_1_1
XP_058949715.1_PF00531_1_1	XP_058949715.1_PF00531_1_1
XP_058949779.1_PF00531_1_1	XP_058949779.1_PF00531_1_1
XP_058949779.1_PF00531_1_1	CAH3150949.1_PF00531_1_1
XP_058950279.1_PF00531_1_1	XP_058950279.1_PF00531_1_1
XP_058950279.1_PF00531_1_1	CAH3136487.1_PF00531_1_1
XP_058950279.1_PF00531_1_1	XP_058950280.1_PF00531_1_1
XP_068719248.1_PF00531_1_1	XP_068719248.1_PF00531_1_1
XP_068719248.1_PF00531_1_1	XP_068702782.1_PF00531_1_1
XP_068721272.1_PF00531_1_1	XP_068721272.1_PF00531_1_1
XP_068721272.1_PF00531_1_1	XP_068721271.1_PF00531_1_1
XP_068721273.1_PF00531_1_1	XP_068721273.1_PF00531_1_1
XP_068721273.1_PF00531_1_1	XP_068721274.1_PF00531_1_1
XP_068721273.1_PF00531_1_1	XP_068721275.1_PF00531_1_1
XP_068721273.1_PF00531_1_1	XP_068721276.1_PF00531_1_1
XP_068721273.1_PF00531_1_1	XP_068721277.1_PF00531_1_1
XP_068721273.1_PF00531_1_1	XP_068721278.1_PF00531_1_1
XP_068721273.1_PF00531_1_1	XP_068721279.1_PF00531_1_1
XP_068721273.1_PF00531_1_1	XP_068721281.1_PF00531_1_1
XP_068721273.1_PF00531_1_1	XP_068721282.1_PF00531_1_1
XP_068721273.1_PF00531_1_1	XP_068721283.1_PF00531_1_1
XP_068721273.1_PF00531_1_1	XP_068724195.1_PF00531_1_1
XP_068721273.1_PF00531_1_1	XP_068725408.1_PF00531_1_1
XP_068721273.1_PF00531_1_1	XP_068725416.1_PF00531_1_1
XP_068721273.1_PF00531_1_1	XP_068725417.1_PF00531_1_1
XP_068721273.1_PF00531_1_1	XP_068725418.1_PF00531_1_1
XP_068721273.1_PF00531_1_1	XP_068685335.1_PF00531_1_1
XP_068721273.1_PF00531_1_1	XP_068686007.1_PF00531_1_1
XP_068721273.1_PF00531_1_1	XP_068686659.1_PF00531_1_1
XP_068721273.1_PF00531_1_1	XP_068707830.1_PF00531_1_1
XP_068721273.1_PF00531_1_1	XP_068707873.1_PF00531_1_1
XP_068721273.1_PF00531_1_1	XP_068707916.1_PF00531_1_1
XP_068721273.1_PF00531_1_1	XP_068707963.1_PF00531_1_1
XP_068721273.1_PF00531_1_1	XP_068708006.1_PF00531_1_1
XP_068721273.1_PF00531_1_1	XP_068708053.1_PF00531_1_1
XP_068721273.1_PF00531_1_1	XP_068711626.1_PF00531_1_1
XP_068721352.1_PF00531_1_1	XP_068721352.1_PF00531_1_1
XP_068721352.1_PF00531_1_1	XP_068721353.1_PF00531_1_1
XP_068721352.1_PF00531_1_1	XP_068721355.1_PF00531_1_1
XP_068721352.1_PF00531_1_1	XP_068707620.1_PF00531_1_1
XP_068721352.1_PF00531_1_1	XP_068707625.1_PF00531_1_1
XP_068721352.1_PF00531_1_1	XP_068707629.1_PF00531_1_1
XP_068721356.1_PF00531_1_1	XP_068721356.1_PF00531_1_1
XP_068721448.1_PF00531_1_1	XP_068721448.1_PF00531_1_1
XP_068721448.1_PF00531_1_1	XP_068721449.1_PF00531_1_1
XP_068721448.1_PF00531_1_1	XP_068708063.1_PF00531_1_1
XP_068721448.1_PF00531_1_1	XP_068708069.1_PF00531_1_1
XP_068721786.1_PF00531_1_1	XP_068721786.1_PF00531_1_1
XP_068721786.1_PF00531_1_1	XP_068694563.1_PF00531_1_1
XP_068721786.1_PF00531_1_1	XP_068694565.1_PF00531_1_1
XP_068722223.1_PF00531_1_1	XP_068722223.1_PF00531_1_1
XP_068722223.1_PF00531_1_1	XP_068722224.1_PF00531_1_1
XP_068722223.1_PF00531_1_1	XP_068708127.1_PF00531_1_1
XP_068722223.1_PF00531_1_1	XP_068708180.1_PF00531_1_1
XP_068722745.1_PF00531_1_1	XP_068722745.1_PF00531_1_1
XP_068722745.1_PF00531_1_1	XP_068722746.1_PF00531_1_1
XP_068722745.1_PF00531_1_1	XP_068706916.1_PF00531_1_1
XP_068722745.1_PF00531_1_1	XP_068706989.1_PF00531_1_1
XP_068722745.1_PF00531_1_1	XP_068707059.1_PF00531_1_1
XP_068724095.1_PF00531_1_1	XP_068724095.1_PF00531_1_1
XP_068724095.1_PF00531_1_1	XP_068684378.1_PF00531_1_1
XP_068724095.1_PF00531_1_1	XP_068684418.1_PF00531_1_1
XP_068725266.1_PF00531_1_1	XP_068725266.1_PF00531_1_1
XP_068725397.1_PF00531_1_1	XP_068725397.1_PF00531_1_1
XP_068725397.1_PF00531_1_1	XP_068725398.1_PF00531_1_1
XP_068725397.1_PF00531_1_1	XP_068725399.1_PF00531_1_1
XP_068725397.1_PF00531_1_1	XP_068725400.1_PF00531_1_1
XP_068725397.1_PF00531_1_1	XP_068725401.1_PF00531_1_1
XP_068725397.1_PF00531_1_1	XP_068725402.1_PF00531_1_1
XP_068725397.1_PF00531_1_1	XP_068725403.1_PF00531_1_1
XP_068725397.1_PF00531_1_1	XP_068725406.1_PF00531_1_1
XP_068725397.1_PF00531_1_1	XP_068725407.1_PF00531_1_1
XP_068725397.1_PF00531_1_1	XP_068687500.1_PF00531_1_1
XP_068725397.1_PF00531_1_1	XP_068688150.1_PF00531_1_1
XP_068725397.1_PF00531_1_1	XP_068688916.1_PF00531_1_1
XP_068725397.1_PF00531_1_1	XP_068689461.1_PF00531_1_1
XP_068725397.1_PF00531_1_1	XP_068689747.1_PF00531_1_1
XP_068725397.1_PF00531_1_1	XP_068689854.1_PF00531_1_1
XP_068725397.1_PF00531_1_1	XP_068690378.1_PF00531_1_1
XP_068725397.1_PF00531_1_1	XP_068690881.1_PF00531_1_1
XP_068725397.1_PF00531_1_1	XP_068691343.1_PF00531_1_1
XP_068725397.1_PF00531_1_1	XP_068691715.1_PF00531_1_1
XP_068725397.1_PF00531_1_1	XP_068691824.1_PF00531_1_1
XP_068725397.1_PF00531_1_1	XP_068691877.1_PF00531_1_1
XP_068725397.1_PF00531_1_1	XP_068691936.1_PF00531_1_1
XP_068725397.1_PF00531_1_1	XP_068691995.1_PF00531_1_1
XP_068725397.1_PF00531_1_1	XP_068692060.1_PF00531_1_1
XP_068725397.1_PF00531_1_1	XP_068692130.1_PF00531_1_1
XP_068725397.1_PF00531_1_1	XP_068692195.1_PF00531_1_1
XP_068725397.1_PF00531_1_1	XP_068692260.1_PF00531_1_1
XP_068725397.1_PF00531_1_1	XP_068707166.1_PF00531_1_1
XP_068725397.1_PF00531_1_1	XP_068707233.1_PF00531_1_1
XP_068725397.1_PF00531_1_1	XP_068707266.1_PF00531_1_1
XP_068725397.1_PF00531_1_1	XP_068707274.1_PF00531_1_1
XP_068725397.1_PF00531_1_1	XP_068707281.1_PF00531_1_1
XP_068725397.1_PF00531_1_1	XP_068707330.1_PF00531_1_1
XP_068725397.1_PF00531_1_1	XP_068707372.1_PF00531_1_1
XP_068725397.1_PF00531_1_1	XP_068707423.1_PF00531_1_1
XP_068725397.1_PF00531_1_1	XP_068707471.1_PF00531_1_1
XP_068725397.1_PF00531_1_1	XP_068707522.1_PF00531_1_1
XP_068725397.1_PF00531_1_1	XP_068707560.1_PF00531_1_1
XP_068725397.1_PF00531_1_1	XP_068707598.1_PF00531_1_1
XP_068725397.1_PF00531_1_1	XP_068707642.1_PF00531_1_1
XP_068725397.1_PF00531_1_1	XP_068707687.1_PF00531_1_1
XP_068725397.1_PF00531_1_1	XP_068707718.1_PF00531_1_1
XP_068725397.1_PF00531_1_1	XP_068707764.1_PF00531_1_1
XP_068725419.1_PF00531_1_1	XP_068725419.1_PF00531_1_1
XP_068727423.1_PF00531_1_1	XP_068727423.1_PF00531_1_1
XP_068727423.1_PF00531_1_1	XP_068727424.1_PF00531_1_1
XP_068727423.1_PF00531_1_1	XP_068676769.1_PF00531_1_1
XP_068727423.1_PF00531_1_1	XP_068676770.1_PF00531_1_1
XP_068727881.1_PF00531_1_1	XP_068727881.1_PF00531_1_1
XP_068727881.1_PF00531_1_1	XP_068676713.1_PF00531_1_1
XP_068727933.1_PF00531_1_1	XP_068727933.1_PF00531_1_1
XP_068727992.1_PF00531_1_1	XP_068727992.1_PF00531_1_1
XP_068727992.1_PF00531_1_1	XP_068728000.1_PF00531_1_1
XP_068727992.1_PF00531_1_1	XP_068695021.1_PF00531_1_1
XP_068728184.1_PF00531_1_1	XP_068728184.1_PF00531_1_1
XP_068728190.1_PF00531_1_1	XP_068728190.1_PF00531_1_1
XP_068728195.1_PF00531_1_1	XP_068728195.1_PF00531_1_1
XP_068728195.1_PF00531_1_1	XP_068739984.1_PF00531_1_1
XP_068728195.1_PF00531_1_1	XP_068695044.1_PF00531_1_1
XP_068728195.1_PF00531_1_1	XP_068695045.1_PF00531_1_1
XP_068732233.1_PF00531_1_1	XP_068732233.1_PF00531_1_1
XP_068732233.1_PF00531_1_1	XP_068732231.1_PF00531_1_1
XP_068732233.1_PF00531_1_1	XP_068732232.1_PF00531_1_1
XP_068732233.1_PF00531_1_1	XP_068732234.1_PF00531_1_1
XP_068732233.1_PF00531_1_1	XP_068686061.1_PF00531_1_1
XP_068732233.1_PF00531_1_1	XP_068686062.1_PF00531_1_1
XP_068732233.1_PF00531_1_1	XP_068686063.1_PF00531_1_1
XP_068732233.1_PF00531_1_1	XP_068686064.1_PF00531_1_1
XP_068732966.1_PF00531_1_1	XP_068732966.1_PF00531_1_1
XP_068732966.1_PF00531_1_1	XP_068732965.1_PF00531_1_1
XP_068733191.1_PF00531_1_1	XP_068733191.1_PF00531_1_1
XP_068733191.1_PF00531_1_1	XP_068733192.1_PF00531_1_1
XP_068733191.1_PF00531_1_1	XP_068733193.1_PF00531_1_1
XP_068733191.1_PF00531_1_1	XP_068733194.1_PF00531_1_1
XP_068733191.1_PF00531_1_1	XP_068733195.1_PF00531_1_1
XP_068733191.1_PF00531_1_1	XP_068733196.1_PF00531_1_1
XP_068733191.1_PF00531_1_1	XP_068685226.1_PF00531_1_1
XP_068733191.1_PF00531_1_1	XP_068685227.1_PF00531_1_1
XP_068733191.1_PF00531_1_1	XP_068685228.1_PF00531_1_1
XP_068733322.1_PF00531_1_1	XP_068733322.1_PF00531_1_1
XP_068734582.1_PF00531_1_1	XP_068734582.1_PF00531_1_1
XP_068734774.1_PF00531_1_1	XP_068734774.1_PF00531_1_1
XP_068734774.1_PF00531_1_1	XP_068734881.1_PF00531_1_1
XP_068734774.1_PF00531_1_1	XP_068695809.1_PF00531_1_1
XP_068734802.1_PF00531_1_1	XP_068734802.1_PF00531_1_1
XP_068734802.1_PF00531_1_1	XP_068693038.1_PF00531_1_1
XP_068734802.1_PF00531_1_1	XP_068695869.1_PF00531_1_1
XP_068734870.1_PF00531_1_1	XP_068734870.1_PF00531_1_1
XP_068734870.1_PF00531_1_1	XP_068734863.1_PF00531_1_1
XP_068735888.1_PF00531_1_1	XP_068735888.1_PF00531_1_1
XP_068735888.1_PF00531_1_1	XP_068735890.1_PF00531_1_1
XP_068735888.1_PF00531_1_1	XP_068735891.1_PF00531_1_1
XP_068735888.1_PF00531_1_1	XP_068735892.1_PF00531_1_1
XP_068735888.1_PF00531_1_1	XP_068735893.1_PF00531_1_1
XP_068735888.1_PF00531_1_1	XP_068735894.1_PF00531_1_1
XP_068735888.1_PF00531_1_1	XP_068735895.1_PF00531_1_1
XP_068736777.1_PF00531_1_1	XP_068736777.1_PF00531_1_1
XP_068736777.1_PF00531_1_1	XP_068736797.1_PF00531_1_1
XP_068736777.1_PF00531_1_1	XP_068736798.1_PF00531_1_1
XP_068736777.1_PF00531_1_1	XP_068705850.1_PF00531_1_1
XP_068736777.1_PF00531_1_1	XP_068705851.1_PF00531_1_1
XP_068736777.1_PF00531_1_1	XP_068705852.1_PF00531_1_1
XP_068736777.1_PF00531_1_1	XP_068705853.1_PF00531_1_1
XP_068736778.1_PF00531_1_1	XP_068736778.1_PF00531_1_1
XP_068736778.1_PF00531_1_1	XP_068736779.1_PF00531_1_1
XP_068736778.1_PF00531_1_1	XP_068705848.1_PF00531_1_1
XP_068736778.1_PF00531_1_1	XP_068705849.1_PF00531_1_1
XP_068736781.1_PF00531_1_1	XP_068736781.1_PF00531_1_1
XP_068736781.1_PF00531_1_1	XP_068736782.1_PF00531_1_1
XP_068736781.1_PF00531_1_1	XP_068705842.1_PF00531_1_1
XP_068736784.1_PF00531_1_1	XP_068736784.1_PF00531_1_1
XP_068736784.1_PF00531_1_1	XP_068736785.1_PF00531_1_1
XP_068736784.1_PF00531_1_1	XP_068705811.1_PF00531_1_1
XP_068736784.1_PF00531_1_1	XP_068705837.1_PF00531_1_1
XP_032235104.2_PF00531_1_1	XP_032235104.2_PF00531_1_1
XP_032235104.2_PF00531_1_1	XP_032235104.1_PF00531_1_1
XP_048575655.1_PF00531_1_1	XP_048575655.1_PF00531_1_1
XP_048575655.1_PF00531_1_1	XP_032226394.1_PF00531_1_1
XP_048577273.1_PF00531_1_1	XP_048577273.1_PF00531_1_1
XP_048577273.1_PF00531_1_1	XP_032232481.1_PF00531_1_1
XP_048577273.1_PF00531_1_1	XP_048577266.1_PF00531_1_1
XP_048577273.1_PF00531_1_1	XP_048577267.1_PF00531_1_1
XP_048577273.1_PF00531_1_1	XP_048577268.1_PF00531_1_1
XP_048577273.1_PF00531_1_1	XP_048577270.1_PF00531_1_1
XP_048577273.1_PF00531_1_1	XP_048577715.1_PF00531_1_1
XP_048577273.1_PF00531_1_1	XP_048577716.1_PF00531_1_1
XP_048578792.1_PF00531_1_1	XP_048578792.1_PF00531_1_1
XP_048578792.1_PF00531_1_1	XP_032224621.1_PF00531_1_1
XP_048578792.1_PF00531_1_1	XP_032225076.1_PF00531_1_1
XP_048578792.1_PF00531_1_1	XP_032231343.1_PF00531_1_1
XP_048578792.1_PF00531_1_1	XP_048578793.1_PF00531_1_1
XP_048578792.1_PF00531_1_1	XP_048578794.1_PF00531_1_1
XP_048579571.1_PF00531_1_1	XP_048579571.1_PF00531_1_1
XP_048579571.1_PF00531_1_1	XP_001635901.1_PF00531_1_1
XP_048580644.1_PF00531_1_1	XP_048580644.1_PF00531_1_1
XP_048580644.1_PF00531_1_1	XP_032234174.1_PF00531_1_1
XP_048587364.1_PF00531_1_1	XP_048587364.1_PF00531_1_1
XP_048587364.1_PF00531_1_1	XP_032230406.1_PF00531_1_1
XP_048590327.1_PF00531_1_1	XP_048590327.1_PF00531_1_1
XP_048590327.1_PF00531_1_1	XP_032229980.1_PF00531_1_1
XP_073228553.1_PF00531_1_1	XP_073228553.1_PF00531_1_1
XP_073228553.1_PF00531_1_1	CAH3162589.1_PF00531_1_1
XP_073228555.1_PF00531_1_1	XP_073228555.1_PF00531_1_1
XP_073228555.1_PF00531_1_1	CAH3170142.1_PF00531_1_1
XP_073228555.1_PF00531_1_1	CAH3170146.1_PF00531_1_1
XP_073230730.1_PF00531_1_1	XP_073230730.1_PF00531_1_1
XP_073231699.1_PF00531_1_1	XP_073231699.1_PF00531_1_1
XP_073232141.1_PF00531_1_1	XP_073232141.1_PF00531_1_1
XP_073232141.1_PF00531_1_1	CAH3014726.1_PF00531_1_1
XP_073232141.1_PF00531_1_1	CAH3045538.1_PF00531_1_1
XP_073232572.1_PF00531_1_1	XP_073232572.1_PF00531_1_1
XP_073233068.1_PF00531_1_1	XP_073233068.1_PF00531_1_1
XP_073233068.1_PF00531_1_1	CAH3182384.1_PF00531_1_1
XP_073233068.1_PF00531_1_1	CAH3133705.1_PF00531_1_1
XP_073233068.1_PF00531_1_1	CAH3133715.1_PF00531_1_1
XP_073233068.1_PF00531_1_1	XP_073233056.1_PF00531_1_1
XP_073233524.1_PF00531_1_1	XP_073233524.1_PF00531_1_1
XP_073233524.1_PF00531_1_1	CAH3152435.1_PF00531_1_1
XP_073233638.1_PF00531_1_1	XP_073233638.1_PF00531_1_1
XP_073233638.1_PF00531_1_1	XP_073233639.1_PF00531_1_1
XP_073233638.1_PF00531_1_1	XP_073233640.1_PF00531_1_1
XP_073233642.1_PF00531_1_1	XP_073233642.1_PF00531_1_1
XP_073233642.1_PF00531_1_1	XP_073233641.1_PF00531_1_1
XP_073233646.1_PF00531_1_1	XP_073233646.1_PF00531_1_1
XP_073233646.1_PF00531_1_1	CAH3178442.1_PF00531_1_1
XP_073233648.1_PF00531_1_1	XP_073233648.1_PF00531_1_1
XP_073233648.1_PF00531_1_1	CAH3133677.1_PF00531_1_1
XP_073233648.1_PF00531_1_1	XP_073233647.1_PF00531_1_1
XP_073234721.1_PF00531_1_1	XP_073234721.1_PF00531_1_1
XP_073234721.1_PF00531_1_1	CAH3014807.1_PF00531_1_1
XP_073234721.1_PF00531_1_1	CAH3045218.1_PF00531_1_1
XP_073234721.1_PF00531_1_1	XP_073234719.1_PF00531_1_1
XP_073234722.1_PF00531_1_1	XP_073234722.1_PF00531_1_1
XP_073234722.1_PF00531_1_1	CAH3014810.1_PF00531_1_1
XP_073234722.1_PF00531_1_1	XP_073234723.1_PF00531_1_1
XP_073234722.1_PF00531_1_1	XP_073234724.1_PF00531_1_1
XP_073234722.1_PF00531_1_1	XP_073234725.1_PF00531_1_1
XP_073234722.1_PF00531_1_1	XP_073234726.1_PF00531_1_1
KAJ7318903.1_PF00531_1_1	KAJ7318903.1_PF00531_1_1
KAJ7326127.1_PF00531_1_1	KAJ7326127.1_PF00531_1_1
KAJ7326127.1_PF00531_1_1	KAJ7380271.1_PF00531_1_1
KAJ7326133.1_PF00531_1_1	KAJ7326133.1_PF00531_1_1
KAJ7327373.1_PF00531_1_1	KAJ7327373.1_PF00531_1_1
KAJ7339409.1_PF00531_1_1	KAJ7339409.1_PF00531_1_1
KAJ7339414.1_PF00531_1_1	KAJ7339414.1_PF00531_1_1
KAJ7339417.1_PF00531_1_1	KAJ7339417.1_PF00531_1_1
KAJ7339475.1_PF00531_1_1	KAJ7339475.1_PF00531_1_1
KAJ7339480.1_PF00531_1_1	KAJ7339480.1_PF00531_1_1
KAJ7340231.1_PF00531_1_1	KAJ7340231.1_PF00531_1_1
KAJ7349508.1_PF00531_1_1	KAJ7349508.1_PF00531_1_1
KAJ7351901.1_PF00531_1_1	KAJ7351901.1_PF00531_1_1
KAJ7355028.1_PF00531_1_1	KAJ7355028.1_PF00531_1_1
KAJ7360228.1_PF00531_1_1	KAJ7360228.1_PF00531_1_1
KAJ7360232.1_PF00531_1_1	KAJ7360232.1_PF00531_1_1
KAJ7360232.1_PF00531_1_1	KAJ7360209.1_PF00531_1_1
KAJ7360232.1_PF00531_1_1	KAJ7360233.1_PF00531_1_1
KAJ7360236.1_PF00531_1_1	KAJ7360236.1_PF00531_1_1
KAJ7361869.1_PF00531_1_1	KAJ7361869.1_PF00531_1_1
KAJ7363111.1_PF00531_1_1	KAJ7363111.1_PF00531_1_1
KAJ7363114.1_PF00531_1_1	KAJ7363114.1_PF00531_1_1
KAJ7363120.1_PF00531_1_1	KAJ7363120.1_PF00531_1_1
KAJ7363124.1_PF00531_1_1	KAJ7363124.1_PF00531_1_1
KAJ7363162.1_PF00531_1_1	KAJ7363162.1_PF00531_1_1
KAJ7363448.1_PF00531_1_1	KAJ7363448.1_PF00531_1_1
KAJ7363687.1_PF00531_1_1	KAJ7363687.1_PF00531_1_1
KAJ7369728.1_PF00531_1_1	KAJ7369728.1_PF00531_1_1
KAJ7369981.1_PF00531_1_1	KAJ7369981.1_PF00531_1_1
KAJ7370042.1_PF00531_1_1	KAJ7370042.1_PF00531_1_1
KAJ7370327.1_PF00531_1_1	KAJ7370327.1_PF00531_1_1
KAJ7371305.1_PF00531_1_1	KAJ7371305.1_PF00531_1_1
KAJ7371306.1_PF00531_1_1	KAJ7371306.1_PF00531_1_1
KAJ7371314.1_PF00531_1_1	KAJ7371314.1_PF00531_1_1
KAJ7371900.1_PF00531_1_1	KAJ7371900.1_PF00531_1_1
KAJ7371910.1_PF00531_1_1	KAJ7371910.1_PF00531_1_1
KAJ7372605.1_PF00531_1_1	KAJ7372605.1_PF00531_1_1
KAJ7375320.1_PF00531_1_1	KAJ7375320.1_PF00531_1_1
KAJ7375320.1_PF00531_1_1	KAJ7375431.1_PF00531_1_1
KAJ7375320.1_PF00531_1_1	KAJ7375436.1_PF00531_1_1
KAJ7375910.1_PF00531_1_1	KAJ7375910.1_PF00531_1_1
KAJ7377789.1_PF00531_1_1	KAJ7377789.1_PF00531_1_1
KAJ7378157.1_PF00531_1_1	KAJ7378157.1_PF00531_1_1
KAJ7380272.1_PF00531_1_1	KAJ7380272.1_PF00531_1_1
KAJ7380341.1_PF00531_1_1	KAJ7380341.1_PF00531_1_1
KAJ7380902.1_PF00531_1_1	KAJ7380902.1_PF00531_1_1
KAJ7381197.1_PF00531_1_1	KAJ7381197.1_PF00531_1_1
KAJ7382090.1_PF00531_1_1	KAJ7382090.1_PF00531_1_1
KAJ7383099.1_PF00531_1_1	KAJ7383099.1_PF00531_1_1
KAJ7383149.1_PF00531_1_1	KAJ7383149.1_PF00531_1_1
KAJ7383312.1_PF00531_1_1	KAJ7383312.1_PF00531_1_1
KAJ7383348.1_PF00531_1_1	KAJ7383348.1_PF00531_1_1
KAJ7383420.1_PF00531_1_1	KAJ7383420.1_PF00531_1_1
KAJ7383813.1_PF00531_1_1	KAJ7383813.1_PF00531_1_1
KAJ7388303.1_PF00531_1_1	KAJ7388303.1_PF00531_1_1
KAJ7388344.1_PF00531_1_1	KAJ7388344.1_PF00531_1_1
KAJ7388407.1_PF00531_1_1	KAJ7388407.1_PF00531_1_1
KAJ7389463.1_PF00531_1_1	KAJ7389463.1_PF00531_1_1
KAJ7389463.1_PF00531_1_1	KAJ7348739.1_PF00531_1_1
KAJ7389463.1_PF00531_1_1	KAJ7360206.1_PF00531_1_1
KAJ7390627.1_PF00531_1_1	KAJ7390627.1_PF00531_1_1
KAJ7390799.1_PF00531_1_1	KAJ7390799.1_PF00531_1_1
KAJ7391055.1_PF00531_1_1	KAJ7391055.1_PF00531_1_1
KAJ7391055.1_PF00531_1_1	KAJ7391058.1_PF00531_1_1
KAJ7392171.1_PF00531_1_1	KAJ7392171.1_PF00531_1_1
KAJ7393224.1_PF00531_1_1	KAJ7393224.1_PF00531_1_1
KAJ7393451.1_PF00531_1_1	KAJ7393451.1_PF00531_1_1
KAJ7393455.1_PF00531_1_1	KAJ7393455.1_PF00531_1_1
KAJ7393840.1_PF00531_1_1	KAJ7393840.1_PF00531_1_1
KAK2547300.1_PF00531_1_1	KAK2547300.1_PF00531_1_1
KAK2547300.1_PF00531_1_1	XP_015769700.1_PF00531_1_1
KAK2547300.1_PF00531_1_1	XP_015769701.1_PF00531_1_1
KAK2547300.1_PF00531_1_1	XP_044167137.1_PF00531_1_1
KAK2547300.1_PF00531_1_1	XP_067054629.1_PF00531_1_1
KAK2548949.1_PF00531_1_1	KAK2548949.1_PF00531_1_1
KAK2548949.1_PF00531_1_1	XP_015751644.1_PF00531_1_1
KAK2548949.1_PF00531_1_1	XP_029205625.1_PF00531_1_1
KAK2548949.1_PF00531_1_1	XP_029205625.2_PF00531_1_1
KAK2548949.1_PF00531_1_1	XP_067047505.1_PF00531_1_1
KAK2549955.1_PF00531_1_1	KAK2549955.1_PF00531_1_1
KAK2550947.1_PF00531_1_1	KAK2550947.1_PF00531_1_1
KAK2550947.1_PF00531_1_1	XP_015760455.1_PF00531_1_1
KAK2551608.1_PF00531_1_1	KAK2551608.1_PF00531_1_1
KAK2551966.1_PF00531_1_1	KAK2551966.1_PF00531_1_1
KAK2552295.1_PF00531_1_1	KAK2552295.1_PF00531_1_1
KAK2553273.1_PF00531_1_1	KAK2553273.1_PF00531_1_1
KAK2553273.1_PF00531_1_1	KAK2553272.1_PF00531_1_1
KAK2555542.1_PF00531_1_1	KAK2555542.1_PF00531_1_1
KAK2557895.1_PF00531_1_1	KAK2557895.1_PF00531_1_1
KAK2557895.1_PF00531_1_1	XP_015753064.1_PF00531_1_1
KAK2557895.1_PF00531_1_1	XP_015778115.1_PF00531_1_1
KAK2557895.1_PF00531_1_1	XP_015778116.1_PF00531_1_1
KAK2557895.1_PF00531_1_1	XP_015778117.1_PF00531_1_1
KAK2557895.1_PF00531_1_1	XP_015778118.1_PF00531_1_1
KAK2557895.1_PF00531_1_1	XP_015778119.1_PF00531_1_1
KAK2557895.1_PF00531_1_1	XP_015778120.1_PF00531_1_1
KAK2557895.1_PF00531_1_1	XP_015778121.1_PF00531_1_1
KAK2557895.1_PF00531_1_1	XP_015778122.1_PF00531_1_1
KAK2557895.1_PF00531_1_1	XP_015778123.1_PF00531_1_1
KAK2557895.1_PF00531_1_1	XP_015778124.1_PF00531_1_1
KAK2557895.1_PF00531_1_1	XP_015778126.1_PF00531_1_1
KAK2557895.1_PF00531_1_1	XP_015778129.1_PF00531_1_1
KAK2557895.1_PF00531_1_1	XP_044165162.1_PF00531_1_1
KAK2557895.1_PF00531_1_1	XP_044169489.1_PF00531_1_1
KAK2557895.1_PF00531_1_1	XP_044171469.1_PF00531_1_1
KAK2557895.1_PF00531_1_1	XP_044171472.1_PF00531_1_1
KAK2557895.1_PF00531_1_1	XP_044171475.1_PF00531_1_1
KAK2557895.1_PF00531_1_1	XP_044183883.1_PF00531_1_1
KAK2557895.1_PF00531_1_1	XP_067017790.1_PF00531_1_1
KAK2557895.1_PF00531_1_1	XP_067018267.1_PF00531_1_1
KAK2557895.1_PF00531_1_1	XP_067018269.1_PF00531_1_1
KAK2557895.1_PF00531_1_1	XP_067018270.1_PF00531_1_1
KAK2557895.1_PF00531_1_1	XP_067018271.1_PF00531_1_1
KAK2557895.1_PF00531_1_1	XP_067018272.1_PF00531_1_1
KAK2557895.1_PF00531_1_1	XP_067018273.1_PF00531_1_1
KAK2557895.1_PF00531_1_1	XP_067018302.1_PF00531_1_1
KAK2557895.1_PF00531_1_1	XP_067018667.1_PF00531_1_1
KAK2560109.1_PF00531_1_1	KAK2560109.1_PF00531_1_1
KAK2560109.1_PF00531_1_1	KAK2560112.1_PF00531_1_1
KAK2560109.1_PF00531_1_1	XP_015766079.1_PF00531_1_1
KAK2560109.1_PF00531_1_1	XP_029194751.1_PF00531_1_1
KAK2560109.1_PF00531_1_1	XP_029194751.2_PF00531_1_1
KAK2560109.1_PF00531_1_1	XP_044170021.1_PF00531_1_1
KAK2560109.1_PF00531_1_1	XP_067047116.1_PF00531_1_1
KAK2560109.1_PF00531_1_1	XP_044170022.1_PF00531_1_1
KAK2560109.1_PF00531_1_1	XP_029194753.2_PF00531_1_1
KAK2560326.1_PF00531_1_1	KAK2560326.1_PF00531_1_1
KAK2560551.1_PF00531_1_1	KAK2560551.1_PF00531_1_1
KAK2560551.1_PF00531_1_1	XP_015769422.1_PF00531_1_1
KAK2560551.1_PF00531_1_1	XP_015769423.1_PF00531_1_1
KAK2560551.1_PF00531_1_1	XP_015769424.1_PF00531_1_1
KAK2560551.1_PF00531_1_1	XP_029197695.1_PF00531_1_1
KAK2560551.1_PF00531_1_1	XP_029197696.1_PF00531_1_1
KAK2560551.1_PF00531_1_1	XP_029197697.1_PF00531_1_1
KAK2560551.1_PF00531_1_1	XP_067039327.1_PF00531_1_1
KAK2561718.1_PF00531_1_1	KAK2561718.1_PF00531_1_1
KAK2561718.1_PF00531_1_1	XP_015768525.1_PF00531_1_1
KAK2561718.1_PF00531_1_1	XP_015768526.1_PF00531_1_1
KAK2561718.1_PF00531_1_1	XP_015768527.1_PF00531_1_1
KAK2561718.1_PF00531_1_1	XP_029205354.1_PF00531_1_1
KAK2561718.1_PF00531_1_1	XP_029205355.1_PF00531_1_1
KAK2561718.1_PF00531_1_1	XP_029205356.1_PF00531_1_1
KAK2561718.1_PF00531_1_1	XP_029205354.2_PF00531_1_1
KAK2561718.1_PF00531_1_1	XP_029205355.2_PF00531_1_1
KAK2561718.1_PF00531_1_1	XP_044163673.1_PF00531_1_1
KAK2561718.1_PF00531_1_1	XP_067025521.1_PF00531_1_1
KAK2561718.1_PF00531_1_1	XP_067025528.1_PF00531_1_1
KAK2561718.1_PF00531_1_1	XP_067025535.1_PF00531_1_1
KAK2561718.1_PF00531_1_1	XP_067025542.1_PF00531_1_1
CAB4043088.1_PF00531_1_1	CAB4043088.1_PF00531_1_1
CAB4043519.1_PF00531_1_1	CAB4043519.1_PF00531_1_1
CAB4044838.1_PF00531_1_1	CAB4044838.1_PF00531_1_1
CAB4045187.1_PF00531_1_1	CAB4045187.1_PF00531_1_1
CAB4045655.1_PF00531_1_1	CAB4045655.1_PF00531_1_1
CAB4045655.1_PF00531_1_1	CAB4019455.1_PF00531_1_1
CAB4045655.1_PF00531_1_1	CAB4019456.1_PF00531_1_1
CAB4045655.1_PF00531_1_1	CAB4045656.1_PF00531_1_1
CAB4045937.1_PF00531_1_1	CAB4045937.1_PF00531_1_1
CAB4045937.1_PF00531_1_1	CAB4022331.1_PF00531_1_1
CAH3014050.1_PF00531_1_1	CAH3014050.1_PF00531_1_1
CAH3014050.1_PF00531_1_1	CAH3142098.1_PF00531_1_1
CAH3014050.1_PF00531_1_1	XP_073240961.1_PF00531_1_1
CAH3014108.1_PF00531_1_1	CAH3014108.1_PF00531_1_1
CAH3014812.1_PF00531_1_1	CAH3014812.1_PF00531_1_1
CAH3014812.1_PF00531_1_1	XP_073234727.1_PF00531_1_1
CAH3014812.1_PF00531_1_1	XP_073234728.1_PF00531_1_1
CAH3014812.1_PF00531_1_1	XP_073234729.1_PF00531_1_1
CAH3015109.1_PF00531_1_1	CAH3015109.1_PF00531_1_1
CAH3015109.1_PF00531_1_1	CAH3023718.1_PF00531_1_1
CAH3015109.1_PF00531_1_1	CAH3121128.1_PF00531_1_1
CAH3015109.1_PF00531_1_1	CAH3178994.1_PF00531_1_1
CAH3015109.1_PF00531_1_1	XP_073236312.1_PF00531_1_1
CAH3015109.1_PF00531_1_1	XP_073236313.1_PF00531_1_1
CAH3015109.1_PF00531_1_1	XP_073237481.1_PF00531_1_1
CAH3016093.1_PF00531_1_1	CAH3016093.1_PF00531_1_1
CAH3016755.1_PF00531_1_1	CAH3016755.1_PF00531_1_1
CAH3017364.1_PF00531_1_1	CAH3017364.1_PF00531_1_1
CAH3017364.1_PF00531_1_1	CAH3178441.1_PF00531_1_1
CAH3017364.1_PF00531_1_1	CAH3133697.1_PF00531_1_1
CAH3017364.1_PF00531_1_1	XP_073233645.1_PF00531_1_1
CAH3017366.1_PF00531_1_1	CAH3017366.1_PF00531_1_1
CAH3017372.1_PF00531_1_1	CAH3017372.1_PF00531_1_1
CAH3017372.1_PF00531_1_1	CAH3133678.1_PF00531_1_1
CAH3017372.1_PF00531_1_1	CAH3133679.1_PF00531_1_1
CAH3017372.1_PF00531_1_1	XP_073233650.1_PF00531_1_1
CAH3017372.1_PF00531_1_1	XP_073233651.1_PF00531_1_1
CAH3017372.1_PF00531_1_1	XP_073233652.1_PF00531_1_1
CAH3017384.1_PF00531_1_1	CAH3017384.1_PF00531_1_1
CAH3017384.1_PF00531_1_1	CAH3133606.1_PF00531_1_1
CAH3017384.1_PF00531_1_1	XP_073231700.1_PF00531_1_1
CAH3017384.1_PF00531_1_1	XP_073233660.1_PF00531_1_1
CAH3017384.1_PF00531_1_1	XP_073233661.1_PF00531_1_1
CAH3018411.1_PF00531_1_1	CAH3018411.1_PF00531_1_1
CAH3018411.1_PF00531_1_1	CAH3169278.1_PF00531_1_1
CAH3018411.1_PF00531_1_1	XP_073242188.1_PF00531_1_1
CAH3020065.1_PF00531_1_1	CAH3020065.1_PF00531_1_1
CAH3020078.1_PF00531_1_1	CAH3020078.1_PF00531_1_1
CAH3020420.1_PF00531_1_1	CAH3020420.1_PF00531_1_1
CAH3020425.1_PF00531_1_1	CAH3020425.1_PF00531_1_1
CAH3022857.1_PF00531_1_1	CAH3022857.1_PF00531_1_1
CAH3023834.1_PF00531_1_1	CAH3023834.1_PF00531_1_1
CAH3023834.1_PF00531_1_1	XP_073241821.1_PF00531_1_1
CAH3023845.1_PF00531_1_1	CAH3023845.1_PF00531_1_1
CAH3024129.1_PF00531_1_1	CAH3024129.1_PF00531_1_1
CAH3024129.1_PF00531_1_1	XP_073243308.1_PF00531_1_1
CAH3024135.1_PF00531_1_1	CAH3024135.1_PF00531_1_1
CAH3024135.1_PF00531_1_1	CAH3169140.1_PF00531_1_1
CAH3024135.1_PF00531_1_1	XP_073242696.1_PF00531_1_1
CAH3024570.1_PF00531_1_1	CAH3024570.1_PF00531_1_1
CAH3024570.1_PF00531_1_1	CAH3144587.1_PF00531_1_1
CAH3024570.1_PF00531_1_1	XP_073243852.1_PF00531_1_1
CAH3025570.1_PF00531_1_1	CAH3025570.1_PF00531_1_1
CAH3026146.1_PF00531_1_1	CAH3026146.1_PF00531_1_1
CAH3026435.1_PF00531_1_1	CAH3026435.1_PF00531_1_1
CAH3026662.1_PF00531_1_1	CAH3026662.1_PF00531_1_1
CAH3027045.1_PF00531_1_1	CAH3027045.1_PF00531_1_1
CAH3027045.1_PF00531_1_1	CAH3027046.1_PF00531_1_1
CAH3027045.1_PF00531_1_1	CAH3038878.1_PF00531_1_1
CAH3027045.1_PF00531_1_1	XP_073243451.1_PF00531_1_1
CAH3027500.1_PF00531_1_1	CAH3027500.1_PF00531_1_1
CAH3027500.1_PF00531_1_1	CAH3128524.1_PF00531_1_1
CAH3027500.1_PF00531_1_1	XP_073230375.1_PF00531_1_1
CAH3027500.1_PF00531_1_1	XP_073230376.1_PF00531_1_1
CAH3027597.1_PF00531_1_1	CAH3027597.1_PF00531_1_1
CAH3027597.1_PF00531_1_1	CAH3046957.1_PF00531_1_1
CAH3027597.1_PF00531_1_1	XP_073228837.1_PF00531_1_1
CAH3027634.1_PF00531_1_1	CAH3027634.1_PF00531_1_1
CAH3027634.1_PF00531_1_1	CAH3144069.1_PF00531_1_1
CAH3027634.1_PF00531_1_1	XP_073251725.1_PF00531_1_1
CAH3027634.1_PF00531_1_1	XP_073251726.1_PF00531_1_1
CAH3027709.1_PF00531_1_1	CAH3027709.1_PF00531_1_1
CAH3027709.1_PF00531_1_1	CAH3136379.1_PF00531_1_1
CAH3027709.1_PF00531_1_1	CAH3186488.1_PF00531_1_1
CAH3027709.1_PF00531_1_1	XP_073234456.1_PF00531_1_1
CAH3028984.1_PF00531_1_1	CAH3028984.1_PF00531_1_1
CAH3028984.1_PF00531_1_1	CAH3136299.1_PF00531_1_1
CAH3028984.1_PF00531_1_1	XP_073234470.1_PF00531_1_1
CAH3028984.1_PF00531_1_1	XP_073234471.1_PF00531_1_1
CAH3029005.1_PF00531_1_1	CAH3029005.1_PF00531_1_1
CAH3030250.1_PF00531_1_1	CAH3030250.1_PF00531_1_1
CAH3030250.1_PF00531_1_1	CAH3197134.1_PF00531_1_1
CAH3030250.1_PF00531_1_1	CAH3149380.1_PF00531_1_1
CAH3030250.1_PF00531_1_1	XP_073251566.1_PF00531_1_1
CAH3030250.1_PF00531_1_1	XP_073251567.1_PF00531_1_1
CAH3030899.1_PF00531_1_1	CAH3030899.1_PF00531_1_1
CAH3030899.1_PF00531_1_1	CAH3040751.1_PF00531_1_1
CAH3030899.1_PF00531_1_1	CAH3158752.1_PF00531_1_1
CAH3030899.1_PF00531_1_1	XP_073247559.1_PF00531_1_1
CAH3030900.1_PF00531_1_1	CAH3030900.1_PF00531_1_1
CAH3033076.1_PF00531_1_1	CAH3033076.1_PF00531_1_1
CAH3140156.1_PF00531_1_1	CAH3140156.1_PF00531_1_1
CAH3140502.1_PF00531_1_1	CAH3140502.1_PF00531_1_1
CAH3143354.1_PF00531_1_1	CAH3143354.1_PF00531_1_1
CAH3144585.1_PF00531_1_1	CAH3144585.1_PF00531_1_1
CAH3144585.1_PF00531_1_1	CAH3024571.1_PF00531_1_1
CAH3144585.1_PF00531_1_1	XP_073243850.1_PF00531_1_1
CAH3144597.1_PF00531_1_1	CAH3144597.1_PF00531_1_1
CAH3151599.1_PF00531_1_1	CAH3151599.1_PF00531_1_1
CAH3151599.1_PF00531_1_1	CAH3104966.1_PF00531_1_1
CAH3151599.1_PF00531_1_1	XP_073256255.1_PF00531_1_1
CAH3151599.1_PF00531_1_1	XP_073256256.1_PF00531_1_1
CAH3151599.1_PF00531_1_1	XP_073256257.1_PF00531_1_1
CAH3152273.1_PF00531_1_1	CAH3152273.1_PF00531_1_1
CAH3153162.1_PF00531_1_1	CAH3153162.1_PF00531_1_1
CAH3154053.1_PF00531_1_1	CAH3154053.1_PF00531_1_1
CAH3154053.1_PF00531_1_1	CAH3128329.1_PF00531_1_1
CAH3154053.1_PF00531_1_1	XP_073230683.1_PF00531_1_1
CAH3162591.1_PF00531_1_1	CAH3162591.1_PF00531_1_1
CAH3163773.1_PF00531_1_1	CAH3163773.1_PF00531_1_1
CAH3163773.1_PF00531_1_1	CAH3037754.1_PF00531_1_1
CAH3163773.1_PF00531_1_1	XP_073233593.1_PF00531_1_1
CAH3168505.1_PF00531_1_1	CAH3168505.1_PF00531_1_1
CAH3168505.1_PF00531_1_1	CAH3113686.1_PF00531_1_1
CAH3178443.1_PF00531_1_1	CAH3178443.1_PF00531_1_1
CAH3178443.1_PF00531_1_1	CAH3133681.1_PF00531_1_1
CAH3178443.1_PF00531_1_1	XP_073233649.1_PF00531_1_1
CAH3178445.1_PF00531_1_1	CAH3178445.1_PF00531_1_1
CAH3179141.1_PF00531_1_1	CAH3179141.1_PF00531_1_1
CAH3179638.1_PF00531_1_1	CAH3179638.1_PF00531_1_1
CAH3179638.1_PF00531_1_1	CAH3104969.1_PF00531_1_1
CAH3179638.1_PF00531_1_1	XP_073254950.1_PF00531_1_1
CAH3179638.1_PF00531_1_1	XP_073256641.1_PF00531_1_1
CAH3179638.1_PF00531_1_1	XP_073256642.1_PF00531_1_1
CAH3179666.1_PF00531_1_1	CAH3179666.1_PF00531_1_1
CAH3180571.1_PF00531_1_1	CAH3180571.1_PF00531_1_1
CAH3180571.1_PF00531_1_1	CAH3042335.1_PF00531_1_1
CAH3180573.1_PF00531_1_1	CAH3180573.1_PF00531_1_1
CAH3180573.1_PF00531_1_1	XP_073242360.1_PF00531_1_1
CAH3180573.1_PF00531_1_1	XP_073242361.1_PF00531_1_1
CAH3183033.1_PF00531_1_1	CAH3183033.1_PF00531_1_1
CAH3183033.1_PF00531_1_1	CAH3125431.1_PF00531_1_1
CAH3183033.1_PF00531_1_1	XP_073239601.1_PF00531_1_1
CAH3183533.1_PF00531_1_1	CAH3183533.1_PF00531_1_1
CAH3183818.1_PF00531_1_1	CAH3183818.1_PF00531_1_1
CAH3186888.1_PF00531_1_1	CAH3186888.1_PF00531_1_1
CAH3186888.1_PF00531_1_1	CAH3169392.1_PF00531_1_1
CAH3186888.1_PF00531_1_1	CAH3119045.1_PF00531_1_1
CAH3186888.1_PF00531_1_1	XP_073230003.1_PF00531_1_1
XP_015755593.1_PF00531_1_1	XP_015755593.1_PF00531_1_1
XP_015755595.1_PF00531_1_1	XP_015755595.1_PF00531_1_1
XP_015755595.1_PF00531_1_1	XP_015755596.1_PF00531_1_1
XP_015755595.1_PF00531_1_1	XP_015755597.1_PF00531_1_1
XP_015755595.1_PF00531_1_1	XP_015755598.1_PF00531_1_1
XP_015755595.1_PF00531_1_1	XP_015755599.1_PF00531_1_1
XP_015755595.1_PF00531_1_1	XP_015755600.1_PF00531_1_1
XP_015755595.1_PF00531_1_1	XP_015755601.1_PF00531_1_1
XP_015755595.1_PF00531_1_1	XP_015755602.1_PF00531_1_1
XP_015755595.1_PF00531_1_1	XP_015755603.1_PF00531_1_1
XP_015755595.1_PF00531_1_1	XP_015755604.1_PF00531_1_1
XP_015755595.1_PF00531_1_1	XP_015755605.1_PF00531_1_1
XP_015755595.1_PF00531_1_1	XP_015755606.1_PF00531_1_1
XP_015755595.1_PF00531_1_1	XP_015755607.1_PF00531_1_1
XP_015755595.1_PF00531_1_1	XP_015755608.1_PF00531_1_1
XP_015755609.1_PF00531_1_1	XP_015755609.1_PF00531_1_1
XP_015755609.1_PF00531_1_1	KAK2547294.1_PF00531_1_1
XP_015756007.1_PF00531_1_1	XP_015756007.1_PF00531_1_1
XP_015756007.1_PF00531_1_1	XP_015756008.1_PF00531_1_1
XP_015756007.1_PF00531_1_1	XP_015756009.1_PF00531_1_1
XP_015756007.1_PF00531_1_1	XP_015756011.1_PF00531_1_1
XP_015756007.1_PF00531_1_1	XP_015756012.1_PF00531_1_1
XP_015757179.1_PF00531_1_1	XP_015757179.1_PF00531_1_1
XP_015757179.1_PF00531_1_1	XP_015757180.1_PF00531_1_1
XP_015757179.1_PF00531_1_1	XP_015757181.1_PF00531_1_1
XP_015757179.1_PF00531_1_1	XP_015757182.1_PF00531_1_1
XP_015757179.1_PF00531_1_1	XP_015757183.1_PF00531_1_1
XP_015757179.1_PF00531_1_1	XP_015771062.1_PF00531_1_1
XP_015757216.1_PF00531_1_1	XP_015757216.1_PF00531_1_1
XP_015757216.1_PF00531_1_1	XP_015757215.1_PF00531_1_1
XP_015757216.1_PF00531_1_1	KAK2556704.1_PF00531_1_1
XP_015757216.1_PF00531_1_1	XP_029213273.1_PF00531_1_1
XP_015757216.1_PF00531_1_1	XP_029213273.2_PF00531_1_1
XP_015759336.1_PF00531_1_1	XP_015759336.1_PF00531_1_1
XP_015760057.1_PF00531_1_1	XP_015760057.1_PF00531_1_1
XP_015760057.1_PF00531_1_1	XP_015760058.1_PF00531_1_1
XP_015760057.1_PF00531_1_1	XP_015760059.1_PF00531_1_1
XP_015760057.1_PF00531_1_1	XP_015760060.1_PF00531_1_1
XP_015760057.1_PF00531_1_1	XP_015760061.1_PF00531_1_1
XP_015760057.1_PF00531_1_1	XP_015760063.1_PF00531_1_1
XP_015760057.1_PF00531_1_1	XP_015760065.1_PF00531_1_1
XP_015760057.1_PF00531_1_1	XP_015760066.1_PF00531_1_1
XP_015760057.1_PF00531_1_1	XP_015760070.1_PF00531_1_1
XP_015760062.1_PF00531_1_1	XP_015760062.1_PF00531_1_1
XP_015761088.1_PF00531_1_1	XP_015761088.1_PF00531_1_1
XP_015762140.1_PF00531_1_1	XP_015762140.1_PF00531_1_1
XP_015762140.1_PF00531_1_1	XP_015749006.1_PF00531_1_1
XP_015762140.1_PF00531_1_1	XP_044183591.1_PF00531_1_1
XP_015762140.1_PF00531_1_1	XP_044183869.1_PF00531_1_1
XP_015762140.1_PF00531_1_1	XP_067019305.1_PF00531_1_1
XP_015763093.1_PF00531_1_1	XP_015763093.1_PF00531_1_1
XP_015763459.1_PF00531_1_1	XP_015763459.1_PF00531_1_1
XP_015763459.1_PF00531_1_1	XP_015763458.1_PF00531_1_1
XP_015763622.1_PF00531_1_1	XP_015763622.1_PF00531_1_1
XP_015763622.1_PF00531_1_1	XP_044164969.1_PF00531_1_1
XP_015763622.1_PF00531_1_1	XP_044171955.1_PF00531_1_1
XP_015764934.1_PF00531_1_1	XP_015764934.1_PF00531_1_1
XP_015764934.1_PF00531_1_1	XP_015764935.1_PF00531_1_1
XP_015764934.1_PF00531_1_1	XP_044182172.1_PF00531_1_1
XP_015764934.1_PF00531_1_1	XP_044182456.1_PF00531_1_1
XP_015767798.1_PF00531_1_1	XP_015767798.1_PF00531_1_1
XP_015767798.1_PF00531_1_1	XP_015767797.1_PF00531_1_1
XP_015767833.1_PF00531_1_1	XP_015767833.1_PF00531_1_1
XP_015767833.1_PF00531_1_1	XP_015767834.1_PF00531_1_1
XP_015767833.1_PF00531_1_1	XP_015767835.1_PF00531_1_1
XP_015767833.1_PF00531_1_1	XP_015767836.1_PF00531_1_1
XP_015767833.1_PF00531_1_1	XP_015767837.1_PF00531_1_1
XP_015767833.1_PF00531_1_1	XP_015775828.1_PF00531_1_1
XP_015767833.1_PF00531_1_1	XP_015775829.1_PF00531_1_1
XP_015767833.1_PF00531_1_1	XP_015775830.1_PF00531_1_1
XP_015767833.1_PF00531_1_1	XP_015775831.1_PF00531_1_1
XP_015767833.1_PF00531_1_1	XP_015775832.1_PF00531_1_1
XP_015767833.1_PF00531_1_1	XP_015775833.1_PF00531_1_1
XP_015768021.1_PF00531_1_1	XP_015768021.1_PF00531_1_1
XP_015768296.1_PF00531_1_1	XP_015768296.1_PF00531_1_1
XP_015768296.1_PF00531_1_1	XP_015768297.1_PF00531_1_1
XP_015768296.1_PF00531_1_1	XP_015768298.1_PF00531_1_1
XP_015768296.1_PF00531_1_1	XP_015768299.1_PF00531_1_1
XP_015768296.1_PF00531_1_1	XP_015768300.1_PF00531_1_1
XP_015768361.1_PF00531_1_1	XP_015768361.1_PF00531_1_1
XP_015768361.1_PF00531_1_1	XP_029191359.1_PF00531_1_1
XP_015768361.1_PF00531_1_1	XP_067040002.1_PF00531_1_1
XP_015768361.1_PF00531_1_1	XP_067040003.1_PF00531_1_1
XP_015768361.1_PF00531_1_1	XP_067040004.1_PF00531_1_1
XP_015768361.1_PF00531_1_1	XP_067040005.1_PF00531_1_1
XP_015768433.1_PF00531_1_1	XP_015768433.1_PF00531_1_1
XP_015768433.1_PF00531_1_1	XP_015768434.1_PF00531_1_1
XP_015768433.1_PF00531_1_1	XP_015768435.1_PF00531_1_1
XP_015768433.1_PF00531_1_1	XP_015768436.1_PF00531_1_1
XP_015768433.1_PF00531_1_1	XP_015768437.1_PF00531_1_1
XP_022790772.1_PF00531_1_1	XP_022790772.1_PF00531_1_1
XP_022790772.1_PF00531_1_1	XP_022790771.1_PF00531_1_1
XP_022791279.1_PF00531_1_1	XP_022791279.1_PF00531_1_1
XP_022791684.1_PF00531_1_1	XP_022791684.1_PF00531_1_1
XP_022791684.1_PF00531_1_1	XP_022791683.1_PF00531_1_1
XP_022791708.1_PF00531_1_1	XP_022791708.1_PF00531_1_1
XP_022791708.1_PF00531_1_1	XP_022791709.1_PF00531_1_1
XP_022791708.1_PF00531_1_1	XP_022791710.1_PF00531_1_1
XP_022791720.1_PF00531_1_1	XP_022791720.1_PF00531_1_1
XP_022791721.1_PF00531_1_1	XP_022791721.1_PF00531_1_1
XP_022791726.1_PF00531_1_1	XP_022791726.1_PF00531_1_1
XP_022791726.1_PF00531_1_1	XP_022791725.1_PF00531_1_1
XP_022791741.1_PF00531_1_1	XP_022791741.1_PF00531_1_1
XP_022791741.1_PF00531_1_1	XP_022791742.1_PF00531_1_1
XP_022791741.1_PF00531_1_1	XP_022791743.1_PF00531_1_1
XP_022791900.1_PF00531_1_1	XP_022791900.1_PF00531_1_1
XP_022791900.1_PF00531_1_1	XP_022791901.1_PF00531_1_1
XP_022791900.1_PF00531_1_1	XP_022791902.1_PF00531_1_1
XP_022791900.1_PF00531_1_1	XP_022791905.1_PF00531_1_1
XP_022791900.1_PF00531_1_1	XP_022791906.1_PF00531_1_1
XP_022791900.1_PF00531_1_1	XP_022791907.1_PF00531_1_1
XP_022792323.1_PF00531_1_1	XP_022792323.1_PF00531_1_1
XP_022792874.1_PF00531_1_1	XP_022792874.1_PF00531_1_1
XP_022792874.1_PF00531_1_1	XP_022792875.1_PF00531_1_1
XP_022792874.1_PF00531_1_1	XP_022792876.1_PF00531_1_1
XP_022792874.1_PF00531_1_1	XP_022792878.1_PF00531_1_1
XP_022792911.1_PF00531_1_1	XP_022792911.1_PF00531_1_1
XP_022792911.1_PF00531_1_1	XP_022786057.1_PF00531_1_1
XP_022792911.1_PF00531_1_1	XP_022792910.1_PF00531_1_1
XP_022792913.1_PF00531_1_1	XP_022792913.1_PF00531_1_1
XP_022792920.1_PF00531_1_1	XP_022792920.1_PF00531_1_1
XP_022793002.1_PF00531_1_1	XP_022793002.1_PF00531_1_1
XP_022793486.1_PF00531_1_1	XP_022793486.1_PF00531_1_1
XP_022794401.1_PF00531_1_1	XP_022794401.1_PF00531_1_1
XP_022794401.1_PF00531_1_1	XP_022794400.1_PF00531_1_1
XP_022794407.1_PF00531_1_1	XP_022794407.1_PF00531_1_1
XP_022794414.1_PF00531_1_1	XP_022794414.1_PF00531_1_1
XP_022794939.1_PF00531_1_1	XP_022794939.1_PF00531_1_1
XP_022795821.1_PF00531_1_1	XP_022795821.1_PF00531_1_1
XP_022797964.1_PF00531_1_1	XP_022797964.1_PF00531_1_1
XP_022797973.1_PF00531_1_1	XP_022797973.1_PF00531_1_1
XP_022798991.1_PF00531_1_1	XP_022798991.1_PF00531_1_1
XP_022799011.1_PF00531_1_1	XP_022799011.1_PF00531_1_1
XP_022799011.1_PF00531_1_1	XP_022799010.1_PF00531_1_1
XP_022799013.1_PF00531_1_1	XP_022799013.1_PF00531_1_1
XP_022799013.1_PF00531_1_1	XP_022799012.1_PF00531_1_1
XP_022799029.1_PF00531_1_1	XP_022799029.1_PF00531_1_1
XP_022799030.1_PF00531_1_1	XP_022799030.1_PF00531_1_1
XP_022799043.1_PF00531_1_1	XP_022799043.1_PF00531_1_1
XP_022799043.1_PF00531_1_1	XP_022799044.1_PF00531_1_1
XP_022799043.1_PF00531_1_1	XP_027044669.1_PF00531_1_1
XP_022799043.1_PF00531_1_1	XP_058961481.1_PF00531_1_1
XP_022799043.1_PF00531_1_1	XP_058961481.2_PF00531_1_1
XP_022799466.1_PF00531_1_1	XP_022799466.1_PF00531_1_1
XP_022799468.1_PF00531_1_1	XP_022799468.1_PF00531_1_1
XP_022799468.1_PF00531_1_1	XP_022799469.1_PF00531_1_1
XP_022799468.1_PF00531_1_1	XP_022799470.1_PF00531_1_1
XP_022799468.1_PF00531_1_1	XP_022799471.1_PF00531_1_1
XP_022799468.1_PF00531_1_1	XP_022799473.1_PF00531_1_1
XP_022799468.1_PF00531_1_1	XP_022799508.1_PF00531_1_1
XP_022799486.1_PF00531_1_1	XP_022799486.1_PF00531_1_1
XP_022799963.1_PF00531_1_1	XP_022799963.1_PF00531_1_1
XP_022800361.1_PF00531_1_1	XP_022800361.1_PF00531_1_1
XP_022800361.1_PF00531_1_1	XP_022800362.1_PF00531_1_1
XP_022800361.1_PF00531_1_1	XP_022800363.1_PF00531_1_1
XP_022800361.1_PF00531_1_1	XP_022800364.1_PF00531_1_1
XP_022800361.1_PF00531_1_1	XP_022806779.1_PF00531_1_1
XP_022800369.1_PF00531_1_1	XP_022800369.1_PF00531_1_1
XP_022800369.1_PF00531_1_1	XP_022800368.1_PF00531_1_1
XP_022802001.1_PF00531_1_1	XP_022802001.1_PF00531_1_1
XP_022802326.1_PF00531_1_1	XP_022802326.1_PF00531_1_1
XP_022802332.1_PF00531_1_1	XP_022802332.1_PF00531_1_1
XP_022802391.1_PF00531_1_1	XP_022802391.1_PF00531_1_1
XP_022802391.1_PF00531_1_1	XP_022802384.1_PF00531_1_1
XP_022802547.1_PF00531_1_1	XP_022802547.1_PF00531_1_1
XP_022802693.1_PF00531_1_1	XP_022802693.1_PF00531_1_1
XP_022802696.1_PF00531_1_1	XP_022802696.1_PF00531_1_1
XP_022802850.1_PF00531_1_1	XP_022802850.1_PF00531_1_1
XP_022802850.1_PF00531_1_1	XP_022802848.1_PF00531_1_1
XP_022802958.1_PF00531_1_1	XP_022802958.1_PF00531_1_1
XP_022803051.1_PF00531_1_1	XP_022803051.1_PF00531_1_1
XP_022803160.1_PF00531_1_1	XP_022803160.1_PF00531_1_1
XP_022803160.1_PF00531_1_1	XP_022803161.1_PF00531_1_1
XP_022803160.1_PF00531_1_1	XP_022806856.1_PF00531_1_1
XP_022803160.1_PF00531_1_1	XP_022806857.1_PF00531_1_1
XP_022804750.1_PF00531_1_1	XP_022804750.1_PF00531_1_1
XP_022804838.1_PF00531_1_1	XP_022804838.1_PF00531_1_1
XP_022805163.1_PF00531_1_1	XP_022805163.1_PF00531_1_1
XP_022805167.1_PF00531_1_1	XP_022805167.1_PF00531_1_1
XP_022805599.1_PF00531_1_1	XP_022805599.1_PF00531_1_1
XP_022806783.1_PF00531_1_1	XP_022806783.1_PF00531_1_1
XP_022806854.1_PF00531_1_1	XP_022806854.1_PF00531_1_1
XP_022806854.1_PF00531_1_1	XP_022806853.1_PF00531_1_1
XP_029213740.1_PF00531_1_1	XP_029213740.1_PF00531_1_1
XP_029213740.1_PF00531_1_1	XP_029213742.1_PF00531_1_1
XP_029213740.1_PF00531_1_1	XP_029213740.2_PF00531_1_1
XP_029213740.1_PF00531_1_1	XP_029213742.2_PF00531_1_1
XP_028390618.1_PF00531_1_1	XP_028390618.1_PF00531_1_1
XP_028390618.1_PF00531_1_1	XP_028390619.1_PF00531_1_1
XP_028390618.1_PF00531_1_1	XP_028390620.1_PF00531_1_1
XP_028390760.1_PF00531_1_1	XP_028390760.1_PF00531_1_1
XP_028391233.1_PF00531_1_1	XP_028391233.1_PF00531_1_1
XP_028391233.1_PF00531_1_1	XP_028391225.1_PF00531_1_1
XP_028392645.1_PF00531_1_1	XP_028392645.1_PF00531_1_1
XP_028393150.1_PF00531_1_1	XP_028393150.1_PF00531_1_1
XP_028393278.1_PF00531_1_1	XP_028393278.1_PF00531_1_1
XP_028393501.1_PF00531_1_1	XP_028393501.1_PF00531_1_1
XP_028393663.1_PF00531_1_1	XP_028393663.1_PF00531_1_1
XP_028394863.1_PF00531_1_1	XP_028394863.1_PF00531_1_1
XP_028395283.1_PF00531_1_1	XP_028395283.1_PF00531_1_1
XP_028397851.1_PF00531_1_1	XP_028397851.1_PF00531_1_1
XP_028399835.1_PF00531_1_1	XP_028399835.1_PF00531_1_1
XP_028399835.1_PF00531_1_1	CAB4027802.1_PF00531_1_1
XP_028399835.1_PF00531_1_1	XP_028399837.1_PF00531_1_1
XP_028399862.1_PF00531_1_1	XP_028399862.1_PF00531_1_1
XP_028402748.1_PF00531_1_1	XP_028402748.1_PF00531_1_1
XP_028402748.1_PF00531_1_1	CAB3991778.1_PF00531_1_1
XP_028404321.1_PF00531_1_1	XP_028404321.1_PF00531_1_1
XP_028404321.1_PF00531_1_1	XP_028404322.1_PF00531_1_1
XP_028404321.1_PF00531_1_1	XP_028404324.1_PF00531_1_1
XP_028405064.1_PF00531_1_1	XP_028405064.1_PF00531_1_1
XP_028405136.1_PF00531_1_1	XP_028405136.1_PF00531_1_1
XP_028405154.1_PF00531_1_1	XP_028405154.1_PF00531_1_1
XP_028405335.1_PF00531_1_1	XP_028405335.1_PF00531_1_1
XP_028405339.1_PF00531_1_1	XP_028405339.1_PF00531_1_1
XP_028407461.1_PF00531_1_1	XP_028407461.1_PF00531_1_1
XP_028409369.1_PF00531_1_1	XP_028409369.1_PF00531_1_1
XP_028409369.1_PF00531_1_1	XP_028409370.1_PF00531_1_1
XP_028409369.1_PF00531_1_1	XP_028409371.1_PF00531_1_1
XP_028409369.1_PF00531_1_1	XP_028409372.1_PF00531_1_1
XP_028409369.1_PF00531_1_1	XP_028418190.1_PF00531_1_1
XP_028409369.1_PF00531_1_1	XP_028418191.1_PF00531_1_1
XP_028409369.1_PF00531_1_1	XP_028418192.1_PF00531_1_1
XP_028410105.1_PF00531_1_1	XP_028410105.1_PF00531_1_1
XP_028410107.1_PF00531_1_1	XP_028410107.1_PF00531_1_1
XP_028410107.1_PF00531_1_1	XP_028410108.1_PF00531_1_1
XP_028410107.1_PF00531_1_1	XP_028410109.1_PF00531_1_1
XP_028410107.1_PF00531_1_1	XP_028410110.1_PF00531_1_1
XP_028410140.1_PF00531_1_1	XP_028410140.1_PF00531_1_1
XP_028410140.1_PF00531_1_1	XP_028410141.1_PF00531_1_1
XP_028410140.1_PF00531_1_1	XP_028410142.1_PF00531_1_1
XP_028410348.1_PF00531_1_1	XP_028410348.1_PF00531_1_1
XP_028410351.1_PF00531_1_1	XP_028410351.1_PF00531_1_1
XP_028410651.1_PF00531_1_1	XP_028410651.1_PF00531_1_1
XP_028410651.1_PF00531_1_1	XP_028410652.1_PF00531_1_1
XP_028410927.1_PF00531_1_1	XP_028410927.1_PF00531_1_1
XP_028411008.1_PF00531_1_1	XP_028411008.1_PF00531_1_1
XP_028411870.1_PF00531_1_1	XP_028411870.1_PF00531_1_1
XP_028414761.1_PF00531_1_1	XP_028414761.1_PF00531_1_1
XP_028414762.1_PF00531_1_1	XP_028414762.1_PF00531_1_1
XP_028414783.1_PF00531_1_1	XP_028414783.1_PF00531_1_1
XP_028414783.1_PF00531_1_1	XP_028414784.1_PF00531_1_1
XP_028415901.1_PF00531_1_1	XP_028415901.1_PF00531_1_1
XP_028415901.1_PF00531_1_1	XP_028415902.1_PF00531_1_1
XP_028415901.1_PF00531_1_1	XP_028415904.1_PF00531_1_1
XP_028415901.1_PF00531_1_1	XP_028415905.1_PF00531_1_1
XP_028416625.1_PF00531_1_1	XP_028416625.1_PF00531_1_1
XP_028416625.1_PF00531_1_1	XP_028415846.1_PF00531_1_1
XP_031549033.1_PF00531_1_1	XP_031549033.1_PF00531_1_1
XP_031549033.1_PF00531_1_1	XP_031549034.1_PF00531_1_1
XP_031549033.1_PF00531_1_1	XP_031549035.1_PF00531_1_1
XP_031549970.1_PF00531_1_1	XP_031549970.1_PF00531_1_1
XP_031549970.1_PF00531_1_1	XP_031549968.1_PF00531_1_1
XP_031550219.1_PF00531_1_1	XP_031550219.1_PF00531_1_1
XP_031550225.1_PF00531_1_1	XP_031550225.1_PF00531_1_1
XP_031550225.1_PF00531_1_1	XP_031550232.1_PF00531_1_1
XP_031550225.1_PF00531_1_1	XP_031550241.1_PF00531_1_1
XP_031550260.1_PF00531_1_1	XP_031550260.1_PF00531_1_1
XP_031550260.1_PF00531_1_1	XP_031550251.1_PF00531_1_1
XP_031551198.1_PF00531_1_1	XP_031551198.1_PF00531_1_1
XP_031551272.1_PF00531_1_1	XP_031551272.1_PF00531_1_1
XP_031551272.1_PF00531_1_1	XP_031567560.1_PF00531_1_1
XP_031551272.1_PF00531_1_1	XP_031567572.1_PF00531_1_1
XP_031553377.1_PF00531_1_1	XP_031553377.1_PF00531_1_1
XP_031554067.1_PF00531_1_1	XP_031554067.1_PF00531_1_1
XP_031554067.1_PF00531_1_1	XP_031554068.1_PF00531_1_1
XP_031554067.1_PF00531_1_1	XP_031554069.1_PF00531_1_1
XP_031554067.1_PF00531_1_1	XP_031554070.1_PF00531_1_1
XP_031554678.1_PF00531_1_1	XP_031554678.1_PF00531_1_1
XP_031555049.1_PF00531_1_1	XP_031555049.1_PF00531_1_1
XP_031555063.1_PF00531_1_1	XP_031555063.1_PF00531_1_1
XP_031555288.1_PF00531_1_1	XP_031555288.1_PF00531_1_1
XP_031555423.1_PF00531_1_1	XP_031555423.1_PF00531_1_1
XP_031555728.1_PF00531_1_1	XP_031555728.1_PF00531_1_1
XP_031555731.1_PF00531_1_1	XP_031555731.1_PF00531_1_1
XP_031556429.1_PF00531_1_1	XP_031556429.1_PF00531_1_1
XP_031556431.1_PF00531_1_1	XP_031556431.1_PF00531_1_1
XP_031556682.1_PF00531_1_1	XP_031556682.1_PF00531_1_1
XP_031556682.1_PF00531_1_1	XP_031556681.1_PF00531_1_1
XP_031556866.1_PF00531_1_1	XP_031556866.1_PF00531_1_1
XP_031556866.1_PF00531_1_1	XP_031556874.1_PF00531_1_1
XP_031556866.1_PF00531_1_1	XP_031556881.1_PF00531_1_1
XP_031556866.1_PF00531_1_1	XP_031556888.1_PF00531_1_1
XP_031557029.1_PF00531_1_1	XP_031557029.1_PF00531_1_1
XP_031557036.1_PF00531_1_1	XP_031557036.1_PF00531_1_1
XP_031557036.1_PF00531_1_1	XP_031557037.1_PF00531_1_1
XP_031557036.1_PF00531_1_1	XP_031557038.1_PF00531_1_1
XP_031557036.1_PF00531_1_1	XP_031557039.1_PF00531_1_1
XP_058953350.1_PF00531_1_1	XP_058953350.1_PF00531_1_1
XP_058953350.1_PF00531_1_1	CAH3129793.1_PF00531_1_1
XP_058953350.1_PF00531_1_1	XP_058953350.2_PF00531_1_1
XP_058953423.1_PF00531_1_1	XP_058953423.1_PF00531_1_1
XP_058953423.1_PF00531_1_1	CAH3131002.1_PF00531_1_1
XP_058953423.1_PF00531_1_1	XP_066029129.1_PF00531_1_1
XP_058953423.1_PF00531_1_1	XP_066029130.1_PF00531_1_1
XP_058953423.1_PF00531_1_1	XP_066029131.1_PF00531_1_1
XP_058953423.1_PF00531_1_1	XP_066029478.1_PF00531_1_1
XP_058953676.1_PF00531_1_1	XP_058953676.1_PF00531_1_1
XP_058953722.1_PF00531_1_1	XP_058953722.1_PF00531_1_1
XP_058953722.1_PF00531_1_1	CAH3147684.1_PF00531_1_1
XP_058956659.1_PF00531_1_1	XP_058956659.1_PF00531_1_1
XP_058956685.1_PF00531_1_1	XP_058956685.1_PF00531_1_1
XP_058957183.1_PF00531_1_1	XP_058957183.1_PF00531_1_1
XP_058957183.1_PF00531_1_1	XP_027057984.1_PF00531_1_1
XP_058957183.1_PF00531_1_1	XP_058957186.1_PF00531_1_1
XP_058957183.1_PF00531_1_1	XP_058957183.2_PF00531_1_1
XP_058957839.1_PF00531_1_1	XP_058957839.1_PF00531_1_1
XP_058957839.1_PF00531_1_1	XP_027045778.1_PF00531_1_1
XP_058958950.1_PF00531_1_1	XP_058958950.1_PF00531_1_1
XP_058958950.1_PF00531_1_1	CAH3105739.1_PF00531_1_1
XP_058958950.1_PF00531_1_1	XP_058958951.1_PF00531_1_1
XP_058958950.1_PF00531_1_1	XP_058958952.1_PF00531_1_1
XP_058960278.1_PF00531_1_1	XP_058960278.1_PF00531_1_1
XP_058960282.1_PF00531_1_1	XP_058960282.1_PF00531_1_1
XP_058960470.1_PF00531_1_1	XP_058960470.1_PF00531_1_1
XP_058960470.1_PF00531_1_1	XP_027050444.1_PF00531_1_1
XP_058960481.1_PF00531_1_1	XP_058960481.1_PF00531_1_1
XP_058960481.1_PF00531_1_1	CAH3041131.1_PF00531_1_1
XP_058960481.1_PF00531_1_1	XP_058960482.1_PF00531_1_1
XP_058960481.1_PF00531_1_1	XP_058960483.1_PF00531_1_1
XP_058960481.1_PF00531_1_1	XP_058960481.2_PF00531_1_1
XP_058960481.1_PF00531_1_1	XP_058960482.2_PF00531_1_1
XP_058960481.1_PF00531_1_1	XP_058960483.2_PF00531_1_1
XP_058960609.1_PF00531_1_1	XP_058960609.1_PF00531_1_1
XP_058961168.1_PF00531_1_1	XP_058961168.1_PF00531_1_1
XP_058961168.1_PF00531_1_1	XP_058961169.1_PF00531_1_1
XP_058961168.1_PF00531_1_1	XP_058961170.1_PF00531_1_1
XP_058961492.1_PF00531_1_1	XP_058961492.1_PF00531_1_1
XP_058961493.1_PF00531_1_1	XP_058961493.1_PF00531_1_1
XP_058963273.1_PF00531_1_1	XP_058963273.1_PF00531_1_1
XP_058963273.1_PF00531_1_1	XP_027050446.1_PF00531_1_1
XP_058963273.1_PF00531_1_1	XP_058943720.1_PF00531_1_1
XP_058963273.1_PF00531_1_1	XP_022777434.1_PF00531_1_1
XP_058963273.1_PF00531_1_1	CAH3041114.1_PF00531_1_1
XP_058963273.1_PF00531_1_1	CAH3168214.1_PF00531_1_1
XP_058963273.1_PF00531_1_1	CAH3168216.1_PF00531_1_1
XP_058963273.1_PF00531_1_1	XP_022791689.1_PF00531_1_1
XP_058963273.1_PF00531_1_1	XP_022791691.1_PF00531_1_1
XP_058963273.1_PF00531_1_1	XP_022791692.1_PF00531_1_1
XP_058963273.1_PF00531_1_1	XP_022791693.1_PF00531_1_1
XP_058963273.1_PF00531_1_1	XP_022791722.1_PF00531_1_1
XP_058963273.1_PF00531_1_1	XP_022791723.1_PF00531_1_1
XP_058963273.1_PF00531_1_1	XP_022791724.1_PF00531_1_1
XP_058963273.1_PF00531_1_1	XP_058963274.1_PF00531_1_1
XP_058963273.1_PF00531_1_1	XP_066020029.1_PF00531_1_1
XP_058963273.1_PF00531_1_1	XP_066020025.1_PF00531_1_1
XP_058963279.1_PF00531_1_1	XP_058963279.1_PF00531_1_1
XP_058963282.1_PF00531_1_1	XP_058963282.1_PF00531_1_1
XP_058964403.1_PF00531_1_1	XP_058964403.1_PF00531_1_1
XP_058964424.1_PF00531_1_1	XP_058964424.1_PF00531_1_1
XP_058965377.1_PF00531_1_1	XP_058965377.1_PF00531_1_1
XP_058966788.1_PF00531_1_1	XP_058966788.1_PF00531_1_1
XP_058966788.1_PF00531_1_1	XP_058966789.1_PF00531_1_1
XP_058966788.1_PF00531_1_1	XP_058966790.1_PF00531_1_1
XP_058967586.1_PF00531_1_1	XP_058967586.1_PF00531_1_1
XP_058967597.1_PF00531_1_1	XP_058967597.1_PF00531_1_1
XP_058967597.1_PF00531_1_1	XP_058967598.1_PF00531_1_1
XP_058967597.1_PF00531_1_1	XP_058973093.1_PF00531_1_1
XP_058967597.1_PF00531_1_1	XP_058973095.1_PF00531_1_1
XP_058967597.1_PF00531_1_1	CAH3166774.1_PF00531_1_1
XP_058967597.1_PF00531_1_1	CAH3139815.1_PF00531_1_1
XP_058967597.1_PF00531_1_1	XP_027051572.1_PF00531_1_1
XP_058967597.1_PF00531_1_1	XP_027051573.1_PF00531_1_1
XP_058967597.1_PF00531_1_1	XP_027051574.1_PF00531_1_1
XP_058967597.1_PF00531_1_1	XP_058967623.1_PF00531_1_1
XP_066021975.1_PF00531_1_1	XP_066021975.1_PF00531_1_1
XP_066021975.1_PF00531_1_1	XP_058947911.2_PF00531_1_1
XP_066023036.1_PF00531_1_1	XP_066023036.1_PF00531_1_1
XP_066023036.1_PF00531_1_1	XP_066023035.1_PF00531_1_1
XP_066023657.1_PF00531_1_1	XP_066023657.1_PF00531_1_1
XP_066023662.1_PF00531_1_1	XP_066023662.1_PF00531_1_1
XP_066023662.1_PF00531_1_1	XP_066023663.1_PF00531_1_1
XP_066023662.1_PF00531_1_1	XP_066023664.1_PF00531_1_1
XP_066023667.1_PF00531_1_1	XP_066023667.1_PF00531_1_1
XP_066023667.1_PF00531_1_1	CAH3164244.1_PF00531_1_1
XP_066025451.1_PF00531_1_1	XP_066025451.1_PF00531_1_1
XP_066025451.1_PF00531_1_1	CAH3166760.1_PF00531_1_1
XP_066025451.1_PF00531_1_1	XP_027054280.1_PF00531_1_1
XP_066025451.1_PF00531_1_1	XP_066025453.1_PF00531_1_1
XP_066027562.1_PF00531_1_1	XP_066027562.1_PF00531_1_1
XP_066027562.1_PF00531_1_1	XP_027042361.1_PF00531_1_1
XP_066027630.1_PF00531_1_1	XP_066027630.1_PF00531_1_1
XP_066027630.1_PF00531_1_1	XP_066027626.1_PF00531_1_1
XP_066027675.1_PF00531_1_1	XP_066027675.1_PF00531_1_1
XP_066027675.1_PF00531_1_1	XP_066027670.1_PF00531_1_1
XP_066029133.1_PF00531_1_1	XP_066029133.1_PF00531_1_1
XP_066029133.1_PF00531_1_1	XP_027053830.1_PF00531_1_1
XP_066029176.1_PF00531_1_1	XP_066029176.1_PF00531_1_1
XP_066029176.1_PF00531_1_1	CAH3127528.1_PF00531_1_1
XP_066029176.1_PF00531_1_1	XP_066029177.1_PF00531_1_1
XP_066029176.1_PF00531_1_1	XP_066029178.1_PF00531_1_1
XP_066029176.1_PF00531_1_1	XP_066029179.1_PF00531_1_1
XP_066029176.1_PF00531_1_1	XP_066029180.1_PF00531_1_1
XP_066029176.1_PF00531_1_1	XP_066029181.1_PF00531_1_1
XP_066029182.1_PF00531_1_1	XP_066029182.1_PF00531_1_1
XP_066029182.1_PF00531_1_1	CAH3127526.1_PF00531_1_1
XP_066029182.1_PF00531_1_1	XP_058943108.1_PF00531_1_1
XP_066029595.1_PF00531_1_1	XP_066029595.1_PF00531_1_1
XP_066029595.1_PF00531_1_1	XP_058953677.1_PF00531_1_1
XP_066029616.1_PF00531_1_1	XP_066029616.1_PF00531_1_1
XP_066029616.1_PF00531_1_1	CAH3147670.1_PF00531_1_1
XP_066029616.1_PF00531_1_1	XP_058953678.1_PF00531_1_1
XP_066029620.1_PF00531_1_1	XP_066029620.1_PF00531_1_1
XP_066029620.1_PF00531_1_1	XP_027036881.1_PF00531_1_1
XP_066029620.1_PF00531_1_1	XP_058964401.1_PF00531_1_1
XP_066029620.1_PF00531_1_1	XP_027036882.1_PF00531_1_1
XP_066029620.1_PF00531_1_1	CAH3147720.1_PF00531_1_1
XP_066029650.1_PF00531_1_1	XP_066029650.1_PF00531_1_1
XP_066029685.1_PF00531_1_1	XP_066029685.1_PF00531_1_1
XP_066029685.1_PF00531_1_1	XP_066029678.1_PF00531_1_1
XP_066029748.1_PF00531_1_1	XP_066029748.1_PF00531_1_1
XP_066029748.1_PF00531_1_1	CAH3147667.1_PF00531_1_1
XP_066029748.1_PF00531_1_1	XP_027052150.1_PF00531_1_1
XP_066029752.1_PF00531_1_1	XP_066029752.1_PF00531_1_1
XP_066029752.1_PF00531_1_1	XP_058964422.1_PF00531_1_1
XP_066029755.1_PF00531_1_1	XP_066029755.1_PF00531_1_1
XP_066029755.1_PF00531_1_1	XP_066029756.1_PF00531_1_1
XP_066029755.1_PF00531_1_1	XP_066029757.1_PF00531_1_1
XP_066029755.1_PF00531_1_1	XP_066029758.1_PF00531_1_1
XP_066029755.1_PF00531_1_1	XP_066029759.1_PF00531_1_1
XP_066029755.1_PF00531_1_1	XP_066029760.1_PF00531_1_1
XP_066029831.1_PF00531_1_1	XP_066029831.1_PF00531_1_1
XP_066029851.1_PF00531_1_1	XP_066029851.1_PF00531_1_1
XP_066029934.1_PF00531_1_1	XP_066029934.1_PF00531_1_1
XP_066029934.1_PF00531_1_1	XP_058968294.1_PF00531_1_1
XP_066029934.1_PF00531_1_1	XP_066029933.1_PF00531_1_1
XP_068717472.1_PF00531_1_1	XP_068717472.1_PF00531_1_1
XP_068717472.1_PF00531_1_1	XP_068717473.1_PF00531_1_1
XP_068717472.1_PF00531_1_1	XP_068717474.1_PF00531_1_1
XP_068717472.1_PF00531_1_1	XP_068717475.1_PF00531_1_1
XP_068717472.1_PF00531_1_1	XP_068717476.1_PF00531_1_1
XP_068717472.1_PF00531_1_1	XP_068761210.1_PF00531_1_1
XP_068717472.1_PF00531_1_1	XP_068761211.1_PF00531_1_1
XP_068717472.1_PF00531_1_1	XP_068761212.1_PF00531_1_1
XP_068717472.1_PF00531_1_1	XP_068673816.1_PF00531_1_1
XP_068717472.1_PF00531_1_1	XP_068673817.1_PF00531_1_1
XP_068717472.1_PF00531_1_1	XP_068673818.1_PF00531_1_1
XP_068717472.1_PF00531_1_1	XP_068673819.1_PF00531_1_1
XP_068717472.1_PF00531_1_1	XP_068673820.1_PF00531_1_1
XP_068717472.1_PF00531_1_1	XP_068673822.1_PF00531_1_1
XP_068717472.1_PF00531_1_1	XP_068673823.1_PF00531_1_1
XP_068718142.1_PF00531_1_1	XP_068718142.1_PF00531_1_1
XP_068718142.1_PF00531_1_1	XP_068718143.1_PF00531_1_1
XP_068718142.1_PF00531_1_1	XP_068702757.1_PF00531_1_1
XP_068718191.1_PF00531_1_1	XP_068718191.1_PF00531_1_1
XP_068718191.1_PF00531_1_1	XP_068718192.1_PF00531_1_1
XP_068718191.1_PF00531_1_1	XP_068718193.1_PF00531_1_1
XP_068718191.1_PF00531_1_1	XP_068718194.1_PF00531_1_1
XP_068718191.1_PF00531_1_1	XP_068718549.1_PF00531_1_1
XP_068718191.1_PF00531_1_1	XP_068719825.1_PF00531_1_1
XP_068718191.1_PF00531_1_1	XP_068720639.1_PF00531_1_1
XP_068718191.1_PF00531_1_1	XP_068703009.1_PF00531_1_1
XP_068718191.1_PF00531_1_1	XP_068703010.1_PF00531_1_1
XP_068705820.1_PF00531_1_1	XP_068705820.1_PF00531_1_1
XP_068705820.1_PF00531_1_1	XP_068705821.1_PF00531_1_1
XP_068705820.1_PF00531_1_1	XP_068705822.1_PF00531_1_1
XP_068705820.1_PF00531_1_1	XP_068705823.1_PF00531_1_1
XP_068705826.1_PF00531_1_1	XP_068705826.1_PF00531_1_1
XP_068705828.1_PF00531_1_1	XP_068705828.1_PF00531_1_1
XP_068705828.1_PF00531_1_1	XP_068736786.1_PF00531_1_1
XP_068705828.1_PF00531_1_1	XP_068736787.1_PF00531_1_1
XP_068705828.1_PF00531_1_1	XP_068736788.1_PF00531_1_1
XP_068705828.1_PF00531_1_1	XP_068736790.1_PF00531_1_1
XP_068705828.1_PF00531_1_1	XP_068736791.1_PF00531_1_1
XP_068705828.1_PF00531_1_1	XP_068705814.1_PF00531_1_1
XP_068705828.1_PF00531_1_1	XP_068705815.1_PF00531_1_1
XP_068705828.1_PF00531_1_1	XP_068705816.1_PF00531_1_1
XP_068705828.1_PF00531_1_1	XP_068705829.1_PF00531_1_1
XP_068705828.1_PF00531_1_1	XP_068705830.1_PF00531_1_1
XP_068705828.1_PF00531_1_1	XP_068705831.1_PF00531_1_1
XP_068705828.1_PF00531_1_1	XP_068705832.1_PF00531_1_1
XP_068705828.1_PF00531_1_1	XP_068705833.1_PF00531_1_1
XP_068705828.1_PF00531_1_1	XP_068705834.1_PF00531_1_1
XP_068705828.1_PF00531_1_1	XP_068705836.1_PF00531_1_1
XP_068705854.1_PF00531_1_1	XP_068705854.1_PF00531_1_1
XP_068705854.1_PF00531_1_1	XP_068735159.1_PF00531_1_1
XP_068706909.1_PF00531_1_1	XP_068706909.1_PF00531_1_1
XP_068706909.1_PF00531_1_1	XP_068735785.1_PF00531_1_1
XP_068707614.1_PF00531_1_1	XP_068707614.1_PF00531_1_1
XP_068707614.1_PF00531_1_1	XP_068721351.1_PF00531_1_1
XP_068707634.1_PF00531_1_1	XP_068707634.1_PF00531_1_1
XP_068708247.1_PF00531_1_1	XP_068708247.1_PF00531_1_1
XP_068708247.1_PF00531_1_1	XP_068721804.1_PF00531_1_1
XP_068708431.1_PF00531_1_1	XP_068708431.1_PF00531_1_1
XP_068708431.1_PF00531_1_1	XP_068708430.1_PF00531_1_1
XP_068708431.1_PF00531_1_1	XP_068711491.1_PF00531_1_1
XP_068708714.1_PF00531_1_1	XP_068708714.1_PF00531_1_1
XP_068708714.1_PF00531_1_1	XP_068724571.1_PF00531_1_1
XP_068708798.1_PF00531_1_1	XP_068708798.1_PF00531_1_1
XP_068708798.1_PF00531_1_1	XP_068746736.1_PF00531_1_1
XP_068709935.1_PF00531_1_1	XP_068709935.1_PF00531_1_1
XP_068709935.1_PF00531_1_1	XP_068722598.1_PF00531_1_1
XP_068709935.1_PF00531_1_1	XP_068709856.1_PF00531_1_1
XP_068711469.1_PF00531_1_1	XP_068711469.1_PF00531_1_1
XP_068711469.1_PF00531_1_1	XP_068689895.1_PF00531_1_1
XP_068711469.1_PF00531_1_1	XP_068689896.1_PF00531_1_1
XP_068711469.1_PF00531_1_1	XP_068689897.1_PF00531_1_1
XP_068711469.1_PF00531_1_1	XP_068689898.1_PF00531_1_1
XP_068711469.1_PF00531_1_1	XP_068711470.1_PF00531_1_1
XP_068711469.1_PF00531_1_1	XP_068711471.1_PF00531_1_1
XP_068711469.1_PF00531_1_1	XP_068711472.1_PF00531_1_1
XP_068711469.1_PF00531_1_1	XP_068711473.1_PF00531_1_1
XP_068712597.1_PF00531_1_1	XP_068712597.1_PF00531_1_1
XP_068714631.1_PF00531_1_1	XP_068714631.1_PF00531_1_1
XP_068714631.1_PF00531_1_1	XP_068757802.1_PF00531_1_1
XP_068714631.1_PF00531_1_1	XP_068714632.1_PF00531_1_1
XP_068714631.1_PF00531_1_1	XP_068714633.1_PF00531_1_1
XP_068714631.1_PF00531_1_1	XP_068714634.1_PF00531_1_1
XP_068714631.1_PF00531_1_1	XP_068714635.1_PF00531_1_1
XP_068714631.1_PF00531_1_1	XP_068714636.1_PF00531_1_1
XP_068714631.1_PF00531_1_1	XP_068714637.1_PF00531_1_1
XP_068714631.1_PF00531_1_1	XP_068714638.1_PF00531_1_1
XP_068714631.1_PF00531_1_1	XP_068714639.1_PF00531_1_1
XP_068714631.1_PF00531_1_1	XP_068714641.1_PF00531_1_1
XP_032219266.2_PF00531_1_1	XP_032219266.2_PF00531_1_1
XP_032219266.2_PF00531_1_1	XP_032219266.1_PF00531_1_1
XP_073234739.1_PF00531_1_1	XP_073234739.1_PF00531_1_1
XP_073234739.1_PF00531_1_1	CAH3014803.1_PF00531_1_1
XP_073234739.1_PF00531_1_1	CAH3045162.1_PF00531_1_1
XP_073234739.1_PF00531_1_1	XP_073234740.1_PF00531_1_1
XP_073234739.1_PF00531_1_1	XP_073234741.1_PF00531_1_1
XP_073234739.1_PF00531_1_1	XP_073234742.1_PF00531_1_1
XP_073234739.1_PF00531_1_1	XP_073234743.1_PF00531_1_1
XP_073237442.1_PF00531_1_1	XP_073237442.1_PF00531_1_1
XP_073237442.1_PF00531_1_1	CAH3120772.1_PF00531_1_1
XP_073239824.1_PF00531_1_1	XP_073239824.1_PF00531_1_1
XP_073241867.1_PF00531_1_1	XP_073241867.1_PF00531_1_1
XP_073241867.1_PF00531_1_1	CAH3030049.1_PF00531_1_1
XP_073241867.1_PF00531_1_1	XP_073241866.1_PF00531_1_1
XP_073241871.1_PF00531_1_1	XP_073241871.1_PF00531_1_1
XP_073241871.1_PF00531_1_1	XP_073241870.1_PF00531_1_1
XP_073241872.1_PF00531_1_1	XP_073241872.1_PF00531_1_1
XP_073241872.1_PF00531_1_1	CAH3042003.1_PF00531_1_1
XP_073242007.1_PF00531_1_1	XP_073242007.1_PF00531_1_1
XP_073242007.1_PF00531_1_1	CAH3042518.1_PF00531_1_1
XP_073242990.1_PF00531_1_1	XP_073242990.1_PF00531_1_1
XP_073243166.1_PF00531_1_1	XP_073243166.1_PF00531_1_1
XP_073243166.1_PF00531_1_1	CAH3024566.1_PF00531_1_1
XP_073243824.1_PF00531_1_1	XP_073243824.1_PF00531_1_1
XP_073243825.1_PF00531_1_1	XP_073243825.1_PF00531_1_1
XP_073243827.1_PF00531_1_1	XP_073243827.1_PF00531_1_1
XP_073243827.1_PF00531_1_1	CAH3022831.1_PF00531_1_1
XP_073244178.1_PF00531_1_1	XP_073244178.1_PF00531_1_1
XP_073244178.1_PF00531_1_1	CAH3171588.1_PF00531_1_1
XP_073244483.1_PF00531_1_1	XP_073244483.1_PF00531_1_1
XP_073244483.1_PF00531_1_1	XP_073244482.1_PF00531_1_1
XP_073244628.1_PF00531_1_1	XP_073244628.1_PF00531_1_1
XP_073245101.1_PF00531_1_1	XP_073245101.1_PF00531_1_1
XP_073245101.1_PF00531_1_1	CAH3026577.1_PF00531_1_1
XP_073247094.1_PF00531_1_1	XP_073247094.1_PF00531_1_1
XP_073247094.1_PF00531_1_1	CAH3030902.1_PF00531_1_1
XP_073247308.1_PF00531_1_1	XP_073247308.1_PF00531_1_1
XP_073247452.1_PF00531_1_1	XP_073247452.1_PF00531_1_1
XP_073247452.1_PF00531_1_1	CAH3191599.1_PF00531_1_1
XP_073247452.1_PF00531_1_1	CAH3162789.1_PF00531_1_1
XP_073248384.1_PF00531_1_1	XP_073248384.1_PF00531_1_1
XP_073249068.1_PF00531_1_1	XP_073249068.1_PF00531_1_1
XP_073249187.1_PF00531_1_1	XP_073249187.1_PF00531_1_1
XP_073250914.1_PF00531_1_1	XP_073250914.1_PF00531_1_1
XP_073251145.1_PF00531_1_1	XP_073251145.1_PF00531_1_1
XP_073251293.1_PF00531_1_1	XP_073251293.1_PF00531_1_1
XP_073251293.1_PF00531_1_1	CAH3142069.1_PF00531_1_1
XP_073251293.1_PF00531_1_1	CAH3178237.1_PF00531_1_1
XP_073251923.1_PF00531_1_1	XP_073251923.1_PF00531_1_1
XP_073251923.1_PF00531_1_1	CAH3150719.1_PF00531_1_1
XP_073251935.1_PF00531_1_1	XP_073251935.1_PF00531_1_1
XP_073251935.1_PF00531_1_1	CAH3142087.1_PF00531_1_1
XP_073251937.1_PF00531_1_1	XP_073251937.1_PF00531_1_1
XP_073252286.1_PF00531_1_1	XP_073252286.1_PF00531_1_1
XP_073252309.1_PF00531_1_1	XP_073252309.1_PF00531_1_1
XP_073252309.1_PF00531_1_1	CAH3157034.1_PF00531_1_1
XP_073252685.1_PF00531_1_1	XP_073252685.1_PF00531_1_1
XP_073252685.1_PF00531_1_1	CAH3038993.1_PF00531_1_1
XP_073253378.1_PF00531_1_1	XP_073253378.1_PF00531_1_1
XP_073254313.1_PF00531_1_1	XP_073254313.1_PF00531_1_1
XP_073254313.1_PF00531_1_1	CAH3127323.1_PF00531_1_1
XP_073254334.1_PF00531_1_1	XP_073254334.1_PF00531_1_1
XP_073254334.1_PF00531_1_1	CAH3191869.1_PF00531_1_1
XP_073254334.1_PF00531_1_1	CAH3191871.1_PF00531_1_1
XP_073254334.1_PF00531_1_1	CAH3127361.1_PF00531_1_1
XP_073254454.1_PF00531_1_1	XP_073254454.1_PF00531_1_1
XP_073254787.1_PF00531_1_1	XP_073254787.1_PF00531_1_1
XP_073258822.1_PF00531_1_1	XP_073258822.1_PF00531_1_1
XP_073259161.1_PF00531_1_1	XP_073259161.1_PF00531_1_1
