detection_type	detection_method	batch	query_accession	query_database	query_type	target_accession	target_database	target_type	target_model	query_start	query_end	target_start	target_end	evalue	bitscore	bitscore_threshold	custom_metric_name	custom_metric_value
sequence	hmm	20261001_8fb675cb	BLFE01006715.1_K02583_b4f49bb1	_		traf6_binding_permissive	Motif		PCQQCK	63	69	1	6					
sequence	hmm	20261001_8fb675cb	BLFE01006715.1_K02583_b4f49bb1	_		traf2_binding_permissive	Motif		PSCNPG	18	24	1	6					
sequence	hmm	20261001_8fb675cb	BLFE01006715.1_K02583_b4f49bb1	_		traf2_binding_permissive	Motif		PCQQCKE	63	70	1	7					
sequence	hmm	20261001_8fb675cb	BLFE01006715.1_K02583_b4f49bb1	_		traf2_binding_permissive	Motif		PSCEKG	88	94	1	6					
sequence	hmm	20261001_8fb675cb	BLFE01006715.1_K02583_b4f49bb1	_		traf2_binding_permissive	Motif		PICQNVS	176	183	1	7					
sequence	hmm	20261001_8fb675cb	BLFE01006715.1_K02583_b4f49bb1	_		traf2_binding_permissive	Motif		PTCNMD	246	252	1	6					
sequence	hmm	20261001_8fb675cb	JAJLRJ010000010.1_K02583_33bfef49	_		traf6_binding_permissive	Motif		PSQVAV	72	78	1	6					
sequence	hmm	20261001_8fb675cb	JAJLRJ010000010.1_K02583_33bfef49	_		traf2_binding_variant	Motif		PCNES	36	41	1	5					
sequence	hmm	20261001_8fb675cb	JAJLRJ010000010.1_K02583_33bfef49	_		traf2_binding_variant	Motif		PSQVA	72	77	1	5					
sequence	hmm	20261001_8fb675cb	JAJLRJ010000010.1_K02583_33bfef49	_		traf2_binding_permissive	Motif		PENFYT	12	18	1	6					
sequence	hmm	20261001_8fb675cb	JAJLRJ010000010.1_K02583_33bfef49	_		traf2_binding_permissive	Motif		PCNESKG	36	43	1	7					
sequence	hmm	20261001_8fb675cb	JAJLRJ010000010.1_K02583_33bfef49	_		traf2_binding_permissive	Motif		PSQVA	72	77	1	5					
sequence	hmm	20261001_8fb675cb	JAJLRJ010000010.1_K02583_33bfef49	_		traf2_binding_permissive	Motif		PCSQTRD	118	125	1	7					
sequence	hmm	20261001_8fb675cb	KAJ7327370.1	_		traf6_binding_permissive	Motif		PDEVIV	94	100	1	6					
sequence	hmm	20261001_8fb675cb	KAJ7327370.1	_		traf6_binding_permissive	Motif		PLEVQI	365	371	1	6					
sequence	hmm	20261001_8fb675cb	KAJ7327370.1	_		traf2_binding_permissive	Motif		PDGNVT	34	40	1	6					
sequence	hmm	20261001_8fb675cb	KAJ7327370.1	_		traf2_binding_permissive	Motif		PYNAIS	61	67	1	6					
sequence	hmm	20261001_8fb675cb	KAJ7327370.1	_		traf2_binding_permissive	Motif		PHAQICS	153	160	1	7					
sequence	hmm	20261001_8fb675cb	KAJ7327370.1	_		traf2_binding_permissive	Motif		PKCERPT	213	220	1	7					
sequence	hmm	20261001_8fb675cb	KAJ7327375.1	_		traf2_binding_permissive	Motif		PTNPCT	55	61	1	6					
sequence	hmm	20261001_8fb675cb	KAJ7327375.1	_		traf2_binding_permissive	Motif		PPGQTIS	82	89	1	7					
sequence	hmm	20261001_8fb675cb	KAJ7327375.1	_		traf2_binding_permissive	Motif		PTTQSTG	240	247	1	7					
sequence	hmm	20261001_8fb675cb	KAJ7327376.1	_		traf2_binding_variant	Motif		PCNLT	94	99	1	5					
sequence	hmm	20261001_8fb675cb	KAJ7327376.1	_		traf2_binding_permissive	Motif		PCNLT	94	99	1	5					
sequence	hmm	20261001_8fb675cb	KAJ7327376.1	_		traf2_binding_permissive	Motif		PEEPQS	203	209	1	6					
sequence	hmm	20261001_8fb675cb	KAJ7327384.1	_		traf2_binding_permissive	Motif		PSCNPG	50	56	1	6					
sequence	hmm	20261001_8fb675cb	KAJ7327384.1	_		traf2_binding_permissive	Motif		PGNSIT	296	302	1	6					
sequence	hmm	20261001_8fb675cb	KAJ7327384.1	_		traf2_binding_permissive	Motif		PSGEGLS	319	326	1	7					
sequence	hmm	20261001_8fb675cb	KAJ7327384.1	_		traf2_binding_permissive	Motif		PECQAPG	414	421	1	7					
sequence	hmm	20261001_8fb675cb	KAJ7327384.1	_		traf2_binding_permissive	Motif		PSEPLA	475	481	1	6					
sequence	hmm	20261001_8fb675cb	KAJ7327392.1	_		traf2_binding_permissive	Motif		PRHEDG	160	166	1	6					
sequence	hmm	20261001_8fb675cb	KAJ7350208.1	_		traf6_binding_permissive	Motif		PCERTR	97	103	1	6					
sequence	hmm	20261001_8fb675cb	KAJ7350208.1	_		traf2_binding_strict	Motif		PCERT	97	102	1	5					
sequence	hmm	20261001_8fb675cb	KAJ7350208.1	_		traf2_binding_strict	Motif		PSERT	411	416	1	5					
sequence	hmm	20261001_8fb675cb	KAJ7350208.1	_		traf2_binding_variant	Motif		PCERT	97	102	1	5					
sequence	hmm	20261001_8fb675cb	KAJ7350208.1	_		traf2_binding_variant	Motif		PSERT	411	416	1	5					
sequence	hmm	20261001_8fb675cb	KAJ7350208.1	_		traf2_binding_variant	Motif		PINWE	557	562	1	5					
sequence	hmm	20261001_8fb675cb	KAJ7350208.1	_		traf2_binding_permissive	Motif		PCERT	97	102	1	5					
sequence	hmm	20261001_8fb675cb	KAJ7350208.1	_		traf2_binding_permissive	Motif		PVAEDG	111	117	1	6					
sequence	hmm	20261001_8fb675cb	KAJ7350208.1	_		traf2_binding_permissive	Motif		PSVNPT	190	196	1	6					
sequence	hmm	20261001_8fb675cb	KAJ7350208.1	_		traf2_binding_permissive	Motif		PTERQS	248	254	1	6					
sequence	hmm	20261001_8fb675cb	KAJ7350208.1	_		traf2_binding_permissive	Motif		PKVQRT	255	261	1	6					
sequence	hmm	20261001_8fb675cb	KAJ7350208.1	_		traf2_binding_permissive	Motif		PREKLA	305	311	1	6					
sequence	hmm	20261001_8fb675cb	KAJ7350208.1	_		traf2_binding_permissive	Motif		PNSNNTT	399	406	1	7					
sequence	hmm	20261001_8fb675cb	KAJ7350208.1	_		traf2_binding_permissive	Motif		PSERTT	411	417	1	6					
sequence	hmm	20261001_8fb675cb	KAJ7350208.1	_		traf2_binding_permissive	Motif		PYPEYIT	442	449	1	7					
sequence	hmm	20261001_8fb675cb	KAJ7350208.1	_		traf2_binding_permissive	Motif		PVIQCG	511	517	1	6					
sequence	hmm	20261001_8fb675cb	KAJ7350208.1	_		traf2_binding_permissive	Motif		PINWE	557	562	1	5					
sequence	hmm	20261001_8fb675cb	KAJ7383737.1	_		traf6_binding_permissive	Motif		PWEEPV	340	346	1	6					
sequence	hmm	20261001_8fb675cb	KAJ7383737.1	_		traf2_binding_variant	Motif		PKQNG	221	226	1	5					
sequence	hmm	20261001_8fb675cb	KAJ7383737.1	_		traf2_binding_variant	Motif		PTNYA	331	336	1	5					
sequence	hmm	20261001_8fb675cb	KAJ7383737.1	_		traf2_binding_permissive	Motif		PACEPGT	80	87	1	7					
sequence	hmm	20261001_8fb675cb	KAJ7383737.1	_		traf2_binding_permissive	Motif		PKQNGT	221	227	1	6					
sequence	hmm	20261001_8fb675cb	KAJ7383737.1	_		traf2_binding_permissive	Motif		PTNYAT	331	337	1	6					
sequence	hmm	20261001_8fb675cb	KAJ7390627.1	_		traf6_binding_permissive	Motif		PSQVAL	82	88	1	6					
sequence	hmm	20261001_8fb675cb	KAJ7390627.1	_		traf6_binding_permissive	Motif		PRQVNI	180	186	1	6					
sequence	hmm	20261001_8fb675cb	KAJ7390627.1	_		traf2_binding_strict	Motif		PDEAT	368	373	1	5					
sequence	hmm	20261001_8fb675cb	KAJ7390627.1	_		traf2_binding_variant	Motif		PCNVS	46	51	1	5					
sequence	hmm	20261001_8fb675cb	KAJ7390627.1	_		traf2_binding_variant	Motif		PSQVA	82	87	1	5					
sequence	hmm	20261001_8fb675cb	KAJ7390627.1	_		traf2_binding_variant	Motif		PTNGG	206	211	1	5					
sequence	hmm	20261001_8fb675cb	KAJ7390627.1	_		traf2_binding_variant	Motif		PDEAT	368	373	1	5					
sequence	hmm	20261001_8fb675cb	KAJ7390627.1	_		traf2_binding_permissive	Motif		PCNVS	46	51	1	5					
sequence	hmm	20261001_8fb675cb	KAJ7390627.1	_		traf2_binding_permissive	Motif		PSQVA	82	87	1	5					
sequence	hmm	20261001_8fb675cb	KAJ7390627.1	_		traf2_binding_permissive	Motif		PCTQTT	128	134	1	6					
sequence	hmm	20261001_8fb675cb	KAJ7390627.1	_		traf2_binding_permissive	Motif		PTNGGS	206	212	1	6					
sequence	hmm	20261001_8fb675cb	KAJ7390627.1	_		traf2_binding_permissive	Motif		PDSQGSS	303	310	1	7					
sequence	hmm	20261001_8fb675cb	KAJ7390627.1	_		traf2_binding_permissive	Motif		PDEAT	368	373	1	5					
sequence	hmm	20261001_8fb675cb	KAJ7390799.1	_		traf2_binding_variant	Motif		PGNCD	193	198	1	5					
sequence	hmm	20261001_8fb675cb	KAJ7390799.1	_		traf2_binding_permissive	Motif		PGNCDE	193	199	1	6					
sequence	hmm	20261001_8fb675cb	KAJ7393224.1	_		traf6_binding_permissive	Motif		PCETYK	132	138	1	6					
sequence	hmm	20261001_8fb675cb	KAJ7393224.1	_		traf6_binding_permissive	Motif		PDQQVL	203	209	1	6					
sequence	hmm	20261001_8fb675cb	KAJ7393224.1	_		traf2_binding_strict	Motif		PPQQT	190	195	1	5					
sequence	hmm	20261001_8fb675cb	KAJ7393224.1	_		traf2_binding_variant	Motif		PNNLS	69	74	1	5					
sequence	hmm	20261001_8fb675cb	KAJ7393224.1	_		traf2_binding_variant	Motif		PPQQT	190	195	1	5					
sequence	hmm	20261001_8fb675cb	KAJ7393224.1	_		traf2_binding_permissive	Motif		PKNEFT	61	67	1	6					
sequence	hmm	20261001_8fb675cb	KAJ7393224.1	_		traf2_binding_permissive	Motif		PNNLSS	69	75	1	6					
sequence	hmm	20261001_8fb675cb	KAJ7393224.1	_		traf2_binding_permissive	Motif		PVQDCT	90	96	1	6					
sequence	hmm	20261001_8fb675cb	KAJ7393224.1	_		traf2_binding_permissive	Motif		PPQQT	190	195	1	5					
sequence	hmm	20261001_8fb675cb	KAJ7393224.1	_		traf2_binding_permissive	Motif		PRSQKD	219	225	1	6					
sequence	hmm	20261001_8fb675cb	KAK2549715.1	_		traf6_binding_strict	Motif		PVEDPD	375	381	1	6					
sequence	hmm	20261001_8fb675cb	KAK2549715.1	_		traf6_binding_permissive	Motif		PSQTDD	286	292	1	6					
sequence	hmm	20261001_8fb675cb	KAK2549715.1	_		traf6_binding_permissive	Motif		PVEDPD	375	381	1	6					
sequence	hmm	20261001_8fb675cb	KAK2549715.1	_		traf6_binding_permissive	Motif		PGEDVL	616	622	1	6					
sequence	hmm	20261001_8fb675cb	KAK2549715.1	_		traf6_binding_permissive	Motif		PQQGVL	867	873	1	6					
sequence	hmm	20261001_8fb675cb	KAK2549715.1	_		traf6_binding_permissive	Motif		PSEVTI	1066	1072	1	6					
sequence	hmm	20261001_8fb675cb	KAK2549715.1	_		traf2_binding_strict	Motif		PSEVT	1066	1071	1	5					
sequence	hmm	20261001_8fb675cb	KAK2549715.1	_		traf2_binding_variant	Motif		PSQTD	286	291	1	5					
sequence	hmm	20261001_8fb675cb	KAK2549715.1	_		traf2_binding_variant	Motif		PDQSA	379	384	1	5					
sequence	hmm	20261001_8fb675cb	KAK2549715.1	_		traf2_binding_variant	Motif		PCQTD	883	888	1	5					
sequence	hmm	20261001_8fb675cb	KAK2549715.1	_		traf2_binding_variant	Motif		PSEVT	1066	1071	1	5					
sequence	hmm	20261001_8fb675cb	KAK2549715.1	_		traf2_binding_permissive	Motif		PTPQGS	276	282	1	6					
sequence	hmm	20261001_8fb675cb	KAK2549715.1	_		traf2_binding_permissive	Motif		PSQTDD	286	292	1	6					
sequence	hmm	20261001_8fb675cb	KAK2549715.1	_		traf2_binding_permissive	Motif		PVEDPD	375	381	1	6					
sequence	hmm	20261001_8fb675cb	KAK2549715.1	_		traf2_binding_permissive	Motif		PREDVT	461	467	1	6					
sequence	hmm	20261001_8fb675cb	KAK2549715.1	_		traf2_binding_permissive	Motif		PAEGKS	556	562	1	6					
sequence	hmm	20261001_8fb675cb	KAK2549715.1	_		traf2_binding_permissive	Motif		PTPQGS	873	879	1	6					
sequence	hmm	20261001_8fb675cb	KAK2549715.1	_		traf2_binding_permissive	Motif		PCQTD	883	888	1	5					
sequence	hmm	20261001_8fb675cb	KAK2549715.1	_		traf2_binding_permissive	Motif		PDVESVD	894	901	1	7					
sequence	hmm	20261001_8fb675cb	KAK2549715.1	_		traf2_binding_permissive	Motif		PPSEVT	1065	1071	1	6					
sequence	hmm	20261001_8fb675cb	KAK2549715.1	_		traf2_binding_permissive	Motif		PANGKS	1157	1163	1	6					
sequence	hmm	20261001_8fb675cb	KAK2553330.1	_		traf6_binding_permissive	Motif		PEQKDV	976	982	1	6					
sequence	hmm	20261001_8fb675cb	KAK2553330.1	_		traf2_binding_variant	Motif		PCNRE	854	859	1	5					
sequence	hmm	20261001_8fb675cb	KAK2553330.1	_		traf2_binding_variant	Motif		PEQKD	976	981	1	5					
sequence	hmm	20261001_8fb675cb	KAK2553330.1	_		traf2_binding_permissive	Motif		PKCQND	168	174	1	6					
sequence	hmm	20261001_8fb675cb	KAK2553330.1	_		traf2_binding_permissive	Motif		PFPECGS	198	205	1	7					
sequence	hmm	20261001_8fb675cb	KAK2553330.1	_		traf2_binding_permissive	Motif		PHSNLIG	312	319	1	7					
sequence	hmm	20261001_8fb675cb	KAK2553330.1	_		traf2_binding_permissive	Motif		PSGNYKD	588	595	1	7					
sequence	hmm	20261001_8fb675cb	KAK2553330.1	_		traf2_binding_permissive	Motif		PKCQND	775	781	1	6					
sequence	hmm	20261001_8fb675cb	KAK2553330.1	_		traf2_binding_permissive	Motif		PCNRE	854	859	1	5					
sequence	hmm	20261001_8fb675cb	KAK2553330.1	_		traf2_binding_permissive	Motif		PEQKD	976	981	1	5					
sequence	hmm	20261001_8fb675cb	KAK2553330.1	_		traf2_binding_permissive	Motif		PARNSD	1081	1087	1	6					
sequence	hmm	20261001_8fb675cb	KAK2553330.1	_		traf2_binding_permissive	Motif		PHQMVT	1219	1225	1	6					
sequence	hmm	20261001_8fb675cb	KAK2553330.1	_		traf2_binding_permissive	Motif		PKCQND	1391	1397	1	6					
sequence	hmm	20261001_8fb675cb	KAK2553388.1	_		traf2_binding_variant	Motif		PCNLT	235	240	1	5					
sequence	hmm	20261001_8fb675cb	KAK2553388.1	_		traf2_binding_permissive	Motif		PLCEPG	36	42	1	6					
sequence	hmm	20261001_8fb675cb	KAK2553388.1	_		traf2_binding_permissive	Motif		PKCQNG	157	163	1	6					
sequence	hmm	20261001_8fb675cb	KAK2553388.1	_		traf2_binding_permissive	Motif		PCNLT	235	240	1	5					
sequence	hmm	20261001_8fb675cb	KAK2555353.1	_		traf6_binding_permissive	Motif		PCQEGI	82	88	1	6					
sequence	hmm	20261001_8fb675cb	KAK2555353.1	_		traf6_binding_permissive	Motif		PNEETI	106	112	1	6					
sequence	hmm	20261001_8fb675cb	KAK2555353.1	_		traf6_binding_permissive	Motif		PAQSTD	261	267	1	6					
sequence	hmm	20261001_8fb675cb	KAK2555353.1	_		traf2_binding_strict	Motif		PNEET	106	111	1	5					
sequence	hmm	20261001_8fb675cb	KAK2555353.1	_		traf2_binding_strict	Motif		PAQST	261	266	1	5					
sequence	hmm	20261001_8fb675cb	KAK2555353.1	_		traf2_binding_variant	Motif		PCQEG	82	87	1	5					
sequence	hmm	20261001_8fb675cb	KAK2555353.1	_		traf2_binding_variant	Motif		PNEET	106	111	1	5					
sequence	hmm	20261001_8fb675cb	KAK2555353.1	_		traf2_binding_variant	Motif		PAQST	261	266	1	5					
sequence	hmm	20261001_8fb675cb	KAK2555353.1	_		traf2_binding_permissive	Motif		PCQEGIG	82	89	1	7					
sequence	hmm	20261001_8fb675cb	KAK2555353.1	_		traf2_binding_permissive	Motif		PNEET	106	111	1	5					
sequence	hmm	20261001_8fb675cb	KAK2555353.1	_		traf2_binding_permissive	Motif		PAQSTD	261	267	1	6					
sequence	hmm	20261001_8fb675cb	KAK2555353.1	_		traf2_binding_permissive	Motif		PSQLVS	270	276	1	6					
sequence	hmm	20261001_8fb675cb	KAK2555353.1	_		traf2_binding_permissive	Motif		PSEVKS	279	285	1	6					
sequence	hmm	20261001_8fb675cb	KAK2555353.1	_		traf2_binding_permissive	Motif		PHGESDT	292	299	1	7					
sequence	hmm	20261001_8fb675cb	KAK2555542.1	_		traf6_binding_permissive	Motif		PGEGEI	13	19	1	6					
sequence	hmm	20261001_8fb675cb	KAK2555542.1	_		traf6_binding_permissive	Motif		PKEENR	277	283	1	6					
sequence	hmm	20261001_8fb675cb	KAK2555542.1	_		traf6_binding_permissive	Motif		PIQPFY	532	538	1	6					
sequence	hmm	20261001_8fb675cb	KAK2555542.1	_		traf6_binding_permissive	Motif		PVELRK	672	678	1	6					
sequence	hmm	20261001_8fb675cb	KAK2555542.1	_		traf6_binding_permissive	Motif		PCELNI	750	756	1	6					
sequence	hmm	20261001_8fb675cb	KAK2555542.1	_		traf2_binding_variant	Motif		PGEGE	13	18	1	5					
sequence	hmm	20261001_8fb675cb	KAK2555542.1	_		traf2_binding_permissive	Motif		PESEISS	2	9	1	7					
sequence	hmm	20261001_8fb675cb	KAK2555542.1	_		traf2_binding_permissive	Motif		PGEGE	13	18	1	5					
sequence	hmm	20261001_8fb675cb	KAK2555542.1	_		traf2_binding_permissive	Motif		PSCNPG	33	39	1	6					
sequence	hmm	20261001_8fb675cb	KAK2555542.1	_		traf2_binding_permissive	Motif		PSCEKG	142	148	1	6					
sequence	hmm	20261001_8fb675cb	KAK2555542.1	_		traf2_binding_permissive	Motif		PSCEKG	182	188	1	6					
sequence	hmm	20261001_8fb675cb	KAK2555542.1	_		traf2_binding_permissive	Motif		PSCEKG	222	228	1	6					
sequence	hmm	20261001_8fb675cb	KAK2555542.1	_		traf2_binding_permissive	Motif		PICQNVS	270	277	1	7					
sequence	hmm	20261001_8fb675cb	KAK2555542.1	_		traf2_binding_permissive	Motif		PKEENRD	277	284	1	7					
sequence	hmm	20261001_8fb675cb	KAK2555542.1	_		traf2_binding_permissive	Motif		PTCNRD	338	344	1	6					
sequence	hmm	20261001_8fb675cb	KAK2555542.1	_		traf2_binding_permissive	Motif		PPEIQS	398	404	1	6					
sequence	hmm	20261001_8fb675cb	KAK2555542.1	_		traf2_binding_permissive	Motif		PGCQEPT	461	468	1	7					
sequence	hmm	20261001_8fb675cb	KAK2555542.1	_		traf2_binding_permissive	Motif		PGNGLS	728	734	1	6					
sequence	hmm	20261001_8fb675cb	KAK2556396.1	_		traf6_binding_permissive	Motif		PTQCER	41	47	1	6					
sequence	hmm	20261001_8fb675cb	KAK2556396.1	_		traf2_binding_variant	Motif		PTQCE	41	46	1	5					
sequence	hmm	20261001_8fb675cb	KAK2556396.1	_		traf2_binding_variant	Motif		PNEAA	305	310	1	5					
sequence	hmm	20261001_8fb675cb	KAK2556396.1	_		traf2_binding_permissive	Motif		PTQCE	41	46	1	5					
sequence	hmm	20261001_8fb675cb	KAK2556396.1	_		traf2_binding_permissive	Motif		PGNSFT	48	54	1	6					
sequence	hmm	20261001_8fb675cb	KAK2556396.1	_		traf2_binding_permissive	Motif		PNNDNS	56	62	1	6					
sequence	hmm	20261001_8fb675cb	KAK2556396.1	_		traf2_binding_permissive	Motif		PPQVVA	207	213	1	6					
sequence	hmm	20261001_8fb675cb	KAK2556396.1	_		traf2_binding_permissive	Motif		PNEAA	305	310	1	5					
sequence	hmm	20261001_8fb675cb	KAK2556567.1	_		traf6_binding_permissive	Motif		PCQTDD	334	340	1	6					
sequence	hmm	20261001_8fb675cb	KAK2556567.1	_		traf2_binding_variant	Motif		PNEPA	235	240	1	5					
sequence	hmm	20261001_8fb675cb	KAK2556567.1	_		traf2_binding_variant	Motif		PCQTD	334	339	1	5					
sequence	hmm	20261001_8fb675cb	KAK2556567.1	_		traf2_binding_permissive	Motif		PNEPAS	235	241	1	6					
sequence	hmm	20261001_8fb675cb	KAK2556567.1	_		traf2_binding_permissive	Motif		PQLQNPG	315	322	1	7					
sequence	hmm	20261001_8fb675cb	KAK2556567.1	_		traf2_binding_permissive	Motif		PCQTDD	334	340	1	6					
sequence	hmm	20261001_8fb675cb	KAK2556567.1	_		traf2_binding_permissive	Motif		PDVESVE	345	352	1	7					
sequence	hmm	20261001_8fb675cb	KAK2561718.1	_		traf6_binding_strict	Motif		PLESPE	252	258	1	6					
sequence	hmm	20261001_8fb675cb	KAK2561718.1	_		traf6_binding_permissive	Motif		PCENGH	46	52	1	6					
sequence	hmm	20261001_8fb675cb	KAK2561718.1	_		traf6_binding_permissive	Motif		PCEKGK	126	132	1	6					
sequence	hmm	20261001_8fb675cb	KAK2561718.1	_		traf6_binding_permissive	Motif		PFQASL	219	225	1	6					
sequence	hmm	20261001_8fb675cb	KAK2561718.1	_		traf6_binding_permissive	Motif		PLESPE	252	258	1	6					
sequence	hmm	20261001_8fb675cb	KAK2561718.1	_		traf6_binding_permissive	Motif		PREKWK	308	314	1	6					
sequence	hmm	20261001_8fb675cb	KAK2561718.1	_		traf2_binding_strict	Motif		PFQAS	219	224	1	5					
sequence	hmm	20261001_8fb675cb	KAK2561718.1	_		traf2_binding_variant	Motif		PCENG	46	51	1	5					
sequence	hmm	20261001_8fb675cb	KAK2561718.1	_		traf2_binding_variant	Motif		PCEKG	126	131	1	5					
sequence	hmm	20261001_8fb675cb	KAK2561718.1	_		traf2_binding_variant	Motif		PFQAS	219	224	1	5					
sequence	hmm	20261001_8fb675cb	KAK2561718.1	_		traf2_binding_permissive	Motif		PCENG	46	51	1	5					
sequence	hmm	20261001_8fb675cb	KAK2561718.1	_		traf2_binding_permissive	Motif		PCEKG	126	131	1	5					
sequence	hmm	20261001_8fb675cb	KAK2561718.1	_		traf2_binding_permissive	Motif		PVTQSMT	207	214	1	7					
sequence	hmm	20261001_8fb675cb	KAK2561718.1	_		traf2_binding_permissive	Motif		PFQAS	219	224	1	5					
sequence	hmm	20261001_8fb675cb	KAK2561718.1	_		traf2_binding_permissive	Motif		PLESPE	252	258	1	6					
sequence	hmm	20261001_8fb675cb	KAK2563088.1	_		traf6_binding_permissive	Motif		PGEQLL	740	746	1	6					
sequence	hmm	20261001_8fb675cb	KAK2563088.1	_		traf2_binding_variant	Motif		PCNLT	239	244	1	5					
sequence	hmm	20261001_8fb675cb	KAK2563088.1	_		traf2_binding_permissive	Motif		PCEPCG	81	87	1	6					
sequence	hmm	20261001_8fb675cb	KAK2563088.1	_		traf2_binding_permissive	Motif		PKCQID	160	166	1	6					
sequence	hmm	20261001_8fb675cb	KAK2563088.1	_		traf2_binding_permissive	Motif		PFPECGS	190	197	1	7					
sequence	hmm	20261001_8fb675cb	KAK2563088.1	_		traf2_binding_permissive	Motif		PCNLT	239	244	1	5					
sequence	hmm	20261001_8fb675cb	KAK2563088.1	_		traf2_binding_permissive	Motif		PGRNPGE	736	743	1	7					
sequence	hmm	20261001_8fb675cb	KAK2563089.1	_		traf2_binding_variant	Motif		PVQRA	288	293	1	5					
sequence	hmm	20261001_8fb675cb	KAK2563089.1	_		traf2_binding_permissive	Motif		PAGQQHS	31	38	1	7					
sequence	hmm	20261001_8fb675cb	KAK2563089.1	_		traf2_binding_permissive	Motif		PENTFS	56	62	1	6					
sequence	hmm	20261001_8fb675cb	KAK2563089.1	_		traf2_binding_permissive	Motif		PVQRA	288	293	1	5					
sequence	hmm	20261001_8fb675cb	KAK2563212.1	_		traf6_binding_strict	Motif		PAEAGE	281	287	1	6					
sequence	hmm	20261001_8fb675cb	KAK2563212.1	_		traf6_binding_permissive	Motif		PAEAGE	281	287	1	6					
sequence	hmm	20261001_8fb675cb	KAK2563212.1	_		traf2_binding_strict	Motif		PTQTS	212	217	1	5					
sequence	hmm	20261001_8fb675cb	KAK2563212.1	_		traf2_binding_strict	Motif		PMQGT	355	360	1	5					
sequence	hmm	20261001_8fb675cb	KAK2563212.1	_		traf2_binding_variant	Motif		PTQTS	212	217	1	5					
sequence	hmm	20261001_8fb675cb	KAK2563212.1	_		traf2_binding_variant	Motif		PAEAG	281	286	1	5					
sequence	hmm	20261001_8fb675cb	KAK2563212.1	_		traf2_binding_variant	Motif		PMQGT	355	360	1	5					
sequence	hmm	20261001_8fb675cb	KAK2563212.1	_		traf2_binding_permissive	Motif		PEGQGLS	64	71	1	7					
sequence	hmm	20261001_8fb675cb	KAK2563212.1	_		traf2_binding_permissive	Motif		PTQTSA	212	218	1	6					
sequence	hmm	20261001_8fb675cb	KAK2563212.1	_		traf2_binding_permissive	Motif		PAEAGE	281	287	1	6					
sequence	hmm	20261001_8fb675cb	KAK2563212.1	_		traf2_binding_permissive	Motif		PMQGT	355	360	1	5					
sequence	hmm	20261001_8fb675cb	KAK2563212.1	_		traf2_binding_permissive	Motif		PSKELIS	425	432	1	7					
sequence	hmm	20261001_8fb675cb	CM106375.1_K02583_b1e02b33	_		traf6_binding_permissive	Motif		PSQVAL	69	75	1	6					
sequence	hmm	20261001_8fb675cb	CM106375.1_K02583_b1e02b33	_		traf2_binding_strict	Motif		PEEAT	323	328	1	5					
sequence	hmm	20261001_8fb675cb	CM106375.1_K02583_b1e02b33	_		traf2_binding_variant	Motif		PCNES	32	37	1	5					
sequence	hmm	20261001_8fb675cb	CM106375.1_K02583_b1e02b33	_		traf2_binding_variant	Motif		PSQVA	69	74	1	5					
sequence	hmm	20261001_8fb675cb	CM106375.1_K02583_b1e02b33	_		traf2_binding_variant	Motif		PTNGG	186	191	1	5					
sequence	hmm	20261001_8fb675cb	CM106375.1_K02583_b1e02b33	_		traf2_binding_variant	Motif		PEEAT	323	328	1	5					
sequence	hmm	20261001_8fb675cb	CM106375.1_K02583_b1e02b33	_		traf2_binding_permissive	Motif		PCNESKG	32	39	1	7					
sequence	hmm	20261001_8fb675cb	CM106375.1_K02583_b1e02b33	_		traf2_binding_permissive	Motif		PCPQRET	44	51	1	7					
sequence	hmm	20261001_8fb675cb	CM106375.1_K02583_b1e02b33	_		traf2_binding_permissive	Motif		PSQVA	69	74	1	5					
sequence	hmm	20261001_8fb675cb	CM106375.1_K02583_b1e02b33	_		traf2_binding_permissive	Motif		PSRNRE	79	85	1	6					
sequence	hmm	20261001_8fb675cb	CM106375.1_K02583_b1e02b33	_		traf2_binding_permissive	Motif		PTNGG	186	191	1	5					
sequence	hmm	20261001_8fb675cb	CM106375.1_K02583_b1e02b33	_		traf2_binding_permissive	Motif		PIKNEE	195	201	1	6					
sequence	hmm	20261001_8fb675cb	CM106375.1_K02583_b1e02b33	_		traf2_binding_permissive	Motif		PEEAT	323	328	1	5					
sequence	hmm	20261001_8fb675cb	CM106380.1_K02583_b9214202	_		traf2_binding_variant	Motif		PGNET	200	205	1	5					
sequence	hmm	20261001_8fb675cb	CM106380.1_K02583_b9214202	_		traf2_binding_permissive	Motif		PGNET	200	205	1	5					
sequence	hmm	20261001_8fb675cb	CAB3979165.1	_		traf6_binding_permissive	Motif		PGQYVK	36	42	1	6					
sequence	hmm	20261001_8fb675cb	CAB3979165.1	_		traf6_binding_permissive	Motif		PEQDAI	144	150	1	6					
sequence	hmm	20261001_8fb675cb	CAB3979165.1	_		traf2_binding_variant	Motif		PEQDA	144	149	1	5					
sequence	hmm	20261001_8fb675cb	CAB3979165.1	_		traf2_binding_permissive	Motif		PVEKCS	98	104	1	6					
sequence	hmm	20261001_8fb675cb	CAB3979165.1	_		traf2_binding_permissive	Motif		PENQFS	114	120	1	6					
sequence	hmm	20261001_8fb675cb	CAB3979165.1	_		traf2_binding_permissive	Motif		PEQDA	144	149	1	5					
sequence	hmm	20261001_8fb675cb	CAB3979165.1	_		traf2_binding_permissive	Motif		PTVNMVE	163	170	1	7					
sequence	hmm	20261001_8fb675cb	CAB3982517.1	_		traf2_binding_variant	Motif		PANEE	296	301	1	5					
sequence	hmm	20261001_8fb675cb	CAB3982517.1	_		traf2_binding_permissive	Motif		PAGESVE	44	51	1	7					
sequence	hmm	20261001_8fb675cb	CAB3982517.1	_		traf2_binding_permissive	Motif		PFTNYE	183	189	1	6					
sequence	hmm	20261001_8fb675cb	CAB3982517.1	_		traf2_binding_permissive	Motif		PTTEITT	201	208	1	7					
sequence	hmm	20261001_8fb675cb	CAB3982517.1	_		traf2_binding_permissive	Motif		PANEE	296	301	1	5					
sequence	hmm	20261001_8fb675cb	CAB3988559.1	_		traf6_binding_permissive	Motif		PNQFHH	95	101	1	6					
sequence	hmm	20261001_8fb675cb	CAB3988559.1	_		traf6_binding_permissive	Motif		PGEFPV	114	120	1	6					
sequence	hmm	20261001_8fb675cb	CAB4007955.1	_		traf2_binding_permissive	Motif		PCCQDT	131	137	1	6					
sequence	hmm	20261001_8fb675cb	CAB4007956.1	_		traf2_binding_permissive	Motif		PCCQDT	131	137	1	6					
sequence	hmm	20261001_8fb675cb	CAB4007957.1	_		traf2_binding_permissive	Motif		PCCQDT	126	132	1	6					
sequence	hmm	20261001_8fb675cb	CAH3018848.1	_		traf6_binding_permissive	Motif		PPQQFW	9	15	1	6					
sequence	hmm	20261001_8fb675cb	CAH3018848.1	_		traf2_binding_permissive	Motif		PPAEPNG	170	177	1	7					
sequence	hmm	20261001_8fb675cb	CAH3018848.1	_		traf2_binding_permissive	Motif		PTDNLLT	287	294	1	7					
sequence	hmm	20261001_8fb675cb	CAH3018848.1	_		traf2_binding_permissive	Motif		PKDNQSE	328	335	1	7					
sequence	hmm	20261001_8fb675cb	CAH3018849.1	_		traf6_binding_permissive	Motif		PDENFK	72	78	1	6					
sequence	hmm	20261001_8fb675cb	CAH3018849.1	_		traf6_binding_permissive	Motif		PAEKFL	334	340	1	6					
sequence	hmm	20261001_8fb675cb	CAH3018849.1	_		traf2_binding_strict	Motif		PEERT	214	219	1	5					
sequence	hmm	20261001_8fb675cb	CAH3018849.1	_		traf2_binding_variant	Motif		PEERT	214	219	1	5					
sequence	hmm	20261001_8fb675cb	CAH3018849.1	_		traf2_binding_permissive	Motif		PDPEERT	212	219	1	7					
sequence	hmm	20261001_8fb675cb	CAH3018849.1	_		traf2_binding_permissive	Motif		PLMQQHG	275	282	1	7					
sequence	hmm	20261001_8fb675cb	CAH3018850.1	_		traf6_binding_permissive	Motif		PTQQNV	200	206	1	6					
sequence	hmm	20261001_8fb675cb	CAH3018850.1	_		traf6_binding_permissive	Motif		PAEKFL	325	331	1	6					
sequence	hmm	20261001_8fb675cb	CAH3018850.1	_		traf2_binding_strict	Motif		PEQTT	167	172	1	5					
sequence	hmm	20261001_8fb675cb	CAH3018850.1	_		traf2_binding_strict	Motif		PEQTT	180	185	1	5					
sequence	hmm	20261001_8fb675cb	CAH3018850.1	_		traf2_binding_variant	Motif		PEQTT	167	172	1	5					
sequence	hmm	20261001_8fb675cb	CAH3018850.1	_		traf2_binding_variant	Motif		PEQTT	180	185	1	5					
sequence	hmm	20261001_8fb675cb	CAH3018850.1	_		traf2_binding_permissive	Motif		PFPEQTT	165	172	1	7					
sequence	hmm	20261001_8fb675cb	CAH3018850.1	_		traf2_binding_permissive	Motif		PEQTT	180	185	1	5					
sequence	hmm	20261001_8fb675cb	CAH3018850.1	_		traf2_binding_permissive	Motif		PSPNAGT	191	198	1	7					
sequence	hmm	20261001_8fb675cb	CAH3018850.1	_		traf2_binding_permissive	Motif		PEETMG	212	218	1	6					
sequence	hmm	20261001_8fb675cb	CAH3018851.1	_		traf6_binding_permissive	Motif		PPQQFW	21	27	1	6					
sequence	hmm	20261001_8fb675cb	CAH3018851.1	_		traf2_binding_permissive	Motif		PPAEPNG	180	187	1	7					
sequence	hmm	20261001_8fb675cb	CAH3018851.1	_		traf2_binding_permissive	Motif		PTDNLLT	297	304	1	7					
sequence	hmm	20261001_8fb675cb	CAH3018851.1	_		traf2_binding_permissive	Motif		PNDNQSG	338	345	1	7					
sequence	hmm	20261001_8fb675cb	CAH3018852.1	_		traf6_binding_permissive	Motif		PGEKFL	296	302	1	6					
sequence	hmm	20261001_8fb675cb	CAH3018852.1	_		traf2_binding_permissive	Motif		PEERPS	179	185	1	6					
sequence	hmm	20261001_8fb675cb	CAH3018852.1	_		traf2_binding_permissive	Motif		PLMQQRG	237	244	1	7					
sequence	hmm	20261001_8fb675cb	CAH3026433.1	_		traf6_binding_permissive	Motif		PDEAIV	71	77	1	6					
sequence	hmm	20261001_8fb675cb	CAH3026433.1	_		traf6_binding_permissive	Motif		PQQKYE	206	212	1	6					
sequence	hmm	20261001_8fb675cb	CAH3026433.1	_		traf6_binding_permissive	Motif		PVEQNH	230	236	1	6					
sequence	hmm	20261001_8fb675cb	CAH3026433.1	_		traf6_binding_permissive	Motif		PSQLAL	257	263	1	6					
sequence	hmm	20261001_8fb675cb	CAH3026433.1	_		traf6_binding_permissive	Motif		PLEIKI	296	302	1	6					
sequence	hmm	20261001_8fb675cb	CAH3026433.1	_		traf2_binding_variant	Motif		PGQGA	26	31	1	5					
sequence	hmm	20261001_8fb675cb	CAH3026433.1	_		traf2_binding_variant	Motif		PSQLA	257	262	1	5					
sequence	hmm	20261001_8fb675cb	CAH3026433.1	_		traf2_binding_permissive	Motif		PPGQGAT	25	32	1	7					
sequence	hmm	20261001_8fb675cb	CAH3026433.1	_		traf2_binding_permissive	Motif		PRSQVCS	130	137	1	7					
sequence	hmm	20261001_8fb675cb	CAH3026433.1	_		traf2_binding_permissive	Motif		PRKNNLA	181	188	1	7					
sequence	hmm	20261001_8fb675cb	CAH3026433.1	_		traf2_binding_permissive	Motif		PSHETTE	196	203	1	7					
sequence	hmm	20261001_8fb675cb	CAH3026433.1	_		traf2_binding_permissive	Motif		PQQKYE	206	212	1	6					
sequence	hmm	20261001_8fb675cb	CAH3026433.1	_		traf2_binding_permissive	Motif		PVEQNHG	230	237	1	7					
sequence	hmm	20261001_8fb675cb	CAH3026433.1	_		traf2_binding_permissive	Motif		PSQLA	257	262	1	5					
sequence	hmm	20261001_8fb675cb	CAH3026433.1	_		traf2_binding_permissive	Motif		PKSNYVS	341	348	1	7					
sequence	hmm	20261001_8fb675cb	CAH3026433.1	_		traf2_binding_permissive	Motif		PDKNKSS	478	485	1	7					
sequence	hmm	20261001_8fb675cb	CAH3026435.1	_		traf6_binding_permissive	Motif		PCELGK	74	80	1	6					
sequence	hmm	20261001_8fb675cb	CAH3026435.1	_		traf6_binding_permissive	Motif		PVQIRI	463	469	1	6					
sequence	hmm	20261001_8fb675cb	CAH3026435.1	_		traf6_binding_permissive	Motif		PTESPK	1054	1060	1	6					
sequence	hmm	20261001_8fb675cb	CAH3026435.1	_		traf6_binding_permissive	Motif		PGEPTR	1263	1269	1	6					
sequence	hmm	20261001_8fb675cb	CAH3026435.1	_		traf2_binding_strict	Motif		PQETT	1012	1017	1	5					
sequence	hmm	20261001_8fb675cb	CAH3026435.1	_		traf2_binding_strict	Motif		PGEPT	1263	1268	1	5					
sequence	hmm	20261001_8fb675cb	CAH3026435.1	_		traf2_binding_variant	Motif		PCELG	74	79	1	5					
sequence	hmm	20261001_8fb675cb	CAH3026435.1	_		traf2_binding_variant	Motif		PCNVT	249	254	1	5					
sequence	hmm	20261001_8fb675cb	CAH3026435.1	_		traf2_binding_variant	Motif		PQETT	1012	1017	1	5					
sequence	hmm	20261001_8fb675cb	CAH3026435.1	_		traf2_binding_variant	Motif		PENTT	1028	1033	1	5					
sequence	hmm	20261001_8fb675cb	CAH3026435.1	_		traf2_binding_variant	Motif		PGEPT	1263	1268	1	5					
sequence	hmm	20261001_8fb675cb	CAH3026435.1	_		traf2_binding_permissive	Motif		PCELG	74	79	1	5					
sequence	hmm	20261001_8fb675cb	CAH3026435.1	_		traf2_binding_permissive	Motif		PFYEQCD	152	159	1	7					
sequence	hmm	20261001_8fb675cb	CAH3026435.1	_		traf2_binding_permissive	Motif		PCNVT	249	254	1	5					
sequence	hmm	20261001_8fb675cb	CAH3026435.1	_		traf2_binding_permissive	Motif		PTVNVS	393	399	1	6					
sequence	hmm	20261001_8fb675cb	CAH3026435.1	_		traf2_binding_permissive	Motif		PALNQDE	438	445	1	7					
sequence	hmm	20261001_8fb675cb	CAH3026435.1	_		traf2_binding_permissive	Motif		PVVNES	830	836	1	6					
sequence	hmm	20261001_8fb675cb	CAH3026435.1	_		traf2_binding_permissive	Motif		PPGQGLS	880	887	1	7					
sequence	hmm	20261001_8fb675cb	CAH3026435.1	_		traf2_binding_permissive	Motif		PCIQGSS	903	910	1	7					
sequence	hmm	20261001_8fb675cb	CAH3026435.1	_		traf2_binding_permissive	Motif		PSPQETT	1010	1017	1	7					
sequence	hmm	20261001_8fb675cb	CAH3026435.1	_		traf2_binding_permissive	Motif		PENTTE	1028	1034	1	6					
sequence	hmm	20261001_8fb675cb	CAH3026435.1	_		traf2_binding_permissive	Motif		PADNQVG	1098	1105	1	7					
sequence	hmm	20261001_8fb675cb	CAH3026435.1	_		traf2_binding_permissive	Motif		PGEPT	1263	1268	1	5					
sequence	hmm	20261001_8fb675cb	CAH3026436.1	_		traf2_binding_permissive	Motif		PFQSLS	262	268	1	6					
sequence	hmm	20261001_8fb675cb	CAH3026436.1	_		traf2_binding_permissive	Motif		PAVEVT	273	279	1	6					
sequence	hmm	20261001_8fb675cb	CAH3026436.1	_		traf2_binding_permissive	Motif		PSRQLLE	450	457	1	7					
sequence	hmm	20261001_8fb675cb	CAH3026439.1	_		traf2_binding_variant	Motif		PCNYG	142	147	1	5					
sequence	hmm	20261001_8fb675cb	CAH3026439.1	_		traf2_binding_permissive	Motif		PCNYG	142	147	1	5					
sequence	hmm	20261001_8fb675cb	CAH3026439.1	_		traf2_binding_permissive	Motif		PTTNKRT	215	222	1	7					
sequence	hmm	20261001_8fb675cb	CAH3026439.1	_		traf2_binding_permissive	Motif		PFQSHS	251	257	1	6					
sequence	hmm	20261001_8fb675cb	CAH3026439.1	_		traf2_binding_permissive	Motif		PSRQLLE	452	459	1	7					
sequence	hmm	20261001_8fb675cb	CAH3026440.1	_		traf6_binding_permissive	Motif		PCQLGK	51	57	1	6					
sequence	hmm	20261001_8fb675cb	CAH3026440.1	_		traf2_binding_variant	Motif		PCQLG	51	56	1	5					
sequence	hmm	20261001_8fb675cb	CAH3026440.1	_		traf2_binding_permissive	Motif		PCQLG	51	56	1	5					
sequence	hmm	20261001_8fb675cb	CAH3026440.1	_		traf2_binding_permissive	Motif		PGKQVSA	167	174	1	7					
sequence	hmm	20261001_8fb675cb	CAH3026441.1	_		traf6_binding_permissive	Motif		PCQPSK	58	64	1	6					
sequence	hmm	20261001_8fb675cb	CAH3026441.1	_		traf6_binding_permissive	Motif		PSQEQL	267	273	1	6					
sequence	hmm	20261001_8fb675cb	CAH3026441.1	_		traf2_binding_strict	Motif		PCQPS	58	63	1	5					
sequence	hmm	20261001_8fb675cb	CAH3026441.1	_		traf2_binding_variant	Motif		PCQPS	58	63	1	5					
sequence	hmm	20261001_8fb675cb	CAH3026441.1	_		traf2_binding_variant	Motif		PTQLE	178	183	1	5					
sequence	hmm	20261001_8fb675cb	CAH3026441.1	_		traf2_binding_permissive	Motif		PCQPS	58	63	1	5					
sequence	hmm	20261001_8fb675cb	CAH3026441.1	_		traf2_binding_permissive	Motif		PTQLET	178	184	1	6					
sequence	hmm	20261001_8fb675cb	CAH3027045.1	_		traf6_binding_strict	Motif		PDEPTD	213	219	1	6					
sequence	hmm	20261001_8fb675cb	CAH3027045.1	_		traf6_binding_permissive	Motif		PQQRSL	68	74	1	6					
sequence	hmm	20261001_8fb675cb	CAH3027045.1	_		traf6_binding_permissive	Motif		PDEPTD	213	219	1	6					
sequence	hmm	20261001_8fb675cb	CAH3027045.1	_		traf2_binding_strict	Motif		PQQRS	68	73	1	5					
sequence	hmm	20261001_8fb675cb	CAH3027045.1	_		traf2_binding_strict	Motif		PDEPT	213	218	1	5					
sequence	hmm	20261001_8fb675cb	CAH3027045.1	_		traf2_binding_strict	Motif		PCEAT	624	629	1	5					
sequence	hmm	20261001_8fb675cb	CAH3027045.1	_		traf2_binding_variant	Motif		PLQTA	60	65	1	5					
sequence	hmm	20261001_8fb675cb	CAH3027045.1	_		traf2_binding_variant	Motif		PQQRS	68	73	1	5					
sequence	hmm	20261001_8fb675cb	CAH3027045.1	_		traf2_binding_variant	Motif		PDEPT	213	218	1	5					
sequence	hmm	20261001_8fb675cb	CAH3027045.1	_		traf2_binding_variant	Motif		PCEAT	624	629	1	5					
sequence	hmm	20261001_8fb675cb	CAH3027045.1	_		traf2_binding_permissive	Motif		PANELTE	2	9	1	7					
sequence	hmm	20261001_8fb675cb	CAH3027045.1	_		traf2_binding_permissive	Motif		PLQTAA	60	66	1	6					
sequence	hmm	20261001_8fb675cb	CAH3027045.1	_		traf2_binding_permissive	Motif		PQQRS	68	73	1	5					
sequence	hmm	20261001_8fb675cb	CAH3027045.1	_		traf2_binding_permissive	Motif		PSRQKTG	101	108	1	7					
sequence	hmm	20261001_8fb675cb	CAH3027045.1	_		traf2_binding_permissive	Motif		PDEPTD	213	219	1	6					
sequence	hmm	20261001_8fb675cb	CAH3027045.1	_		traf2_binding_permissive	Motif		PTGQFRS	313	320	1	7					
sequence	hmm	20261001_8fb675cb	CAH3027045.1	_		traf2_binding_permissive	Motif		PAEIKA	506	512	1	6					
sequence	hmm	20261001_8fb675cb	CAH3027045.1	_		traf2_binding_permissive	Motif		PKESCA	561	567	1	6					
sequence	hmm	20261001_8fb675cb	CAH3027045.1	_		traf2_binding_permissive	Motif		PCEAT	624	629	1	5					
sequence	hmm	20261001_8fb675cb	CAH3027046.1	_		traf2_binding_strict	Motif		PCEAT	334	339	1	5					
sequence	hmm	20261001_8fb675cb	CAH3027046.1	_		traf2_binding_variant	Motif		PCEAT	334	339	1	5					
sequence	hmm	20261001_8fb675cb	CAH3027046.1	_		traf2_binding_permissive	Motif		PTGQFRS	23	30	1	7					
sequence	hmm	20261001_8fb675cb	CAH3027046.1	_		traf2_binding_permissive	Motif		PAEIKA	216	222	1	6					
sequence	hmm	20261001_8fb675cb	CAH3027046.1	_		traf2_binding_permissive	Motif		PKESCA	271	277	1	6					
sequence	hmm	20261001_8fb675cb	CAH3027046.1	_		traf2_binding_permissive	Motif		PCEAT	334	339	1	5					
sequence	hmm	20261001_8fb675cb	CAH3027724.1	_		traf6_binding_permissive	Motif		PLEAII	627	633	1	6					
sequence	hmm	20261001_8fb675cb	CAH3027724.1	_		traf2_binding_variant	Motif		PGETG	389	394	1	5					
sequence	hmm	20261001_8fb675cb	CAH3027724.1	_		traf2_binding_permissive	Motif		PCPENE	123	129	1	6					
sequence	hmm	20261001_8fb675cb	CAH3027724.1	_		traf2_binding_permissive	Motif		PGETG	389	394	1	5					
sequence	hmm	20261001_8fb675cb	CAH3027724.1	_		traf2_binding_permissive	Motif		PTDESD	398	404	1	6					
sequence	hmm	20261001_8fb675cb	CAH3027724.1	_		traf2_binding_permissive	Motif		PHRQDAG	407	414	1	7					
sequence	hmm	20261001_8fb675cb	CAH3027724.1	_		traf2_binding_permissive	Motif		PADERT	460	466	1	6					
sequence	hmm	20261001_8fb675cb	CAH3030053.1	_		traf6_binding_permissive	Motif		PNEQTI	80	86	1	6					
sequence	hmm	20261001_8fb675cb	CAH3030053.1	_		traf2_binding_strict	Motif		PNEQT	80	85	1	5					
sequence	hmm	20261001_8fb675cb	CAH3030053.1	_		traf2_binding_variant	Motif		PNEQT	80	85	1	5					
sequence	hmm	20261001_8fb675cb	CAH3030053.1	_		traf2_binding_permissive	Motif		PNEQTIS	80	87	1	7					
sequence	hmm	20261001_8fb675cb	CAH3030053.1	_		traf2_binding_permissive	Motif		PRRNSTT	153	160	1	7					
sequence	hmm	20261001_8fb675cb	CAH3151599.1	_		traf6_binding_permissive	Motif		PSESLR	21	27	1	6					
sequence	hmm	20261001_8fb675cb	CAH3151599.1	_		traf6_binding_permissive	Motif		PSQIEL	116	122	1	6					
sequence	hmm	20261001_8fb675cb	CAH3151599.1	_		traf6_binding_permissive	Motif		PHQVTV	247	253	1	6					
sequence	hmm	20261001_8fb675cb	CAH3151599.1	_		traf2_binding_strict	Motif		PHQVT	247	252	1	5					
sequence	hmm	20261001_8fb675cb	CAH3151599.1	_		traf2_binding_strict	Motif		PEEAT	403	408	1	5					
sequence	hmm	20261001_8fb675cb	CAH3151599.1	_		traf2_binding_variant	Motif		PSQIE	116	121	1	5					
sequence	hmm	20261001_8fb675cb	CAH3151599.1	_		traf2_binding_variant	Motif		PHQVT	247	252	1	5					
sequence	hmm	20261001_8fb675cb	CAH3151599.1	_		traf2_binding_variant	Motif		PEEAT	403	408	1	5					
sequence	hmm	20261001_8fb675cb	CAH3151599.1	_		traf2_binding_permissive	Motif		PCSEDRG	70	77	1	7					
sequence	hmm	20261001_8fb675cb	CAH3151599.1	_		traf2_binding_permissive	Motif		PSQIE	116	121	1	5					
sequence	hmm	20261001_8fb675cb	CAH3151599.1	_		traf2_binding_permissive	Motif		PCLEDSD	162	169	1	7					
sequence	hmm	20261001_8fb675cb	CAH3151599.1	_		traf2_binding_permissive	Motif		PHQVT	247	252	1	5					
sequence	hmm	20261001_8fb675cb	CAH3151599.1	_		traf2_binding_permissive	Motif		PAQLRS	318	324	1	6					
sequence	hmm	20261001_8fb675cb	CAH3151599.1	_		traf2_binding_permissive	Motif		PQDENNG	347	354	1	7					
sequence	hmm	20261001_8fb675cb	CAH3151599.1	_		traf2_binding_permissive	Motif		PEEAT	403	408	1	5					
sequence	hmm	20261001_8fb675cb	CAH3157376.1	_		traf2_binding_variant	Motif		PSNSG	18	23	1	5					
sequence	hmm	20261001_8fb675cb	CAH3157376.1	_		traf2_binding_permissive	Motif		PSNSG	18	23	1	5					
sequence	hmm	20261001_8fb675cb	CAH3157384.1	_		traf6_binding_permissive	Motif		PCETCH	20	26	1	6					
sequence	hmm	20261001_8fb675cb	CAH3157384.1	_		traf6_binding_permissive	Motif		PKEGSK	359	365	1	6					
sequence	hmm	20261001_8fb675cb	CAH3157384.1	_		traf6_binding_permissive	Motif		PVQLRD	401	407	1	6					
sequence	hmm	20261001_8fb675cb	CAH3157384.1	_		traf2_binding_strict	Motif		PKEGS	359	364	1	5					
sequence	hmm	20261001_8fb675cb	CAH3157384.1	_		traf2_binding_variant	Motif		PKEGS	359	364	1	5					
sequence	hmm	20261001_8fb675cb	CAH3157384.1	_		traf2_binding_variant	Motif		PLNAG	493	498	1	5					
sequence	hmm	20261001_8fb675cb	CAH3157384.1	_		traf2_binding_permissive	Motif		PDKNCGS	136	143	1	7					
sequence	hmm	20261001_8fb675cb	CAH3157384.1	_		traf2_binding_permissive	Motif		PKEGS	359	364	1	5					
sequence	hmm	20261001_8fb675cb	CAH3157384.1	_		traf2_binding_permissive	Motif		PVQLRD	401	407	1	6					
sequence	hmm	20261001_8fb675cb	CAH3157384.1	_		traf2_binding_permissive	Motif		PLNAGD	493	499	1	6					
sequence	hmm	20261001_8fb675cb	CAH3177757.1	_		traf6_binding_permissive	Motif		PHECRR	42	48	1	6					
sequence	hmm	20261001_8fb675cb	CAH3177757.1	_		traf6_binding_permissive	Motif		PTQEIE	88	94	1	6					
sequence	hmm	20261001_8fb675cb	CAH3177757.1	_		traf2_binding_permissive	Motif		PYKNGQS	32	39	1	7					
sequence	hmm	20261001_8fb675cb	CAH3177757.1	_		traf2_binding_permissive	Motif		PTQEIE	88	94	1	6					
sequence	hmm	20261001_8fb675cb	CAH3179638.1	_		traf6_binding_strict	Motif		PQEPQE	193	199	1	6					
sequence	hmm	20261001_8fb675cb	CAH3179638.1	_		traf6_binding_strict	Motif		PQEPQE	199	205	1	6					
sequence	hmm	20261001_8fb675cb	CAH3179638.1	_		traf6_binding_permissive	Motif		PQEPQE	193	199	1	6					
sequence	hmm	20261001_8fb675cb	CAH3179638.1	_		traf6_binding_permissive	Motif		PQEPQE	199	205	1	6					
sequence	hmm	20261001_8fb675cb	CAH3179638.1	_		traf2_binding_strict	Motif		PEEAT	312	317	1	5					
sequence	hmm	20261001_8fb675cb	CAH3179638.1	_		traf2_binding_variant	Motif		PTNDT	115	120	1	5					
sequence	hmm	20261001_8fb675cb	CAH3179638.1	_		traf2_binding_variant	Motif		PEEAT	312	317	1	5					
sequence	hmm	20261001_8fb675cb	CAH3179638.1	_		traf2_binding_permissive	Motif		PCLECSS	60	67	1	7					
sequence	hmm	20261001_8fb675cb	CAH3179638.1	_		traf2_binding_permissive	Motif		PTNDT	115	120	1	5					
sequence	hmm	20261001_8fb675cb	CAH3179638.1	_		traf2_binding_permissive	Motif		PSKEEE	187	193	1	6					
sequence	hmm	20261001_8fb675cb	CAH3179638.1	_		traf2_binding_permissive	Motif		PQEPQE	193	199	1	6					
sequence	hmm	20261001_8fb675cb	CAH3179638.1	_		traf2_binding_permissive	Motif		PQEPQE	199	205	1	6					
sequence	hmm	20261001_8fb675cb	CAH3179638.1	_		traf2_binding_permissive	Motif		PQEAQG	205	211	1	6					
sequence	hmm	20261001_8fb675cb	CAH3179638.1	_		traf2_binding_permissive	Motif		PEEAT	312	317	1	5					
sequence	hmm	20261001_8fb675cb	CAH3179669.1	_		traf6_binding_strict	Motif		PEELTY	220	226	1	6					
sequence	hmm	20261001_8fb675cb	CAH3179669.1	_		traf6_binding_permissive	Motif		PMQYED	137	143	1	6					
sequence	hmm	20261001_8fb675cb	CAH3179669.1	_		traf6_binding_permissive	Motif		PEELTY	220	226	1	6					
sequence	hmm	20261001_8fb675cb	CAH3179669.1	_		traf2_binding_strict	Motif		PEELT	220	225	1	5					
sequence	hmm	20261001_8fb675cb	CAH3179669.1	_		traf2_binding_variant	Motif		PMQYE	137	142	1	5					
sequence	hmm	20261001_8fb675cb	CAH3179669.1	_		traf2_binding_variant	Motif		PGNCS	172	177	1	5					
sequence	hmm	20261001_8fb675cb	CAH3179669.1	_		traf2_binding_variant	Motif		PEELT	220	225	1	5					
sequence	hmm	20261001_8fb675cb	CAH3179669.1	_		traf2_binding_permissive	Motif		PPMQYED	136	143	1	7					
sequence	hmm	20261001_8fb675cb	CAH3179669.1	_		traf2_binding_permissive	Motif		PGNCS	172	177	1	5					
sequence	hmm	20261001_8fb675cb	CAH3179669.1	_		traf2_binding_permissive	Motif		PEELT	220	225	1	5					
sequence	hmm	20261001_8fb675cb	CAH3179669.1	_		traf2_binding_permissive	Motif		PLQSPT	269	275	1	6					
sequence	hmm	20261001_8fb675cb	CAH3179669.1	_		traf2_binding_permissive	Motif		PDSNIET	320	327	1	7					
sequence	hmm	20261001_8fb675cb	CAH3179669.1	_		traf2_binding_permissive	Motif		PTGQKIG	428	435	1	7					
sequence	hmm	20261001_8fb675cb	CAH3179669.1	_		traf2_binding_permissive	Motif		PVVQLDS	553	560	1	7					
sequence	hmm	20261001_8fb675cb	CAH3184979.1	_		traf2_binding_permissive	Motif		PFQSLS	259	265	1	6					
sequence	hmm	20261001_8fb675cb	CAH3184979.1	_		traf2_binding_permissive	Motif		PTPQTA	279	285	1	6					
sequence	hmm	20261001_8fb675cb	CAH3184979.1	_		traf2_binding_permissive	Motif		PSRQLLE	460	467	1	7					
sequence	hmm	20261001_8fb675cb	CAH3184981.1	_		traf6_binding_permissive	Motif		PVQIRI	417	423	1	6					
sequence	hmm	20261001_8fb675cb	CAH3184981.1	_		traf6_binding_permissive	Motif		PKEVLR	667	673	1	6					
sequence	hmm	20261001_8fb675cb	CAH3184981.1	_		traf6_binding_permissive	Motif		PGEPTK	1158	1164	1	6					
sequence	hmm	20261001_8fb675cb	CAH3184981.1	_		traf2_binding_strict	Motif		PGEPT	1158	1163	1	5					
sequence	hmm	20261001_8fb675cb	CAH3184981.1	_		traf2_binding_variant	Motif		PCNVT	203	208	1	5					
sequence	hmm	20261001_8fb675cb	CAH3184981.1	_		traf2_binding_variant	Motif		PSEEE	327	332	1	5					
sequence	hmm	20261001_8fb675cb	CAH3184981.1	_		traf2_binding_variant	Motif		PENTT	926	931	1	5					
sequence	hmm	20261001_8fb675cb	CAH3184981.1	_		traf2_binding_variant	Motif		PGEPT	1158	1163	1	5					
sequence	hmm	20261001_8fb675cb	CAH3184981.1	_		traf2_binding_permissive	Motif		PFYEQCD	106	113	1	7					
sequence	hmm	20261001_8fb675cb	CAH3184981.1	_		traf2_binding_permissive	Motif		PCNVT	203	208	1	5					
sequence	hmm	20261001_8fb675cb	CAH3184981.1	_		traf2_binding_permissive	Motif		PSEEEQE	327	334	1	7					
sequence	hmm	20261001_8fb675cb	CAH3184981.1	_		traf2_binding_permissive	Motif		PTVNVS	347	353	1	6					
sequence	hmm	20261001_8fb675cb	CAH3184981.1	_		traf2_binding_permissive	Motif		PALNQDE	392	399	1	7					
sequence	hmm	20261001_8fb675cb	CAH3184981.1	_		traf2_binding_permissive	Motif		PCSEGRS	801	808	1	7					
sequence	hmm	20261001_8fb675cb	CAH3184981.1	_		traf2_binding_permissive	Motif		PSPQET	908	914	1	6					
sequence	hmm	20261001_8fb675cb	CAH3184981.1	_		traf2_binding_permissive	Motif		PENTTE	926	932	1	6					
sequence	hmm	20261001_8fb675cb	CAH3184981.1	_		traf2_binding_permissive	Motif		PGEPT	1158	1163	1	5					
sequence	hmm	20261001_8fb675cb	CAH3184987.1	_		traf6_binding_strict	Motif		PGEYSD	64	70	1	6					
sequence	hmm	20261001_8fb675cb	CAH3184987.1	_		traf6_binding_permissive	Motif		PGEYSD	64	70	1	6					
sequence	hmm	20261001_8fb675cb	CAH3184987.1	_		traf6_binding_permissive	Motif		PDEEIV	84	90	1	6					
sequence	hmm	20261001_8fb675cb	CAH3184987.1	_		traf6_binding_permissive	Motif		PGQGVV	229	235	1	6					
sequence	hmm	20261001_8fb675cb	CAH3184987.1	_		traf6_binding_permissive	Motif		PFQTTE	358	364	1	6					
sequence	hmm	20261001_8fb675cb	CAH3184987.1	_		traf6_binding_permissive	Motif		PQQHEI	371	377	1	6					
sequence	hmm	20261001_8fb675cb	CAH3184987.1	_		traf6_binding_permissive	Motif		PFEVQI	465	471	1	6					
sequence	hmm	20261001_8fb675cb	CAH3184987.1	_		traf2_binding_strict	Motif		PGEYS	64	69	1	5					
sequence	hmm	20261001_8fb675cb	CAH3184987.1	_		traf2_binding_strict	Motif		PFQTT	358	363	1	5					
sequence	hmm	20261001_8fb675cb	CAH3184987.1	_		traf2_binding_variant	Motif		PGEYS	64	69	1	5					
sequence	hmm	20261001_8fb675cb	CAH3184987.1	_		traf2_binding_variant	Motif		PFQTT	358	363	1	5					
sequence	hmm	20261001_8fb675cb	CAH3184987.1	_		traf2_binding_variant	Motif		PQQHE	371	376	1	5					
sequence	hmm	20261001_8fb675cb	CAH3184987.1	_		traf2_binding_variant	Motif		PSNQT	662	667	1	5					
sequence	hmm	20261001_8fb675cb	CAH3184987.1	_		traf2_binding_permissive	Motif		PCRNTG	44	50	1	6					
sequence	hmm	20261001_8fb675cb	CAH3184987.1	_		traf2_binding_permissive	Motif		PGEYSD	64	70	1	6					
sequence	hmm	20261001_8fb675cb	CAH3184987.1	_		traf2_binding_permissive	Motif		PDEEIVA	84	91	1	7					
sequence	hmm	20261001_8fb675cb	CAH3184987.1	_		traf2_binding_permissive	Motif		PRSQTCS	143	150	1	7					
sequence	hmm	20261001_8fb675cb	CAH3184987.1	_		traf2_binding_permissive	Motif		PFQTTE	358	364	1	6					
sequence	hmm	20261001_8fb675cb	CAH3184987.1	_		traf2_binding_permissive	Motif		PQQHE	371	376	1	5					
sequence	hmm	20261001_8fb675cb	CAH3184987.1	_		traf2_binding_permissive	Motif		PAEQNTG	395	402	1	7					
sequence	hmm	20261001_8fb675cb	CAH3184987.1	_		traf2_binding_permissive	Motif		PKSNHVS	510	517	1	7					
sequence	hmm	20261001_8fb675cb	CAH3184987.1	_		traf2_binding_permissive	Motif		PTTNPG	643	649	1	6					
sequence	hmm	20261001_8fb675cb	CAH3184987.1	_		traf2_binding_permissive	Motif		PSNQT	662	667	1	5					
sequence	hmm	20261001_8fb675cb	CAH3187026.1	_		traf6_binding_permissive	Motif		PRERDL	328	334	1	6					
sequence	hmm	20261001_8fb675cb	CAH3187026.1	_		traf2_binding_variant	Motif		PRERD	328	333	1	5					
sequence	hmm	20261001_8fb675cb	CAH3187026.1	_		traf2_binding_variant	Motif		PYNQT	413	418	1	5					
sequence	hmm	20261001_8fb675cb	CAH3187026.1	_		traf2_binding_permissive	Motif		PTGQFRS	12	19	1	7					
sequence	hmm	20261001_8fb675cb	CAH3187026.1	_		traf2_binding_permissive	Motif		PHINSQE	87	94	1	7					
sequence	hmm	20261001_8fb675cb	CAH3187026.1	_		traf2_binding_permissive	Motif		PAEIKA	110	116	1	6					
sequence	hmm	20261001_8fb675cb	CAH3187026.1	_		traf2_binding_permissive	Motif		PRERD	328	333	1	5					
sequence	hmm	20261001_8fb675cb	CAH3187026.1	_		traf2_binding_permissive	Motif		PYNQT	413	418	1	5					
sequence	hmm	20261001_8fb675cb	CAH3189531.1	_		traf6_binding_permissive	Motif		PPQETF	25	31	1	6					
sequence	hmm	20261001_8fb675cb	CAH3189531.1	_		traf6_binding_permissive	Motif		PNEETI	144	150	1	6					
sequence	hmm	20261001_8fb675cb	CAH3189531.1	_		traf2_binding_strict	Motif		PPQET	25	30	1	5					
sequence	hmm	20261001_8fb675cb	CAH3189531.1	_		traf2_binding_strict	Motif		PNEET	144	149	1	5					
sequence	hmm	20261001_8fb675cb	CAH3189531.1	_		traf2_binding_variant	Motif		PPQET	25	30	1	5					
sequence	hmm	20261001_8fb675cb	CAH3189531.1	_		traf2_binding_variant	Motif		PNEET	144	149	1	5					
sequence	hmm	20261001_8fb675cb	CAH3189531.1	_		traf2_binding_permissive	Motif		PPQETFG	25	32	1	7					
sequence	hmm	20261001_8fb675cb	CAH3189531.1	_		traf2_binding_permissive	Motif		PNEETIS	144	151	1	7					
sequence	hmm	20261001_8fb675cb	CAH3189531.1	_		traf2_binding_permissive	Motif		PSNNNST	217	224	1	7					
sequence	hmm	20261001_8fb675cb	CAH3189531.1	_		traf2_binding_permissive	Motif		PTQVVS	300	306	1	6					
sequence	hmm	20261001_8fb675cb	CAH3191870.1	_		traf6_binding_strict	Motif		PVEETD	272	278	1	6					
sequence	hmm	20261001_8fb675cb	CAH3191870.1	_		traf6_binding_permissive	Motif		PGQSNE	245	251	1	6					
sequence	hmm	20261001_8fb675cb	CAH3191870.1	_		traf6_binding_permissive	Motif		PVEETD	272	278	1	6					
sequence	hmm	20261001_8fb675cb	CAH3191870.1	_		traf6_binding_permissive	Motif		PSQAYV	299	305	1	6					
sequence	hmm	20261001_8fb675cb	CAH3191870.1	_		traf2_binding_strict	Motif		PVEET	272	277	1	5					
sequence	hmm	20261001_8fb675cb	CAH3191870.1	_		traf2_binding_variant	Motif		PVEET	272	277	1	5					
sequence	hmm	20261001_8fb675cb	CAH3191870.1	_		traf2_binding_permissive	Motif		PLCQGND	3	10	1	7					
sequence	hmm	20261001_8fb675cb	CAH3191870.1	_		traf2_binding_permissive	Motif		PCCNDG	113	119	1	6					
sequence	hmm	20261001_8fb675cb	CAH3191870.1	_		traf2_binding_permissive	Motif		PGCQVPG	124	131	1	7					
sequence	hmm	20261001_8fb675cb	CAH3191870.1	_		traf2_binding_permissive	Motif		PTQHPT	160	166	1	6					
sequence	hmm	20261001_8fb675cb	CAH3191870.1	_		traf2_binding_permissive	Motif		PGQSNE	245	251	1	6					
sequence	hmm	20261001_8fb675cb	CAH3191870.1	_		traf2_binding_permissive	Motif		PVEETD	272	278	1	6					
sequence	hmm	20261001_8fb675cb	CAH3191872.1	_		traf2_binding_strict	Motif		PEQES	268	273	1	5					
sequence	hmm	20261001_8fb675cb	CAH3191872.1	_		traf2_binding_strict	Motif		PVEET	280	285	1	5					
sequence	hmm	20261001_8fb675cb	CAH3191872.1	_		traf2_binding_strict	Motif		PIQDS	290	295	1	5					
sequence	hmm	20261001_8fb675cb	CAH3191872.1	_		traf2_binding_variant	Motif		PEQES	268	273	1	5					
sequence	hmm	20261001_8fb675cb	CAH3191872.1	_		traf2_binding_variant	Motif		PVEET	280	285	1	5					
sequence	hmm	20261001_8fb675cb	CAH3191872.1	_		traf2_binding_variant	Motif		PIQDS	290	295	1	5					
sequence	hmm	20261001_8fb675cb	CAH3191872.1	_		traf2_binding_permissive	Motif		PDNDIT	23	29	1	6					
sequence	hmm	20261001_8fb675cb	CAH3191872.1	_		traf2_binding_permissive	Motif		PAGEGLS	42	49	1	7					
sequence	hmm	20261001_8fb675cb	CAH3191872.1	_		traf2_binding_permissive	Motif		PCDEYQE	86	93	1	7					
sequence	hmm	20261001_8fb675cb	CAH3191872.1	_		traf2_binding_permissive	Motif		PCCNDG	126	132	1	6					
sequence	hmm	20261001_8fb675cb	CAH3191872.1	_		traf2_binding_permissive	Motif		PTQHPT	172	178	1	6					
sequence	hmm	20261001_8fb675cb	CAH3191872.1	_		traf2_binding_permissive	Motif		PEQES	268	273	1	5					
sequence	hmm	20261001_8fb675cb	CAH3191872.1	_		traf2_binding_permissive	Motif		PVEET	280	285	1	5					
sequence	hmm	20261001_8fb675cb	CAH3191872.1	_		traf2_binding_permissive	Motif		PIQDS	290	295	1	5					
sequence	hmm	20261001_8fb675cb	CAH3192661.1	_		traf2_binding_permissive	Motif		PCSQPCG	47	54	1	7					
sequence	hmm	20261001_8fb675cb	CAH3192661.1	_		traf2_binding_permissive	Motif		PWNPPT	72	78	1	6					
sequence	hmm	20261001_8fb675cb	CAH3194202.1	_		traf2_binding_permissive	Motif		PRKQVST	160	167	1	7					
sequence	hmm	20261001_8fb675cb	CAH3194358.1	_		traf2_binding_permissive	Motif		PCSQPCG	99	106	1	7					
sequence	hmm	20261001_8fb675cb	CAH3038878.1	_		traf6_binding_strict	Motif		PVERAD	206	212	1	6					
sequence	hmm	20261001_8fb675cb	CAH3038878.1	_		traf6_binding_permissive	Motif		PVERAD	206	212	1	6					
sequence	hmm	20261001_8fb675cb	CAH3038878.1	_		traf2_binding_strict	Motif		PKQNT	174	179	1	5					
sequence	hmm	20261001_8fb675cb	CAH3038878.1	_		traf2_binding_strict	Motif		PCEAT	334	339	1	5					
sequence	hmm	20261001_8fb675cb	CAH3038878.1	_		traf2_binding_variant	Motif		PKQNT	174	179	1	5					
sequence	hmm	20261001_8fb675cb	CAH3038878.1	_		traf2_binding_variant	Motif		PVERA	206	211	1	5					
sequence	hmm	20261001_8fb675cb	CAH3038878.1	_		traf2_binding_variant	Motif		PCEAT	334	339	1	5					
sequence	hmm	20261001_8fb675cb	CAH3038878.1	_		traf2_binding_permissive	Motif		PTGQFRS	23	30	1	7					
sequence	hmm	20261001_8fb675cb	CAH3038878.1	_		traf2_binding_permissive	Motif		PKQNTT	174	180	1	6					
sequence	hmm	20261001_8fb675cb	CAH3038878.1	_		traf2_binding_permissive	Motif		PHINSQE	193	200	1	7					
sequence	hmm	20261001_8fb675cb	CAH3038878.1	_		traf2_binding_permissive	Motif		PVERAD	206	212	1	6					
sequence	hmm	20261001_8fb675cb	CAH3038878.1	_		traf2_binding_permissive	Motif		PAEIKA	216	222	1	6					
sequence	hmm	20261001_8fb675cb	CAH3038878.1	_		traf2_binding_permissive	Motif		PKESCA	271	277	1	6					
sequence	hmm	20261001_8fb675cb	CAH3038878.1	_		traf2_binding_permissive	Motif		PCEAT	334	339	1	5					
sequence	hmm	20261001_8fb675cb	CAH3038880.1	_		traf6_binding_permissive	Motif		PREREL	389	395	1	6					
sequence	hmm	20261001_8fb675cb	CAH3038880.1	_		traf2_binding_variant	Motif		PRERE	389	394	1	5					
sequence	hmm	20261001_8fb675cb	CAH3038880.1	_		traf2_binding_variant	Motif		PYNQT	522	527	1	5					
sequence	hmm	20261001_8fb675cb	CAH3038880.1	_		traf2_binding_permissive	Motif		PHINSQE	148	155	1	7					
sequence	hmm	20261001_8fb675cb	CAH3038880.1	_		traf2_binding_permissive	Motif		PANIKA	171	177	1	6					
sequence	hmm	20261001_8fb675cb	CAH3038880.1	_		traf2_binding_permissive	Motif		PRERE	389	394	1	5					
sequence	hmm	20261001_8fb675cb	CAH3038880.1	_		traf2_binding_permissive	Motif		PYNQT	522	527	1	5					
sequence	hmm	20261001_8fb675cb	CAH3038880.1	_		traf2_binding_permissive	Motif		PVLESRE	547	554	1	7					
sequence	hmm	20261001_8fb675cb	CAH3038882.1	_		traf6_binding_permissive	Motif		PREREL	252	258	1	6					
sequence	hmm	20261001_8fb675cb	CAH3038882.1	_		traf2_binding_variant	Motif		PRERE	252	257	1	5					
sequence	hmm	20261001_8fb675cb	CAH3038882.1	_		traf2_binding_variant	Motif		PYNQT	385	390	1	5					
sequence	hmm	20261001_8fb675cb	CAH3038882.1	_		traf2_binding_permissive	Motif		PHINSQE	51	58	1	7					
sequence	hmm	20261001_8fb675cb	CAH3038882.1	_		traf2_binding_permissive	Motif		PRERE	252	257	1	5					
sequence	hmm	20261001_8fb675cb	CAH3038882.1	_		traf2_binding_permissive	Motif		PYNQT	385	390	1	5					
sequence	hmm	20261001_8fb675cb	CAH3038882.1	_		traf2_binding_permissive	Motif		PVLESRE	410	417	1	7					
sequence	hmm	20261001_8fb675cb	CAH3038884.1	_		traf2_binding_permissive	Motif		PTGQFRS	23	30	1	7					
sequence	hmm	20261001_8fb675cb	CAH3041999.1	_		traf6_binding_permissive	Motif		PNEQTI	105	111	1	6					
sequence	hmm	20261001_8fb675cb	CAH3041999.1	_		traf2_binding_strict	Motif		PNEQT	105	110	1	5					
sequence	hmm	20261001_8fb675cb	CAH3041999.1	_		traf2_binding_variant	Motif		PNEQT	105	110	1	5					
sequence	hmm	20261001_8fb675cb	CAH3041999.1	_		traf2_binding_permissive	Motif		PNEQTIS	105	112	1	7					
sequence	hmm	20261001_8fb675cb	CAH3041999.1	_		traf2_binding_permissive	Motif		PRRNSTT	178	185	1	7					
sequence	hmm	20261001_8fb675cb	CAH3042015.1	_		traf6_binding_permissive	Motif		PNEETI	105	111	1	6					
sequence	hmm	20261001_8fb675cb	CAH3042015.1	_		traf2_binding_strict	Motif		PNEET	105	110	1	5					
sequence	hmm	20261001_8fb675cb	CAH3042015.1	_		traf2_binding_variant	Motif		PKETE	46	51	1	5					
sequence	hmm	20261001_8fb675cb	CAH3042015.1	_		traf2_binding_variant	Motif		PNEET	105	110	1	5					
sequence	hmm	20261001_8fb675cb	CAH3042015.1	_		traf2_binding_variant	Motif		PNQAG	194	199	1	5					
sequence	hmm	20261001_8fb675cb	CAH3042015.1	_		traf2_binding_permissive	Motif		PKETE	46	51	1	5					
sequence	hmm	20261001_8fb675cb	CAH3042015.1	_		traf2_binding_permissive	Motif		PNEETIS	105	112	1	7					
sequence	hmm	20261001_8fb675cb	CAH3042015.1	_		traf2_binding_permissive	Motif		PNQAGA	194	200	1	6					
sequence	hmm	20261001_8fb675cb	CAH3042015.1	_		traf2_binding_permissive	Motif		PTQVVS	261	267	1	6					
sequence	hmm	20261001_8fb675cb	CAH3042504.1	_		traf6_binding_strict	Motif		PQENDE	617	623	1	6					
sequence	hmm	20261001_8fb675cb	CAH3042504.1	_		traf6_binding_permissive	Motif		PIQEKY	176	182	1	6					
sequence	hmm	20261001_8fb675cb	CAH3042504.1	_		traf6_binding_permissive	Motif		PFETPR	582	588	1	6					
sequence	hmm	20261001_8fb675cb	CAH3042504.1	_		traf6_binding_permissive	Motif		PQENDE	617	623	1	6					
sequence	hmm	20261001_8fb675cb	CAH3042504.1	_		traf6_binding_permissive	Motif		PGQNLV	771	777	1	6					
sequence	hmm	20261001_8fb675cb	CAH3042504.1	_		traf6_binding_permissive	Motif		PGQIQR	937	943	1	6					
sequence	hmm	20261001_8fb675cb	CAH3042504.1	_		traf2_binding_strict	Motif		PSEGT	803	808	1	5					
sequence	hmm	20261001_8fb675cb	CAH3042504.1	_		traf2_binding_variant	Motif		PGNCS	168	173	1	5					
sequence	hmm	20261001_8fb675cb	CAH3042504.1	_		traf2_binding_variant	Motif		PWNKT	197	202	1	5					
sequence	hmm	20261001_8fb675cb	CAH3042504.1	_		traf2_binding_variant	Motif		PEETE	454	459	1	5					
sequence	hmm	20261001_8fb675cb	CAH3042504.1	_		traf2_binding_variant	Motif		PQEND	617	622	1	5					
sequence	hmm	20261001_8fb675cb	CAH3042504.1	_		traf2_binding_variant	Motif		PSEGT	803	808	1	5					
sequence	hmm	20261001_8fb675cb	CAH3042504.1	_		traf2_binding_variant	Motif		PLNSS	894	899	1	5					
sequence	hmm	20261001_8fb675cb	CAH3042504.1	_		traf2_binding_permissive	Motif		PAGQEPS	67	74	1	7					
sequence	hmm	20261001_8fb675cb	CAH3042504.1	_		traf2_binding_permissive	Motif		PGNCS	168	173	1	5					
sequence	hmm	20261001_8fb675cb	CAH3042504.1	_		traf2_binding_permissive	Motif		PWNKTS	197	203	1	6					
sequence	hmm	20261001_8fb675cb	CAH3042504.1	_		traf2_binding_permissive	Motif		PTNVLE	282	288	1	6					
sequence	hmm	20261001_8fb675cb	CAH3042504.1	_		traf2_binding_permissive	Motif		PENQRA	341	347	1	6					
sequence	hmm	20261001_8fb675cb	CAH3042504.1	_		traf2_binding_permissive	Motif		PEETE	454	459	1	5					
sequence	hmm	20261001_8fb675cb	CAH3042504.1	_		traf2_binding_permissive	Motif		PEVQLD	553	559	1	6					
sequence	hmm	20261001_8fb675cb	CAH3042504.1	_		traf2_binding_permissive	Motif		PQENDE	617	623	1	6					
sequence	hmm	20261001_8fb675cb	CAH3042504.1	_		traf2_binding_permissive	Motif		PVGQGLT	654	661	1	7					
sequence	hmm	20261001_8fb675cb	CAH3042504.1	_		traf2_binding_permissive	Motif		PSEGT	803	808	1	5					
sequence	hmm	20261001_8fb675cb	CAH3042504.1	_		traf2_binding_permissive	Motif		PRDENVG	875	882	1	7					
sequence	hmm	20261001_8fb675cb	CAH3042504.1	_		traf2_binding_permissive	Motif		PLNSS	894	899	1	5					
sequence	hmm	20261001_8fb675cb	CAH3042504.1	_		traf2_binding_permissive	Motif		PDVNYKD	1083	1090	1	7					
sequence	hmm	20261001_8fb675cb	CAH3042512.1	_		traf6_binding_strict	Motif		PEEPTY	216	222	1	6					
sequence	hmm	20261001_8fb675cb	CAH3042512.1	_		traf6_binding_permissive	Motif		PMQYED	133	139	1	6					
sequence	hmm	20261001_8fb675cb	CAH3042512.1	_		traf6_binding_permissive	Motif		PEEPTY	216	222	1	6					
sequence	hmm	20261001_8fb675cb	CAH3042512.1	_		traf2_binding_strict	Motif		PEEPT	216	221	1	5					
sequence	hmm	20261001_8fb675cb	CAH3042512.1	_		traf2_binding_variant	Motif		PMQYE	133	138	1	5					
sequence	hmm	20261001_8fb675cb	CAH3042512.1	_		traf2_binding_variant	Motif		PGNCS	168	173	1	5					
sequence	hmm	20261001_8fb675cb	CAH3042512.1	_		traf2_binding_variant	Motif		PEEPT	216	221	1	5					
sequence	hmm	20261001_8fb675cb	CAH3042512.1	_		traf2_binding_permissive	Motif		PPMQYED	132	139	1	7					
sequence	hmm	20261001_8fb675cb	CAH3042512.1	_		traf2_binding_permissive	Motif		PGNCS	168	173	1	5					
sequence	hmm	20261001_8fb675cb	CAH3042512.1	_		traf2_binding_permissive	Motif		PEEPT	216	221	1	5					
sequence	hmm	20261001_8fb675cb	CAH3042512.1	_		traf2_binding_permissive	Motif		PLQSPT	265	271	1	6					
sequence	hmm	20261001_8fb675cb	CAH3042512.1	_		traf2_binding_permissive	Motif		PTGQKIG	424	431	1	7					
sequence	hmm	20261001_8fb675cb	CAH3042512.1	_		traf2_binding_permissive	Motif		PVVQLDS	549	556	1	7					
sequence	hmm	20261001_8fb675cb	CAH3104966.1	_		traf6_binding_permissive	Motif		PSESSR	26	32	1	6					
sequence	hmm	20261001_8fb675cb	CAH3104966.1	_		traf6_binding_permissive	Motif		PSQIEL	111	117	1	6					
sequence	hmm	20261001_8fb675cb	CAH3104966.1	_		traf6_binding_permissive	Motif		PQQVIV	242	248	1	6					
sequence	hmm	20261001_8fb675cb	CAH3104966.1	_		traf2_binding_strict	Motif		PSESS	26	31	1	5					
sequence	hmm	20261001_8fb675cb	CAH3104966.1	_		traf2_binding_strict	Motif		PEEAT	398	403	1	5					
sequence	hmm	20261001_8fb675cb	CAH3104966.1	_		traf2_binding_variant	Motif		PSESS	26	31	1	5					
sequence	hmm	20261001_8fb675cb	CAH3104966.1	_		traf2_binding_variant	Motif		PSQIE	111	116	1	5					
sequence	hmm	20261001_8fb675cb	CAH3104966.1	_		traf2_binding_variant	Motif		PEEAT	398	403	1	5					
sequence	hmm	20261001_8fb675cb	CAH3104966.1	_		traf2_binding_permissive	Motif		PSESS	26	31	1	5					
sequence	hmm	20261001_8fb675cb	CAH3104966.1	_		traf2_binding_permissive	Motif		PCTEDRG	75	82	1	7					
sequence	hmm	20261001_8fb675cb	CAH3104966.1	_		traf2_binding_permissive	Motif		PSQIE	111	116	1	5					
sequence	hmm	20261001_8fb675cb	CAH3104966.1	_		traf2_binding_permissive	Motif		PAQLRS	313	319	1	6					
sequence	hmm	20261001_8fb675cb	CAH3104966.1	_		traf2_binding_permissive	Motif		PQDENNG	342	349	1	7					
sequence	hmm	20261001_8fb675cb	CAH3104966.1	_		traf2_binding_permissive	Motif		PEEAT	398	403	1	5					
sequence	hmm	20261001_8fb675cb	CAH3104969.1	_		traf6_binding_strict	Motif		PQEPQE	208	214	1	6					
sequence	hmm	20261001_8fb675cb	CAH3104969.1	_		traf6_binding_permissive	Motif		PQEPQE	208	214	1	6					
sequence	hmm	20261001_8fb675cb	CAH3104969.1	_		traf6_binding_permissive	Motif		PEEKGI	269	275	1	6					
sequence	hmm	20261001_8fb675cb	CAH3104969.1	_		traf2_binding_strict	Motif		PEEAT	351	356	1	5					
sequence	hmm	20261001_8fb675cb	CAH3104969.1	_		traf2_binding_variant	Motif		PPNKE	201	206	1	5					
sequence	hmm	20261001_8fb675cb	CAH3104969.1	_		traf2_binding_variant	Motif		PEEKG	269	274	1	5					
sequence	hmm	20261001_8fb675cb	CAH3104969.1	_		traf2_binding_variant	Motif		PEEAT	351	356	1	5					
sequence	hmm	20261001_8fb675cb	CAH3104969.1	_		traf2_binding_permissive	Motif		PCSECS	71	77	1	6					
sequence	hmm	20261001_8fb675cb	CAH3104969.1	_		traf2_binding_permissive	Motif		PPNKEE	201	207	1	6					
sequence	hmm	20261001_8fb675cb	CAH3104969.1	_		traf2_binding_permissive	Motif		PQEPQE	208	214	1	6					
sequence	hmm	20261001_8fb675cb	CAH3104969.1	_		traf2_binding_permissive	Motif		PPEEKG	268	274	1	6					
sequence	hmm	20261001_8fb675cb	CAH3104969.1	_		traf2_binding_permissive	Motif		PEEAT	351	356	1	5					
sequence	hmm	20261001_8fb675cb	CAH3115421.1	_		traf6_binding_permissive	Motif		PEEKQK	286	292	1	6					
sequence	hmm	20261001_8fb675cb	CAH3115421.1	_		traf6_binding_permissive	Motif		PVQLRD	410	416	1	6					
sequence	hmm	20261001_8fb675cb	CAH3115421.1	_		traf2_binding_variant	Motif		PSNAG	502	507	1	5					
sequence	hmm	20261001_8fb675cb	CAH3115421.1	_		traf2_binding_permissive	Motif		PDRNCGS	158	165	1	7					
sequence	hmm	20261001_8fb675cb	CAH3115421.1	_		traf2_binding_permissive	Motif		PEEQRNG	216	223	1	7					
sequence	hmm	20261001_8fb675cb	CAH3115421.1	_		traf2_binding_permissive	Motif		PKSQTA	363	369	1	6					
sequence	hmm	20261001_8fb675cb	CAH3115421.1	_		traf2_binding_permissive	Motif		PVQLRD	410	416	1	6					
sequence	hmm	20261001_8fb675cb	CAH3115421.1	_		traf2_binding_permissive	Motif		PSNAGD	502	508	1	6					
sequence	hmm	20261001_8fb675cb	CAH3124032.1	_		traf6_binding_strict	Motif		PVEETD	272	278	1	6					
sequence	hmm	20261001_8fb675cb	CAH3124032.1	_		traf6_binding_permissive	Motif		PGQINE	245	251	1	6					
sequence	hmm	20261001_8fb675cb	CAH3124032.1	_		traf6_binding_permissive	Motif		PVEETD	272	278	1	6					
sequence	hmm	20261001_8fb675cb	CAH3124032.1	_		traf6_binding_permissive	Motif		PSQAYV	299	305	1	6					
sequence	hmm	20261001_8fb675cb	CAH3124032.1	_		traf2_binding_strict	Motif		PVEET	272	277	1	5					
sequence	hmm	20261001_8fb675cb	CAH3124032.1	_		traf2_binding_variant	Motif		PVEET	272	277	1	5					
sequence	hmm	20261001_8fb675cb	CAH3124032.1	_		traf2_binding_permissive	Motif		PAGEGLS	29	36	1	7					
sequence	hmm	20261001_8fb675cb	CAH3124032.1	_		traf2_binding_permissive	Motif		PCCNDG	113	119	1	6					
sequence	hmm	20261001_8fb675cb	CAH3124032.1	_		traf2_binding_permissive	Motif		PTQHPT	159	165	1	6					
sequence	hmm	20261001_8fb675cb	CAH3124032.1	_		traf2_binding_permissive	Motif		PGQINE	245	251	1	6					
sequence	hmm	20261001_8fb675cb	CAH3124032.1	_		traf2_binding_permissive	Motif		PVEETD	272	278	1	6					
sequence	hmm	20261001_8fb675cb	CAH3127317.1	_		traf6_binding_permissive	Motif		PQQKNE	206	212	1	6					
sequence	hmm	20261001_8fb675cb	CAH3127317.1	_		traf6_binding_permissive	Motif		PLEIKI	296	302	1	6					
sequence	hmm	20261001_8fb675cb	CAH3127317.1	_		traf2_binding_variant	Motif		PGQGA	26	31	1	5					
sequence	hmm	20261001_8fb675cb	CAH3127317.1	_		traf2_binding_permissive	Motif		PPGQGAT	25	32	1	7					
sequence	hmm	20261001_8fb675cb	CAH3127317.1	_		traf2_binding_permissive	Motif		PDEAIA	71	77	1	6					
sequence	hmm	20261001_8fb675cb	CAH3127317.1	_		traf2_binding_permissive	Motif		PRSQVCS	130	137	1	7					
sequence	hmm	20261001_8fb675cb	CAH3127317.1	_		traf2_binding_permissive	Motif		PRKNNLA	181	188	1	7					
sequence	hmm	20261001_8fb675cb	CAH3127317.1	_		traf2_binding_permissive	Motif		PSHETTE	196	203	1	7					
sequence	hmm	20261001_8fb675cb	CAH3127317.1	_		traf2_binding_permissive	Motif		PQQKNE	206	212	1	6					
sequence	hmm	20261001_8fb675cb	CAH3127317.1	_		traf2_binding_permissive	Motif		PVEQNPG	230	237	1	7					
sequence	hmm	20261001_8fb675cb	CAH3127317.1	_		traf2_binding_permissive	Motif		PKSNYIS	341	348	1	7					
sequence	hmm	20261001_8fb675cb	CAH3127323.1	_		traf6_binding_permissive	Motif		PCELGK	74	80	1	6					
sequence	hmm	20261001_8fb675cb	CAH3127323.1	_		traf6_binding_permissive	Motif		PVQIRI	463	469	1	6					
sequence	hmm	20261001_8fb675cb	CAH3127323.1	_		traf2_binding_variant	Motif		PCELG	74	79	1	5					
sequence	hmm	20261001_8fb675cb	CAH3127323.1	_		traf2_binding_variant	Motif		PCNVT	249	254	1	5					
sequence	hmm	20261001_8fb675cb	CAH3127323.1	_		traf2_binding_variant	Motif		PSEEE	373	378	1	5					
sequence	hmm	20261001_8fb675cb	CAH3127323.1	_		traf2_binding_permissive	Motif		PCELG	74	79	1	5					
sequence	hmm	20261001_8fb675cb	CAH3127323.1	_		traf2_binding_permissive	Motif		PFYEQCD	152	159	1	7					
sequence	hmm	20261001_8fb675cb	CAH3127323.1	_		traf2_binding_permissive	Motif		PCNVT	249	254	1	5					
sequence	hmm	20261001_8fb675cb	CAH3127323.1	_		traf2_binding_permissive	Motif		PSEEEQE	373	380	1	7					
sequence	hmm	20261001_8fb675cb	CAH3127323.1	_		traf2_binding_permissive	Motif		PTVNVS	393	399	1	6					
sequence	hmm	20261001_8fb675cb	CAH3127323.1	_		traf2_binding_permissive	Motif		PALNQDE	438	445	1	7					
sequence	hmm	20261001_8fb675cb	CAH3127328.1	_		traf2_binding_permissive	Motif		PFQSLS	260	266	1	6					
sequence	hmm	20261001_8fb675cb	CAH3127328.1	_		traf2_binding_permissive	Motif		PTHQTA	280	286	1	6					
sequence	hmm	20261001_8fb675cb	CAH3127328.1	_		traf2_binding_permissive	Motif		PSRQLLE	461	468	1	7					
sequence	hmm	20261001_8fb675cb	CAH3127332.1	_		traf6_binding_strict	Motif		PGEYSD	70	76	1	6					
sequence	hmm	20261001_8fb675cb	CAH3127332.1	_		traf6_binding_permissive	Motif		PGEYSD	70	76	1	6					
sequence	hmm	20261001_8fb675cb	CAH3127332.1	_		traf6_binding_permissive	Motif		PDEEIV	90	96	1	6					
sequence	hmm	20261001_8fb675cb	CAH3127332.1	_		traf6_binding_permissive	Motif		PGQGVV	235	241	1	6					
sequence	hmm	20261001_8fb675cb	CAH3127332.1	_		traf6_binding_permissive	Motif		PVQTTE	365	371	1	6					
sequence	hmm	20261001_8fb675cb	CAH3127332.1	_		traf6_binding_permissive	Motif		PQQHEI	378	384	1	6					
sequence	hmm	20261001_8fb675cb	CAH3127332.1	_		traf6_binding_permissive	Motif		PFEVQI	472	478	1	6					
sequence	hmm	20261001_8fb675cb	CAH3127332.1	_		traf2_binding_strict	Motif		PGEYS	70	75	1	5					
sequence	hmm	20261001_8fb675cb	CAH3127332.1	_		traf2_binding_strict	Motif		PVQTT	365	370	1	5					
sequence	hmm	20261001_8fb675cb	CAH3127332.1	_		traf2_binding_variant	Motif		PGEYS	70	75	1	5					
sequence	hmm	20261001_8fb675cb	CAH3127332.1	_		traf2_binding_variant	Motif		PVQTT	365	370	1	5					
sequence	hmm	20261001_8fb675cb	CAH3127332.1	_		traf2_binding_variant	Motif		PQQHE	378	383	1	5					
sequence	hmm	20261001_8fb675cb	CAH3127332.1	_		traf2_binding_variant	Motif		PSNQT	669	674	1	5					
sequence	hmm	20261001_8fb675cb	CAH3127332.1	_		traf2_binding_permissive	Motif		PCRNTD	50	56	1	6					
sequence	hmm	20261001_8fb675cb	CAH3127332.1	_		traf2_binding_permissive	Motif		PGEYSD	70	76	1	6					
sequence	hmm	20261001_8fb675cb	CAH3127332.1	_		traf2_binding_permissive	Motif		PDEEIVA	90	97	1	7					
sequence	hmm	20261001_8fb675cb	CAH3127332.1	_		traf2_binding_permissive	Motif		PRSQTCS	149	156	1	7					
sequence	hmm	20261001_8fb675cb	CAH3127332.1	_		traf2_binding_permissive	Motif		PVQTTE	365	371	1	6					
sequence	hmm	20261001_8fb675cb	CAH3127332.1	_		traf2_binding_permissive	Motif		PQQHE	378	383	1	5					
sequence	hmm	20261001_8fb675cb	CAH3127332.1	_		traf2_binding_permissive	Motif		PAEQNTG	402	409	1	7					
sequence	hmm	20261001_8fb675cb	CAH3127332.1	_		traf2_binding_permissive	Motif		PTTNPG	650	656	1	6					
sequence	hmm	20261001_8fb675cb	CAH3127332.1	_		traf2_binding_permissive	Motif		PSNQT	669	674	1	5					
sequence	hmm	20261001_8fb675cb	CAH3127340.1	_		traf6_binding_permissive	Motif		PVQIRI	453	459	1	6					
sequence	hmm	20261001_8fb675cb	CAH3127340.1	_		traf2_binding_variant	Motif		PCNVT	239	244	1	5					
sequence	hmm	20261001_8fb675cb	CAH3127340.1	_		traf2_binding_variant	Motif		PSEEE	363	368	1	5					
sequence	hmm	20261001_8fb675cb	CAH3127340.1	_		traf2_binding_variant	Motif		PENTT	962	967	1	5					
sequence	hmm	20261001_8fb675cb	CAH3127340.1	_		traf2_binding_permissive	Motif		PFYEQCD	142	149	1	7					
sequence	hmm	20261001_8fb675cb	CAH3127340.1	_		traf2_binding_permissive	Motif		PCNVT	239	244	1	5					
sequence	hmm	20261001_8fb675cb	CAH3127340.1	_		traf2_binding_permissive	Motif		PSEEEQE	363	370	1	7					
sequence	hmm	20261001_8fb675cb	CAH3127340.1	_		traf2_binding_permissive	Motif		PTVNVS	383	389	1	6					
sequence	hmm	20261001_8fb675cb	CAH3127340.1	_		traf2_binding_permissive	Motif		PASNQDE	428	435	1	7					
sequence	hmm	20261001_8fb675cb	CAH3127340.1	_		traf2_binding_permissive	Motif		PCSEGRS	837	844	1	7					
sequence	hmm	20261001_8fb675cb	CAH3127340.1	_		traf2_binding_permissive	Motif		PSPQET	944	950	1	6					
sequence	hmm	20261001_8fb675cb	CAH3127340.1	_		traf2_binding_permissive	Motif		PENTTE	962	968	1	6					
sequence	hmm	20261001_8fb675cb	CAH3127340.1	_		traf2_binding_permissive	Motif		PADNQVG	1032	1039	1	7					
sequence	hmm	20261001_8fb675cb	CAH3127343.1	_		traf2_binding_permissive	Motif		PFQSLS	260	266	1	6					
sequence	hmm	20261001_8fb675cb	CAH3127343.1	_		traf2_binding_permissive	Motif		PTPQTA	280	286	1	6					
sequence	hmm	20261001_8fb675cb	CAH3127343.1	_		traf2_binding_permissive	Motif		PSRQLLE	461	468	1	7					
sequence	hmm	20261001_8fb675cb	CAH3127364.1	_		traf2_binding_strict	Motif		PEQES	269	274	1	5					
sequence	hmm	20261001_8fb675cb	CAH3127364.1	_		traf2_binding_strict	Motif		PVEET	281	286	1	5					
sequence	hmm	20261001_8fb675cb	CAH3127364.1	_		traf2_binding_strict	Motif		PIQDS	291	296	1	5					
sequence	hmm	20261001_8fb675cb	CAH3127364.1	_		traf2_binding_variant	Motif		PEQES	269	274	1	5					
sequence	hmm	20261001_8fb675cb	CAH3127364.1	_		traf2_binding_variant	Motif		PVEET	281	286	1	5					
sequence	hmm	20261001_8fb675cb	CAH3127364.1	_		traf2_binding_variant	Motif		PIQDS	291	296	1	5					
sequence	hmm	20261001_8fb675cb	CAH3127364.1	_		traf2_binding_permissive	Motif		PFCQDND	20	27	1	7					
sequence	hmm	20261001_8fb675cb	CAH3127364.1	_		traf2_binding_permissive	Motif		PAGEGLS	42	49	1	7					
sequence	hmm	20261001_8fb675cb	CAH3127364.1	_		traf2_binding_permissive	Motif		PCDEYQE	86	93	1	7					
sequence	hmm	20261001_8fb675cb	CAH3127364.1	_		traf2_binding_permissive	Motif		PCCNDS	126	132	1	6					
sequence	hmm	20261001_8fb675cb	CAH3127364.1	_		traf2_binding_permissive	Motif		PTQRPT	172	178	1	6					
sequence	hmm	20261001_8fb675cb	CAH3127364.1	_		traf2_binding_permissive	Motif		PEQES	269	274	1	5					
sequence	hmm	20261001_8fb675cb	CAH3127364.1	_		traf2_binding_permissive	Motif		PVEET	281	286	1	5					
sequence	hmm	20261001_8fb675cb	CAH3127364.1	_		traf2_binding_permissive	Motif		PIQDS	291	296	1	5					
sequence	hmm	20261001_8fb675cb	CAH3150266.1	_		traf6_binding_permissive	Motif		PLEAII	628	634	1	6					
sequence	hmm	20261001_8fb675cb	CAH3150266.1	_		traf2_binding_strict	Motif		PIQHS	286	291	1	5					
sequence	hmm	20261001_8fb675cb	CAH3150266.1	_		traf2_binding_variant	Motif		PIQHS	286	291	1	5					
sequence	hmm	20261001_8fb675cb	CAH3150266.1	_		traf2_binding_variant	Motif		PGETG	390	395	1	5					
sequence	hmm	20261001_8fb675cb	CAH3150266.1	_		traf2_binding_permissive	Motif		PCPENE	123	129	1	6					
sequence	hmm	20261001_8fb675cb	CAH3150266.1	_		traf2_binding_permissive	Motif		PIQHST	286	292	1	6					
sequence	hmm	20261001_8fb675cb	CAH3150266.1	_		traf2_binding_permissive	Motif		PGETG	390	395	1	5					
sequence	hmm	20261001_8fb675cb	CAH3150266.1	_		traf2_binding_permissive	Motif		PTDESD	399	405	1	6					
sequence	hmm	20261001_8fb675cb	CAH3150266.1	_		traf2_binding_permissive	Motif		PHRQDAG	408	415	1	7					
sequence	hmm	20261001_8fb675cb	CAH3150266.1	_		traf2_binding_permissive	Motif		PADERT	461	467	1	6					
sequence	hmm	20261001_8fb675cb	CAH3162252.1	_		traf6_binding_permissive	Motif		PVEIIL	585	591	1	6					
sequence	hmm	20261001_8fb675cb	CAH3162252.1	_		traf6_binding_permissive	Motif		PSEKEK	624	630	1	6					
sequence	hmm	20261001_8fb675cb	CAH3162252.1	_		traf6_binding_permissive	Motif		PEELAK	732	738	1	6					
sequence	hmm	20261001_8fb675cb	CAH3162252.1	_		traf2_binding_variant	Motif		PQNAT	74	79	1	5					
sequence	hmm	20261001_8fb675cb	CAH3162252.1	_		traf2_binding_variant	Motif		PENQE	368	373	1	5					
sequence	hmm	20261001_8fb675cb	CAH3162252.1	_		traf2_binding_variant	Motif		PMNWE	617	622	1	5					
sequence	hmm	20261001_8fb675cb	CAH3162252.1	_		traf2_binding_variant	Motif		PSEKE	624	629	1	5					
sequence	hmm	20261001_8fb675cb	CAH3162252.1	_		traf2_binding_variant	Motif		PEELA	732	737	1	5					
sequence	hmm	20261001_8fb675cb	CAH3162252.1	_		traf2_binding_permissive	Motif		PQNAT	74	79	1	5					
sequence	hmm	20261001_8fb675cb	CAH3162252.1	_		traf2_binding_permissive	Motif		PGSEVE	131	137	1	6					
sequence	hmm	20261001_8fb675cb	CAH3162252.1	_		traf2_binding_permissive	Motif		PDVQAT	264	270	1	6					
sequence	hmm	20261001_8fb675cb	CAH3162252.1	_		traf2_binding_permissive	Motif		PSTNSGG	277	284	1	7					
sequence	hmm	20261001_8fb675cb	CAH3162252.1	_		traf2_binding_permissive	Motif		PAFQLSS	323	330	1	7					
sequence	hmm	20261001_8fb675cb	CAH3162252.1	_		traf2_binding_permissive	Motif		PVPENQE	366	373	1	7					
sequence	hmm	20261001_8fb675cb	CAH3162252.1	_		traf2_binding_permissive	Motif		PMNWE	617	622	1	5					
sequence	hmm	20261001_8fb675cb	CAH3162252.1	_		traf2_binding_permissive	Motif		PSEKE	624	629	1	5					
sequence	hmm	20261001_8fb675cb	CAH3162252.1	_		traf2_binding_permissive	Motif		PEELA	732	737	1	5					
sequence	hmm	20261001_8fb675cb	CAH3162252.1	_		traf2_binding_permissive	Motif		PEEART	910	916	1	6					
sequence	hmm	20261001_8fb675cb	CAH3162254.1	_		traf6_binding_permissive	Motif		PTQLTH	387	393	1	6					
sequence	hmm	20261001_8fb675cb	CAH3162254.1	_		traf6_binding_permissive	Motif		PVEIIL	501	507	1	6					
sequence	hmm	20261001_8fb675cb	CAH3162254.1	_		traf6_binding_permissive	Motif		PSEREK	540	546	1	6					
sequence	hmm	20261001_8fb675cb	CAH3162254.1	_		traf6_binding_permissive	Motif		PEELAK	648	654	1	6					
sequence	hmm	20261001_8fb675cb	CAH3162254.1	_		traf2_binding_strict	Motif		PTQLT	387	392	1	5					
sequence	hmm	20261001_8fb675cb	CAH3162254.1	_		traf2_binding_variant	Motif		PQNAT	14	19	1	5					
sequence	hmm	20261001_8fb675cb	CAH3162254.1	_		traf2_binding_variant	Motif		PTQLT	387	392	1	5					
sequence	hmm	20261001_8fb675cb	CAH3162254.1	_		traf2_binding_variant	Motif		PMNWE	533	538	1	5					
sequence	hmm	20261001_8fb675cb	CAH3162254.1	_		traf2_binding_variant	Motif		PSERE	540	545	1	5					
sequence	hmm	20261001_8fb675cb	CAH3162254.1	_		traf2_binding_variant	Motif		PEELA	648	653	1	5					
sequence	hmm	20261001_8fb675cb	CAH3162254.1	_		traf2_binding_permissive	Motif		PQNAT	14	19	1	5					
sequence	hmm	20261001_8fb675cb	CAH3162254.1	_		traf2_binding_permissive	Motif		PGSEVE	71	77	1	6					
sequence	hmm	20261001_8fb675cb	CAH3162254.1	_		traf2_binding_permissive	Motif		PDVQAT	184	190	1	6					
sequence	hmm	20261001_8fb675cb	CAH3162254.1	_		traf2_binding_permissive	Motif		PSTNSGE	197	204	1	7					
sequence	hmm	20261001_8fb675cb	CAH3162254.1	_		traf2_binding_permissive	Motif		PAFQLSS	241	248	1	7					
sequence	hmm	20261001_8fb675cb	CAH3162254.1	_		traf2_binding_permissive	Motif		PLPESQE	284	291	1	7					
sequence	hmm	20261001_8fb675cb	CAH3162254.1	_		traf2_binding_permissive	Motif		PTQLT	387	392	1	5					
sequence	hmm	20261001_8fb675cb	CAH3162254.1	_		traf2_binding_permissive	Motif		PYPQYLT	418	425	1	7					
sequence	hmm	20261001_8fb675cb	CAH3162254.1	_		traf2_binding_permissive	Motif		PMNWE	533	538	1	5					
sequence	hmm	20261001_8fb675cb	CAH3162254.1	_		traf2_binding_permissive	Motif		PSERE	540	545	1	5					
sequence	hmm	20261001_8fb675cb	CAH3162254.1	_		traf2_binding_permissive	Motif		PEELA	648	653	1	5					
sequence	hmm	20261001_8fb675cb	CAH3162254.1	_		traf2_binding_permissive	Motif		PIRESLE	689	696	1	7					
sequence	hmm	20261001_8fb675cb	CAH3162254.1	_		traf2_binding_permissive	Motif		PQLNNE	764	770	1	6					
sequence	hmm	20261001_8fb675cb	CAH3171698.1	_		traf6_binding_permissive	Motif		PGEKFL	312	318	1	6					
sequence	hmm	20261001_8fb675cb	CAH3171698.1	_		traf2_binding_variant	Motif		PTNIT	166	171	1	5					
sequence	hmm	20261001_8fb675cb	CAH3171698.1	_		traf2_binding_permissive	Motif		PTNIT	166	171	1	5					
sequence	hmm	20261001_8fb675cb	CAH3171698.1	_		traf2_binding_permissive	Motif		PEERPS	195	201	1	6					
sequence	hmm	20261001_8fb675cb	CAH3171698.1	_		traf2_binding_permissive	Motif		PLMQQRG	253	260	1	7					
sequence	hmm	20261001_8fb675cb	CAH3171699.1	_		traf6_binding_permissive	Motif		PPQQFW	27	33	1	6					
sequence	hmm	20261001_8fb675cb	CAH3171699.1	_		traf2_binding_variant	Motif		PAEPE	188	193	1	5					
sequence	hmm	20261001_8fb675cb	CAH3171699.1	_		traf2_binding_permissive	Motif		PPAEPEG	187	194	1	7					
sequence	hmm	20261001_8fb675cb	CAH3171699.1	_		traf2_binding_permissive	Motif		PTDNLLT	315	322	1	7					
sequence	hmm	20261001_8fb675cb	CAH3171699.1	_		traf2_binding_permissive	Motif		PKDNQSG	356	363	1	7					
sequence	hmm	20261001_8fb675cb	CAH3171700.1	_		traf6_binding_permissive	Motif		PAQENV	202	208	1	6					
sequence	hmm	20261001_8fb675cb	CAH3171700.1	_		traf6_binding_permissive	Motif		PAEKFL	324	330	1	6					
sequence	hmm	20261001_8fb675cb	CAH3171700.1	_		traf2_binding_strict	Motif		PGQTT	167	172	1	5					
sequence	hmm	20261001_8fb675cb	CAH3171700.1	_		traf2_binding_variant	Motif		PGQTT	167	172	1	5					
sequence	hmm	20261001_8fb675cb	CAH3171700.1	_		traf2_binding_permissive	Motif		PGQTT	167	172	1	5					
sequence	hmm	20261001_8fb675cb	CAH3171700.1	_		traf2_binding_permissive	Motif		PVQEQTT	178	185	1	7					
sequence	hmm	20261001_8fb675cb	CAH3171703.1	_		traf6_binding_permissive	Motif		PTELLV	76	82	1	6					
sequence	hmm	20261001_8fb675cb	CAH3171703.1	_		traf6_binding_permissive	Motif		PPQALF	96	102	1	6					
sequence	hmm	20261001_8fb675cb	CAH3171703.1	_		traf2_binding_permissive	Motif		PCSQPCD	47	54	1	7					
sequence	hmm	20261001_8fb675cb	CAH3171705.1	_		traf6_binding_permissive	Motif		PAEKFL	305	311	1	6					
sequence	hmm	20261001_8fb675cb	CAH3171705.1	_		traf2_binding_strict	Motif		PEERT	186	191	1	5					
sequence	hmm	20261001_8fb675cb	CAH3171705.1	_		traf2_binding_variant	Motif		PEERT	186	191	1	5					
sequence	hmm	20261001_8fb675cb	CAH3171705.1	_		traf2_binding_permissive	Motif		PDPEERT	184	191	1	7					
sequence	hmm	20261001_8fb675cb	CAH3171705.1	_		traf2_binding_permissive	Motif		PLMQQHG	246	253	1	7					
sequence	hmm	20261001_8fb675cb	CAH3171706.1	_		traf6_binding_permissive	Motif		PTELLV	138	144	1	6					
sequence	hmm	20261001_8fb675cb	CAH3171706.1	_		traf6_binding_permissive	Motif		PPQALF	158	164	1	6					
sequence	hmm	20261001_8fb675cb	CAH3171706.1	_		traf2_binding_permissive	Motif		PCSQPCD	109	116	1	7					
sequence	hmm	20261001_8fb675cb	CALNXK010000017.1_K02583_7a912397	_		traf6_binding_permissive	Motif		PSQIEL	63	69	1	6					
sequence	hmm	20261001_8fb675cb	CALNXK010000017.1_K02583_7a912397	_		traf6_binding_permissive	Motif		PQQVIV	186	192	1	6					
sequence	hmm	20261001_8fb675cb	CALNXK010000017.1_K02583_7a912397	_		traf2_binding_strict	Motif		PEEAT	317	322	1	5					
sequence	hmm	20261001_8fb675cb	CALNXK010000017.1_K02583_7a912397	_		traf2_binding_variant	Motif		PSQIE	63	68	1	5					
sequence	hmm	20261001_8fb675cb	CALNXK010000017.1_K02583_7a912397	_		traf2_binding_variant	Motif		PEEAT	317	322	1	5					
sequence	hmm	20261001_8fb675cb	CALNXK010000017.1_K02583_7a912397	_		traf2_binding_permissive	Motif		PCTEDRG	26	33	1	7					
sequence	hmm	20261001_8fb675cb	CALNXK010000017.1_K02583_7a912397	_		traf2_binding_permissive	Motif		PSQIE	63	68	1	5					
sequence	hmm	20261001_8fb675cb	CALNXK010000017.1_K02583_7a912397	_		traf2_binding_permissive	Motif		PEEAT	317	322	1	5					
sequence	hmm	20261001_8fb675cb	CAH3033055.1	_		traf6_binding_strict	Motif		PTEFKY	494	500	1	6					
sequence	hmm	20261001_8fb675cb	CAH3033055.1	_		traf6_binding_permissive	Motif		PKELKR	404	410	1	6					
sequence	hmm	20261001_8fb675cb	CAH3033055.1	_		traf6_binding_permissive	Motif		PTEFKY	494	500	1	6					
sequence	hmm	20261001_8fb675cb	CAH3033055.1	_		traf6_binding_permissive	Motif		PIQNFR	771	777	1	6					
sequence	hmm	20261001_8fb675cb	CAH3033055.1	_		traf2_binding_variant	Motif		PWNNT	701	706	1	5					
sequence	hmm	20261001_8fb675cb	CAH3033055.1	_		traf2_binding_variant	Motif		PSNSG	766	771	1	5					
sequence	hmm	20261001_8fb675cb	CAH3033055.1	_		traf2_binding_permissive	Motif		PSWQNMA	2	9	1	7					
sequence	hmm	20261001_8fb675cb	CAH3033055.1	_		traf2_binding_permissive	Motif		PPETYT	50	56	1	6					
sequence	hmm	20261001_8fb675cb	CAH3033055.1	_		traf2_binding_permissive	Motif		PGKEPSA	74	81	1	7					
sequence	hmm	20261001_8fb675cb	CAH3033055.1	_		traf2_binding_permissive	Motif		PIKNIKE	280	287	1	7					
sequence	hmm	20261001_8fb675cb	CAH3033055.1	_		traf2_binding_permissive	Motif		PTNSRG	542	548	1	6					
sequence	hmm	20261001_8fb675cb	CAH3033055.1	_		traf2_binding_permissive	Motif		PGRQLT	632	638	1	6					
sequence	hmm	20261001_8fb675cb	CAH3033055.1	_		traf2_binding_permissive	Motif		PCQKCS	671	677	1	6					
sequence	hmm	20261001_8fb675cb	CAH3033055.1	_		traf2_binding_permissive	Motif		PKQTIS	677	683	1	6					
sequence	hmm	20261001_8fb675cb	CAH3033055.1	_		traf2_binding_permissive	Motif		PWNNTE	701	707	1	6					
sequence	hmm	20261001_8fb675cb	CAH3033055.1	_		traf2_binding_permissive	Motif		PSNSG	766	771	1	5					
sequence	hmm	20261001_8fb675cb	CAH3033055.1	_		traf2_binding_permissive	Motif		PIQNFRS	771	778	1	7					
sequence	hmm	20261001_8fb675cb	CAH3033055.1	_		traf2_binding_permissive	Motif		PEVQLQE	1039	1046	1	7					
sequence	hmm	20261001_8fb675cb	CAH3034345.1	_		traf6_binding_permissive	Motif		PCQLNK	77	83	1	6					
sequence	hmm	20261001_8fb675cb	CAH3034345.1	_		traf6_binding_permissive	Motif		PSQNRK	110	116	1	6					
sequence	hmm	20261001_8fb675cb	CAH3034345.1	_		traf2_binding_permissive	Motif		PEAQTE	41	47	1	6					
sequence	hmm	20261001_8fb675cb	CAH3034349.1	_		traf6_binding_permissive	Motif		PNEETI	97	103	1	6					
sequence	hmm	20261001_8fb675cb	CAH3034349.1	_		traf2_binding_strict	Motif		PNEET	97	102	1	5					
sequence	hmm	20261001_8fb675cb	CAH3034349.1	_		traf2_binding_variant	Motif		PNEET	97	102	1	5					
sequence	hmm	20261001_8fb675cb	CAH3034349.1	_		traf2_binding_permissive	Motif		PNEET	97	102	1	5					
sequence	hmm	20261001_8fb675cb	CAH3034352.1	_		traf6_binding_permissive	Motif		PNEETI	113	119	1	6					
sequence	hmm	20261001_8fb675cb	CAH3034352.1	_		traf2_binding_strict	Motif		PNEET	113	118	1	5					
sequence	hmm	20261001_8fb675cb	CAH3034352.1	_		traf2_binding_variant	Motif		PVQVA	35	40	1	5					
sequence	hmm	20261001_8fb675cb	CAH3034352.1	_		traf2_binding_variant	Motif		PNEET	113	118	1	5					
sequence	hmm	20261001_8fb675cb	CAH3034352.1	_		traf2_binding_variant	Motif		PTQAD	268	273	1	5					
sequence	hmm	20261001_8fb675cb	CAH3034352.1	_		traf2_binding_permissive	Motif		PVQVA	35	40	1	5					
sequence	hmm	20261001_8fb675cb	CAH3034352.1	_		traf2_binding_permissive	Motif		PCPECPE	61	68	1	7					
sequence	hmm	20261001_8fb675cb	CAH3034352.1	_		traf2_binding_permissive	Motif		PNEETIS	113	120	1	7					
sequence	hmm	20261001_8fb675cb	CAH3034352.1	_		traf2_binding_permissive	Motif		PTQAD	268	273	1	5					
sequence	hmm	20261001_8fb675cb	CAH3037909.1	_		traf6_binding_permissive	Motif		PTESVI	145	151	1	6					
sequence	hmm	20261001_8fb675cb	CAH3037909.1	_		traf2_binding_strict	Motif		PIQSS	126	131	1	5					
sequence	hmm	20261001_8fb675cb	CAH3037909.1	_		traf2_binding_variant	Motif		PIQSS	126	131	1	5					
sequence	hmm	20261001_8fb675cb	CAH3037909.1	_		traf2_binding_variant	Motif		PLNQS	210	215	1	5					
sequence	hmm	20261001_8fb675cb	CAH3037909.1	_		traf2_binding_variant	Motif		PSNST	278	283	1	5					
sequence	hmm	20261001_8fb675cb	CAH3037909.1	_		traf2_binding_permissive	Motif		PFLQGFT	110	117	1	7					
sequence	hmm	20261001_8fb675cb	CAH3037909.1	_		traf2_binding_permissive	Motif		PIQSSS	126	132	1	6					
sequence	hmm	20261001_8fb675cb	CAH3037909.1	_		traf2_binding_permissive	Motif		PLNQSEG	210	217	1	7					
sequence	hmm	20261001_8fb675cb	CAH3037909.1	_		traf2_binding_permissive	Motif		PSNSTD	278	284	1	6					
sequence	hmm	20261001_8fb675cb	CAH3045380.1	_		traf6_binding_permissive	Motif		PDEYPI	11	17	1	6					
sequence	hmm	20261001_8fb675cb	CAH3045380.1	_		traf2_binding_variant	Motif		PCESG	55	60	1	5					
sequence	hmm	20261001_8fb675cb	CAH3045380.1	_		traf2_binding_variant	Motif		PCNST	85	90	1	5					
sequence	hmm	20261001_8fb675cb	CAH3045380.1	_		traf2_binding_permissive	Motif		PCESG	55	60	1	5					
sequence	hmm	20261001_8fb675cb	CAH3045380.1	_		traf2_binding_permissive	Motif		PCNSTS	85	91	1	6					
sequence	hmm	20261001_8fb675cb	CAH3045380.1	_		traf2_binding_permissive	Motif		PEKNNEA	459	466	1	7					
sequence	hmm	20261001_8fb675cb	CAH3046045.1	_		traf6_binding_permissive	Motif		PCELGR	54	60	1	6					
sequence	hmm	20261001_8fb675cb	CAH3046045.1	_		traf2_binding_variant	Motif		PCELG	54	59	1	5					
sequence	hmm	20261001_8fb675cb	CAH3046045.1	_		traf2_binding_variant	Motif		PGNND	239	244	1	5					
sequence	hmm	20261001_8fb675cb	CAH3046045.1	_		traf2_binding_permissive	Motif		PGNSIT	8	14	1	6					
sequence	hmm	20261001_8fb675cb	CAH3046045.1	_		traf2_binding_permissive	Motif		PAGQGLS	31	38	1	7					
sequence	hmm	20261001_8fb675cb	CAH3046045.1	_		traf2_binding_permissive	Motif		PCELG	54	59	1	5					
sequence	hmm	20261001_8fb675cb	CAH3046045.1	_		traf2_binding_permissive	Motif		PECQVPE	127	134	1	7					
sequence	hmm	20261001_8fb675cb	CAH3046045.1	_		traf2_binding_permissive	Motif		PGNNDVE	239	246	1	7					
sequence	hmm	20261001_8fb675cb	CAH3046051.1	_		traf6_binding_permissive	Motif		PCELGR	54	60	1	6					
sequence	hmm	20261001_8fb675cb	CAH3046051.1	_		traf2_binding_variant	Motif		PCELG	54	59	1	5					
sequence	hmm	20261001_8fb675cb	CAH3046051.1	_		traf2_binding_permissive	Motif		PGNSIT	8	14	1	6					
sequence	hmm	20261001_8fb675cb	CAH3046051.1	_		traf2_binding_permissive	Motif		PAGQGLS	31	38	1	7					
sequence	hmm	20261001_8fb675cb	CAH3046051.1	_		traf2_binding_permissive	Motif		PCELG	54	59	1	5					
sequence	hmm	20261001_8fb675cb	CAH3046051.1	_		traf2_binding_permissive	Motif		PECQVPG	127	134	1	7					
sequence	hmm	20261001_8fb675cb	CAH3046071.1	_		traf6_binding_permissive	Motif		PCQLGK	99	105	1	6					
sequence	hmm	20261001_8fb675cb	CAH3046071.1	_		traf6_binding_permissive	Motif		PTQVVD	230	236	1	6					
sequence	hmm	20261001_8fb675cb	CAH3046071.1	_		traf2_binding_variant	Motif		PCQLG	99	104	1	5					
sequence	hmm	20261001_8fb675cb	CAH3046071.1	_		traf2_binding_permissive	Motif		PCQLG	99	104	1	5					
sequence	hmm	20261001_8fb675cb	CAH3046071.1	_		traf2_binding_permissive	Motif		PCSECCG	157	164	1	7					
sequence	hmm	20261001_8fb675cb	CAH3046071.1	_		traf2_binding_permissive	Motif		PTQVVD	230	236	1	6					
sequence	hmm	20261001_8fb675cb	CAH3046071.1	_		traf2_binding_permissive	Motif		PSGEQES	279	286	1	7					
sequence	hmm	20261001_8fb675cb	CAH3046071.1	_		traf2_binding_permissive	Motif		PQSQDSA	338	345	1	7					
sequence	hmm	20261001_8fb675cb	CAH3046071.1	_		traf2_binding_permissive	Motif		PSHELMD	423	430	1	7					
sequence	hmm	20261001_8fb675cb	CAH3046073.1	_		traf6_binding_permissive	Motif		PSEKLL	452	458	1	6					
sequence	hmm	20261001_8fb675cb	CAH3046073.1	_		traf6_binding_permissive	Motif		PDQITL	600	606	1	6					
sequence	hmm	20261001_8fb675cb	CAH3046073.1	_		traf6_binding_permissive	Motif		PTQVDY	786	792	1	6					
sequence	hmm	20261001_8fb675cb	CAH3046073.1	_		traf6_binding_permissive	Motif		PSQGSR	1032	1038	1	6					
sequence	hmm	20261001_8fb675cb	CAH3046073.1	_		traf6_binding_permissive	Motif		PIQAEY	1049	1055	1	6					
sequence	hmm	20261001_8fb675cb	CAH3046073.1	_		traf2_binding_strict	Motif		PDQIT	600	605	1	5					
sequence	hmm	20261001_8fb675cb	CAH3046073.1	_		traf2_binding_strict	Motif		PSQGS	1032	1037	1	5					
sequence	hmm	20261001_8fb675cb	CAH3046073.1	_		traf2_binding_variant	Motif		PDNVT	528	533	1	5					
sequence	hmm	20261001_8fb675cb	CAH3046073.1	_		traf2_binding_variant	Motif		PDQIT	600	605	1	5					
sequence	hmm	20261001_8fb675cb	CAH3046073.1	_		traf2_binding_variant	Motif		PTQVD	786	791	1	5					
sequence	hmm	20261001_8fb675cb	CAH3046073.1	_		traf2_binding_variant	Motif		PREVD	844	849	1	5					
sequence	hmm	20261001_8fb675cb	CAH3046073.1	_		traf2_binding_variant	Motif		PFQVG	916	921	1	5					
sequence	hmm	20261001_8fb675cb	CAH3046073.1	_		traf2_binding_variant	Motif		PLQSE	934	939	1	5					
sequence	hmm	20261001_8fb675cb	CAH3046073.1	_		traf2_binding_variant	Motif		PSQSE	939	944	1	5					
sequence	hmm	20261001_8fb675cb	CAH3046073.1	_		traf2_binding_variant	Motif		PSNSS	981	986	1	5					
sequence	hmm	20261001_8fb675cb	CAH3046073.1	_		traf2_binding_variant	Motif		PNQGA	987	992	1	5					
sequence	hmm	20261001_8fb675cb	CAH3046073.1	_		traf2_binding_variant	Motif		PSQGS	1032	1037	1	5					
sequence	hmm	20261001_8fb675cb	CAH3046073.1	_		traf2_binding_variant	Motif		PIQAE	1049	1054	1	5					
sequence	hmm	20261001_8fb675cb	CAH3046073.1	_		traf2_binding_permissive	Motif		PDNVTA	528	534	1	6					
sequence	hmm	20261001_8fb675cb	CAH3046073.1	_		traf2_binding_permissive	Motif		PDQIT	600	605	1	5					
sequence	hmm	20261001_8fb675cb	CAH3046073.1	_		traf2_binding_permissive	Motif		PGSQPS	623	629	1	6					
sequence	hmm	20261001_8fb675cb	CAH3046073.1	_		traf2_binding_permissive	Motif		PCAECCG	703	710	1	7					
sequence	hmm	20261001_8fb675cb	CAH3046073.1	_		traf2_binding_permissive	Motif		PTTQET	751	757	1	6					
sequence	hmm	20261001_8fb675cb	CAH3046073.1	_		traf2_binding_permissive	Motif		PFNELKT	776	783	1	7					
sequence	hmm	20261001_8fb675cb	CAH3046073.1	_		traf2_binding_permissive	Motif		PTQVD	786	791	1	5					
sequence	hmm	20261001_8fb675cb	CAH3046073.1	_		traf2_binding_permissive	Motif		PDKEGE	794	800	1	6					
sequence	hmm	20261001_8fb675cb	CAH3046073.1	_		traf2_binding_permissive	Motif		PREVDS	844	850	1	6					
sequence	hmm	20261001_8fb675cb	CAH3046073.1	_		traf2_binding_permissive	Motif		PFQVGS	916	922	1	6					
sequence	hmm	20261001_8fb675cb	CAH3046073.1	_		traf2_binding_permissive	Motif		PLQSE	934	939	1	5					
sequence	hmm	20261001_8fb675cb	CAH3046073.1	_		traf2_binding_permissive	Motif		PSQSEA	939	945	1	6					
sequence	hmm	20261001_8fb675cb	CAH3046073.1	_		traf2_binding_permissive	Motif		PTPNPS	977	983	1	6					
sequence	hmm	20261001_8fb675cb	CAH3046073.1	_		traf2_binding_permissive	Motif		PNQGAS	987	993	1	6					
sequence	hmm	20261001_8fb675cb	CAH3046073.1	_		traf2_binding_permissive	Motif		PSQGS	1032	1037	1	5					
sequence	hmm	20261001_8fb675cb	CAH3046073.1	_		traf2_binding_permissive	Motif		PIQAE	1049	1054	1	5					
sequence	hmm	20261001_8fb675cb	CAH3046073.1	_		traf2_binding_permissive	Motif		PIHQLIE	1137	1144	1	7					
sequence	hmm	20261001_8fb675cb	CAH3046077.1	_		traf2_binding_permissive	Motif		PTSQHGT	230	237	1	7					
sequence	hmm	20261001_8fb675cb	CAH3046081.1	_		traf6_binding_permissive	Motif		PTEYWV	59	65	1	6					
sequence	hmm	20261001_8fb675cb	CAH3046081.1	_		traf2_binding_permissive	Motif		PEGQGLS	80	87	1	7					
sequence	hmm	20261001_8fb675cb	CAH3046081.1	_		traf2_binding_permissive	Motif		PKGQSEE	607	614	1	7					
sequence	hmm	20261001_8fb675cb	CAH3046081.1	_		traf2_binding_permissive	Motif		PSRQLLE	800	807	1	7					
sequence	hmm	20261001_8fb675cb	CAH3046085.1	_		traf6_binding_strict	Motif		PKEVLE	708	714	1	6					
sequence	hmm	20261001_8fb675cb	CAH3046085.1	_		traf6_binding_permissive	Motif		PCEPGK	69	75	1	6					
sequence	hmm	20261001_8fb675cb	CAH3046085.1	_		traf6_binding_permissive	Motif		PLQPGE	432	438	1	6					
sequence	hmm	20261001_8fb675cb	CAH3046085.1	_		traf6_binding_permissive	Motif		PVQVRI	456	462	1	6					
sequence	hmm	20261001_8fb675cb	CAH3046085.1	_		traf6_binding_permissive	Motif		PMEGWI	596	602	1	6					
sequence	hmm	20261001_8fb675cb	CAH3046085.1	_		traf6_binding_permissive	Motif		PKEVLE	708	714	1	6					
sequence	hmm	20261001_8fb675cb	CAH3046085.1	_		traf6_binding_permissive	Motif		PTQHWV	799	805	1	6					
sequence	hmm	20261001_8fb675cb	CAH3046085.1	_		traf2_binding_strict	Motif		PCEPT	796	801	1	5					
sequence	hmm	20261001_8fb675cb	CAH3046085.1	_		traf2_binding_variant	Motif		PCEPG	69	74	1	5					
sequence	hmm	20261001_8fb675cb	CAH3046085.1	_		traf2_binding_variant	Motif		PYNDS	78	83	1	5					
sequence	hmm	20261001_8fb675cb	CAH3046085.1	_		traf2_binding_variant	Motif		PCNLT	250	255	1	5					
sequence	hmm	20261001_8fb675cb	CAH3046085.1	_		traf2_binding_variant	Motif		PLQPG	432	437	1	5					
sequence	hmm	20261001_8fb675cb	CAH3046085.1	_		traf2_binding_variant	Motif		PCEPT	796	801	1	5					
sequence	hmm	20261001_8fb675cb	CAH3046085.1	_		traf2_binding_permissive	Motif		PCEPG	69	74	1	5					
sequence	hmm	20261001_8fb675cb	CAH3046085.1	_		traf2_binding_permissive	Motif		PYNDSS	78	84	1	6					
sequence	hmm	20261001_8fb675cb	CAH3046085.1	_		traf2_binding_permissive	Motif		PCNLT	250	255	1	5					
sequence	hmm	20261001_8fb675cb	CAH3046085.1	_		traf2_binding_permissive	Motif		PRSELIT	377	384	1	7					
sequence	hmm	20261001_8fb675cb	CAH3046085.1	_		traf2_binding_permissive	Motif		PLQPGE	432	438	1	6					
sequence	hmm	20261001_8fb675cb	CAH3046085.1	_		traf2_binding_permissive	Motif		PKEVLE	708	714	1	6					
sequence	hmm	20261001_8fb675cb	CAH3046085.1	_		traf2_binding_permissive	Motif		PCEPT	796	801	1	5					
sequence	hmm	20261001_8fb675cb	CAH3046085.1	_		traf2_binding_permissive	Motif		PPGQGLS	820	827	1	7					
sequence	hmm	20261001_8fb675cb	CAH3046102.1	_		traf6_binding_permissive	Motif		PLEEPI	353	359	1	6					
sequence	hmm	20261001_8fb675cb	CAH3046102.1	_		traf6_binding_permissive	Motif		PLQSGE	404	410	1	6					
sequence	hmm	20261001_8fb675cb	CAH3046102.1	_		traf6_binding_permissive	Motif		PVQVRI	428	434	1	6					
sequence	hmm	20261001_8fb675cb	CAH3046102.1	_		traf6_binding_permissive	Motif		PKEVFR	680	686	1	6					
sequence	hmm	20261001_8fb675cb	CAH3046102.1	_		traf6_binding_permissive	Motif		PPQCID	781	787	1	6					
sequence	hmm	20261001_8fb675cb	CAH3046102.1	_		traf6_binding_permissive	Motif		PGQTIL	792	798	1	6					
sequence	hmm	20261001_8fb675cb	CAH3046102.1	_		traf6_binding_permissive	Motif		PCQLGK	816	822	1	6					
sequence	hmm	20261001_8fb675cb	CAH3046102.1	_		traf2_binding_variant	Motif		PLQSG	404	409	1	5					
sequence	hmm	20261001_8fb675cb	CAH3046102.1	_		traf2_binding_variant	Motif		PYNES	454	459	1	5					
sequence	hmm	20261001_8fb675cb	CAH3046102.1	_		traf2_binding_variant	Motif		PCQLG	816	821	1	5					
sequence	hmm	20261001_8fb675cb	CAH3046102.1	_		traf2_binding_permissive	Motif		PYYQRCD	119	126	1	7					
sequence	hmm	20261001_8fb675cb	CAH3046102.1	_		traf2_binding_permissive	Motif		PLEEPIA	353	360	1	7					
sequence	hmm	20261001_8fb675cb	CAH3046102.1	_		traf2_binding_permissive	Motif		PLQSGE	404	410	1	6					
sequence	hmm	20261001_8fb675cb	CAH3046102.1	_		traf2_binding_permissive	Motif		PYNESIE	454	461	1	7					
sequence	hmm	20261001_8fb675cb	CAH3046102.1	_		traf2_binding_permissive	Motif		PVEGWT	569	575	1	6					
sequence	hmm	20261001_8fb675cb	CAH3046102.1	_		traf2_binding_permissive	Motif		PPQCID	781	787	1	6					
sequence	hmm	20261001_8fb675cb	CAH3046102.1	_		traf2_binding_permissive	Motif		PCQLG	816	821	1	5					
sequence	hmm	20261001_8fb675cb	CAH3046102.1	_		traf2_binding_permissive	Motif		PLLEGDG	1039	1046	1	7					
sequence	hmm	20261001_8fb675cb	CAH3046111.1	_		traf6_binding_strict	Motif		PSESTE	385	391	1	6					
sequence	hmm	20261001_8fb675cb	CAH3046111.1	_		traf6_binding_permissive	Motif		PNEIMV	93	99	1	6					
sequence	hmm	20261001_8fb675cb	CAH3046111.1	_		traf6_binding_permissive	Motif		PSESTE	385	391	1	6					
sequence	hmm	20261001_8fb675cb	CAH3046111.1	_		traf6_binding_permissive	Motif		PLELQI	478	484	1	6					
sequence	hmm	20261001_8fb675cb	CAH3046111.1	_		traf2_binding_strict	Motif		PSEST	385	390	1	5					
sequence	hmm	20261001_8fb675cb	CAH3046111.1	_		traf2_binding_variant	Motif		PSEST	385	390	1	5					
sequence	hmm	20261001_8fb675cb	CAH3046111.1	_		traf2_binding_permissive	Motif		PCGNKIS	55	62	1	7					
sequence	hmm	20261001_8fb675cb	CAH3046111.1	_		traf2_binding_permissive	Motif		PRTQACS	151	158	1	7					
sequence	hmm	20261001_8fb675cb	CAH3046111.1	_		traf2_binding_permissive	Motif		PFLNNLE	367	374	1	7					
sequence	hmm	20261001_8fb675cb	CAH3046111.1	_		traf2_binding_permissive	Motif		PSESTE	385	391	1	6					
sequence	hmm	20261001_8fb675cb	CAH3046111.1	_		traf2_binding_permissive	Motif		PKSNHVS	524	531	1	7					
sequence	hmm	20261001_8fb675cb	CAH3106282.1	_		traf6_binding_strict	Motif		PFEIAY	721	727	1	6					
sequence	hmm	20261001_8fb675cb	CAH3106282.1	_		traf6_binding_permissive	Motif		PCEKTK	115	121	1	6					
sequence	hmm	20261001_8fb675cb	CAH3106282.1	_		traf6_binding_permissive	Motif		PSENTI	451	457	1	6					
sequence	hmm	20261001_8fb675cb	CAH3106282.1	_		traf6_binding_permissive	Motif		PVEITV	556	562	1	6					
sequence	hmm	20261001_8fb675cb	CAH3106282.1	_		traf6_binding_permissive	Motif		PFEIAY	721	727	1	6					
sequence	hmm	20261001_8fb675cb	CAH3106282.1	_		traf2_binding_strict	Motif		PCEKT	115	120	1	5					
sequence	hmm	20261001_8fb675cb	CAH3106282.1	_		traf2_binding_strict	Motif		PSENT	451	456	1	5					
sequence	hmm	20261001_8fb675cb	CAH3106282.1	_		traf2_binding_strict	Motif		PVEIT	556	561	1	5					
sequence	hmm	20261001_8fb675cb	CAH3106282.1	_		traf2_binding_variant	Motif		PCEKT	115	120	1	5					
sequence	hmm	20261001_8fb675cb	CAH3106282.1	_		traf2_binding_variant	Motif		PQEKG	315	320	1	5					
sequence	hmm	20261001_8fb675cb	CAH3106282.1	_		traf2_binding_variant	Motif		PSENT	451	456	1	5					
sequence	hmm	20261001_8fb675cb	CAH3106282.1	_		traf2_binding_variant	Motif		PVEIT	556	561	1	5					
sequence	hmm	20261001_8fb675cb	CAH3106282.1	_		traf2_binding_variant	Motif		PFEIA	721	726	1	5					
sequence	hmm	20261001_8fb675cb	CAH3106282.1	_		traf2_binding_variant	Motif		PSNDA	788	793	1	5					
sequence	hmm	20261001_8fb675cb	CAH3106282.1	_		traf2_binding_permissive	Motif		PCEKT	115	120	1	5					
sequence	hmm	20261001_8fb675cb	CAH3106282.1	_		traf2_binding_permissive	Motif		PQTEKT	243	249	1	6					
sequence	hmm	20261001_8fb675cb	CAH3106282.1	_		traf2_binding_permissive	Motif		PQEKGG	315	321	1	6					
sequence	hmm	20261001_8fb675cb	CAH3106282.1	_		traf2_binding_permissive	Motif		PEPNSA	341	347	1	6					
sequence	hmm	20261001_8fb675cb	CAH3106282.1	_		traf2_binding_permissive	Motif		PSENT	451	456	1	5					
sequence	hmm	20261001_8fb675cb	CAH3106282.1	_		traf2_binding_permissive	Motif		PVIECG	542	548	1	6					
sequence	hmm	20261001_8fb675cb	CAH3106282.1	_		traf2_binding_permissive	Motif		PVEIT	556	561	1	5					
sequence	hmm	20261001_8fb675cb	CAH3106282.1	_		traf2_binding_permissive	Motif		PFEIA	721	726	1	5					
sequence	hmm	20261001_8fb675cb	CAH3106282.1	_		traf2_binding_permissive	Motif		PSNDAS	788	794	1	6					
sequence	hmm	20261001_8fb675cb	CAH3106550.1	_		traf6_binding_strict	Motif		PPEENE	856	862	1	6					
sequence	hmm	20261001_8fb675cb	CAH3106550.1	_		traf6_binding_permissive	Motif		PCEKTR	108	114	1	6					
sequence	hmm	20261001_8fb675cb	CAH3106550.1	_		traf6_binding_permissive	Motif		PWENGR	165	171	1	6					
sequence	hmm	20261001_8fb675cb	CAH3106550.1	_		traf6_binding_permissive	Motif		PTEKSV	266	272	1	6					
sequence	hmm	20261001_8fb675cb	CAH3106550.1	_		traf6_binding_permissive	Motif		PAQDTL	488	494	1	6					
sequence	hmm	20261001_8fb675cb	CAH3106550.1	_		traf6_binding_permissive	Motif		PVEITV	607	613	1	6					
sequence	hmm	20261001_8fb675cb	CAH3106550.1	_		traf6_binding_permissive	Motif		PTEHSI	811	817	1	6					
sequence	hmm	20261001_8fb675cb	CAH3106550.1	_		traf6_binding_permissive	Motif		PRQTGR	824	830	1	6					
sequence	hmm	20261001_8fb675cb	CAH3106550.1	_		traf6_binding_permissive	Motif		PPEENE	856	862	1	6					
sequence	hmm	20261001_8fb675cb	CAH3106550.1	_		traf2_binding_strict	Motif		PCEKT	108	113	1	5					
sequence	hmm	20261001_8fb675cb	CAH3106550.1	_		traf2_binding_strict	Motif		PTEKS	266	271	1	5					
sequence	hmm	20261001_8fb675cb	CAH3106550.1	_		traf2_binding_strict	Motif		PAQDT	488	493	1	5					
sequence	hmm	20261001_8fb675cb	CAH3106550.1	_		traf2_binding_strict	Motif		PVEIT	607	612	1	5					
sequence	hmm	20261001_8fb675cb	CAH3106550.1	_		traf2_binding_strict	Motif		PTEHS	811	816	1	5					
sequence	hmm	20261001_8fb675cb	CAH3106550.1	_		traf2_binding_variant	Motif		PCNST	84	89	1	5					
sequence	hmm	20261001_8fb675cb	CAH3106550.1	_		traf2_binding_variant	Motif		PCEKT	108	113	1	5					
sequence	hmm	20261001_8fb675cb	CAH3106550.1	_		traf2_binding_variant	Motif		PWENG	165	170	1	5					
sequence	hmm	20261001_8fb675cb	CAH3106550.1	_		traf2_binding_variant	Motif		PTEKS	266	271	1	5					
sequence	hmm	20261001_8fb675cb	CAH3106550.1	_		traf2_binding_variant	Motif		PAQDT	488	493	1	5					
sequence	hmm	20261001_8fb675cb	CAH3106550.1	_		traf2_binding_variant	Motif		PHNVT	599	604	1	5					
sequence	hmm	20261001_8fb675cb	CAH3106550.1	_		traf2_binding_variant	Motif		PVEIT	607	612	1	5					
sequence	hmm	20261001_8fb675cb	CAH3106550.1	_		traf2_binding_variant	Motif		PTEHS	811	816	1	5					
sequence	hmm	20261001_8fb675cb	CAH3106550.1	_		traf2_binding_variant	Motif		PRQTG	824	829	1	5					
sequence	hmm	20261001_8fb675cb	CAH3106550.1	_		traf2_binding_variant	Motif		PEENE	857	862	1	5					
sequence	hmm	20261001_8fb675cb	CAH3106550.1	_		traf2_binding_permissive	Motif		PCNSTS	84	90	1	6					
sequence	hmm	20261001_8fb675cb	CAH3106550.1	_		traf2_binding_permissive	Motif		PCEKT	108	113	1	5					
sequence	hmm	20261001_8fb675cb	CAH3106550.1	_		traf2_binding_permissive	Motif		PWENG	165	170	1	5					
sequence	hmm	20261001_8fb675cb	CAH3106550.1	_		traf2_binding_permissive	Motif		PSVNPT	196	202	1	6					
sequence	hmm	20261001_8fb675cb	CAH3106550.1	_		traf2_binding_permissive	Motif		PAGEIID	243	250	1	7					
sequence	hmm	20261001_8fb675cb	CAH3106550.1	_		traf2_binding_permissive	Motif		PTEKS	266	271	1	5					
sequence	hmm	20261001_8fb675cb	CAH3106550.1	_		traf2_binding_permissive	Motif		PTKENE	371	377	1	6					
sequence	hmm	20261001_8fb675cb	CAH3106550.1	_		traf2_binding_permissive	Motif		PYHESD	380	386	1	6					
sequence	hmm	20261001_8fb675cb	CAH3106550.1	_		traf2_binding_permissive	Motif		PNLNNPA	483	490	1	7					
sequence	hmm	20261001_8fb675cb	CAH3106550.1	_		traf2_binding_permissive	Motif		PVVECG	593	599	1	6					
sequence	hmm	20261001_8fb675cb	CAH3106550.1	_		traf2_binding_permissive	Motif		PHNVT	599	604	1	5					
sequence	hmm	20261001_8fb675cb	CAH3106550.1	_		traf2_binding_permissive	Motif		PVEIT	607	612	1	5					
sequence	hmm	20261001_8fb675cb	CAH3106550.1	_		traf2_binding_permissive	Motif		PTEHS	811	816	1	5					
sequence	hmm	20261001_8fb675cb	CAH3106550.1	_		traf2_binding_permissive	Motif		PRQTG	824	829	1	5					
sequence	hmm	20261001_8fb675cb	CAH3106550.1	_		traf2_binding_permissive	Motif		PPEENE	856	862	1	6					
sequence	hmm	20261001_8fb675cb	CAH3106553.1	_		traf6_binding_strict	Motif		PSEENE	815	821	1	6					
sequence	hmm	20261001_8fb675cb	CAH3106553.1	_		traf6_binding_permissive	Motif		PCEKTR	89	95	1	6					
sequence	hmm	20261001_8fb675cb	CAH3106553.1	_		traf6_binding_permissive	Motif		PWENGR	146	152	1	6					
sequence	hmm	20261001_8fb675cb	CAH3106553.1	_		traf6_binding_permissive	Motif		PTEKSV	247	253	1	6					
sequence	hmm	20261001_8fb675cb	CAH3106553.1	_		traf6_binding_permissive	Motif		PSESVK	296	302	1	6					
sequence	hmm	20261001_8fb675cb	CAH3106553.1	_		traf6_binding_permissive	Motif		PAQHTL	452	458	1	6					
sequence	hmm	20261001_8fb675cb	CAH3106553.1	_		traf6_binding_permissive	Motif		PCQSNL	459	465	1	6					
sequence	hmm	20261001_8fb675cb	CAH3106553.1	_		traf6_binding_permissive	Motif		PVEITV	564	570	1	6					
sequence	hmm	20261001_8fb675cb	CAH3106553.1	_		traf6_binding_permissive	Motif		PTEYSI	770	776	1	6					
sequence	hmm	20261001_8fb675cb	CAH3106553.1	_		traf6_binding_permissive	Motif		PRQTSR	783	789	1	6					
sequence	hmm	20261001_8fb675cb	CAH3106553.1	_		traf6_binding_permissive	Motif		PSEENE	815	821	1	6					
sequence	hmm	20261001_8fb675cb	CAH3106553.1	_		traf2_binding_strict	Motif		PCEKT	89	94	1	5					
sequence	hmm	20261001_8fb675cb	CAH3106553.1	_		traf2_binding_strict	Motif		PTEKS	247	252	1	5					
sequence	hmm	20261001_8fb675cb	CAH3106553.1	_		traf2_binding_strict	Motif		PAQHT	452	457	1	5					
sequence	hmm	20261001_8fb675cb	CAH3106553.1	_		traf2_binding_strict	Motif		PVEIT	564	569	1	5					
sequence	hmm	20261001_8fb675cb	CAH3106553.1	_		traf2_binding_strict	Motif		PTEYS	770	775	1	5					
sequence	hmm	20261001_8fb675cb	CAH3106553.1	_		traf2_binding_strict	Motif		PRQTS	783	788	1	5					
sequence	hmm	20261001_8fb675cb	CAH3106553.1	_		traf2_binding_variant	Motif		PCNST	65	70	1	5					
sequence	hmm	20261001_8fb675cb	CAH3106553.1	_		traf2_binding_variant	Motif		PCEKT	89	94	1	5					
sequence	hmm	20261001_8fb675cb	CAH3106553.1	_		traf2_binding_variant	Motif		PWENG	146	151	1	5					
sequence	hmm	20261001_8fb675cb	CAH3106553.1	_		traf2_binding_variant	Motif		PTEKS	247	252	1	5					
sequence	hmm	20261001_8fb675cb	CAH3106553.1	_		traf2_binding_variant	Motif		PTNFE	258	263	1	5					
sequence	hmm	20261001_8fb675cb	CAH3106553.1	_		traf2_binding_variant	Motif		PAQHT	452	457	1	5					
sequence	hmm	20261001_8fb675cb	CAH3106553.1	_		traf2_binding_variant	Motif		PHNVT	556	561	1	5					
sequence	hmm	20261001_8fb675cb	CAH3106553.1	_		traf2_binding_variant	Motif		PVEIT	564	569	1	5					
sequence	hmm	20261001_8fb675cb	CAH3106553.1	_		traf2_binding_variant	Motif		PTEYS	770	775	1	5					
sequence	hmm	20261001_8fb675cb	CAH3106553.1	_		traf2_binding_variant	Motif		PRQTS	783	788	1	5					
sequence	hmm	20261001_8fb675cb	CAH3106553.1	_		traf2_binding_permissive	Motif		PCNSTS	65	71	1	6					
sequence	hmm	20261001_8fb675cb	CAH3106553.1	_		traf2_binding_permissive	Motif		PCEKT	89	94	1	5					
sequence	hmm	20261001_8fb675cb	CAH3106553.1	_		traf2_binding_permissive	Motif		PWENG	146	151	1	5					
sequence	hmm	20261001_8fb675cb	CAH3106553.1	_		traf2_binding_permissive	Motif		PTEKS	247	252	1	5					
sequence	hmm	20261001_8fb675cb	CAH3106553.1	_		traf2_binding_permissive	Motif		PTNFE	258	263	1	5					
sequence	hmm	20261001_8fb675cb	CAH3106553.1	_		traf2_binding_permissive	Motif		PSQDVS	348	354	1	6					
sequence	hmm	20261001_8fb675cb	CAH3106553.1	_		traf2_binding_permissive	Motif		PKKNKG	384	390	1	6					
sequence	hmm	20261001_8fb675cb	CAH3106553.1	_		traf2_binding_permissive	Motif		PNLNNPA	447	454	1	7					
sequence	hmm	20261001_8fb675cb	CAH3106553.1	_		traf2_binding_permissive	Motif		PVIECG	550	556	1	6					
sequence	hmm	20261001_8fb675cb	CAH3106553.1	_		traf2_binding_permissive	Motif		PHNVT	556	561	1	5					
sequence	hmm	20261001_8fb675cb	CAH3106553.1	_		traf2_binding_permissive	Motif		PVEIT	564	569	1	5					
sequence	hmm	20261001_8fb675cb	CAH3106553.1	_		traf2_binding_permissive	Motif		PSVQIYD	723	730	1	7					
sequence	hmm	20261001_8fb675cb	CAH3106553.1	_		traf2_binding_permissive	Motif		PTEYS	770	775	1	5					
sequence	hmm	20261001_8fb675cb	CAH3106553.1	_		traf2_binding_permissive	Motif		PRQTS	783	788	1	5					
sequence	hmm	20261001_8fb675cb	CAH3106553.1	_		traf2_binding_permissive	Motif		PSEENET	815	822	1	7					
sequence	hmm	20261001_8fb675cb	CAH3106553.1	_		traf2_binding_permissive	Motif		PEREAG	988	994	1	6					
sequence	hmm	20261001_8fb675cb	CAH3106553.1	_		traf2_binding_permissive	Motif		PTLERLG	1050	1057	1	7					
sequence	hmm	20261001_8fb675cb	CAH3119737.1	_		traf6_binding_strict	Motif		PCEKAD	233	239	1	6					
sequence	hmm	20261001_8fb675cb	CAH3119737.1	_		traf6_binding_permissive	Motif		PCEQGI	55	61	1	6					
sequence	hmm	20261001_8fb675cb	CAH3119737.1	_		traf6_binding_permissive	Motif		PCEKAD	233	239	1	6					
sequence	hmm	20261001_8fb675cb	CAH3119737.1	_		traf2_binding_variant	Motif		PCEQG	55	60	1	5					
sequence	hmm	20261001_8fb675cb	CAH3119737.1	_		traf2_binding_variant	Motif		PCEKA	233	238	1	5					
sequence	hmm	20261001_8fb675cb	CAH3119737.1	_		traf2_binding_permissive	Motif		PGNNIT	9	15	1	6					
sequence	hmm	20261001_8fb675cb	CAH3119737.1	_		traf2_binding_permissive	Motif		PAGQGLS	32	39	1	7					
sequence	hmm	20261001_8fb675cb	CAH3119737.1	_		traf2_binding_permissive	Motif		PCEQGIT	55	62	1	7					
sequence	hmm	20261001_8fb675cb	CAH3119737.1	_		traf2_binding_permissive	Motif		PCEKAD	233	239	1	6					
sequence	hmm	20261001_8fb675cb	CAH3119739.1	_		traf6_binding_permissive	Motif		PSEHRV	265	271	1	6					
sequence	hmm	20261001_8fb675cb	CAH3119739.1	_		traf2_binding_variant	Motif		PCEQG	76	81	1	5					
sequence	hmm	20261001_8fb675cb	CAH3119739.1	_		traf2_binding_variant	Motif		PLNNG	254	259	1	5					
sequence	hmm	20261001_8fb675cb	CAH3119739.1	_		traf2_binding_permissive	Motif		PAGQGLS	53	60	1	7					
sequence	hmm	20261001_8fb675cb	CAH3119739.1	_		traf2_binding_permissive	Motif		PCEQGMT	76	83	1	7					
sequence	hmm	20261001_8fb675cb	CAH3119739.1	_		traf2_binding_permissive	Motif		PPLNNG	253	259	1	6					
sequence	hmm	20261001_8fb675cb	CAH3140560.1	_		traf2_binding_permissive	Motif		PGTNEDT	214	221	1	7					
sequence	hmm	20261001_8fb675cb	CAH3145960.1	_		traf6_binding_strict	Motif		PQEMEE	258	264	1	6					
sequence	hmm	20261001_8fb675cb	CAH3145960.1	_		traf6_binding_permissive	Motif		PSQTAI	80	86	1	6					
sequence	hmm	20261001_8fb675cb	CAH3145960.1	_		traf6_binding_permissive	Motif		PQEMEE	258	264	1	6					
sequence	hmm	20261001_8fb675cb	CAH3145960.1	_		traf2_binding_variant	Motif		PSQTA	80	85	1	5					
sequence	hmm	20261001_8fb675cb	CAH3145960.1	_		traf2_binding_variant	Motif		PTNAG	202	207	1	5					
sequence	hmm	20261001_8fb675cb	CAH3145960.1	_		traf2_binding_variant	Motif		PQEME	258	263	1	5					
sequence	hmm	20261001_8fb675cb	CAH3145960.1	_		traf2_binding_permissive	Motif		PPSQTA	79	85	1	6					
sequence	hmm	20261001_8fb675cb	CAH3145960.1	_		traf2_binding_permissive	Motif		PCTNIS	126	132	1	6					
sequence	hmm	20261001_8fb675cb	CAH3145960.1	_		traf2_binding_permissive	Motif		PCREGT	137	143	1	6					
sequence	hmm	20261001_8fb675cb	CAH3145960.1	_		traf2_binding_permissive	Motif		PTNAG	202	207	1	5					
sequence	hmm	20261001_8fb675cb	CAH3145960.1	_		traf2_binding_permissive	Motif		PVEKVT	211	217	1	6					
sequence	hmm	20261001_8fb675cb	CAH3145960.1	_		traf2_binding_permissive	Motif		PQEMEE	258	264	1	6					
sequence	hmm	20261001_8fb675cb	CAH3155896.1	_		traf6_binding_permissive	Motif		PDQFWD	23	29	1	6					
sequence	hmm	20261001_8fb675cb	CAH3155896.1	_		traf6_binding_permissive	Motif		PCQEVK	49	55	1	6					
sequence	hmm	20261001_8fb675cb	CAH3155896.1	_		traf2_binding_strict	Motif		PSERS	108	113	1	5					
sequence	hmm	20261001_8fb675cb	CAH3155896.1	_		traf2_binding_strict	Motif		PREAT	265	270	1	5					
sequence	hmm	20261001_8fb675cb	CAH3155896.1	_		traf2_binding_variant	Motif		PSERS	108	113	1	5					
sequence	hmm	20261001_8fb675cb	CAH3155896.1	_		traf2_binding_variant	Motif		PANIT	225	230	1	5					
sequence	hmm	20261001_8fb675cb	CAH3155896.1	_		traf2_binding_variant	Motif		PREAT	265	270	1	5					
sequence	hmm	20261001_8fb675cb	CAH3155896.1	_		traf2_binding_permissive	Motif		PPDQFWD	22	29	1	7					
sequence	hmm	20261001_8fb675cb	CAH3155896.1	_		traf2_binding_permissive	Motif		PCQEVKD	49	56	1	7					
sequence	hmm	20261001_8fb675cb	CAH3155896.1	_		traf2_binding_permissive	Motif		PSERS	108	113	1	5					
sequence	hmm	20261001_8fb675cb	CAH3155896.1	_		traf2_binding_permissive	Motif		PKETVT	201	207	1	6					
sequence	hmm	20261001_8fb675cb	CAH3155896.1	_		traf2_binding_permissive	Motif		PANITE	225	231	1	6					
sequence	hmm	20261001_8fb675cb	CAH3155896.1	_		traf2_binding_permissive	Motif		PREAT	265	270	1	5					
sequence	hmm	20261001_8fb675cb	CAH3167752.1	_		traf6_binding_permissive	Motif		PNEETI	42	48	1	6					
sequence	hmm	20261001_8fb675cb	CAH3167752.1	_		traf2_binding_strict	Motif		PNEET	42	47	1	5					
sequence	hmm	20261001_8fb675cb	CAH3167752.1	_		traf2_binding_variant	Motif		PNEET	42	47	1	5					
sequence	hmm	20261001_8fb675cb	CAH3167752.1	_		traf2_binding_permissive	Motif		PNEET	42	47	1	5					
sequence	hmm	20261001_8fb675cb	CAH3167760.1	_		traf6_binding_permissive	Motif		PNEETI	113	119	1	6					
sequence	hmm	20261001_8fb675cb	CAH3167760.1	_		traf2_binding_strict	Motif		PNEET	113	118	1	5					
sequence	hmm	20261001_8fb675cb	CAH3167760.1	_		traf2_binding_variant	Motif		PVQVA	35	40	1	5					
sequence	hmm	20261001_8fb675cb	CAH3167760.1	_		traf2_binding_variant	Motif		PNEET	113	118	1	5					
sequence	hmm	20261001_8fb675cb	CAH3167760.1	_		traf2_binding_variant	Motif		PTQAD	268	273	1	5					
sequence	hmm	20261001_8fb675cb	CAH3167760.1	_		traf2_binding_permissive	Motif		PVQVA	35	40	1	5					
sequence	hmm	20261001_8fb675cb	CAH3167760.1	_		traf2_binding_permissive	Motif		PNEETIS	113	120	1	7					
sequence	hmm	20261001_8fb675cb	CAH3167760.1	_		traf2_binding_permissive	Motif		PTQAD	268	273	1	5					
sequence	hmm	20261001_8fb675cb	CALNXJ010000008.1_K02583_1f4839a1	_		traf6_binding_permissive	Motif		PDQITL	2	8	1	6					
sequence	hmm	20261001_8fb675cb	CALNXJ010000008.1_K02583_1f4839a1	_		traf6_binding_permissive	Motif		PREHGR	231	237	1	6					
sequence	hmm	20261001_8fb675cb	CALNXJ010000008.1_K02583_1f4839a1	_		traf2_binding_strict	Motif		PDQIT	2	7	1	5					
sequence	hmm	20261001_8fb675cb	CALNXJ010000008.1_K02583_1f4839a1	_		traf2_binding_variant	Motif		PDQIT	2	7	1	5					
sequence	hmm	20261001_8fb675cb	CALNXJ010000008.1_K02583_1f4839a1	_		traf2_binding_variant	Motif		PREHG	231	236	1	5					
sequence	hmm	20261001_8fb675cb	CALNXJ010000008.1_K02583_1f4839a1	_		traf2_binding_variant	Motif		PMNST	334	339	1	5					
sequence	hmm	20261001_8fb675cb	CALNXJ010000008.1_K02583_1f4839a1	_		traf2_binding_permissive	Motif		PDQIT	2	7	1	5					
sequence	hmm	20261001_8fb675cb	CALNXJ010000008.1_K02583_1f4839a1	_		traf2_binding_permissive	Motif		PGSQPS	25	31	1	6					
sequence	hmm	20261001_8fb675cb	CALNXJ010000008.1_K02583_1f4839a1	_		traf2_binding_permissive	Motif		PCAECCG	105	112	1	7					
sequence	hmm	20261001_8fb675cb	CALNXJ010000008.1_K02583_1f4839a1	_		traf2_binding_permissive	Motif		PTTQET	153	159	1	6					
sequence	hmm	20261001_8fb675cb	CALNXJ010000008.1_K02583_1f4839a1	_		traf2_binding_permissive	Motif		PDKEGE	181	187	1	6					
sequence	hmm	20261001_8fb675cb	CALNXJ010000008.1_K02583_1f4839a1	_		traf2_binding_permissive	Motif		PREHG	231	236	1	5					
sequence	hmm	20261001_8fb675cb	CALNXJ010000008.1_K02583_1f4839a1	_		traf2_binding_permissive	Motif		PMNST	334	339	1	5					
sequence	hmm	20261001_8fb675cb	CALNXJ010000008.1_K02583_da143478	_		traf6_binding_permissive	Motif		PCQLGK	49	55	1	6					
sequence	hmm	20261001_8fb675cb	CALNXJ010000008.1_K02583_da143478	_		traf6_binding_permissive	Motif		PTQVVD	180	186	1	6					
sequence	hmm	20261001_8fb675cb	CALNXJ010000008.1_K02583_da143478	_		traf2_binding_variant	Motif		PCQLG	49	54	1	5					
sequence	hmm	20261001_8fb675cb	CALNXJ010000008.1_K02583_da143478	_		traf2_binding_variant	Motif		PMNST	316	321	1	5					
sequence	hmm	20261001_8fb675cb	CALNXJ010000008.1_K02583_da143478	_		traf2_binding_permissive	Motif		PCQLG	49	54	1	5					
sequence	hmm	20261001_8fb675cb	CALNXJ010000008.1_K02583_da143478	_		traf2_binding_permissive	Motif		PCSECCG	107	114	1	7					
sequence	hmm	20261001_8fb675cb	CALNXJ010000008.1_K02583_da143478	_		traf2_binding_permissive	Motif		PTQVVD	180	186	1	6					
sequence	hmm	20261001_8fb675cb	CALNXJ010000008.1_K02583_da143478	_		traf2_binding_permissive	Motif		PSGEQES	229	236	1	7					
sequence	hmm	20261001_8fb675cb	CALNXJ010000008.1_K02583_da143478	_		traf2_binding_permissive	Motif		PMNST	316	321	1	5					
sequence	hmm	20261001_8fb675cb	CALNXJ010000041.1_K02583_ad6a0561	_		traf6_binding_permissive	Motif		PSQTAI	64	70	1	6					
sequence	hmm	20261001_8fb675cb	CALNXJ010000041.1_K02583_ad6a0561	_		traf2_binding_variant	Motif		PSQTA	64	69	1	5					
sequence	hmm	20261001_8fb675cb	CALNXJ010000041.1_K02583_ad6a0561	_		traf2_binding_permissive	Motif		PPSQTA	63	69	1	6					
sequence	hmm	20261001_8fb675cb	CALNXJ010000041.1_K02583_ad6a0561	_		traf2_binding_permissive	Motif		PCTNIS	110	116	1	6					
sequence	hmm	20261001_8fb675cb	CALNXJ010000041.1_K02583_ad6a0561	_		traf2_binding_permissive	Motif		PCREGT	121	127	1	6					
sequence	hmm	20261001_8fb675cb	CALNXJ010000041.1_K02583_ad6a0561	_		traf2_binding_permissive	Motif		PVEKVT	183	189	1	6					
sequence	hmm	20261001_8fb675cb	NW_001834157.1_K02583_5be28e3c	_		traf2_binding_strict	Motif		PLQST	318	323	1	5					
sequence	hmm	20261001_8fb675cb	NW_001834157.1_K02583_5be28e3c	_		traf2_binding_variant	Motif		PCEAG	121	126	1	5					
sequence	hmm	20261001_8fb675cb	NW_001834157.1_K02583_5be28e3c	_		traf2_binding_variant	Motif		PLQST	318	323	1	5					
sequence	hmm	20261001_8fb675cb	NW_001834157.1_K02583_5be28e3c	_		traf2_binding_permissive	Motif		PCEAGT	121	127	1	6					
sequence	hmm	20261001_8fb675cb	NW_001834157.1_K02583_5be28e3c	_		traf2_binding_permissive	Motif		PLQST	318	323	1	5					
sequence	hmm	20261001_8fb675cb	XP_001625762.2	_		traf2_binding_strict	Motif		PLQST	366	371	1	5					
sequence	hmm	20261001_8fb675cb	XP_001625762.2	_		traf2_binding_variant	Motif		PCEAG	152	157	1	5					
sequence	hmm	20261001_8fb675cb	XP_001625762.2	_		traf2_binding_variant	Motif		PLQST	366	371	1	5					
sequence	hmm	20261001_8fb675cb	XP_001625762.2	_		traf2_binding_permissive	Motif		PCEAGT	152	158	1	6					
sequence	hmm	20261001_8fb675cb	XP_001625762.2	_		traf2_binding_permissive	Motif		PGTNHT	210	216	1	6					
sequence	hmm	20261001_8fb675cb	XP_001625762.2	_		traf2_binding_permissive	Motif		PDVEENT	259	266	1	7					
sequence	hmm	20261001_8fb675cb	XP_001625762.2	_		traf2_binding_permissive	Motif		PMVEEQA	278	285	1	7					
sequence	hmm	20261001_8fb675cb	XP_001625762.2	_		traf2_binding_permissive	Motif		PLQST	366	371	1	5					
sequence	hmm	20261001_8fb675cb	XP_001637776.1	_		traf2_binding_variant	Motif		PANHS	209	214	1	5					
sequence	hmm	20261001_8fb675cb	XP_001637776.1	_		traf2_binding_permissive	Motif		PTCQVG	190	196	1	6					
sequence	hmm	20261001_8fb675cb	XP_001637776.1	_		traf2_binding_permissive	Motif		PANHS	209	214	1	5					
sequence	hmm	20261001_8fb675cb	XP_001637776.1	_		traf2_binding_permissive	Motif		PKKQCS	299	305	1	6					
sequence	hmm	20261001_8fb675cb	XP_001637776.1	_		traf2_binding_permissive	Motif		PHEFYG	408	414	1	6					
sequence	hmm	20261001_8fb675cb	XP_001637776.1	_		traf2_binding_permissive	Motif		PTLNEHE	436	443	1	7					
sequence	hmm	20261001_8fb675cb	XP_001637776.1	_		traf2_binding_permissive	Motif		PGNEPVD	546	553	1	7					
sequence	hmm	20261001_8fb675cb	XP_001637776.1	_		traf2_binding_permissive	Motif		PGCEEPA	767	774	1	7					
sequence	hmm	20261001_8fb675cb	XP_032218137.1	_		traf6_binding_strict	Motif		PREGQE	281	287	1	6					
sequence	hmm	20261001_8fb675cb	XP_032218137.1	_		traf6_binding_strict	Motif		PNEDVE	339	345	1	6					
sequence	hmm	20261001_8fb675cb	XP_032218137.1	_		traf6_binding_permissive	Motif		PREGQE	281	287	1	6					
sequence	hmm	20261001_8fb675cb	XP_032218137.1	_		traf6_binding_permissive	Motif		PNEDVE	339	345	1	6					
sequence	hmm	20261001_8fb675cb	XP_032218137.1	_		traf6_binding_permissive	Motif		PLEYIK	383	389	1	6					
sequence	hmm	20261001_8fb675cb	XP_032218137.1	_		traf2_binding_variant	Motif		PKNET	223	228	1	5					
sequence	hmm	20261001_8fb675cb	XP_032218137.1	_		traf2_binding_variant	Motif		PCNQG	324	329	1	5					
sequence	hmm	20261001_8fb675cb	XP_032218137.1	_		traf2_binding_permissive	Motif		PEGQGVE	52	59	1	7					
sequence	hmm	20261001_8fb675cb	XP_032218137.1	_		traf2_binding_permissive	Motif		PCYQCD	93	99	1	6					
sequence	hmm	20261001_8fb675cb	XP_032218137.1	_		traf2_binding_permissive	Motif		PKNETES	223	230	1	7					
sequence	hmm	20261001_8fb675cb	XP_032218137.1	_		traf2_binding_permissive	Motif		PREGQE	281	287	1	6					
sequence	hmm	20261001_8fb675cb	XP_032218137.1	_		traf2_binding_permissive	Motif		PCNQGSA	324	331	1	7					
sequence	hmm	20261001_8fb675cb	XP_032218137.1	_		traf2_binding_permissive	Motif		PANQPNE	335	342	1	7					
sequence	hmm	20261001_8fb675cb	XP_032218138.1	_		traf6_binding_strict	Motif		PREGQE	281	287	1	6					
sequence	hmm	20261001_8fb675cb	XP_032218138.1	_		traf6_binding_strict	Motif		PNEDVE	339	345	1	6					
sequence	hmm	20261001_8fb675cb	XP_032218138.1	_		traf6_binding_permissive	Motif		PREGQE	281	287	1	6					
sequence	hmm	20261001_8fb675cb	XP_032218138.1	_		traf6_binding_permissive	Motif		PNEDVE	339	345	1	6					
sequence	hmm	20261001_8fb675cb	XP_032218138.1	_		traf6_binding_permissive	Motif		PLEYIK	383	389	1	6					
sequence	hmm	20261001_8fb675cb	XP_032218138.1	_		traf2_binding_variant	Motif		PKNET	223	228	1	5					
sequence	hmm	20261001_8fb675cb	XP_032218138.1	_		traf2_binding_variant	Motif		PCNQG	324	329	1	5					
sequence	hmm	20261001_8fb675cb	XP_032218138.1	_		traf2_binding_permissive	Motif		PEGQGVE	52	59	1	7					
sequence	hmm	20261001_8fb675cb	XP_032218138.1	_		traf2_binding_permissive	Motif		PCYQCD	93	99	1	6					
sequence	hmm	20261001_8fb675cb	XP_032218138.1	_		traf2_binding_permissive	Motif		PKNETES	223	230	1	7					
sequence	hmm	20261001_8fb675cb	XP_032218138.1	_		traf2_binding_permissive	Motif		PREGQE	281	287	1	6					
sequence	hmm	20261001_8fb675cb	XP_032218138.1	_		traf2_binding_permissive	Motif		PCNQGSA	324	331	1	7					
sequence	hmm	20261001_8fb675cb	XP_032218138.1	_		traf2_binding_permissive	Motif		PANQPNE	335	342	1	7					
sequence	hmm	20261001_8fb675cb	XP_032218139.1	_		traf6_binding_strict	Motif		PREGQE	281	287	1	6					
sequence	hmm	20261001_8fb675cb	XP_032218139.1	_		traf6_binding_strict	Motif		PNEDVE	339	345	1	6					
sequence	hmm	20261001_8fb675cb	XP_032218139.1	_		traf6_binding_permissive	Motif		PREGQE	281	287	1	6					
sequence	hmm	20261001_8fb675cb	XP_032218139.1	_		traf6_binding_permissive	Motif		PNEDVE	339	345	1	6					
sequence	hmm	20261001_8fb675cb	XP_032218139.1	_		traf6_binding_permissive	Motif		PLEYIK	383	389	1	6					
sequence	hmm	20261001_8fb675cb	XP_032218139.1	_		traf2_binding_variant	Motif		PKNET	223	228	1	5					
sequence	hmm	20261001_8fb675cb	XP_032218139.1	_		traf2_binding_variant	Motif		PCNQG	324	329	1	5					
sequence	hmm	20261001_8fb675cb	XP_032218139.1	_		traf2_binding_permissive	Motif		PEGQGVE	52	59	1	7					
sequence	hmm	20261001_8fb675cb	XP_032218139.1	_		traf2_binding_permissive	Motif		PCYQCD	93	99	1	6					
sequence	hmm	20261001_8fb675cb	XP_032218139.1	_		traf2_binding_permissive	Motif		PKNETES	223	230	1	7					
sequence	hmm	20261001_8fb675cb	XP_032218139.1	_		traf2_binding_permissive	Motif		PREGQE	281	287	1	6					
sequence	hmm	20261001_8fb675cb	XP_032218139.1	_		traf2_binding_permissive	Motif		PCNQGSA	324	331	1	7					
sequence	hmm	20261001_8fb675cb	XP_032218139.1	_		traf2_binding_permissive	Motif		PANQPNE	335	342	1	7					
sequence	hmm	20261001_8fb675cb	XP_032228658.1	_		traf6_binding_permissive	Motif		PTEPSL	226	232	1	6					
sequence	hmm	20261001_8fb675cb	XP_032228658.1	_		traf2_binding_strict	Motif		PTEPS	226	231	1	5					
sequence	hmm	20261001_8fb675cb	XP_032228658.1	_		traf2_binding_variant	Motif		PTEPS	226	231	1	5					
sequence	hmm	20261001_8fb675cb	XP_032228658.1	_		traf2_binding_permissive	Motif		PAGQTVS	153	160	1	7					
sequence	hmm	20261001_8fb675cb	XP_032228658.1	_		traf2_binding_permissive	Motif		PTEPS	226	231	1	5					
sequence	hmm	20261001_8fb675cb	XP_032228658.1	_		traf2_binding_permissive	Motif		PLVQSGS	297	304	1	7					
sequence	hmm	20261001_8fb675cb	XP_032229145.1	_		traf2_binding_strict	Motif		PLQST	421	426	1	5					
sequence	hmm	20261001_8fb675cb	XP_032229145.1	_		traf2_binding_variant	Motif		PCEAG	159	164	1	5					
sequence	hmm	20261001_8fb675cb	XP_032229145.1	_		traf2_binding_variant	Motif		PLQST	421	426	1	5					
sequence	hmm	20261001_8fb675cb	XP_032229145.1	_		traf2_binding_permissive	Motif		PCEAGT	159	165	1	6					
sequence	hmm	20261001_8fb675cb	XP_032229145.1	_		traf2_binding_permissive	Motif		PGTNHT	236	242	1	6					
sequence	hmm	20261001_8fb675cb	XP_032229145.1	_		traf2_binding_permissive	Motif		PDVEENT	285	292	1	7					
sequence	hmm	20261001_8fb675cb	XP_032229145.1	_		traf2_binding_permissive	Motif		PMVEEQA	333	340	1	7					
sequence	hmm	20261001_8fb675cb	XP_032229145.1	_		traf2_binding_permissive	Motif		PLQST	421	426	1	5					
sequence	hmm	20261001_8fb675cb	XP_032229146.1	_		traf2_binding_strict	Motif		PLQST	420	425	1	5					
sequence	hmm	20261001_8fb675cb	XP_032229146.1	_		traf2_binding_variant	Motif		PCEAG	158	163	1	5					
sequence	hmm	20261001_8fb675cb	XP_032229146.1	_		traf2_binding_variant	Motif		PLQST	420	425	1	5					
sequence	hmm	20261001_8fb675cb	XP_032229146.1	_		traf2_binding_permissive	Motif		PCEAGT	158	164	1	6					
sequence	hmm	20261001_8fb675cb	XP_032229146.1	_		traf2_binding_permissive	Motif		PGTNHT	235	241	1	6					
sequence	hmm	20261001_8fb675cb	XP_032229146.1	_		traf2_binding_permissive	Motif		PDVEENT	284	291	1	7					
sequence	hmm	20261001_8fb675cb	XP_032229146.1	_		traf2_binding_permissive	Motif		PMVEEQA	332	339	1	7					
sequence	hmm	20261001_8fb675cb	XP_032229146.1	_		traf2_binding_permissive	Motif		PLQST	420	425	1	5					
sequence	hmm	20261001_8fb675cb	XP_032229147.1	_		traf2_binding_strict	Motif		PLQST	414	419	1	5					
sequence	hmm	20261001_8fb675cb	XP_032229147.1	_		traf2_binding_variant	Motif		PCEAG	152	157	1	5					
sequence	hmm	20261001_8fb675cb	XP_032229147.1	_		traf2_binding_variant	Motif		PLQST	414	419	1	5					
sequence	hmm	20261001_8fb675cb	XP_032229147.1	_		traf2_binding_permissive	Motif		PCEAGT	152	158	1	6					
sequence	hmm	20261001_8fb675cb	XP_032229147.1	_		traf2_binding_permissive	Motif		PGTNHT	229	235	1	6					
sequence	hmm	20261001_8fb675cb	XP_032229147.1	_		traf2_binding_permissive	Motif		PDVEENT	278	285	1	7					
sequence	hmm	20261001_8fb675cb	XP_032229147.1	_		traf2_binding_permissive	Motif		PMVEEQA	326	333	1	7					
sequence	hmm	20261001_8fb675cb	XP_032229147.1	_		traf2_binding_permissive	Motif		PLQST	414	419	1	5					
sequence	hmm	20261001_8fb675cb	XP_032229148.1	_		traf2_binding_strict	Motif		PLQST	402	407	1	5					
sequence	hmm	20261001_8fb675cb	XP_032229148.1	_		traf2_binding_variant	Motif		PCEAG	159	164	1	5					
sequence	hmm	20261001_8fb675cb	XP_032229148.1	_		traf2_binding_variant	Motif		PLQST	402	407	1	5					
sequence	hmm	20261001_8fb675cb	XP_032229148.1	_		traf2_binding_permissive	Motif		PCEAGT	159	165	1	6					
sequence	hmm	20261001_8fb675cb	XP_032229148.1	_		traf2_binding_permissive	Motif		PGTNHT	217	223	1	6					
sequence	hmm	20261001_8fb675cb	XP_032229148.1	_		traf2_binding_permissive	Motif		PDVEENT	266	273	1	7					
sequence	hmm	20261001_8fb675cb	XP_032229148.1	_		traf2_binding_permissive	Motif		PMVEEQA	314	321	1	7					
sequence	hmm	20261001_8fb675cb	XP_032229148.1	_		traf2_binding_permissive	Motif		PLQST	402	407	1	5					
sequence	hmm	20261001_8fb675cb	XP_032229149.1	_		traf2_binding_strict	Motif		PLQST	392	397	1	5					
sequence	hmm	20261001_8fb675cb	XP_032229149.1	_		traf2_binding_variant	Motif		PCEAG	159	164	1	5					
sequence	hmm	20261001_8fb675cb	XP_032229149.1	_		traf2_binding_variant	Motif		PLQST	392	397	1	5					
sequence	hmm	20261001_8fb675cb	XP_032229149.1	_		traf2_binding_permissive	Motif		PCEAGT	159	165	1	6					
sequence	hmm	20261001_8fb675cb	XP_032229149.1	_		traf2_binding_permissive	Motif		PGTNHT	236	242	1	6					
sequence	hmm	20261001_8fb675cb	XP_032229149.1	_		traf2_binding_permissive	Motif		PDVEENT	285	292	1	7					
sequence	hmm	20261001_8fb675cb	XP_032229149.1	_		traf2_binding_permissive	Motif		PMVEEQA	304	311	1	7					
sequence	hmm	20261001_8fb675cb	XP_032229149.1	_		traf2_binding_permissive	Motif		PLQST	392	397	1	5					
sequence	hmm	20261001_8fb675cb	XP_032229150.1	_		traf2_binding_variant	Motif		PCEAG	159	164	1	5					
sequence	hmm	20261001_8fb675cb	XP_032229150.1	_		traf2_binding_permissive	Motif		PCEAGT	159	165	1	6					
sequence	hmm	20261001_8fb675cb	XP_032229150.1	_		traf2_binding_permissive	Motif		PGTNHT	236	242	1	6					
sequence	hmm	20261001_8fb675cb	XP_032229150.1	_		traf2_binding_permissive	Motif		PDVEENT	285	292	1	7					
sequence	hmm	20261001_8fb675cb	XP_032229150.1	_		traf2_binding_permissive	Motif		PMVEEQA	333	340	1	7					
sequence	hmm	20261001_8fb675cb	XP_032229151.1	_		traf2_binding_strict	Motif		PLQST	336	341	1	5					
sequence	hmm	20261001_8fb675cb	XP_032229151.1	_		traf2_binding_variant	Motif		PCEAG	74	79	1	5					
sequence	hmm	20261001_8fb675cb	XP_032229151.1	_		traf2_binding_variant	Motif		PLQST	336	341	1	5					
sequence	hmm	20261001_8fb675cb	XP_032229151.1	_		traf2_binding_permissive	Motif		PCEAGT	74	80	1	6					
sequence	hmm	20261001_8fb675cb	XP_032229151.1	_		traf2_binding_permissive	Motif		PGTNHT	151	157	1	6					
sequence	hmm	20261001_8fb675cb	XP_032229151.1	_		traf2_binding_permissive	Motif		PDVEENT	200	207	1	7					
sequence	hmm	20261001_8fb675cb	XP_032229151.1	_		traf2_binding_permissive	Motif		PMVEEQA	248	255	1	7					
sequence	hmm	20261001_8fb675cb	XP_032229151.1	_		traf2_binding_permissive	Motif		PLQST	336	341	1	5					
sequence	hmm	20261001_8fb675cb	XP_032232475.1	_		traf6_binding_permissive	Motif		PAQHLL	299	305	1	6					
sequence	hmm	20261001_8fb675cb	XP_032232475.1	_		traf2_binding_strict	Motif		PRERS	182	187	1	5					
sequence	hmm	20261001_8fb675cb	XP_032232475.1	_		traf2_binding_variant	Motif		PRERS	182	187	1	5					
sequence	hmm	20261001_8fb675cb	XP_032232475.1	_		traf2_binding_permissive	Motif		PRERS	182	187	1	5					
sequence	hmm	20261001_8fb675cb	XP_032232475.1	_		traf2_binding_permissive	Motif		PEVEPYS	197	204	1	7					
sequence	hmm	20261001_8fb675cb	XP_032233730.1	_		traf6_binding_permissive	Motif		PMQQIR	264	270	1	6					
sequence	hmm	20261001_8fb675cb	XP_032233730.1	_		traf2_binding_permissive	Motif		PCTESQD	43	50	1	7					
sequence	hmm	20261001_8fb675cb	XP_032233731.1	_		traf6_binding_permissive	Motif		PMQQIR	264	270	1	6					
sequence	hmm	20261001_8fb675cb	XP_032233731.1	_		traf2_binding_permissive	Motif		PCTESQD	43	50	1	7					
sequence	hmm	20261001_8fb675cb	XP_032234035.1	_		traf2_binding_permissive	Motif		PPGQGLS	50	57	1	7					
sequence	hmm	20261001_8fb675cb	XP_032234035.1	_		traf2_binding_permissive	Motif		PPEHLS	192	198	1	6					
sequence	hmm	20261001_8fb675cb	XP_032234262.1	_		traf6_binding_strict	Motif		PREGQE	281	287	1	6					
sequence	hmm	20261001_8fb675cb	XP_032234262.1	_		traf6_binding_strict	Motif		PNEDVE	393	399	1	6					
sequence	hmm	20261001_8fb675cb	XP_032234262.1	_		traf6_binding_permissive	Motif		PREGQE	281	287	1	6					
sequence	hmm	20261001_8fb675cb	XP_032234262.1	_		traf6_binding_permissive	Motif		PNEDVE	393	399	1	6					
sequence	hmm	20261001_8fb675cb	XP_032234262.1	_		traf6_binding_permissive	Motif		PLEYIK	437	443	1	6					
sequence	hmm	20261001_8fb675cb	XP_032234262.1	_		traf2_binding_variant	Motif		PKNET	223	228	1	5					
sequence	hmm	20261001_8fb675cb	XP_032234262.1	_		traf2_binding_variant	Motif		PCNQG	324	329	1	5					
sequence	hmm	20261001_8fb675cb	XP_032234262.1	_		traf2_binding_variant	Motif		PCNQG	351	356	1	5					
sequence	hmm	20261001_8fb675cb	XP_032234262.1	_		traf2_binding_variant	Motif		PCNQG	378	383	1	5					
sequence	hmm	20261001_8fb675cb	XP_032234262.1	_		traf2_binding_permissive	Motif		PEGQGVE	52	59	1	7					
sequence	hmm	20261001_8fb675cb	XP_032234262.1	_		traf2_binding_permissive	Motif		PCYQCD	93	99	1	6					
sequence	hmm	20261001_8fb675cb	XP_032234262.1	_		traf2_binding_permissive	Motif		PKNETES	223	230	1	7					
sequence	hmm	20261001_8fb675cb	XP_032234262.1	_		traf2_binding_permissive	Motif		PREGQE	281	287	1	6					
sequence	hmm	20261001_8fb675cb	XP_032234262.1	_		traf2_binding_permissive	Motif		PCNQGSA	324	331	1	7					
sequence	hmm	20261001_8fb675cb	XP_032234262.1	_		traf2_binding_permissive	Motif		PCNQGSA	351	358	1	7					
sequence	hmm	20261001_8fb675cb	XP_032234262.1	_		traf2_binding_permissive	Motif		PCNQGSA	378	385	1	7					
sequence	hmm	20261001_8fb675cb	XP_032234262.1	_		traf2_binding_permissive	Motif		PANQPNE	389	396	1	7					
sequence	hmm	20261001_8fb675cb	XP_032237546.1	_		traf2_binding_strict	Motif		PGEES	56	61	1	5					
sequence	hmm	20261001_8fb675cb	XP_032237546.1	_		traf2_binding_variant	Motif		PGEES	56	61	1	5					
sequence	hmm	20261001_8fb675cb	XP_032237546.1	_		traf2_binding_permissive	Motif		PGEESS	56	62	1	6					
sequence	hmm	20261001_8fb675cb	XP_032237546.1	_		traf2_binding_permissive	Motif		PCKEGT	78	84	1	6					
sequence	hmm	20261001_8fb675cb	XP_032237546.1	_		traf2_binding_permissive	Motif		PVSQTPT	226	233	1	7					
sequence	hmm	20261001_8fb675cb	XP_032237546.1	_		traf2_binding_permissive	Motif		PTTQLQS	235	242	1	7					
sequence	hmm	20261001_8fb675cb	XP_032237546.1	_		traf2_binding_permissive	Motif		PFLQRDT	288	295	1	7					
sequence	hmm	20261001_8fb675cb	XP_032237547.1	_		traf2_binding_strict	Motif		PGEES	56	61	1	5					
sequence	hmm	20261001_8fb675cb	XP_032237547.1	_		traf2_binding_variant	Motif		PGEES	56	61	1	5					
sequence	hmm	20261001_8fb675cb	XP_032237547.1	_		traf2_binding_permissive	Motif		PGEESS	56	62	1	6					
sequence	hmm	20261001_8fb675cb	XP_032237547.1	_		traf2_binding_permissive	Motif		PCKEGT	78	84	1	6					
sequence	hmm	20261001_8fb675cb	XP_032237547.1	_		traf2_binding_permissive	Motif		PVSQTPT	226	233	1	7					
sequence	hmm	20261001_8fb675cb	XP_032237547.1	_		traf2_binding_permissive	Motif		PTTQLQS	235	242	1	7					
sequence	hmm	20261001_8fb675cb	XP_032237547.1	_		traf2_binding_permissive	Motif		PFLQRDT	288	295	1	7					
sequence	hmm	20261001_8fb675cb	XP_015753726.1	_		traf6_binding_permissive	Motif		PRQTDW	175	181	1	6					
sequence	hmm	20261001_8fb675cb	XP_015753726.1	_		traf6_binding_permissive	Motif		PTEAFL	350	356	1	6					
sequence	hmm	20261001_8fb675cb	XP_015753726.1	_		traf2_binding_variant	Motif		PRQTD	175	180	1	5					
sequence	hmm	20261001_8fb675cb	XP_015753726.1	_		traf2_binding_variant	Motif		PVEDD	279	284	1	5					
sequence	hmm	20261001_8fb675cb	XP_015753726.1	_		traf2_binding_permissive	Motif		PRQTD	175	180	1	5					
sequence	hmm	20261001_8fb675cb	XP_015753726.1	_		traf2_binding_permissive	Motif		PVEDD	279	284	1	5					
sequence	hmm	20261001_8fb675cb	XP_015753727.1	_		traf6_binding_permissive	Motif		PRQTDW	175	181	1	6					
sequence	hmm	20261001_8fb675cb	XP_015753727.1	_		traf6_binding_permissive	Motif		PTEAFL	350	356	1	6					
sequence	hmm	20261001_8fb675cb	XP_015753727.1	_		traf2_binding_variant	Motif		PRQTD	175	180	1	5					
sequence	hmm	20261001_8fb675cb	XP_015753727.1	_		traf2_binding_variant	Motif		PVEDD	279	284	1	5					
sequence	hmm	20261001_8fb675cb	XP_015753727.1	_		traf2_binding_permissive	Motif		PRQTD	175	180	1	5					
sequence	hmm	20261001_8fb675cb	XP_015753727.1	_		traf2_binding_permissive	Motif		PVEDD	279	284	1	5					
sequence	hmm	20261001_8fb675cb	XP_015753728.1	_		traf6_binding_permissive	Motif		PTEAFL	340	346	1	6					
sequence	hmm	20261001_8fb675cb	XP_015753728.1	_		traf2_binding_variant	Motif		PGNMS	209	214	1	5					
sequence	hmm	20261001_8fb675cb	XP_015753728.1	_		traf2_binding_permissive	Motif		PGNMSE	209	215	1	6					
sequence	hmm	20261001_8fb675cb	XP_015753728.1	_		traf2_binding_permissive	Motif		PENTKE	223	229	1	6					
sequence	hmm	20261001_8fb675cb	XP_015753729.1	_		traf6_binding_permissive	Motif		PRQTDW	164	170	1	6					
sequence	hmm	20261001_8fb675cb	XP_015753729.1	_		traf6_binding_permissive	Motif		PTEAFL	339	345	1	6					
sequence	hmm	20261001_8fb675cb	XP_015753729.1	_		traf2_binding_variant	Motif		PRQTD	164	169	1	5					
sequence	hmm	20261001_8fb675cb	XP_015753729.1	_		traf2_binding_variant	Motif		PVEDD	268	273	1	5					
sequence	hmm	20261001_8fb675cb	XP_015753729.1	_		traf2_binding_permissive	Motif		PRQTD	164	169	1	5					
sequence	hmm	20261001_8fb675cb	XP_015753729.1	_		traf2_binding_permissive	Motif		PVEDD	268	273	1	5					
sequence	hmm	20261001_8fb675cb	XP_015753730.1	_		traf6_binding_permissive	Motif		PTEAFL	333	339	1	6					
sequence	hmm	20261001_8fb675cb	XP_015753730.1	_		traf2_binding_variant	Motif		PVEDD	262	267	1	5					
sequence	hmm	20261001_8fb675cb	XP_015753730.1	_		traf2_binding_permissive	Motif		PVEDD	262	267	1	5					
sequence	hmm	20261001_8fb675cb	XP_015758034.1	_		traf6_binding_strict	Motif		PNEVLE	401	407	1	6					
sequence	hmm	20261001_8fb675cb	XP_015758034.1	_		traf6_binding_permissive	Motif		PNEVLE	401	407	1	6					
sequence	hmm	20261001_8fb675cb	XP_015758034.1	_		traf2_binding_permissive	Motif		PKCQND	168	174	1	6					
sequence	hmm	20261001_8fb675cb	XP_015758034.1	_		traf2_binding_permissive	Motif		PFPECGS	198	205	1	7					
sequence	hmm	20261001_8fb675cb	XP_015758034.1	_		traf2_binding_permissive	Motif		PENFIS	379	385	1	6					
sequence	hmm	20261001_8fb675cb	XP_015758034.1	_		traf2_binding_permissive	Motif		PNEVLE	401	407	1	6					
sequence	hmm	20261001_8fb675cb	XP_015758034.1	_		traf2_binding_permissive	Motif		PSGNYKD	603	610	1	7					
sequence	hmm	20261001_8fb675cb	XP_015758035.1	_		traf6_binding_strict	Motif		PNEVLE	401	407	1	6					
sequence	hmm	20261001_8fb675cb	XP_015758035.1	_		traf6_binding_permissive	Motif		PNEVLE	401	407	1	6					
sequence	hmm	20261001_8fb675cb	XP_015758035.1	_		traf2_binding_permissive	Motif		PKCQND	168	174	1	6					
sequence	hmm	20261001_8fb675cb	XP_015758035.1	_		traf2_binding_permissive	Motif		PFPECGS	198	205	1	7					
sequence	hmm	20261001_8fb675cb	XP_015758035.1	_		traf2_binding_permissive	Motif		PENFIS	379	385	1	6					
sequence	hmm	20261001_8fb675cb	XP_015758035.1	_		traf2_binding_permissive	Motif		PNEVLE	401	407	1	6					
sequence	hmm	20261001_8fb675cb	XP_015758035.1	_		traf2_binding_permissive	Motif		PSGNYKD	603	610	1	7					
sequence	hmm	20261001_8fb675cb	XP_015758036.1	_		traf6_binding_strict	Motif		PNEVLE	398	404	1	6					
sequence	hmm	20261001_8fb675cb	XP_015758036.1	_		traf6_binding_permissive	Motif		PNEVLE	398	404	1	6					
sequence	hmm	20261001_8fb675cb	XP_015758036.1	_		traf2_binding_permissive	Motif		PKCQND	165	171	1	6					
sequence	hmm	20261001_8fb675cb	XP_015758036.1	_		traf2_binding_permissive	Motif		PFPECGS	195	202	1	7					
sequence	hmm	20261001_8fb675cb	XP_015758036.1	_		traf2_binding_permissive	Motif		PENFIS	376	382	1	6					
sequence	hmm	20261001_8fb675cb	XP_015758036.1	_		traf2_binding_permissive	Motif		PNEVLE	398	404	1	6					
sequence	hmm	20261001_8fb675cb	XP_015758036.1	_		traf2_binding_permissive	Motif		PSGNYKD	600	607	1	7					
sequence	hmm	20261001_8fb675cb	XP_015758037.1	_		traf6_binding_strict	Motif		PNEVLE	401	407	1	6					
sequence	hmm	20261001_8fb675cb	XP_015758037.1	_		traf6_binding_permissive	Motif		PNEVLE	401	407	1	6					
sequence	hmm	20261001_8fb675cb	XP_015758037.1	_		traf2_binding_permissive	Motif		PKCQND	168	174	1	6					
sequence	hmm	20261001_8fb675cb	XP_015758037.1	_		traf2_binding_permissive	Motif		PFPECGS	198	205	1	7					
sequence	hmm	20261001_8fb675cb	XP_015758037.1	_		traf2_binding_permissive	Motif		PENFIS	379	385	1	6					
sequence	hmm	20261001_8fb675cb	XP_015758037.1	_		traf2_binding_permissive	Motif		PNEVLE	401	407	1	6					
sequence	hmm	20261001_8fb675cb	XP_015758038.1	_		traf6_binding_permissive	Motif		PDEVFI	401	407	1	6					
sequence	hmm	20261001_8fb675cb	XP_015758038.1	_		traf2_binding_permissive	Motif		PKCQND	168	174	1	6					
sequence	hmm	20261001_8fb675cb	XP_015758038.1	_		traf2_binding_permissive	Motif		PFPECGS	198	205	1	7					
sequence	hmm	20261001_8fb675cb	XP_015758038.1	_		traf2_binding_permissive	Motif		PENFIS	379	385	1	6					
sequence	hmm	20261001_8fb675cb	XP_015758039.1	_		traf6_binding_permissive	Motif		PDEVFI	393	399	1	6					
sequence	hmm	20261001_8fb675cb	XP_015758039.1	_		traf2_binding_permissive	Motif		PKCQND	168	174	1	6					
sequence	hmm	20261001_8fb675cb	XP_015758039.1	_		traf2_binding_permissive	Motif		PFPECGS	198	205	1	7					
sequence	hmm	20261001_8fb675cb	XP_015758039.1	_		traf2_binding_permissive	Motif		PENFIS	371	377	1	6					
sequence	hmm	20261001_8fb675cb	XP_015758412.1	_		traf6_binding_permissive	Motif		PTQCER	52	58	1	6					
sequence	hmm	20261001_8fb675cb	XP_015758412.1	_		traf2_binding_variant	Motif		PTQCE	52	57	1	5					
sequence	hmm	20261001_8fb675cb	XP_015758412.1	_		traf2_binding_variant	Motif		PNEAA	333	338	1	5					
sequence	hmm	20261001_8fb675cb	XP_015758412.1	_		traf2_binding_permissive	Motif		PTQCE	52	57	1	5					
sequence	hmm	20261001_8fb675cb	XP_015758412.1	_		traf2_binding_permissive	Motif		PGNSFT	59	65	1	6					
sequence	hmm	20261001_8fb675cb	XP_015758412.1	_		traf2_binding_permissive	Motif		PNEAA	333	338	1	5					
sequence	hmm	20261001_8fb675cb	XP_015761850.1	_		traf6_binding_permissive	Motif		PTEAFL	339	345	1	6					
sequence	hmm	20261001_8fb675cb	XP_015761850.1	_		traf2_binding_variant	Motif		PVNVS	207	212	1	5					
sequence	hmm	20261001_8fb675cb	XP_015761850.1	_		traf2_binding_permissive	Motif		PVNVSG	207	213	1	6					
sequence	hmm	20261001_8fb675cb	XP_015761851.1	_		traf6_binding_permissive	Motif		PTEAFL	337	343	1	6					
sequence	hmm	20261001_8fb675cb	XP_015761851.1	_		traf2_binding_variant	Motif		PVNVS	205	210	1	5					
sequence	hmm	20261001_8fb675cb	XP_015761851.1	_		traf2_binding_permissive	Motif		PVNVSG	205	211	1	6					
sequence	hmm	20261001_8fb675cb	XP_015761852.1	_		traf6_binding_permissive	Motif		PTEAFL	337	343	1	6					
sequence	hmm	20261001_8fb675cb	XP_015761852.1	_		traf2_binding_variant	Motif		PVNVS	205	210	1	5					
sequence	hmm	20261001_8fb675cb	XP_015761852.1	_		traf2_binding_permissive	Motif		PVNVSG	205	211	1	6					
sequence	hmm	20261001_8fb675cb	XP_015761853.1	_		traf6_binding_permissive	Motif		PTEAFL	330	336	1	6					
sequence	hmm	20261001_8fb675cb	XP_015761853.1	_		traf2_binding_variant	Motif		PVNVS	198	203	1	5					
sequence	hmm	20261001_8fb675cb	XP_015761853.1	_		traf2_binding_permissive	Motif		PVNVSG	198	204	1	6					
sequence	hmm	20261001_8fb675cb	XP_015761854.1	_		traf6_binding_permissive	Motif		PTEAFL	330	336	1	6					
sequence	hmm	20261001_8fb675cb	XP_015761854.1	_		traf2_binding_variant	Motif		PVNVS	198	203	1	5					
sequence	hmm	20261001_8fb675cb	XP_015761854.1	_		traf2_binding_permissive	Motif		PVNVSG	198	204	1	6					
sequence	hmm	20261001_8fb675cb	XP_015761855.1	_		traf6_binding_permissive	Motif		PTEAFL	330	336	1	6					
sequence	hmm	20261001_8fb675cb	XP_015761855.1	_		traf2_binding_variant	Motif		PVNVS	198	203	1	5					
sequence	hmm	20261001_8fb675cb	XP_015761855.1	_		traf2_binding_permissive	Motif		PVNVSG	198	204	1	6					
sequence	hmm	20261001_8fb675cb	XP_015763745.1	_		traf6_binding_permissive	Motif		PCEEGI	82	88	1	6					
sequence	hmm	20261001_8fb675cb	XP_015763745.1	_		traf6_binding_permissive	Motif		PNEETI	106	112	1	6					
sequence	hmm	20261001_8fb675cb	XP_015763745.1	_		traf2_binding_strict	Motif		PNEET	106	111	1	5					
sequence	hmm	20261001_8fb675cb	XP_015763745.1	_		traf2_binding_variant	Motif		PCEEG	82	87	1	5					
sequence	hmm	20261001_8fb675cb	XP_015763745.1	_		traf2_binding_variant	Motif		PNEET	106	111	1	5					
sequence	hmm	20261001_8fb675cb	XP_015763745.1	_		traf2_binding_permissive	Motif		PCEEGIG	82	89	1	7					
sequence	hmm	20261001_8fb675cb	XP_015763745.1	_		traf2_binding_permissive	Motif		PNEET	106	111	1	5					
sequence	hmm	20261001_8fb675cb	XP_015768519.1	_		traf6_binding_strict	Motif		PLESPE	252	258	1	6					
sequence	hmm	20261001_8fb675cb	XP_015768519.1	_		traf6_binding_permissive	Motif		PCENGH	46	52	1	6					
sequence	hmm	20261001_8fb675cb	XP_015768519.1	_		traf6_binding_permissive	Motif		PCEKGK	126	132	1	6					
sequence	hmm	20261001_8fb675cb	XP_015768519.1	_		traf6_binding_permissive	Motif		PFEVSL	219	225	1	6					
sequence	hmm	20261001_8fb675cb	XP_015768519.1	_		traf6_binding_permissive	Motif		PLESPE	252	258	1	6					
sequence	hmm	20261001_8fb675cb	XP_015768519.1	_		traf2_binding_strict	Motif		PFEVS	219	224	1	5					
sequence	hmm	20261001_8fb675cb	XP_015768519.1	_		traf2_binding_variant	Motif		PCENG	46	51	1	5					
sequence	hmm	20261001_8fb675cb	XP_015768519.1	_		traf2_binding_variant	Motif		PCEKG	126	131	1	5					
sequence	hmm	20261001_8fb675cb	XP_015768519.1	_		traf2_binding_variant	Motif		PFEVS	219	224	1	5					
sequence	hmm	20261001_8fb675cb	XP_015768519.1	_		traf2_binding_variant	Motif		PGQEA	306	311	1	5					
sequence	hmm	20261001_8fb675cb	XP_015768519.1	_		traf2_binding_variant	Motif		PSNCS	571	576	1	5					
sequence	hmm	20261001_8fb675cb	XP_015768519.1	_		traf2_binding_permissive	Motif		PCENG	46	51	1	5					
sequence	hmm	20261001_8fb675cb	XP_015768519.1	_		traf2_binding_permissive	Motif		PCEKG	126	131	1	5					
sequence	hmm	20261001_8fb675cb	XP_015768519.1	_		traf2_binding_permissive	Motif		PVTQSMT	207	214	1	7					
sequence	hmm	20261001_8fb675cb	XP_015768519.1	_		traf2_binding_permissive	Motif		PFEVS	219	224	1	5					
sequence	hmm	20261001_8fb675cb	XP_015768519.1	_		traf2_binding_permissive	Motif		PLESPE	252	258	1	6					
sequence	hmm	20261001_8fb675cb	XP_015768519.1	_		traf2_binding_permissive	Motif		PGQEAG	306	312	1	6					
sequence	hmm	20261001_8fb675cb	XP_015768519.1	_		traf2_binding_permissive	Motif		PADERT	358	364	1	6					
sequence	hmm	20261001_8fb675cb	XP_015768519.1	_		traf2_binding_permissive	Motif		PSNCSG	571	577	1	6					
sequence	hmm	20261001_8fb675cb	XP_015768520.1	_		traf6_binding_strict	Motif		PLESPE	245	251	1	6					
sequence	hmm	20261001_8fb675cb	XP_015768520.1	_		traf6_binding_permissive	Motif		PCENGH	39	45	1	6					
sequence	hmm	20261001_8fb675cb	XP_015768520.1	_		traf6_binding_permissive	Motif		PCEKGK	119	125	1	6					
sequence	hmm	20261001_8fb675cb	XP_015768520.1	_		traf6_binding_permissive	Motif		PFEVSL	212	218	1	6					
sequence	hmm	20261001_8fb675cb	XP_015768520.1	_		traf6_binding_permissive	Motif		PLESPE	245	251	1	6					
sequence	hmm	20261001_8fb675cb	XP_015768520.1	_		traf2_binding_strict	Motif		PFEVS	212	217	1	5					
sequence	hmm	20261001_8fb675cb	XP_015768520.1	_		traf2_binding_variant	Motif		PCENG	39	44	1	5					
sequence	hmm	20261001_8fb675cb	XP_015768520.1	_		traf2_binding_variant	Motif		PCEKG	119	124	1	5					
sequence	hmm	20261001_8fb675cb	XP_015768520.1	_		traf2_binding_variant	Motif		PFEVS	212	217	1	5					
sequence	hmm	20261001_8fb675cb	XP_015768520.1	_		traf2_binding_variant	Motif		PGQEA	299	304	1	5					
sequence	hmm	20261001_8fb675cb	XP_015768520.1	_		traf2_binding_variant	Motif		PSNCS	564	569	1	5					
sequence	hmm	20261001_8fb675cb	XP_015768520.1	_		traf2_binding_permissive	Motif		PCENG	39	44	1	5					
sequence	hmm	20261001_8fb675cb	XP_015768520.1	_		traf2_binding_permissive	Motif		PCEKG	119	124	1	5					
sequence	hmm	20261001_8fb675cb	XP_015768520.1	_		traf2_binding_permissive	Motif		PVTQSMT	200	207	1	7					
sequence	hmm	20261001_8fb675cb	XP_015768520.1	_		traf2_binding_permissive	Motif		PFEVS	212	217	1	5					
sequence	hmm	20261001_8fb675cb	XP_015768520.1	_		traf2_binding_permissive	Motif		PLESPE	245	251	1	6					
sequence	hmm	20261001_8fb675cb	XP_015768520.1	_		traf2_binding_permissive	Motif		PGQEAG	299	305	1	6					
sequence	hmm	20261001_8fb675cb	XP_015768520.1	_		traf2_binding_permissive	Motif		PADERT	351	357	1	6					
sequence	hmm	20261001_8fb675cb	XP_015768520.1	_		traf2_binding_permissive	Motif		PSNCSG	564	570	1	6					
sequence	hmm	20261001_8fb675cb	XP_015768521.1	_		traf6_binding_strict	Motif		PLESPE	245	251	1	6					
sequence	hmm	20261001_8fb675cb	XP_015768521.1	_		traf6_binding_permissive	Motif		PCENGH	39	45	1	6					
sequence	hmm	20261001_8fb675cb	XP_015768521.1	_		traf6_binding_permissive	Motif		PCEKGK	119	125	1	6					
sequence	hmm	20261001_8fb675cb	XP_015768521.1	_		traf6_binding_permissive	Motif		PFEVSL	212	218	1	6					
sequence	hmm	20261001_8fb675cb	XP_015768521.1	_		traf6_binding_permissive	Motif		PLESPE	245	251	1	6					
sequence	hmm	20261001_8fb675cb	XP_015768521.1	_		traf2_binding_strict	Motif		PFEVS	212	217	1	5					
sequence	hmm	20261001_8fb675cb	XP_015768521.1	_		traf2_binding_variant	Motif		PCENG	39	44	1	5					
sequence	hmm	20261001_8fb675cb	XP_015768521.1	_		traf2_binding_variant	Motif		PCEKG	119	124	1	5					
sequence	hmm	20261001_8fb675cb	XP_015768521.1	_		traf2_binding_variant	Motif		PFEVS	212	217	1	5					
sequence	hmm	20261001_8fb675cb	XP_015768521.1	_		traf2_binding_variant	Motif		PGQEA	299	304	1	5					
sequence	hmm	20261001_8fb675cb	XP_015768521.1	_		traf2_binding_variant	Motif		PSNCS	564	569	1	5					
sequence	hmm	20261001_8fb675cb	XP_015768521.1	_		traf2_binding_permissive	Motif		PCENG	39	44	1	5					
sequence	hmm	20261001_8fb675cb	XP_015768521.1	_		traf2_binding_permissive	Motif		PCEKG	119	124	1	5					
sequence	hmm	20261001_8fb675cb	XP_015768521.1	_		traf2_binding_permissive	Motif		PVTQSMT	200	207	1	7					
sequence	hmm	20261001_8fb675cb	XP_015768521.1	_		traf2_binding_permissive	Motif		PFEVS	212	217	1	5					
sequence	hmm	20261001_8fb675cb	XP_015768521.1	_		traf2_binding_permissive	Motif		PLESPE	245	251	1	6					
sequence	hmm	20261001_8fb675cb	XP_015768521.1	_		traf2_binding_permissive	Motif		PGQEAG	299	305	1	6					
sequence	hmm	20261001_8fb675cb	XP_015768521.1	_		traf2_binding_permissive	Motif		PADERT	351	357	1	6					
sequence	hmm	20261001_8fb675cb	XP_015768521.1	_		traf2_binding_permissive	Motif		PSNCSG	564	570	1	6					
sequence	hmm	20261001_8fb675cb	XP_015768522.1	_		traf6_binding_strict	Motif		PLESPE	245	251	1	6					
sequence	hmm	20261001_8fb675cb	XP_015768522.1	_		traf6_binding_permissive	Motif		PCENGH	39	45	1	6					
sequence	hmm	20261001_8fb675cb	XP_015768522.1	_		traf6_binding_permissive	Motif		PCEKGK	119	125	1	6					
sequence	hmm	20261001_8fb675cb	XP_015768522.1	_		traf6_binding_permissive	Motif		PFEVSL	212	218	1	6					
sequence	hmm	20261001_8fb675cb	XP_015768522.1	_		traf6_binding_permissive	Motif		PLESPE	245	251	1	6					
sequence	hmm	20261001_8fb675cb	XP_015768522.1	_		traf2_binding_strict	Motif		PFEVS	212	217	1	5					
sequence	hmm	20261001_8fb675cb	XP_015768522.1	_		traf2_binding_variant	Motif		PCENG	39	44	1	5					
sequence	hmm	20261001_8fb675cb	XP_015768522.1	_		traf2_binding_variant	Motif		PCEKG	119	124	1	5					
sequence	hmm	20261001_8fb675cb	XP_015768522.1	_		traf2_binding_variant	Motif		PFEVS	212	217	1	5					
sequence	hmm	20261001_8fb675cb	XP_015768522.1	_		traf2_binding_variant	Motif		PGQEA	299	304	1	5					
sequence	hmm	20261001_8fb675cb	XP_015768522.1	_		traf2_binding_variant	Motif		PSNCS	564	569	1	5					
sequence	hmm	20261001_8fb675cb	XP_015768522.1	_		traf2_binding_permissive	Motif		PCENG	39	44	1	5					
sequence	hmm	20261001_8fb675cb	XP_015768522.1	_		traf2_binding_permissive	Motif		PCEKG	119	124	1	5					
sequence	hmm	20261001_8fb675cb	XP_015768522.1	_		traf2_binding_permissive	Motif		PVTQSMT	200	207	1	7					
sequence	hmm	20261001_8fb675cb	XP_015768522.1	_		traf2_binding_permissive	Motif		PFEVS	212	217	1	5					
sequence	hmm	20261001_8fb675cb	XP_015768522.1	_		traf2_binding_permissive	Motif		PLESPE	245	251	1	6					
sequence	hmm	20261001_8fb675cb	XP_015768522.1	_		traf2_binding_permissive	Motif		PGQEAG	299	305	1	6					
sequence	hmm	20261001_8fb675cb	XP_015768522.1	_		traf2_binding_permissive	Motif		PADERT	351	357	1	6					
sequence	hmm	20261001_8fb675cb	XP_015768522.1	_		traf2_binding_permissive	Motif		PSNCSG	564	570	1	6					
sequence	hmm	20261001_8fb675cb	XP_015768524.1	_		traf6_binding_strict	Motif		PLESPE	231	237	1	6					
sequence	hmm	20261001_8fb675cb	XP_015768524.1	_		traf6_binding_permissive	Motif		PCENGH	25	31	1	6					
sequence	hmm	20261001_8fb675cb	XP_015768524.1	_		traf6_binding_permissive	Motif		PCEKGK	105	111	1	6					
sequence	hmm	20261001_8fb675cb	XP_015768524.1	_		traf6_binding_permissive	Motif		PFEVSL	198	204	1	6					
sequence	hmm	20261001_8fb675cb	XP_015768524.1	_		traf6_binding_permissive	Motif		PLESPE	231	237	1	6					
sequence	hmm	20261001_8fb675cb	XP_015768524.1	_		traf2_binding_strict	Motif		PFEVS	198	203	1	5					
sequence	hmm	20261001_8fb675cb	XP_015768524.1	_		traf2_binding_variant	Motif		PCENG	25	30	1	5					
sequence	hmm	20261001_8fb675cb	XP_015768524.1	_		traf2_binding_variant	Motif		PCEKG	105	110	1	5					
sequence	hmm	20261001_8fb675cb	XP_015768524.1	_		traf2_binding_variant	Motif		PFEVS	198	203	1	5					
sequence	hmm	20261001_8fb675cb	XP_015768524.1	_		traf2_binding_variant	Motif		PGQEA	285	290	1	5					
sequence	hmm	20261001_8fb675cb	XP_015768524.1	_		traf2_binding_variant	Motif		PSNCS	550	555	1	5					
sequence	hmm	20261001_8fb675cb	XP_015768524.1	_		traf2_binding_permissive	Motif		PCENG	25	30	1	5					
sequence	hmm	20261001_8fb675cb	XP_015768524.1	_		traf2_binding_permissive	Motif		PCEKG	105	110	1	5					
sequence	hmm	20261001_8fb675cb	XP_015768524.1	_		traf2_binding_permissive	Motif		PVTQSMT	186	193	1	7					
sequence	hmm	20261001_8fb675cb	XP_015768524.1	_		traf2_binding_permissive	Motif		PFEVS	198	203	1	5					
sequence	hmm	20261001_8fb675cb	XP_015768524.1	_		traf2_binding_permissive	Motif		PLESPE	231	237	1	6					
sequence	hmm	20261001_8fb675cb	XP_015768524.1	_		traf2_binding_permissive	Motif		PGQEAG	285	291	1	6					
sequence	hmm	20261001_8fb675cb	XP_015768524.1	_		traf2_binding_permissive	Motif		PADERT	337	343	1	6					
sequence	hmm	20261001_8fb675cb	XP_015768524.1	_		traf2_binding_permissive	Motif		PSNCSG	550	556	1	6					
sequence	hmm	20261001_8fb675cb	XP_015768525.1	_		traf6_binding_strict	Motif		PLESPE	252	258	1	6					
sequence	hmm	20261001_8fb675cb	XP_015768525.1	_		traf6_binding_permissive	Motif		PCENGH	46	52	1	6					
sequence	hmm	20261001_8fb675cb	XP_015768525.1	_		traf6_binding_permissive	Motif		PCEKGK	126	132	1	6					
sequence	hmm	20261001_8fb675cb	XP_015768525.1	_		traf6_binding_permissive	Motif		PFEVSL	219	225	1	6					
sequence	hmm	20261001_8fb675cb	XP_015768525.1	_		traf6_binding_permissive	Motif		PLESPE	252	258	1	6					
sequence	hmm	20261001_8fb675cb	XP_015768525.1	_		traf6_binding_permissive	Motif		PREKWK	333	339	1	6					
sequence	hmm	20261001_8fb675cb	XP_015768525.1	_		traf2_binding_strict	Motif		PFEVS	219	224	1	5					
sequence	hmm	20261001_8fb675cb	XP_015768525.1	_		traf2_binding_variant	Motif		PCENG	46	51	1	5					
sequence	hmm	20261001_8fb675cb	XP_015768525.1	_		traf2_binding_variant	Motif		PCEKG	126	131	1	5					
sequence	hmm	20261001_8fb675cb	XP_015768525.1	_		traf2_binding_variant	Motif		PFEVS	219	224	1	5					
sequence	hmm	20261001_8fb675cb	XP_015768525.1	_		traf2_binding_variant	Motif		PGQEA	306	311	1	5					
sequence	hmm	20261001_8fb675cb	XP_015768525.1	_		traf2_binding_permissive	Motif		PCENG	46	51	1	5					
sequence	hmm	20261001_8fb675cb	XP_015768525.1	_		traf2_binding_permissive	Motif		PCEKG	126	131	1	5					
sequence	hmm	20261001_8fb675cb	XP_015768525.1	_		traf2_binding_permissive	Motif		PVTQSMT	207	214	1	7					
sequence	hmm	20261001_8fb675cb	XP_015768525.1	_		traf2_binding_permissive	Motif		PFEVS	219	224	1	5					
sequence	hmm	20261001_8fb675cb	XP_015768525.1	_		traf2_binding_permissive	Motif		PLESPE	252	258	1	6					
sequence	hmm	20261001_8fb675cb	XP_015768525.1	_		traf2_binding_permissive	Motif		PGQEAGS	306	313	1	7					
sequence	hmm	20261001_8fb675cb	XP_015768526.1	_		traf6_binding_strict	Motif		PLESPE	252	258	1	6					
sequence	hmm	20261001_8fb675cb	XP_015768526.1	_		traf6_binding_permissive	Motif		PCENGH	46	52	1	6					
sequence	hmm	20261001_8fb675cb	XP_015768526.1	_		traf6_binding_permissive	Motif		PCEKGK	126	132	1	6					
sequence	hmm	20261001_8fb675cb	XP_015768526.1	_		traf6_binding_permissive	Motif		PFEVSL	219	225	1	6					
sequence	hmm	20261001_8fb675cb	XP_015768526.1	_		traf6_binding_permissive	Motif		PLESPE	252	258	1	6					
sequence	hmm	20261001_8fb675cb	XP_015768526.1	_		traf6_binding_permissive	Motif		PREKWK	308	314	1	6					
sequence	hmm	20261001_8fb675cb	XP_015768526.1	_		traf2_binding_strict	Motif		PFEVS	219	224	1	5					
sequence	hmm	20261001_8fb675cb	XP_015768526.1	_		traf2_binding_variant	Motif		PCENG	46	51	1	5					
sequence	hmm	20261001_8fb675cb	XP_015768526.1	_		traf2_binding_variant	Motif		PCEKG	126	131	1	5					
sequence	hmm	20261001_8fb675cb	XP_015768526.1	_		traf2_binding_variant	Motif		PFEVS	219	224	1	5					
sequence	hmm	20261001_8fb675cb	XP_015768526.1	_		traf2_binding_permissive	Motif		PCENG	46	51	1	5					
sequence	hmm	20261001_8fb675cb	XP_015768526.1	_		traf2_binding_permissive	Motif		PCEKG	126	131	1	5					
sequence	hmm	20261001_8fb675cb	XP_015768526.1	_		traf2_binding_permissive	Motif		PVTQSMT	207	214	1	7					
sequence	hmm	20261001_8fb675cb	XP_015768526.1	_		traf2_binding_permissive	Motif		PFEVS	219	224	1	5					
sequence	hmm	20261001_8fb675cb	XP_015768526.1	_		traf2_binding_permissive	Motif		PLESPE	252	258	1	6					
sequence	hmm	20261001_8fb675cb	XP_015768527.1	_		traf6_binding_strict	Motif		PLESPE	245	251	1	6					
sequence	hmm	20261001_8fb675cb	XP_015768527.1	_		traf6_binding_permissive	Motif		PCENGH	39	45	1	6					
sequence	hmm	20261001_8fb675cb	XP_015768527.1	_		traf6_binding_permissive	Motif		PCEKGK	119	125	1	6					
sequence	hmm	20261001_8fb675cb	XP_015768527.1	_		traf6_binding_permissive	Motif		PFEVSL	212	218	1	6					
sequence	hmm	20261001_8fb675cb	XP_015768527.1	_		traf6_binding_permissive	Motif		PLESPE	245	251	1	6					
sequence	hmm	20261001_8fb675cb	XP_015768527.1	_		traf6_binding_permissive	Motif		PREKWK	301	307	1	6					
sequence	hmm	20261001_8fb675cb	XP_015768527.1	_		traf2_binding_strict	Motif		PFEVS	212	217	1	5					
sequence	hmm	20261001_8fb675cb	XP_015768527.1	_		traf2_binding_variant	Motif		PCENG	39	44	1	5					
sequence	hmm	20261001_8fb675cb	XP_015768527.1	_		traf2_binding_variant	Motif		PCEKG	119	124	1	5					
sequence	hmm	20261001_8fb675cb	XP_015768527.1	_		traf2_binding_variant	Motif		PFEVS	212	217	1	5					
sequence	hmm	20261001_8fb675cb	XP_015768527.1	_		traf2_binding_permissive	Motif		PCENG	39	44	1	5					
sequence	hmm	20261001_8fb675cb	XP_015768527.1	_		traf2_binding_permissive	Motif		PCEKG	119	124	1	5					
sequence	hmm	20261001_8fb675cb	XP_015768527.1	_		traf2_binding_permissive	Motif		PVTQSMT	200	207	1	7					
sequence	hmm	20261001_8fb675cb	XP_015768527.1	_		traf2_binding_permissive	Motif		PFEVS	212	217	1	5					
sequence	hmm	20261001_8fb675cb	XP_015768527.1	_		traf2_binding_permissive	Motif		PLESPE	245	251	1	6					
sequence	hmm	20261001_8fb675cb	XP_015771234.1	_		traf6_binding_permissive	Motif		PREPSI	308	314	1	6					
sequence	hmm	20261001_8fb675cb	XP_015771234.1	_		traf2_binding_strict	Motif		PEEHS	156	161	1	5					
sequence	hmm	20261001_8fb675cb	XP_015771234.1	_		traf2_binding_strict	Motif		PREPS	308	313	1	5					
sequence	hmm	20261001_8fb675cb	XP_015771234.1	_		traf2_binding_variant	Motif		PEEHS	156	161	1	5					
sequence	hmm	20261001_8fb675cb	XP_015771234.1	_		traf2_binding_variant	Motif		PKNET	287	292	1	5					
sequence	hmm	20261001_8fb675cb	XP_015771234.1	_		traf2_binding_variant	Motif		PREPS	308	313	1	5					
sequence	hmm	20261001_8fb675cb	XP_015771234.1	_		traf2_binding_permissive	Motif		PEEHSS	156	162	1	6					
sequence	hmm	20261001_8fb675cb	XP_015771234.1	_		traf2_binding_permissive	Motif		PFSNPST	256	263	1	7					
sequence	hmm	20261001_8fb675cb	XP_015771234.1	_		traf2_binding_permissive	Motif		PKNET	287	292	1	5					
sequence	hmm	20261001_8fb675cb	XP_015771234.1	_		traf2_binding_permissive	Motif		PREPS	308	313	1	5					
sequence	hmm	20261001_8fb675cb	XP_015771234.1	_		traf2_binding_permissive	Motif		PTGNNS	550	556	1	6					
sequence	hmm	20261001_8fb675cb	XP_015771235.1	_		traf6_binding_permissive	Motif		PTEIRV	188	194	1	6					
sequence	hmm	20261001_8fb675cb	XP_015771235.1	_		traf2_binding_strict	Motif		PPQTT	791	796	1	5					
sequence	hmm	20261001_8fb675cb	XP_015771235.1	_		traf2_binding_variant	Motif		PKNIS	295	300	1	5					
sequence	hmm	20261001_8fb675cb	XP_015771235.1	_		traf2_binding_variant	Motif		PPQTT	791	796	1	5					
sequence	hmm	20261001_8fb675cb	XP_015771235.1	_		traf2_binding_permissive	Motif		PTLQSST	195	202	1	7					
sequence	hmm	20261001_8fb675cb	XP_015771235.1	_		traf2_binding_permissive	Motif		PKNIS	295	300	1	5					
sequence	hmm	20261001_8fb675cb	XP_015771235.1	_		traf2_binding_permissive	Motif		PETNERT	540	547	1	7					
sequence	hmm	20261001_8fb675cb	XP_015771235.1	_		traf2_binding_permissive	Motif		PQNWKE	596	602	1	6					
sequence	hmm	20261001_8fb675cb	XP_015771235.1	_		traf2_binding_permissive	Motif		PASNLIS	657	664	1	7					
sequence	hmm	20261001_8fb675cb	XP_015771235.1	_		traf2_binding_permissive	Motif		PASQNYT	727	734	1	7					
sequence	hmm	20261001_8fb675cb	XP_015771235.1	_		traf2_binding_permissive	Motif		PIAESST	754	761	1	7					
sequence	hmm	20261001_8fb675cb	XP_015771235.1	_		traf2_binding_permissive	Motif		PPQTTS	791	797	1	6					
sequence	hmm	20261001_8fb675cb	XP_015772351.1	_		traf6_binding_strict	Motif		PDETVE	472	478	1	6					
sequence	hmm	20261001_8fb675cb	XP_015772351.1	_		traf6_binding_permissive	Motif		PDETVE	472	478	1	6					
sequence	hmm	20261001_8fb675cb	XP_015772351.1	_		traf2_binding_permissive	Motif		PPGQQHS	39	46	1	7					
sequence	hmm	20261001_8fb675cb	XP_015772351.1	_		traf2_binding_permissive	Motif		PENTFS	64	70	1	6					
sequence	hmm	20261001_8fb675cb	XP_015772351.1	_		traf2_binding_permissive	Motif		PDETVE	472	478	1	6					
sequence	hmm	20261001_8fb675cb	XP_015772355.1	_		traf2_binding_permissive	Motif		PTTQGDG	209	216	1	7					
sequence	hmm	20261001_8fb675cb	XP_015772355.1	_		traf2_binding_permissive	Motif		PVIEEST	268	275	1	7					
sequence	hmm	20261001_8fb675cb	XP_015772355.1	_		traf2_binding_permissive	Motif		PSKELMS	346	353	1	7					
sequence	hmm	20261001_8fb675cb	XP_015772357.1	_		traf6_binding_permissive	Motif		PCELGK	77	83	1	6					
sequence	hmm	20261001_8fb675cb	XP_015772357.1	_		traf6_binding_permissive	Motif		PSEQLL	794	800	1	6					
sequence	hmm	20261001_8fb675cb	XP_015772357.1	_		traf2_binding_variant	Motif		PCELG	77	82	1	5					
sequence	hmm	20261001_8fb675cb	XP_015772357.1	_		traf2_binding_variant	Motif		PCNLT	250	255	1	5					
sequence	hmm	20261001_8fb675cb	XP_015772357.1	_		traf2_binding_variant	Motif		PCNLT	294	299	1	5					
sequence	hmm	20261001_8fb675cb	XP_015772357.1	_		traf2_binding_permissive	Motif		PLCQPG	49	55	1	6					
sequence	hmm	20261001_8fb675cb	XP_015772357.1	_		traf2_binding_permissive	Motif		PCELG	77	82	1	5					
sequence	hmm	20261001_8fb675cb	XP_015772357.1	_		traf2_binding_permissive	Motif		PECQND	171	177	1	6					
sequence	hmm	20261001_8fb675cb	XP_015772357.1	_		traf2_binding_permissive	Motif		PFPECGS	201	208	1	7					
sequence	hmm	20261001_8fb675cb	XP_015772357.1	_		traf2_binding_permissive	Motif		PCNLT	250	255	1	5					
sequence	hmm	20261001_8fb675cb	XP_015772357.1	_		traf2_binding_permissive	Motif		PCNLT	294	299	1	5					
sequence	hmm	20261001_8fb675cb	XP_015772357.1	_		traf2_binding_permissive	Motif		PGRNPSE	790	797	1	7					
sequence	hmm	20261001_8fb675cb	XP_015772358.1	_		traf6_binding_permissive	Motif		PCELGK	77	83	1	6					
sequence	hmm	20261001_8fb675cb	XP_015772358.1	_		traf6_binding_permissive	Motif		PSEQLL	794	800	1	6					
sequence	hmm	20261001_8fb675cb	XP_015772358.1	_		traf2_binding_variant	Motif		PCELG	77	82	1	5					
sequence	hmm	20261001_8fb675cb	XP_015772358.1	_		traf2_binding_variant	Motif		PCNLT	250	255	1	5					
sequence	hmm	20261001_8fb675cb	XP_015772358.1	_		traf2_binding_variant	Motif		PCNLT	294	299	1	5					
sequence	hmm	20261001_8fb675cb	XP_015772358.1	_		traf2_binding_permissive	Motif		PLCQPG	49	55	1	6					
sequence	hmm	20261001_8fb675cb	XP_015772358.1	_		traf2_binding_permissive	Motif		PCELG	77	82	1	5					
sequence	hmm	20261001_8fb675cb	XP_015772358.1	_		traf2_binding_permissive	Motif		PECQND	171	177	1	6					
sequence	hmm	20261001_8fb675cb	XP_015772358.1	_		traf2_binding_permissive	Motif		PFPECGS	201	208	1	7					
sequence	hmm	20261001_8fb675cb	XP_015772358.1	_		traf2_binding_permissive	Motif		PCNLT	250	255	1	5					
sequence	hmm	20261001_8fb675cb	XP_015772358.1	_		traf2_binding_permissive	Motif		PCNLT	294	299	1	5					
sequence	hmm	20261001_8fb675cb	XP_015772358.1	_		traf2_binding_permissive	Motif		PGRNPSE	790	797	1	7					
sequence	hmm	20261001_8fb675cb	XP_015772359.1	_		traf6_binding_permissive	Motif		PCELGK	77	83	1	6					
sequence	hmm	20261001_8fb675cb	XP_015772359.1	_		traf6_binding_permissive	Motif		PSEQLL	794	800	1	6					
sequence	hmm	20261001_8fb675cb	XP_015772359.1	_		traf2_binding_variant	Motif		PCELG	77	82	1	5					
sequence	hmm	20261001_8fb675cb	XP_015772359.1	_		traf2_binding_variant	Motif		PCNLT	250	255	1	5					
sequence	hmm	20261001_8fb675cb	XP_015772359.1	_		traf2_binding_variant	Motif		PCNLT	294	299	1	5					
sequence	hmm	20261001_8fb675cb	XP_015772359.1	_		traf2_binding_permissive	Motif		PLCQPG	49	55	1	6					
sequence	hmm	20261001_8fb675cb	XP_015772359.1	_		traf2_binding_permissive	Motif		PCELG	77	82	1	5					
sequence	hmm	20261001_8fb675cb	XP_015772359.1	_		traf2_binding_permissive	Motif		PECQND	171	177	1	6					
sequence	hmm	20261001_8fb675cb	XP_015772359.1	_		traf2_binding_permissive	Motif		PFPECGS	201	208	1	7					
sequence	hmm	20261001_8fb675cb	XP_015772359.1	_		traf2_binding_permissive	Motif		PCNLT	250	255	1	5					
sequence	hmm	20261001_8fb675cb	XP_015772359.1	_		traf2_binding_permissive	Motif		PCNLT	294	299	1	5					
sequence	hmm	20261001_8fb675cb	XP_015772359.1	_		traf2_binding_permissive	Motif		PGRNPSE	790	797	1	7					
sequence	hmm	20261001_8fb675cb	XP_015772360.1	_		traf6_binding_permissive	Motif		PCELGK	77	83	1	6					
sequence	hmm	20261001_8fb675cb	XP_015772360.1	_		traf6_binding_permissive	Motif		PSEQLL	750	756	1	6					
sequence	hmm	20261001_8fb675cb	XP_015772360.1	_		traf2_binding_variant	Motif		PCELG	77	82	1	5					
sequence	hmm	20261001_8fb675cb	XP_015772360.1	_		traf2_binding_variant	Motif		PCNLT	250	255	1	5					
sequence	hmm	20261001_8fb675cb	XP_015772360.1	_		traf2_binding_permissive	Motif		PLCQPG	49	55	1	6					
sequence	hmm	20261001_8fb675cb	XP_015772360.1	_		traf2_binding_permissive	Motif		PCELG	77	82	1	5					
sequence	hmm	20261001_8fb675cb	XP_015772360.1	_		traf2_binding_permissive	Motif		PECQND	171	177	1	6					
sequence	hmm	20261001_8fb675cb	XP_015772360.1	_		traf2_binding_permissive	Motif		PFPECGS	201	208	1	7					
sequence	hmm	20261001_8fb675cb	XP_015772360.1	_		traf2_binding_permissive	Motif		PCNLT	250	255	1	5					
sequence	hmm	20261001_8fb675cb	XP_015772360.1	_		traf2_binding_permissive	Motif		PGRNPSE	746	753	1	7					
sequence	hmm	20261001_8fb675cb	XP_015772362.1	_		traf6_binding_permissive	Motif		PCELGK	77	83	1	6					
sequence	hmm	20261001_8fb675cb	XP_015772362.1	_		traf6_binding_permissive	Motif		PSEQLL	750	756	1	6					
sequence	hmm	20261001_8fb675cb	XP_015772362.1	_		traf2_binding_variant	Motif		PCELG	77	82	1	5					
sequence	hmm	20261001_8fb675cb	XP_015772362.1	_		traf2_binding_variant	Motif		PCNLT	250	255	1	5					
sequence	hmm	20261001_8fb675cb	XP_015772362.1	_		traf2_binding_permissive	Motif		PLCQPG	49	55	1	6					
sequence	hmm	20261001_8fb675cb	XP_015772362.1	_		traf2_binding_permissive	Motif		PCELG	77	82	1	5					
sequence	hmm	20261001_8fb675cb	XP_015772362.1	_		traf2_binding_permissive	Motif		PECQND	171	177	1	6					
sequence	hmm	20261001_8fb675cb	XP_015772362.1	_		traf2_binding_permissive	Motif		PFPECGS	201	208	1	7					
sequence	hmm	20261001_8fb675cb	XP_015772362.1	_		traf2_binding_permissive	Motif		PCNLT	250	255	1	5					
sequence	hmm	20261001_8fb675cb	XP_015772362.1	_		traf2_binding_permissive	Motif		PGRNPSE	746	753	1	7					
sequence	hmm	20261001_8fb675cb	XP_015772363.1	_		traf6_binding_permissive	Motif		PSEQLL	743	749	1	6					
sequence	hmm	20261001_8fb675cb	XP_015772363.1	_		traf2_binding_variant	Motif		PCNLT	243	248	1	5					
sequence	hmm	20261001_8fb675cb	XP_015772363.1	_		traf2_binding_permissive	Motif		PKCQID	164	170	1	6					
sequence	hmm	20261001_8fb675cb	XP_015772363.1	_		traf2_binding_permissive	Motif		PFPECGS	194	201	1	7					
sequence	hmm	20261001_8fb675cb	XP_015772363.1	_		traf2_binding_permissive	Motif		PCNLT	243	248	1	5					
sequence	hmm	20261001_8fb675cb	XP_015772363.1	_		traf2_binding_permissive	Motif		PGRNPSE	739	746	1	7					
sequence	hmm	20261001_8fb675cb	XP_015772364.1	_		traf6_binding_permissive	Motif		PSEQLL	743	749	1	6					
sequence	hmm	20261001_8fb675cb	XP_015772364.1	_		traf2_binding_variant	Motif		PCNLT	243	248	1	5					
sequence	hmm	20261001_8fb675cb	XP_015772364.1	_		traf2_binding_permissive	Motif		PKCQID	164	170	1	6					
sequence	hmm	20261001_8fb675cb	XP_015772364.1	_		traf2_binding_permissive	Motif		PFPECGS	194	201	1	7					
sequence	hmm	20261001_8fb675cb	XP_015772364.1	_		traf2_binding_permissive	Motif		PCNLT	243	248	1	5					
sequence	hmm	20261001_8fb675cb	XP_015772364.1	_		traf2_binding_permissive	Motif		PGRNPSE	739	746	1	7					
sequence	hmm	20261001_8fb675cb	XP_015772365.1	_		traf6_binding_permissive	Motif		PSEQLL	743	749	1	6					
sequence	hmm	20261001_8fb675cb	XP_015772365.1	_		traf2_binding_variant	Motif		PCNLT	243	248	1	5					
sequence	hmm	20261001_8fb675cb	XP_015772365.1	_		traf2_binding_permissive	Motif		PKCQID	164	170	1	6					
sequence	hmm	20261001_8fb675cb	XP_015772365.1	_		traf2_binding_permissive	Motif		PFPECGS	194	201	1	7					
sequence	hmm	20261001_8fb675cb	XP_015772365.1	_		traf2_binding_permissive	Motif		PCNLT	243	248	1	5					
sequence	hmm	20261001_8fb675cb	XP_015772365.1	_		traf2_binding_permissive	Motif		PGRNPSE	739	746	1	7					
sequence	hmm	20261001_8fb675cb	XP_015772370.1	_		traf6_binding_permissive	Motif		PMQSTF	342	348	1	6					
sequence	hmm	20261001_8fb675cb	XP_015772370.1	_		traf2_binding_strict	Motif		PTQTS	212	217	1	5					
sequence	hmm	20261001_8fb675cb	XP_015772370.1	_		traf2_binding_strict	Motif		PMQST	342	347	1	5					
sequence	hmm	20261001_8fb675cb	XP_015772370.1	_		traf2_binding_variant	Motif		PTQTS	212	217	1	5					
sequence	hmm	20261001_8fb675cb	XP_015772370.1	_		traf2_binding_variant	Motif		PMQST	342	347	1	5					
sequence	hmm	20261001_8fb675cb	XP_015772370.1	_		traf2_binding_permissive	Motif		PKGQGLS	64	71	1	7					
sequence	hmm	20261001_8fb675cb	XP_015772370.1	_		traf2_binding_permissive	Motif		PTQTSA	212	218	1	6					
sequence	hmm	20261001_8fb675cb	XP_015772370.1	_		traf2_binding_permissive	Motif		PMQST	342	347	1	5					
sequence	hmm	20261001_8fb675cb	XP_015772371.1	_		traf6_binding_permissive	Motif		PMQSTF	329	335	1	6					
sequence	hmm	20261001_8fb675cb	XP_015772371.1	_		traf2_binding_strict	Motif		PTQTS	212	217	1	5					
sequence	hmm	20261001_8fb675cb	XP_015772371.1	_		traf2_binding_strict	Motif		PMQST	329	334	1	5					
sequence	hmm	20261001_8fb675cb	XP_015772371.1	_		traf2_binding_variant	Motif		PTQTS	212	217	1	5					
sequence	hmm	20261001_8fb675cb	XP_015772371.1	_		traf2_binding_variant	Motif		PMQST	329	334	1	5					
sequence	hmm	20261001_8fb675cb	XP_015772371.1	_		traf2_binding_permissive	Motif		PKGQGLS	64	71	1	7					
sequence	hmm	20261001_8fb675cb	XP_015772371.1	_		traf2_binding_permissive	Motif		PTQTSA	212	218	1	6					
sequence	hmm	20261001_8fb675cb	XP_015772371.1	_		traf2_binding_permissive	Motif		PMQST	329	334	1	5					
sequence	hmm	20261001_8fb675cb	XP_015772372.1	_		traf2_binding_strict	Motif		PTQTS	212	217	1	5					
sequence	hmm	20261001_8fb675cb	XP_015772372.1	_		traf2_binding_variant	Motif		PTQTS	212	217	1	5					
sequence	hmm	20261001_8fb675cb	XP_015772372.1	_		traf2_binding_permissive	Motif		PKGQGLS	64	71	1	7					
sequence	hmm	20261001_8fb675cb	XP_015772372.1	_		traf2_binding_permissive	Motif		PTQTSA	212	218	1	6					
sequence	hmm	20261001_8fb675cb	XP_015772377.1	_		traf2_binding_permissive	Motif		PVGQQHS	64	71	1	7					
sequence	hmm	20261001_8fb675cb	XP_015772377.1	_		traf2_binding_permissive	Motif		PENTFS	89	95	1	6					
sequence	hmm	20261001_8fb675cb	XP_015772378.1	_		traf2_binding_permissive	Motif		PPGQEHS	44	51	1	7					
sequence	hmm	20261001_8fb675cb	XP_015772378.1	_		traf2_binding_permissive	Motif		PENTFS	69	75	1	6					
sequence	hmm	20261001_8fb675cb	XP_015773868.1	_		traf6_binding_permissive	Motif		PTQVAL	107	113	1	6					
sequence	hmm	20261001_8fb675cb	XP_015773868.1	_		traf2_binding_strict	Motif		PDQAT	409	414	1	5					
sequence	hmm	20261001_8fb675cb	XP_015773868.1	_		traf2_binding_variant	Motif		PTQVA	107	112	1	5					
sequence	hmm	20261001_8fb675cb	XP_015773868.1	_		traf2_binding_variant	Motif		PDQAT	409	414	1	5					
sequence	hmm	20261001_8fb675cb	XP_015773868.1	_		traf2_binding_permissive	Motif		PCNNKS	71	77	1	6					
sequence	hmm	20261001_8fb675cb	XP_015773868.1	_		traf2_binding_permissive	Motif		PTQVA	107	112	1	5					
sequence	hmm	20261001_8fb675cb	XP_015773868.1	_		traf2_binding_permissive	Motif		PRGEGVE	145	152	1	7					
sequence	hmm	20261001_8fb675cb	XP_015773868.1	_		traf2_binding_permissive	Motif		PCLEGRT	164	171	1	7					
sequence	hmm	20261001_8fb675cb	XP_015773868.1	_		traf2_binding_permissive	Motif		PCKNCT	180	186	1	6					
sequence	hmm	20261001_8fb675cb	XP_015773868.1	_		traf2_binding_permissive	Motif		PDQAT	409	414	1	5					
sequence	hmm	20261001_8fb675cb	XP_015773869.1	_		traf6_binding_permissive	Motif		PTQVAL	107	113	1	6					
sequence	hmm	20261001_8fb675cb	XP_015773869.1	_		traf2_binding_strict	Motif		PDQAT	409	414	1	5					
sequence	hmm	20261001_8fb675cb	XP_015773869.1	_		traf2_binding_variant	Motif		PTQVA	107	112	1	5					
sequence	hmm	20261001_8fb675cb	XP_015773869.1	_		traf2_binding_variant	Motif		PDQAT	409	414	1	5					
sequence	hmm	20261001_8fb675cb	XP_015773869.1	_		traf2_binding_permissive	Motif		PCNNKS	71	77	1	6					
sequence	hmm	20261001_8fb675cb	XP_015773869.1	_		traf2_binding_permissive	Motif		PTQVA	107	112	1	5					
sequence	hmm	20261001_8fb675cb	XP_015773869.1	_		traf2_binding_permissive	Motif		PRGEGVE	145	152	1	7					
sequence	hmm	20261001_8fb675cb	XP_015773869.1	_		traf2_binding_permissive	Motif		PCLEGRT	164	171	1	7					
sequence	hmm	20261001_8fb675cb	XP_015773869.1	_		traf2_binding_permissive	Motif		PCKNCT	180	186	1	6					
sequence	hmm	20261001_8fb675cb	XP_015773869.1	_		traf2_binding_permissive	Motif		PDQAT	409	414	1	5					
sequence	hmm	20261001_8fb675cb	XP_015773870.1	_		traf6_binding_permissive	Motif		PTQVAL	107	113	1	6					
sequence	hmm	20261001_8fb675cb	XP_015773870.1	_		traf2_binding_strict	Motif		PDQAT	397	402	1	5					
sequence	hmm	20261001_8fb675cb	XP_015773870.1	_		traf2_binding_variant	Motif		PTQVA	107	112	1	5					
sequence	hmm	20261001_8fb675cb	XP_015773870.1	_		traf2_binding_variant	Motif		PDQAT	397	402	1	5					
sequence	hmm	20261001_8fb675cb	XP_015773870.1	_		traf2_binding_permissive	Motif		PCNNKS	71	77	1	6					
sequence	hmm	20261001_8fb675cb	XP_015773870.1	_		traf2_binding_permissive	Motif		PTQVA	107	112	1	5					
sequence	hmm	20261001_8fb675cb	XP_015773870.1	_		traf2_binding_permissive	Motif		PRGEGVE	145	152	1	7					
sequence	hmm	20261001_8fb675cb	XP_015773870.1	_		traf2_binding_permissive	Motif		PCLEGRT	164	171	1	7					
sequence	hmm	20261001_8fb675cb	XP_015773870.1	_		traf2_binding_permissive	Motif		PCKNCT	180	186	1	6					
sequence	hmm	20261001_8fb675cb	XP_015773870.1	_		traf2_binding_permissive	Motif		PDQAT	397	402	1	5					
sequence	hmm	20261001_8fb675cb	XP_015773871.1	_		traf6_binding_permissive	Motif		PTQVAL	89	95	1	6					
sequence	hmm	20261001_8fb675cb	XP_015773871.1	_		traf2_binding_strict	Motif		PDQAT	391	396	1	5					
sequence	hmm	20261001_8fb675cb	XP_015773871.1	_		traf2_binding_variant	Motif		PTQVA	89	94	1	5					
sequence	hmm	20261001_8fb675cb	XP_015773871.1	_		traf2_binding_variant	Motif		PDQAT	391	396	1	5					
sequence	hmm	20261001_8fb675cb	XP_015773871.1	_		traf2_binding_permissive	Motif		PCNNKS	53	59	1	6					
sequence	hmm	20261001_8fb675cb	XP_015773871.1	_		traf2_binding_permissive	Motif		PTQVA	89	94	1	5					
sequence	hmm	20261001_8fb675cb	XP_015773871.1	_		traf2_binding_permissive	Motif		PRGEGVE	127	134	1	7					
sequence	hmm	20261001_8fb675cb	XP_015773871.1	_		traf2_binding_permissive	Motif		PCLEGRT	146	153	1	7					
sequence	hmm	20261001_8fb675cb	XP_015773871.1	_		traf2_binding_permissive	Motif		PCKNCT	162	168	1	6					
sequence	hmm	20261001_8fb675cb	XP_015773871.1	_		traf2_binding_permissive	Motif		PDQAT	391	396	1	5					
sequence	hmm	20261001_8fb675cb	XP_015773872.1	_		traf6_binding_permissive	Motif		PTQVAL	17	23	1	6					
sequence	hmm	20261001_8fb675cb	XP_015773872.1	_		traf2_binding_strict	Motif		PDQAT	319	324	1	5					
sequence	hmm	20261001_8fb675cb	XP_015773872.1	_		traf2_binding_variant	Motif		PTQVA	17	22	1	5					
sequence	hmm	20261001_8fb675cb	XP_015773872.1	_		traf2_binding_variant	Motif		PDQAT	319	324	1	5					
sequence	hmm	20261001_8fb675cb	XP_015773872.1	_		traf2_binding_permissive	Motif		PTQVA	17	22	1	5					
sequence	hmm	20261001_8fb675cb	XP_015773872.1	_		traf2_binding_permissive	Motif		PRGEGVE	55	62	1	7					
sequence	hmm	20261001_8fb675cb	XP_015773872.1	_		traf2_binding_permissive	Motif		PCLEGRT	74	81	1	7					
sequence	hmm	20261001_8fb675cb	XP_015773872.1	_		traf2_binding_permissive	Motif		PCKNCT	90	96	1	6					
sequence	hmm	20261001_8fb675cb	XP_015773872.1	_		traf2_binding_permissive	Motif		PDQAT	319	324	1	5					
sequence	hmm	20261001_8fb675cb	XP_015775495.1	_		traf6_binding_permissive	Motif		PWENIV	196	202	1	6					
sequence	hmm	20261001_8fb675cb	XP_015775495.1	_		traf2_binding_permissive	Motif		PNETIT	26	32	1	6					
sequence	hmm	20261001_8fb675cb	XP_015775495.1	_		traf2_binding_permissive	Motif		PGECNT	36	42	1	6					
sequence	hmm	20261001_8fb675cb	XP_015775495.1	_		traf2_binding_permissive	Motif		PGVNFSD	75	82	1	7					
sequence	hmm	20261001_8fb675cb	XP_015775495.1	_		traf2_binding_permissive	Motif		PDRNIT	107	113	1	6					
sequence	hmm	20261001_8fb675cb	XP_015775496.1	_		traf6_binding_permissive	Motif		PWENIV	196	202	1	6					
sequence	hmm	20261001_8fb675cb	XP_015775496.1	_		traf2_binding_permissive	Motif		PNETIT	26	32	1	6					
sequence	hmm	20261001_8fb675cb	XP_015775496.1	_		traf2_binding_permissive	Motif		PGECNT	36	42	1	6					
sequence	hmm	20261001_8fb675cb	XP_015775496.1	_		traf2_binding_permissive	Motif		PGVNFSD	75	82	1	7					
sequence	hmm	20261001_8fb675cb	XP_015775496.1	_		traf2_binding_permissive	Motif		PDRNIT	107	113	1	6					
sequence	hmm	20261001_8fb675cb	XP_015776943.1	_		traf6_binding_permissive	Motif		PCQLGK	139	145	1	6					
sequence	hmm	20261001_8fb675cb	XP_015776943.1	_		traf6_binding_permissive	Motif		PLESLV	817	823	1	6					
sequence	hmm	20261001_8fb675cb	XP_015776943.1	_		traf2_binding_variant	Motif		PCQLG	139	144	1	5					
sequence	hmm	20261001_8fb675cb	XP_015776943.1	_		traf2_binding_variant	Motif		PCNLT	312	317	1	5					
sequence	hmm	20261001_8fb675cb	XP_015776943.1	_		traf2_binding_variant	Motif		PSEEA	434	439	1	5					
sequence	hmm	20261001_8fb675cb	XP_015776943.1	_		traf2_binding_variant	Motif		PTNPE	668	673	1	5					
sequence	hmm	20261001_8fb675cb	XP_015776943.1	_		traf2_binding_permissive	Motif		PCQLG	139	144	1	5					
sequence	hmm	20261001_8fb675cb	XP_015776943.1	_		traf2_binding_permissive	Motif		PYKQCD	219	225	1	6					
sequence	hmm	20261001_8fb675cb	XP_015776943.1	_		traf2_binding_permissive	Motif		PKCQND	233	239	1	6					
sequence	hmm	20261001_8fb675cb	XP_015776943.1	_		traf2_binding_permissive	Motif		PFPECGS	263	270	1	7					
sequence	hmm	20261001_8fb675cb	XP_015776943.1	_		traf2_binding_permissive	Motif		PCNLT	312	317	1	5					
sequence	hmm	20261001_8fb675cb	XP_015776943.1	_		traf2_binding_permissive	Motif		PSEEAAS	434	441	1	7					
sequence	hmm	20261001_8fb675cb	XP_015776943.1	_		traf2_binding_permissive	Motif		PTNPE	668	673	1	5					
sequence	hmm	20261001_8fb675cb	XP_015776943.1	_		traf2_binding_permissive	Motif		PENLMA	764	770	1	6					
sequence	hmm	20261001_8fb675cb	XP_015776943.1	_		traf2_binding_permissive	Motif		PSGNNDG	791	798	1	7					
sequence	hmm	20261001_8fb675cb	XP_015776944.1	_		traf6_binding_permissive	Motif		PCQLGK	139	145	1	6					
sequence	hmm	20261001_8fb675cb	XP_015776944.1	_		traf6_binding_permissive	Motif		PLESLV	817	823	1	6					
sequence	hmm	20261001_8fb675cb	XP_015776944.1	_		traf2_binding_variant	Motif		PCQLG	139	144	1	5					
sequence	hmm	20261001_8fb675cb	XP_015776944.1	_		traf2_binding_variant	Motif		PCNLT	312	317	1	5					
sequence	hmm	20261001_8fb675cb	XP_015776944.1	_		traf2_binding_variant	Motif		PSEEA	434	439	1	5					
sequence	hmm	20261001_8fb675cb	XP_015776944.1	_		traf2_binding_permissive	Motif		PCQLG	139	144	1	5					
sequence	hmm	20261001_8fb675cb	XP_015776944.1	_		traf2_binding_permissive	Motif		PYKQCD	219	225	1	6					
sequence	hmm	20261001_8fb675cb	XP_015776944.1	_		traf2_binding_permissive	Motif		PKCQND	233	239	1	6					
sequence	hmm	20261001_8fb675cb	XP_015776944.1	_		traf2_binding_permissive	Motif		PFPECGS	263	270	1	7					
sequence	hmm	20261001_8fb675cb	XP_015776944.1	_		traf2_binding_permissive	Motif		PCNLT	312	317	1	5					
sequence	hmm	20261001_8fb675cb	XP_015776944.1	_		traf2_binding_permissive	Motif		PSEEAAS	434	441	1	7					
sequence	hmm	20261001_8fb675cb	XP_015776944.1	_		traf2_binding_permissive	Motif		PENLMA	764	770	1	6					
sequence	hmm	20261001_8fb675cb	XP_015776944.1	_		traf2_binding_permissive	Motif		PSGNNDG	791	798	1	7					
sequence	hmm	20261001_8fb675cb	XP_015776945.1	_		traf6_binding_permissive	Motif		PCQLGK	139	145	1	6					
sequence	hmm	20261001_8fb675cb	XP_015776945.1	_		traf6_binding_permissive	Motif		PLESLV	816	822	1	6					
sequence	hmm	20261001_8fb675cb	XP_015776945.1	_		traf2_binding_variant	Motif		PCQLG	139	144	1	5					
sequence	hmm	20261001_8fb675cb	XP_015776945.1	_		traf2_binding_variant	Motif		PCNLT	312	317	1	5					
sequence	hmm	20261001_8fb675cb	XP_015776945.1	_		traf2_binding_variant	Motif		PSEEA	434	439	1	5					
sequence	hmm	20261001_8fb675cb	XP_015776945.1	_		traf2_binding_variant	Motif		PTNPE	667	672	1	5					
sequence	hmm	20261001_8fb675cb	XP_015776945.1	_		traf2_binding_permissive	Motif		PCQLG	139	144	1	5					
sequence	hmm	20261001_8fb675cb	XP_015776945.1	_		traf2_binding_permissive	Motif		PYKQCD	219	225	1	6					
sequence	hmm	20261001_8fb675cb	XP_015776945.1	_		traf2_binding_permissive	Motif		PKCQND	233	239	1	6					
sequence	hmm	20261001_8fb675cb	XP_015776945.1	_		traf2_binding_permissive	Motif		PFPECGS	263	270	1	7					
sequence	hmm	20261001_8fb675cb	XP_015776945.1	_		traf2_binding_permissive	Motif		PCNLT	312	317	1	5					
sequence	hmm	20261001_8fb675cb	XP_015776945.1	_		traf2_binding_permissive	Motif		PSEEASS	434	441	1	7					
sequence	hmm	20261001_8fb675cb	XP_015776945.1	_		traf2_binding_permissive	Motif		PTNPE	667	672	1	5					
sequence	hmm	20261001_8fb675cb	XP_015776945.1	_		traf2_binding_permissive	Motif		PENLMA	763	769	1	6					
sequence	hmm	20261001_8fb675cb	XP_015776945.1	_		traf2_binding_permissive	Motif		PSGNNDG	790	797	1	7					
sequence	hmm	20261001_8fb675cb	XP_015776946.1	_		traf6_binding_permissive	Motif		PCQLGK	82	88	1	6					
sequence	hmm	20261001_8fb675cb	XP_015776946.1	_		traf6_binding_permissive	Motif		PLESLV	760	766	1	6					
sequence	hmm	20261001_8fb675cb	XP_015776946.1	_		traf2_binding_variant	Motif		PCQLG	82	87	1	5					
sequence	hmm	20261001_8fb675cb	XP_015776946.1	_		traf2_binding_variant	Motif		PCNLT	255	260	1	5					
sequence	hmm	20261001_8fb675cb	XP_015776946.1	_		traf2_binding_variant	Motif		PSEEA	377	382	1	5					
sequence	hmm	20261001_8fb675cb	XP_015776946.1	_		traf2_binding_variant	Motif		PTNPE	611	616	1	5					
sequence	hmm	20261001_8fb675cb	XP_015776946.1	_		traf2_binding_permissive	Motif		PCQLG	82	87	1	5					
sequence	hmm	20261001_8fb675cb	XP_015776946.1	_		traf2_binding_permissive	Motif		PYKQCD	162	168	1	6					
sequence	hmm	20261001_8fb675cb	XP_015776946.1	_		traf2_binding_permissive	Motif		PKCQND	176	182	1	6					
sequence	hmm	20261001_8fb675cb	XP_015776946.1	_		traf2_binding_permissive	Motif		PFPECGS	206	213	1	7					
sequence	hmm	20261001_8fb675cb	XP_015776946.1	_		traf2_binding_permissive	Motif		PCNLT	255	260	1	5					
sequence	hmm	20261001_8fb675cb	XP_015776946.1	_		traf2_binding_permissive	Motif		PSEEAAS	377	384	1	7					
sequence	hmm	20261001_8fb675cb	XP_015776946.1	_		traf2_binding_permissive	Motif		PTNPE	611	616	1	5					
sequence	hmm	20261001_8fb675cb	XP_015776946.1	_		traf2_binding_permissive	Motif		PENLMA	707	713	1	6					
sequence	hmm	20261001_8fb675cb	XP_015776946.1	_		traf2_binding_permissive	Motif		PSGNNDG	734	741	1	7					
sequence	hmm	20261001_8fb675cb	XP_015776947.1	_		traf6_binding_strict	Motif		PAEAGE	281	287	1	6					
sequence	hmm	20261001_8fb675cb	XP_015776947.1	_		traf6_binding_strict	Motif		PDETVE	367	373	1	6					
sequence	hmm	20261001_8fb675cb	XP_015776947.1	_		traf6_binding_permissive	Motif		PAEAGE	281	287	1	6					
sequence	hmm	20261001_8fb675cb	XP_015776947.1	_		traf6_binding_permissive	Motif		PDETVE	367	373	1	6					
sequence	hmm	20261001_8fb675cb	XP_015776947.1	_		traf2_binding_strict	Motif		PTQTS	212	217	1	5					
sequence	hmm	20261001_8fb675cb	XP_015776947.1	_		traf2_binding_variant	Motif		PTQTS	212	217	1	5					
sequence	hmm	20261001_8fb675cb	XP_015776947.1	_		traf2_binding_variant	Motif		PAEAG	281	286	1	5					
sequence	hmm	20261001_8fb675cb	XP_015776947.1	_		traf2_binding_permissive	Motif		PVGQQHS	64	71	1	7					
sequence	hmm	20261001_8fb675cb	XP_015776947.1	_		traf2_binding_permissive	Motif		PENMFS	89	95	1	6					
sequence	hmm	20261001_8fb675cb	XP_015776947.1	_		traf2_binding_permissive	Motif		PTQTSA	212	218	1	6					
sequence	hmm	20261001_8fb675cb	XP_015776947.1	_		traf2_binding_permissive	Motif		PAEAGE	281	287	1	6					
sequence	hmm	20261001_8fb675cb	XP_015776947.1	_		traf2_binding_permissive	Motif		PDETVE	367	373	1	6					
sequence	hmm	20261001_8fb675cb	XP_015776948.1	_		traf6_binding_strict	Motif		PAEAGE	281	287	1	6					
sequence	hmm	20261001_8fb675cb	XP_015776948.1	_		traf6_binding_strict	Motif		PDETVE	367	373	1	6					
sequence	hmm	20261001_8fb675cb	XP_015776948.1	_		traf6_binding_permissive	Motif		PAEAGE	281	287	1	6					
sequence	hmm	20261001_8fb675cb	XP_015776948.1	_		traf6_binding_permissive	Motif		PDETVE	367	373	1	6					
sequence	hmm	20261001_8fb675cb	XP_015776948.1	_		traf2_binding_strict	Motif		PTQTS	212	217	1	5					
sequence	hmm	20261001_8fb675cb	XP_015776948.1	_		traf2_binding_variant	Motif		PTQTS	212	217	1	5					
sequence	hmm	20261001_8fb675cb	XP_015776948.1	_		traf2_binding_variant	Motif		PAEAG	281	286	1	5					
sequence	hmm	20261001_8fb675cb	XP_015776948.1	_		traf2_binding_permissive	Motif		PVGQQHS	64	71	1	7					
sequence	hmm	20261001_8fb675cb	XP_015776948.1	_		traf2_binding_permissive	Motif		PENMFS	89	95	1	6					
sequence	hmm	20261001_8fb675cb	XP_015776948.1	_		traf2_binding_permissive	Motif		PTQTSA	212	218	1	6					
sequence	hmm	20261001_8fb675cb	XP_015776948.1	_		traf2_binding_permissive	Motif		PAEAGE	281	287	1	6					
sequence	hmm	20261001_8fb675cb	XP_015776948.1	_		traf2_binding_permissive	Motif		PDETVE	367	373	1	6					
sequence	hmm	20261001_8fb675cb	XP_015777661.1	_		traf2_binding_strict	Motif		PREPS	290	295	1	5					
sequence	hmm	20261001_8fb675cb	XP_015777661.1	_		traf2_binding_strict	Motif		PEEHS	926	931	1	5					
sequence	hmm	20261001_8fb675cb	XP_015777661.1	_		traf2_binding_strict	Motif		PWEHS	1076	1081	1	5					
sequence	hmm	20261001_8fb675cb	XP_015777661.1	_		traf2_binding_variant	Motif		PREPS	290	295	1	5					
sequence	hmm	20261001_8fb675cb	XP_015777661.1	_		traf2_binding_variant	Motif		PEEHS	926	931	1	5					
sequence	hmm	20261001_8fb675cb	XP_015777661.1	_		traf2_binding_variant	Motif		PWEHS	1076	1081	1	5					
sequence	hmm	20261001_8fb675cb	XP_015777661.1	_		traf2_binding_permissive	Motif		PFSNPST	238	245	1	7					
sequence	hmm	20261001_8fb675cb	XP_015777661.1	_		traf2_binding_permissive	Motif		PREPST	290	296	1	6					
sequence	hmm	20261001_8fb675cb	XP_015777661.1	_		traf2_binding_permissive	Motif		PHFEQD	308	314	1	6					
sequence	hmm	20261001_8fb675cb	XP_015777661.1	_		traf2_binding_permissive	Motif		PETNERT	529	536	1	7					
sequence	hmm	20261001_8fb675cb	XP_015777661.1	_		traf2_binding_permissive	Motif		PQNWKE	585	591	1	6					
sequence	hmm	20261001_8fb675cb	XP_015777661.1	_		traf2_binding_permissive	Motif		PESNLIS	646	653	1	7					
sequence	hmm	20261001_8fb675cb	XP_015777661.1	_		traf2_binding_permissive	Motif		PASQNYT	716	723	1	7					
sequence	hmm	20261001_8fb675cb	XP_015777661.1	_		traf2_binding_permissive	Motif		PIAECST	743	750	1	7					
sequence	hmm	20261001_8fb675cb	XP_015777661.1	_		traf2_binding_permissive	Motif		PPQMMA	780	786	1	6					
sequence	hmm	20261001_8fb675cb	XP_015777661.1	_		traf2_binding_permissive	Motif		PEEHSS	926	932	1	6					
sequence	hmm	20261001_8fb675cb	XP_015777661.1	_		traf2_binding_permissive	Motif		PWEHST	1076	1082	1	6					
sequence	hmm	20261001_8fb675cb	XP_015777661.1	_		traf2_binding_permissive	Motif		PHFEQD	1089	1095	1	6					
sequence	hmm	20261001_8fb675cb	XP_015777661.1	_		traf2_binding_permissive	Motif		PETNERT	1291	1298	1	7					
sequence	hmm	20261001_8fb675cb	XP_015777665.1	_		traf2_binding_strict	Motif		PEEHS	156	161	1	5					
sequence	hmm	20261001_8fb675cb	XP_015777665.1	_		traf2_binding_strict	Motif		PREPS	303	308	1	5					
sequence	hmm	20261001_8fb675cb	XP_015777665.1	_		traf2_binding_variant	Motif		PEEHS	156	161	1	5					
sequence	hmm	20261001_8fb675cb	XP_015777665.1	_		traf2_binding_variant	Motif		PREPS	303	308	1	5					
sequence	hmm	20261001_8fb675cb	XP_015777665.1	_		traf2_binding_variant	Motif		PTQLA	336	341	1	5					
sequence	hmm	20261001_8fb675cb	XP_015777665.1	_		traf2_binding_permissive	Motif		PEEHSS	156	162	1	6					
sequence	hmm	20261001_8fb675cb	XP_015777665.1	_		traf2_binding_permissive	Motif		PFSNPST	254	261	1	7					
sequence	hmm	20261001_8fb675cb	XP_015777665.1	_		traf2_binding_permissive	Motif		PREPST	303	309	1	6					
sequence	hmm	20261001_8fb675cb	XP_015777665.1	_		traf2_binding_permissive	Motif		PHFELD	318	324	1	6					
sequence	hmm	20261001_8fb675cb	XP_015777665.1	_		traf2_binding_permissive	Motif		PTQLA	336	341	1	5					
sequence	hmm	20261001_8fb675cb	XP_015777665.1	_		traf2_binding_permissive	Motif		PALNST	439	445	1	6					
sequence	hmm	20261001_8fb675cb	XP_015777665.1	_		traf2_binding_permissive	Motif		PETNERT	532	539	1	7					
sequence	hmm	20261001_8fb675cb	XP_015777665.1	_		traf2_binding_permissive	Motif		PQNWKE	588	594	1	6					
sequence	hmm	20261001_8fb675cb	XP_015777665.1	_		traf2_binding_permissive	Motif		PVSNLIS	650	657	1	7					
sequence	hmm	20261001_8fb675cb	XP_015777665.1	_		traf2_binding_permissive	Motif		PASQIYS	720	727	1	7					
sequence	hmm	20261001_8fb675cb	XP_015777665.1	_		traf2_binding_permissive	Motif		PVTEQD	829	835	1	6					
sequence	hmm	20261001_8fb675cb	XP_015777666.1	_		traf2_binding_strict	Motif		PEETS	162	167	1	5					
sequence	hmm	20261001_8fb675cb	XP_015777666.1	_		traf2_binding_variant	Motif		PEETS	162	167	1	5					
sequence	hmm	20261001_8fb675cb	XP_015777666.1	_		traf2_binding_permissive	Motif		PEETSA	162	168	1	6					
sequence	hmm	20261001_8fb675cb	XP_015777666.1	_		traf2_binding_permissive	Motif		PFSNPST	193	200	1	7					
sequence	hmm	20261001_8fb675cb	XP_015777666.1	_		traf2_binding_permissive	Motif		PHFEQD	240	246	1	6					
sequence	hmm	20261001_8fb675cb	XP_015777666.1	_		traf2_binding_permissive	Motif		PYSESS	262	268	1	6					
sequence	hmm	20261001_8fb675cb	XP_015777666.1	_		traf2_binding_permissive	Motif		PDVQCMS	383	390	1	7					
sequence	hmm	20261001_8fb675cb	XP_015777666.1	_		traf2_binding_permissive	Motif		PETNERT	451	458	1	7					
sequence	hmm	20261001_8fb675cb	XP_015777666.1	_		traf2_binding_permissive	Motif		PASNLIS	568	575	1	7					
sequence	hmm	20261001_8fb675cb	XP_015777666.1	_		traf2_binding_permissive	Motif		PASQIYS	639	646	1	7					
sequence	hmm	20261001_8fb675cb	XP_015777666.1	_		traf2_binding_permissive	Motif		PIANCST	666	673	1	7					
sequence	hmm	20261001_8fb675cb	XP_015777666.1	_		traf2_binding_permissive	Motif		PVTELD	748	754	1	6					
sequence	hmm	20261001_8fb675cb	XP_015777667.1	_		traf2_binding_strict	Motif		PEETS	160	165	1	5					
sequence	hmm	20261001_8fb675cb	XP_015777667.1	_		traf2_binding_variant	Motif		PEETS	160	165	1	5					
sequence	hmm	20261001_8fb675cb	XP_015777667.1	_		traf2_binding_permissive	Motif		PEETSA	160	166	1	6					
sequence	hmm	20261001_8fb675cb	XP_015777667.1	_		traf2_binding_permissive	Motif		PFSNPST	191	198	1	7					
sequence	hmm	20261001_8fb675cb	XP_015777667.1	_		traf2_binding_permissive	Motif		PHFEQD	238	244	1	6					
sequence	hmm	20261001_8fb675cb	XP_015777667.1	_		traf2_binding_permissive	Motif		PYSESS	260	266	1	6					
sequence	hmm	20261001_8fb675cb	XP_015777667.1	_		traf2_binding_permissive	Motif		PDVQCMS	381	388	1	7					
sequence	hmm	20261001_8fb675cb	XP_015777667.1	_		traf2_binding_permissive	Motif		PETNERT	449	456	1	7					
sequence	hmm	20261001_8fb675cb	XP_015777667.1	_		traf2_binding_permissive	Motif		PASNLIS	566	573	1	7					
sequence	hmm	20261001_8fb675cb	XP_015777667.1	_		traf2_binding_permissive	Motif		PASQIYS	637	644	1	7					
sequence	hmm	20261001_8fb675cb	XP_015777667.1	_		traf2_binding_permissive	Motif		PIANCST	664	671	1	7					
sequence	hmm	20261001_8fb675cb	XP_015777667.1	_		traf2_binding_permissive	Motif		PVTELD	746	752	1	6					
sequence	hmm	20261001_8fb675cb	XP_015777668.1	_		traf2_binding_strict	Motif		PEETS	162	167	1	5					
sequence	hmm	20261001_8fb675cb	XP_015777668.1	_		traf2_binding_variant	Motif		PEETS	162	167	1	5					
sequence	hmm	20261001_8fb675cb	XP_015777668.1	_		traf2_binding_permissive	Motif		PEETSA	162	168	1	6					
sequence	hmm	20261001_8fb675cb	XP_015777668.1	_		traf2_binding_permissive	Motif		PFSNPST	193	200	1	7					
sequence	hmm	20261001_8fb675cb	XP_015777668.1	_		traf2_binding_permissive	Motif		PHFEQD	240	246	1	6					
sequence	hmm	20261001_8fb675cb	XP_015777668.1	_		traf2_binding_permissive	Motif		PDVQCMS	339	346	1	7					
sequence	hmm	20261001_8fb675cb	XP_015777668.1	_		traf2_binding_permissive	Motif		PETNERT	407	414	1	7					
sequence	hmm	20261001_8fb675cb	XP_015777668.1	_		traf2_binding_permissive	Motif		PASNLIS	524	531	1	7					
sequence	hmm	20261001_8fb675cb	XP_015777668.1	_		traf2_binding_permissive	Motif		PASQIYS	595	602	1	7					
sequence	hmm	20261001_8fb675cb	XP_015777668.1	_		traf2_binding_permissive	Motif		PIANCST	622	629	1	7					
sequence	hmm	20261001_8fb675cb	XP_015777668.1	_		traf2_binding_permissive	Motif		PVTELD	704	710	1	6					
sequence	hmm	20261001_8fb675cb	XP_020894905.1	_		traf2_binding_variant	Motif		PVEIE	188	193	1	5					
sequence	hmm	20261001_8fb675cb	XP_020894905.1	_		traf2_binding_variant	Motif		PTNAT	351	356	1	5					
sequence	hmm	20261001_8fb675cb	XP_020894905.1	_		traf2_binding_permissive	Motif		PKSEKE	172	178	1	6					
sequence	hmm	20261001_8fb675cb	XP_020894905.1	_		traf2_binding_permissive	Motif		PVEIES	188	194	1	6					
sequence	hmm	20261001_8fb675cb	XP_020894905.1	_		traf2_binding_permissive	Motif		PVNRLS	291	297	1	6					
sequence	hmm	20261001_8fb675cb	XP_020894905.1	_		traf2_binding_permissive	Motif		PTNATA	351	357	1	6					
sequence	hmm	20261001_8fb675cb	XP_020894906.1	_		traf2_binding_variant	Motif		PVEIE	185	190	1	5					
sequence	hmm	20261001_8fb675cb	XP_020894906.1	_		traf2_binding_variant	Motif		PTNAT	348	353	1	5					
sequence	hmm	20261001_8fb675cb	XP_020894906.1	_		traf2_binding_permissive	Motif		PKSEKE	169	175	1	6					
sequence	hmm	20261001_8fb675cb	XP_020894906.1	_		traf2_binding_permissive	Motif		PVEIES	185	191	1	6					
sequence	hmm	20261001_8fb675cb	XP_020894906.1	_		traf2_binding_permissive	Motif		PVNRLS	288	294	1	6					
sequence	hmm	20261001_8fb675cb	XP_020894906.1	_		traf2_binding_permissive	Motif		PTNATA	348	354	1	6					
sequence	hmm	20261001_8fb675cb	XP_020895699.1	_		traf6_binding_strict	Motif		PKETVY	454	460	1	6					
sequence	hmm	20261001_8fb675cb	XP_020895699.1	_		traf6_binding_permissive	Motif		PPQTVK	389	395	1	6					
sequence	hmm	20261001_8fb675cb	XP_020895699.1	_		traf6_binding_permissive	Motif		PNEGIK	422	428	1	6					
sequence	hmm	20261001_8fb675cb	XP_020895699.1	_		traf6_binding_permissive	Motif		PKETVY	454	460	1	6					
sequence	hmm	20261001_8fb675cb	XP_020895699.1	_		traf2_binding_variant	Motif		PCQRE	241	246	1	5					
sequence	hmm	20261001_8fb675cb	XP_020895699.1	_		traf2_binding_variant	Motif		PRNKE	431	436	1	5					
sequence	hmm	20261001_8fb675cb	XP_020895699.1	_		traf2_binding_permissive	Motif		PCQRE	241	246	1	5					
sequence	hmm	20261001_8fb675cb	XP_020895699.1	_		traf2_binding_permissive	Motif		PRNKED	431	437	1	6					
sequence	hmm	20261001_8fb675cb	XP_020898046.1	_		traf6_binding_permissive	Motif		PRQGEE	346	352	1	6					
sequence	hmm	20261001_8fb675cb	XP_020898046.1	_		traf2_binding_variant	Motif		PTQVD	63	68	1	5					
sequence	hmm	20261001_8fb675cb	XP_020898046.1	_		traf2_binding_variant	Motif		PRQGE	346	351	1	5					
sequence	hmm	20261001_8fb675cb	XP_020898046.1	_		traf2_binding_permissive	Motif		PPTQVD	62	68	1	6					
sequence	hmm	20261001_8fb675cb	XP_020898046.1	_		traf2_binding_permissive	Motif		PRQGEE	346	352	1	6					
sequence	hmm	20261001_8fb675cb	XP_020903654.1	_		traf2_binding_variant	Motif		PNNAS	58	63	1	5					
sequence	hmm	20261001_8fb675cb	XP_020903654.1	_		traf2_binding_variant	Motif		PCNST	162	167	1	5					
sequence	hmm	20261001_8fb675cb	XP_020903654.1	_		traf2_binding_variant	Motif		PDNAT	355	360	1	5					
sequence	hmm	20261001_8fb675cb	XP_020903654.1	_		traf2_binding_permissive	Motif		PCPNNT	48	54	1	6					
sequence	hmm	20261001_8fb675cb	XP_020903654.1	_		traf2_binding_permissive	Motif		PNNAS	58	63	1	5					
sequence	hmm	20261001_8fb675cb	XP_020903654.1	_		traf2_binding_permissive	Motif		PKGQFFD	92	99	1	7					
sequence	hmm	20261001_8fb675cb	XP_020903654.1	_		traf2_binding_permissive	Motif		PVGQGT	111	117	1	6					
sequence	hmm	20261001_8fb675cb	XP_020903654.1	_		traf2_binding_permissive	Motif		PCVQGKT	130	137	1	7					
sequence	hmm	20261001_8fb675cb	XP_020903654.1	_		traf2_binding_permissive	Motif		PCNST	162	167	1	5					
sequence	hmm	20261001_8fb675cb	XP_020903654.1	_		traf2_binding_permissive	Motif		PDNAT	355	360	1	5					
sequence	hmm	20261001_8fb675cb	XP_020903655.1	_		traf2_binding_variant	Motif		PNNAS	58	63	1	5					
sequence	hmm	20261001_8fb675cb	XP_020903655.1	_		traf2_binding_variant	Motif		PCNST	162	167	1	5					
sequence	hmm	20261001_8fb675cb	XP_020903655.1	_		traf2_binding_variant	Motif		PDNAT	355	360	1	5					
sequence	hmm	20261001_8fb675cb	XP_020903655.1	_		traf2_binding_permissive	Motif		PCPNNT	48	54	1	6					
sequence	hmm	20261001_8fb675cb	XP_020903655.1	_		traf2_binding_permissive	Motif		PNNAS	58	63	1	5					
sequence	hmm	20261001_8fb675cb	XP_020903655.1	_		traf2_binding_permissive	Motif		PKGQFFD	92	99	1	7					
sequence	hmm	20261001_8fb675cb	XP_020903655.1	_		traf2_binding_permissive	Motif		PVGQGT	111	117	1	6					
sequence	hmm	20261001_8fb675cb	XP_020903655.1	_		traf2_binding_permissive	Motif		PCVQGKT	130	137	1	7					
sequence	hmm	20261001_8fb675cb	XP_020903655.1	_		traf2_binding_permissive	Motif		PCNST	162	167	1	5					
sequence	hmm	20261001_8fb675cb	XP_020903655.1	_		traf2_binding_permissive	Motif		PDNAT	355	360	1	5					
sequence	hmm	20261001_8fb675cb	XP_020903656.1	_		traf2_binding_variant	Motif		PNNAS	58	63	1	5					
sequence	hmm	20261001_8fb675cb	XP_020903656.1	_		traf2_binding_variant	Motif		PCNST	162	167	1	5					
sequence	hmm	20261001_8fb675cb	XP_020903656.1	_		traf2_binding_variant	Motif		PDNAT	323	328	1	5					
sequence	hmm	20261001_8fb675cb	XP_020903656.1	_		traf2_binding_permissive	Motif		PCPNNT	48	54	1	6					
sequence	hmm	20261001_8fb675cb	XP_020903656.1	_		traf2_binding_permissive	Motif		PNNAS	58	63	1	5					
sequence	hmm	20261001_8fb675cb	XP_020903656.1	_		traf2_binding_permissive	Motif		PKGQFFD	92	99	1	7					
sequence	hmm	20261001_8fb675cb	XP_020903656.1	_		traf2_binding_permissive	Motif		PVGQGT	111	117	1	6					
sequence	hmm	20261001_8fb675cb	XP_020903656.1	_		traf2_binding_permissive	Motif		PCVQGKT	130	137	1	7					
sequence	hmm	20261001_8fb675cb	XP_020903656.1	_		traf2_binding_permissive	Motif		PCNST	162	167	1	5					
sequence	hmm	20261001_8fb675cb	XP_020903656.1	_		traf2_binding_permissive	Motif		PDNAT	323	328	1	5					
sequence	hmm	20261001_8fb675cb	XP_020905308.2	_		traf2_binding_permissive	Motif		PPGQAFS	49	56	1	7					
sequence	hmm	20261001_8fb675cb	XP_020905308.2	_		traf2_binding_permissive	Motif		PGCQKVG	142	149	1	7					
sequence	hmm	20261001_8fb675cb	XP_020905308.2	_		traf2_binding_permissive	Motif		PTPNPTT	190	197	1	7					
sequence	hmm	20261001_8fb675cb	XP_020905308.2	_		traf2_binding_permissive	Motif		PSQQYS	262	268	1	6					
sequence	hmm	20261001_8fb675cb	XP_020905308.2	_		traf2_binding_permissive	Motif		PCQSCT	298	304	1	6					
sequence	hmm	20261001_8fb675cb	XP_020906620.1	_		traf6_binding_permissive	Motif		PNEFTI	94	100	1	6					
sequence	hmm	20261001_8fb675cb	XP_020906620.1	_		traf2_binding_strict	Motif		PNEFT	94	99	1	5					
sequence	hmm	20261001_8fb675cb	XP_020906620.1	_		traf2_binding_variant	Motif		PNEFT	94	99	1	5					
sequence	hmm	20261001_8fb675cb	XP_020906620.1	_		traf2_binding_permissive	Motif		PNEFT	94	99	1	5					
sequence	hmm	20261001_8fb675cb	XP_020906621.1	_		traf6_binding_permissive	Motif		PNEFTI	94	100	1	6					
sequence	hmm	20261001_8fb675cb	XP_020906621.1	_		traf2_binding_strict	Motif		PNEFT	94	99	1	5					
sequence	hmm	20261001_8fb675cb	XP_020906621.1	_		traf2_binding_variant	Motif		PNEFT	94	99	1	5					
sequence	hmm	20261001_8fb675cb	XP_020906621.1	_		traf2_binding_permissive	Motif		PNEFT	94	99	1	5					
sequence	hmm	20261001_8fb675cb	XP_020908532.1	_		traf6_binding_permissive	Motif		PKEKVL	112	118	1	6					
sequence	hmm	20261001_8fb675cb	XP_020908532.1	_		traf2_binding_variant	Motif		PINTA	183	188	1	5					
sequence	hmm	20261001_8fb675cb	XP_020908532.1	_		traf2_binding_permissive	Motif		PGQTFS	91	97	1	6					
sequence	hmm	20261001_8fb675cb	XP_020908532.1	_		traf2_binding_permissive	Motif		PPINTA	182	188	1	6					
sequence	hmm	20261001_8fb675cb	XP_020908532.1	_		traf2_binding_permissive	Motif		PADEES	241	247	1	6					
sequence	hmm	20261001_8fb675cb	XP_020908532.1	_		traf2_binding_permissive	Motif		PGYEVQE	270	277	1	7					
sequence	hmm	20261001_8fb675cb	XP_020908532.1	_		traf2_binding_permissive	Motif		PFWNEIA	386	393	1	7					
sequence	hmm	20261001_8fb675cb	XP_020908532.1	_		traf2_binding_permissive	Motif		PSVNRS	496	502	1	6					
sequence	hmm	20261001_8fb675cb	XP_020916971.1	_		traf6_binding_permissive	Motif		PGEILI	79	85	1	6					
sequence	hmm	20261001_8fb675cb	XP_028516177.1	_		traf2_binding_permissive	Motif		PPGQAFS	49	56	1	7					
sequence	hmm	20261001_8fb675cb	XP_028516177.1	_		traf2_binding_permissive	Motif		PGCQKVG	142	149	1	7					
sequence	hmm	20261001_8fb675cb	XP_028516177.1	_		traf2_binding_permissive	Motif		PTPNPTT	190	197	1	7					
sequence	hmm	20261001_8fb675cb	XP_028516177.1	_		traf2_binding_permissive	Motif		PSQQYS	262	268	1	6					
sequence	hmm	20261001_8fb675cb	XP_028516177.1	_		traf2_binding_permissive	Motif		PCQSCT	298	304	1	6					
sequence	hmm	20261001_8fb675cb	XP_028516544.1	_		traf6_binding_permissive	Motif		PNEFTI	94	100	1	6					
sequence	hmm	20261001_8fb675cb	XP_028516544.1	_		traf2_binding_strict	Motif		PNEFT	94	99	1	5					
sequence	hmm	20261001_8fb675cb	XP_028516544.1	_		traf2_binding_variant	Motif		PNEFT	94	99	1	5					
sequence	hmm	20261001_8fb675cb	XP_028516544.1	_		traf2_binding_permissive	Motif		PNEFT	94	99	1	5					
sequence	hmm	20261001_8fb675cb	XP_028519600.1	_		traf6_binding_permissive	Motif		PGEILI	55	61	1	6					
sequence	hmm	20261001_8fb675cb	XP_020602401.1	_		traf6_binding_permissive	Motif		PSQVAL	82	88	1	6					
sequence	hmm	20261001_8fb675cb	XP_020602401.1	_		traf6_binding_permissive	Motif		PLETEK	213	219	1	6					
sequence	hmm	20261001_8fb675cb	XP_020602401.1	_		traf2_binding_strict	Motif		PEEAT	371	376	1	5					
sequence	hmm	20261001_8fb675cb	XP_020602401.1	_		traf2_binding_variant	Motif		PSQVA	82	87	1	5					
sequence	hmm	20261001_8fb675cb	XP_020602401.1	_		traf2_binding_variant	Motif		PTNGG	204	209	1	5					
sequence	hmm	20261001_8fb675cb	XP_020602401.1	_		traf2_binding_variant	Motif		PLETE	213	218	1	5					
sequence	hmm	20261001_8fb675cb	XP_020602401.1	_		traf2_binding_variant	Motif		PEEAT	371	376	1	5					
sequence	hmm	20261001_8fb675cb	XP_020602401.1	_		traf2_binding_permissive	Motif		PSQVA	82	87	1	5					
sequence	hmm	20261001_8fb675cb	XP_020602401.1	_		traf2_binding_permissive	Motif		PSRNRE	92	98	1	6					
sequence	hmm	20261001_8fb675cb	XP_020602401.1	_		traf2_binding_permissive	Motif		PCRQTS	128	134	1	6					
sequence	hmm	20261001_8fb675cb	XP_020602401.1	_		traf2_binding_permissive	Motif		PCPQGT	139	145	1	6					
sequence	hmm	20261001_8fb675cb	XP_020602401.1	_		traf2_binding_permissive	Motif		PTNGGS	204	210	1	6					
sequence	hmm	20261001_8fb675cb	XP_020602401.1	_		traf2_binding_permissive	Motif		PLETE	213	218	1	5					
sequence	hmm	20261001_8fb675cb	XP_020602401.1	_		traf2_binding_permissive	Motif		PEEAT	371	376	1	5					
sequence	hmm	20261001_8fb675cb	XP_020604541.1	_		traf6_binding_strict	Motif		PSEQEE	361	367	1	6					
sequence	hmm	20261001_8fb675cb	XP_020604541.1	_		traf6_binding_permissive	Motif		PSEQEE	361	367	1	6					
sequence	hmm	20261001_8fb675cb	XP_020604541.1	_		traf6_binding_permissive	Motif		PVEGWI	586	592	1	6					
sequence	hmm	20261001_8fb675cb	XP_020604541.1	_		traf2_binding_variant	Motif		PCELG	67	72	1	5					
sequence	hmm	20261001_8fb675cb	XP_020604541.1	_		traf2_binding_variant	Motif		PCNMT	238	243	1	5					
sequence	hmm	20261001_8fb675cb	XP_020604541.1	_		traf2_binding_variant	Motif		PSEQE	361	366	1	5					
sequence	hmm	20261001_8fb675cb	XP_020604541.1	_		traf2_binding_permissive	Motif		PCELGT	67	73	1	6					
sequence	hmm	20261001_8fb675cb	XP_020604541.1	_		traf2_binding_permissive	Motif		PCNMT	238	243	1	5					
sequence	hmm	20261001_8fb675cb	XP_020604541.1	_		traf2_binding_permissive	Motif		PSEQEE	361	367	1	6					
sequence	hmm	20261001_8fb675cb	XP_020604544.1	_		traf6_binding_strict	Motif		PSEQEE	363	369	1	6					
sequence	hmm	20261001_8fb675cb	XP_020604544.1	_		traf6_binding_permissive	Motif		PSEQEE	363	369	1	6					
sequence	hmm	20261001_8fb675cb	XP_020604544.1	_		traf6_binding_permissive	Motif		PTQVRI	449	455	1	6					
sequence	hmm	20261001_8fb675cb	XP_020604544.1	_		traf6_binding_permissive	Motif		PVEGWI	589	595	1	6					
sequence	hmm	20261001_8fb675cb	XP_020604544.1	_		traf2_binding_variant	Motif		PCNMT	240	245	1	5					
sequence	hmm	20261001_8fb675cb	XP_020604544.1	_		traf2_binding_variant	Motif		PSEQE	363	368	1	5					
sequence	hmm	20261001_8fb675cb	XP_020604544.1	_		traf2_binding_permissive	Motif		PKCQDG	162	168	1	6					
sequence	hmm	20261001_8fb675cb	XP_020604544.1	_		traf2_binding_permissive	Motif		PCNMT	240	245	1	5					
sequence	hmm	20261001_8fb675cb	XP_020604544.1	_		traf2_binding_permissive	Motif		PRSQSLA	353	360	1	7					
sequence	hmm	20261001_8fb675cb	XP_020604544.1	_		traf2_binding_permissive	Motif		PSEQEEE	363	370	1	7					
sequence	hmm	20261001_8fb675cb	XP_020604545.1	_		traf2_binding_variant	Motif		PNQGA	185	190	1	5					
sequence	hmm	20261001_8fb675cb	XP_020604545.1	_		traf2_binding_permissive	Motif		PRHERG	160	166	1	6					
sequence	hmm	20261001_8fb675cb	XP_020604545.1	_		traf2_binding_permissive	Motif		PNQGAT	185	191	1	6					
sequence	hmm	20261001_8fb675cb	XP_020604547.1	_		traf6_binding_strict	Motif		PTESND	215	221	1	6					
sequence	hmm	20261001_8fb675cb	XP_020604547.1	_		traf6_binding_permissive	Motif		PCQPKF	77	83	1	6					
sequence	hmm	20261001_8fb675cb	XP_020604547.1	_		traf6_binding_permissive	Motif		PSQAFK	203	209	1	6					
sequence	hmm	20261001_8fb675cb	XP_020604547.1	_		traf6_binding_permissive	Motif		PTESND	215	221	1	6					
sequence	hmm	20261001_8fb675cb	XP_020604547.1	_		traf2_binding_variant	Motif		PDNYT	197	202	1	5					
sequence	hmm	20261001_8fb675cb	XP_020604547.1	_		traf2_binding_permissive	Motif		PGQGLS	55	61	1	6					
sequence	hmm	20261001_8fb675cb	XP_020604547.1	_		traf2_binding_permissive	Motif		PDNYTS	197	203	1	6					
sequence	hmm	20261001_8fb675cb	XP_020604547.1	_		traf2_binding_permissive	Motif		PTESND	215	221	1	6					
sequence	hmm	20261001_8fb675cb	XP_020604547.1	_		traf2_binding_permissive	Motif		PLLNEGD	302	309	1	7					
sequence	hmm	20261001_8fb675cb	XP_020604589.1	_		traf2_binding_permissive	Motif		PGKQFTT	43	50	1	7					
sequence	hmm	20261001_8fb675cb	XP_020604601.1	_		traf2_binding_variant	Motif		PPNPD	62	67	1	5					
sequence	hmm	20261001_8fb675cb	XP_020604601.1	_		traf2_binding_permissive	Motif		PPNPD	62	67	1	5					
sequence	hmm	20261001_8fb675cb	XP_020604601.1	_		traf2_binding_permissive	Motif		PCTNRS	99	105	1	6					
sequence	hmm	20261001_8fb675cb	XP_020604601.1	_		traf2_binding_permissive	Motif		PLIEEET	267	274	1	7					
sequence	hmm	20261001_8fb675cb	XP_020604602.1	_		traf2_binding_variant	Motif		PPNPD	62	67	1	5					
sequence	hmm	20261001_8fb675cb	XP_020604602.1	_		traf2_binding_permissive	Motif		PPNPD	62	67	1	5					
sequence	hmm	20261001_8fb675cb	XP_020604602.1	_		traf2_binding_permissive	Motif		PCTNRS	99	105	1	6					
sequence	hmm	20261001_8fb675cb	XP_020604602.1	_		traf2_binding_permissive	Motif		PLIEEET	261	268	1	7					
sequence	hmm	20261001_8fb675cb	XP_020604603.1	_		traf6_binding_permissive	Motif		PQQTDD	317	323	1	6					
sequence	hmm	20261001_8fb675cb	XP_020604603.1	_		traf6_binding_permissive	Motif		PDQDRR	462	468	1	6					
sequence	hmm	20261001_8fb675cb	XP_020604603.1	_		traf2_binding_variant	Motif		PSNIG	64	69	1	5					
sequence	hmm	20261001_8fb675cb	XP_020604603.1	_		traf2_binding_variant	Motif		PQQTD	317	322	1	5					
sequence	hmm	20261001_8fb675cb	XP_020604603.1	_		traf2_binding_variant	Motif		PNELA	364	369	1	5					
sequence	hmm	20261001_8fb675cb	XP_020604603.1	_		traf2_binding_permissive	Motif		PPSNIG	63	69	1	6					
sequence	hmm	20261001_8fb675cb	XP_020604603.1	_		traf2_binding_permissive	Motif		PTNHHG	204	210	1	6					
sequence	hmm	20261001_8fb675cb	XP_020604603.1	_		traf2_binding_permissive	Motif		PDIERKA	253	260	1	7					
sequence	hmm	20261001_8fb675cb	XP_020604603.1	_		traf2_binding_permissive	Motif		PQQTDD	317	323	1	6					
sequence	hmm	20261001_8fb675cb	XP_020604603.1	_		traf2_binding_permissive	Motif		PNELAA	364	370	1	6					
sequence	hmm	20261001_8fb675cb	XP_020604603.1	_		traf2_binding_permissive	Motif		PLGEED	411	417	1	6					
sequence	hmm	20261001_8fb675cb	XP_020604603.1	_		traf2_binding_permissive	Motif		PDELQG	417	423	1	6					
sequence	hmm	20261001_8fb675cb	XP_020604603.1	_		traf2_binding_permissive	Motif		PEKEQD	448	454	1	6					
sequence	hmm	20261001_8fb675cb	XP_020607681.1	_		traf6_binding_permissive	Motif		PTEKLL	311	317	1	6					
sequence	hmm	20261001_8fb675cb	XP_020607681.1	_		traf2_binding_strict	Motif		PQETT	188	193	1	5					
sequence	hmm	20261001_8fb675cb	XP_020607681.1	_		traf2_binding_variant	Motif		PQETT	188	193	1	5					
sequence	hmm	20261001_8fb675cb	XP_020607681.1	_		traf2_binding_permissive	Motif		PLVNAKE	86	93	1	7					
sequence	hmm	20261001_8fb675cb	XP_020607681.1	_		traf2_binding_permissive	Motif		PRNQIDA	177	184	1	7					
sequence	hmm	20261001_8fb675cb	XP_020607681.1	_		traf2_binding_permissive	Motif		PSPQETT	186	193	1	7					
sequence	hmm	20261001_8fb675cb	XP_020607715.1	_		traf2_binding_variant	Motif		PEEPA	182	187	1	5					
sequence	hmm	20261001_8fb675cb	XP_020607715.1	_		traf2_binding_permissive	Motif		PNVEPEE	178	185	1	7					
sequence	hmm	20261001_8fb675cb	XP_020607724.1	_		traf2_binding_variant	Motif		PEEPA	165	170	1	5					
sequence	hmm	20261001_8fb675cb	XP_020607724.1	_		traf2_binding_permissive	Motif		PNVEPEE	161	168	1	7					
sequence	hmm	20261001_8fb675cb	XP_020607731.1	_		traf2_binding_variant	Motif		PEEPA	165	170	1	5					
sequence	hmm	20261001_8fb675cb	XP_020607731.1	_		traf2_binding_permissive	Motif		PNVEPEE	161	168	1	7					
sequence	hmm	20261001_8fb675cb	XP_020610619.1	_		traf6_binding_permissive	Motif		PEQIHW	133	139	1	6					
sequence	hmm	20261001_8fb675cb	XP_020610619.1	_		traf2_binding_permissive	Motif		PWNLIA	39	45	1	6					
sequence	hmm	20261001_8fb675cb	XP_020610619.1	_		traf2_binding_permissive	Motif		PEKENKS	106	113	1	7					
sequence	hmm	20261001_8fb675cb	XP_020610619.1	_		traf2_binding_permissive	Motif		PGTEPS	156	162	1	6					
sequence	hmm	20261001_8fb675cb	XP_020610619.1	_		traf2_binding_permissive	Motif		PCTQCCD	237	244	1	7					
sequence	hmm	20261001_8fb675cb	XP_020618053.1	_		traf2_binding_permissive	Motif		PCQTCG	139	145	1	6					
sequence	hmm	20261001_8fb675cb	XP_020618053.1	_		traf2_binding_permissive	Motif		PTLQSTS	339	346	1	7					
sequence	hmm	20261001_8fb675cb	XP_020618053.1	_		traf2_binding_permissive	Motif		PTKELLE	505	512	1	7					
sequence	hmm	20261001_8fb675cb	XP_020618100.1	_		traf2_binding_variant	Motif		PYNTT	201	206	1	5					
sequence	hmm	20261001_8fb675cb	XP_020618100.1	_		traf2_binding_permissive	Motif		PQETYT	45	51	1	6					
sequence	hmm	20261001_8fb675cb	XP_020618100.1	_		traf2_binding_permissive	Motif		PPGEEPS	71	78	1	7					
sequence	hmm	20261001_8fb675cb	XP_020618100.1	_		traf2_binding_permissive	Motif		PYNTTS	201	207	1	6					
sequence	hmm	20261001_8fb675cb	XP_020618100.1	_		traf2_binding_permissive	Motif		PTKNSVE	291	298	1	7					
sequence	hmm	20261001_8fb675cb	XP_020618100.1	_		traf2_binding_permissive	Motif		PRVELG	521	527	1	6					
sequence	hmm	20261001_8fb675cb	XP_020618101.1	_		traf2_binding_variant	Motif		PYNTT	201	206	1	5					
sequence	hmm	20261001_8fb675cb	XP_020618101.1	_		traf2_binding_permissive	Motif		PQETYT	45	51	1	6					
sequence	hmm	20261001_8fb675cb	XP_020618101.1	_		traf2_binding_permissive	Motif		PPGEEPS	71	78	1	7					
sequence	hmm	20261001_8fb675cb	XP_020618101.1	_		traf2_binding_permissive	Motif		PYNTTS	201	207	1	6					
sequence	hmm	20261001_8fb675cb	XP_020618101.1	_		traf2_binding_permissive	Motif		PTKNSVE	291	298	1	7					
sequence	hmm	20261001_8fb675cb	XP_020618101.1	_		traf2_binding_permissive	Motif		PRVELG	521	527	1	6					
sequence	hmm	20261001_8fb675cb	XP_020618859.1	_		traf2_binding_variant	Motif		PQNNT	179	184	1	5					
sequence	hmm	20261001_8fb675cb	XP_020618859.1	_		traf2_binding_permissive	Motif		PCTECLD	74	81	1	7					
sequence	hmm	20261001_8fb675cb	XP_020618859.1	_		traf2_binding_permissive	Motif		PQNNT	179	184	1	5					
sequence	hmm	20261001_8fb675cb	XP_020620823.1	_		traf6_binding_permissive	Motif		PSERTV	479	485	1	6					
sequence	hmm	20261001_8fb675cb	XP_020620823.1	_		traf6_binding_permissive	Motif		PVEIIV	593	599	1	6					
sequence	hmm	20261001_8fb675cb	XP_020620823.1	_		traf2_binding_strict	Motif		PSERT	479	484	1	5					
sequence	hmm	20261001_8fb675cb	XP_020620823.1	_		traf2_binding_variant	Motif		PVNHG	447	452	1	5					
sequence	hmm	20261001_8fb675cb	XP_020620823.1	_		traf2_binding_variant	Motif		PSERT	479	484	1	5					
sequence	hmm	20261001_8fb675cb	XP_020620823.1	_		traf2_binding_permissive	Motif		PQNGQG	121	127	1	6					
sequence	hmm	20261001_8fb675cb	XP_020620823.1	_		traf2_binding_permissive	Motif		PCNEVG	134	140	1	6					
sequence	hmm	20261001_8fb675cb	XP_020620823.1	_		traf2_binding_permissive	Motif		PSVEASS	228	235	1	7					
sequence	hmm	20261001_8fb675cb	XP_020620823.1	_		traf2_binding_permissive	Motif		PVNHG	447	452	1	5					
sequence	hmm	20261001_8fb675cb	XP_020620823.1	_		traf2_binding_permissive	Motif		PSSNTVT	467	474	1	7					
sequence	hmm	20261001_8fb675cb	XP_020620823.1	_		traf2_binding_permissive	Motif		PSERT	479	484	1	5					
sequence	hmm	20261001_8fb675cb	XP_020620823.1	_		traf2_binding_permissive	Motif		PDSNIS	532	538	1	6					
sequence	hmm	20261001_8fb675cb	XP_020620824.1	_		traf6_binding_permissive	Motif		PSERTV	478	484	1	6					
sequence	hmm	20261001_8fb675cb	XP_020620824.1	_		traf6_binding_permissive	Motif		PVEIIV	592	598	1	6					
sequence	hmm	20261001_8fb675cb	XP_020620824.1	_		traf2_binding_strict	Motif		PSERT	478	483	1	5					
sequence	hmm	20261001_8fb675cb	XP_020620824.1	_		traf2_binding_variant	Motif		PVNHG	446	451	1	5					
sequence	hmm	20261001_8fb675cb	XP_020620824.1	_		traf2_binding_variant	Motif		PSERT	478	483	1	5					
sequence	hmm	20261001_8fb675cb	XP_020620824.1	_		traf2_binding_permissive	Motif		PQNGQG	121	127	1	6					
sequence	hmm	20261001_8fb675cb	XP_020620824.1	_		traf2_binding_permissive	Motif		PCNEVG	134	140	1	6					
sequence	hmm	20261001_8fb675cb	XP_020620824.1	_		traf2_binding_permissive	Motif		PSVEASS	228	235	1	7					
sequence	hmm	20261001_8fb675cb	XP_020620824.1	_		traf2_binding_permissive	Motif		PVNHG	446	451	1	5					
sequence	hmm	20261001_8fb675cb	XP_020620824.1	_		traf2_binding_permissive	Motif		PSSNTVT	466	473	1	7					
sequence	hmm	20261001_8fb675cb	XP_020620824.1	_		traf2_binding_permissive	Motif		PSERT	478	483	1	5					
sequence	hmm	20261001_8fb675cb	XP_020620824.1	_		traf2_binding_permissive	Motif		PDSNIS	531	537	1	6					
sequence	hmm	20261001_8fb675cb	XP_020623559.1	_		traf6_binding_permissive	Motif		PGERWK	361	367	1	6					
sequence	hmm	20261001_8fb675cb	XP_020623559.1	_		traf2_binding_variant	Motif		PIQDD	257	262	1	5					
sequence	hmm	20261001_8fb675cb	XP_020623559.1	_		traf2_binding_permissive	Motif		PVRNRTT	221	228	1	7					
sequence	hmm	20261001_8fb675cb	XP_020623559.1	_		traf2_binding_permissive	Motif		PIQDDT	257	263	1	6					
sequence	hmm	20261001_8fb675cb	XP_020623559.1	_		traf2_binding_permissive	Motif		PGGEEPS	306	313	1	7					
sequence	hmm	20261001_8fb675cb	XP_020623560.1	_		traf6_binding_permissive	Motif		PGERWK	325	331	1	6					
sequence	hmm	20261001_8fb675cb	XP_020623560.1	_		traf2_binding_variant	Motif		PIQDD	221	226	1	5					
sequence	hmm	20261001_8fb675cb	XP_020623560.1	_		traf2_binding_permissive	Motif		PVRNRTT	185	192	1	7					
sequence	hmm	20261001_8fb675cb	XP_020623560.1	_		traf2_binding_permissive	Motif		PIQDDT	221	227	1	6					
sequence	hmm	20261001_8fb675cb	XP_020623560.1	_		traf2_binding_permissive	Motif		PGGEEPS	270	277	1	7					
sequence	hmm	20261001_8fb675cb	XP_020623561.1	_		traf6_binding_permissive	Motif		PGERWK	318	324	1	6					
sequence	hmm	20261001_8fb675cb	XP_020623561.1	_		traf2_binding_variant	Motif		PIQDD	214	219	1	5					
sequence	hmm	20261001_8fb675cb	XP_020623561.1	_		traf2_binding_permissive	Motif		PVRNRTT	178	185	1	7					
sequence	hmm	20261001_8fb675cb	XP_020623561.1	_		traf2_binding_permissive	Motif		PIQDDT	214	220	1	6					
sequence	hmm	20261001_8fb675cb	XP_020623561.1	_		traf2_binding_permissive	Motif		PGGEEPS	263	270	1	7					
sequence	hmm	20261001_8fb675cb	XP_020628632.1	_		traf2_binding_variant	Motif		PYNTT	201	206	1	5					
sequence	hmm	20261001_8fb675cb	XP_020628632.1	_		traf2_binding_permissive	Motif		PQETYT	45	51	1	6					
sequence	hmm	20261001_8fb675cb	XP_020628632.1	_		traf2_binding_permissive	Motif		PPGEEPS	71	78	1	7					
sequence	hmm	20261001_8fb675cb	XP_020628632.1	_		traf2_binding_permissive	Motif		PYNTTS	201	207	1	6					
sequence	hmm	20261001_8fb675cb	XP_020628632.1	_		traf2_binding_permissive	Motif		PTKNSTE	291	298	1	7					
sequence	hmm	20261001_8fb675cb	XP_020628914.1	_		traf6_binding_permissive	Motif		PNEEMI	152	158	1	6					
sequence	hmm	20261001_8fb675cb	XP_020628914.1	_		traf2_binding_permissive	Motif		PGETYS	131	137	1	6					
sequence	hmm	20261001_8fb675cb	XP_020628914.1	_		traf2_binding_permissive	Motif		PNEEMIS	152	159	1	7					
sequence	hmm	20261001_8fb675cb	XP_020628914.1	_		traf2_binding_permissive	Motif		PIQAVG	308	314	1	6					
sequence	hmm	20261001_8fb675cb	XP_020629265.1	_		traf2_binding_permissive	Motif		PCPECLD	65	72	1	7					
sequence	hmm	20261001_8fb675cb	XP_020629265.1	_		traf2_binding_permissive	Motif		PAFNALT	295	302	1	7					
sequence	hmm	20261001_8fb675cb	XP_020630396.1	_		traf2_binding_strict	Motif		PGEQT	122	127	1	5					
sequence	hmm	20261001_8fb675cb	XP_020630396.1	_		traf2_binding_strict	Motif		PTEAT	342	347	1	5					
sequence	hmm	20261001_8fb675cb	XP_020630396.1	_		traf2_binding_variant	Motif		PNNYT	66	71	1	5					
sequence	hmm	20261001_8fb675cb	XP_020630396.1	_		traf2_binding_variant	Motif		PGEQT	122	127	1	5					
sequence	hmm	20261001_8fb675cb	XP_020630396.1	_		traf2_binding_variant	Motif		PANLT	198	203	1	5					
sequence	hmm	20261001_8fb675cb	XP_020630396.1	_		traf2_binding_variant	Motif		PTEAT	342	347	1	5					
sequence	hmm	20261001_8fb675cb	XP_020630396.1	_		traf2_binding_permissive	Motif		PKDQFTA	58	65	1	7					
sequence	hmm	20261001_8fb675cb	XP_020630396.1	_		traf2_binding_permissive	Motif		PNNYTS	66	72	1	6					
sequence	hmm	20261001_8fb675cb	XP_020630396.1	_		traf2_binding_permissive	Motif		PGEQTTS	122	129	1	7					
sequence	hmm	20261001_8fb675cb	XP_020630396.1	_		traf2_binding_permissive	Motif		PANLT	198	203	1	5					
sequence	hmm	20261001_8fb675cb	XP_020630396.1	_		traf2_binding_permissive	Motif		PTEAT	342	347	1	5					
sequence	hmm	20261001_8fb675cb	NW_019218118.1_K02583_e041cdb0	_		traf6_binding_permissive	Motif		PEQVIW	25	31	1	6					
sequence	hmm	20261001_8fb675cb	NW_019218118.1_K02583_e041cdb0	_		traf6_binding_permissive	Motif		PCQPGK	71	77	1	6					
sequence	hmm	20261001_8fb675cb	NW_019218118.1_K02583_e041cdb0	_		traf2_binding_variant	Motif		PCQPG	71	76	1	5					
sequence	hmm	20261001_8fb675cb	NW_019218118.1_K02583_e041cdb0	_		traf2_binding_variant	Motif		PMNST	337	342	1	5					
sequence	hmm	20261001_8fb675cb	NW_019218118.1_K02583_e041cdb0	_		traf2_binding_permissive	Motif		PGSEPS	49	55	1	6					
sequence	hmm	20261001_8fb675cb	NW_019218118.1_K02583_e041cdb0	_		traf2_binding_permissive	Motif		PCQPG	71	76	1	5					
sequence	hmm	20261001_8fb675cb	NW_019218118.1_K02583_e041cdb0	_		traf2_binding_permissive	Motif		PCSECCG	129	136	1	7					
sequence	hmm	20261001_8fb675cb	NW_019218118.1_K02583_e041cdb0	_		traf2_binding_permissive	Motif		PMNST	337	342	1	5					
sequence	hmm	20261001_8fb675cb	XP_022777488.1	_		traf6_binding_permissive	Motif		PNEIMV	99	105	1	6					
sequence	hmm	20261001_8fb675cb	XP_022777488.1	_		traf6_binding_permissive	Motif		PLELQI	485	491	1	6					
sequence	hmm	20261001_8fb675cb	XP_022777488.1	_		traf2_binding_permissive	Motif		PFLNKLE	372	379	1	7					
sequence	hmm	20261001_8fb675cb	XP_022777488.1	_		traf2_binding_permissive	Motif		PAIQLT	470	476	1	6					
sequence	hmm	20261001_8fb675cb	XP_022777488.1	_		traf2_binding_permissive	Motif		PKSNHVS	531	538	1	7					
sequence	hmm	20261001_8fb675cb	XP_022777489.1	_		traf6_binding_permissive	Motif		PNEIMV	93	99	1	6					
sequence	hmm	20261001_8fb675cb	XP_022777489.1	_		traf6_binding_permissive	Motif		PLELQI	479	485	1	6					
sequence	hmm	20261001_8fb675cb	XP_022777489.1	_		traf2_binding_permissive	Motif		PFLNKLE	366	373	1	7					
sequence	hmm	20261001_8fb675cb	XP_022777489.1	_		traf2_binding_permissive	Motif		PAIQLT	464	470	1	6					
sequence	hmm	20261001_8fb675cb	XP_022777489.1	_		traf2_binding_permissive	Motif		PKSNHVS	525	532	1	7					
sequence	hmm	20261001_8fb675cb	XP_022777490.1	_		traf6_binding_permissive	Motif		PNEIMV	99	105	1	6					
sequence	hmm	20261001_8fb675cb	XP_022777490.1	_		traf6_binding_permissive	Motif		PLELQI	485	491	1	6					
sequence	hmm	20261001_8fb675cb	XP_022777490.1	_		traf2_binding_permissive	Motif		PFLNKLE	372	379	1	7					
sequence	hmm	20261001_8fb675cb	XP_022777490.1	_		traf2_binding_permissive	Motif		PAIQLT	470	476	1	6					
sequence	hmm	20261001_8fb675cb	XP_022777490.1	_		traf2_binding_permissive	Motif		PKSNHVS	531	538	1	7					
sequence	hmm	20261001_8fb675cb	XP_022777653.1	_		traf2_binding_permissive	Motif		PCIEGYD	69	76	1	7					
sequence	hmm	20261001_8fb675cb	XP_022779144.1	_		traf6_binding_permissive	Motif		PCEQGI	76	82	1	6					
sequence	hmm	20261001_8fb675cb	XP_022779144.1	_		traf2_binding_strict	Motif		PAQDS	208	213	1	5					
sequence	hmm	20261001_8fb675cb	XP_022779144.1	_		traf2_binding_variant	Motif		PCEQG	76	81	1	5					
sequence	hmm	20261001_8fb675cb	XP_022779144.1	_		traf2_binding_variant	Motif		PAQDS	208	213	1	5					
sequence	hmm	20261001_8fb675cb	XP_022779144.1	_		traf2_binding_permissive	Motif		PGNNIT	30	36	1	6					
sequence	hmm	20261001_8fb675cb	XP_022779144.1	_		traf2_binding_permissive	Motif		PAGQGLS	53	60	1	7					
sequence	hmm	20261001_8fb675cb	XP_022779144.1	_		traf2_binding_permissive	Motif		PCEQGIT	76	83	1	7					
sequence	hmm	20261001_8fb675cb	XP_022779144.1	_		traf2_binding_permissive	Motif		PQCQVPG	149	156	1	7					
sequence	hmm	20261001_8fb675cb	XP_022779144.1	_		traf2_binding_permissive	Motif		PVTERPA	203	210	1	7					
sequence	hmm	20261001_8fb675cb	XP_022779144.1	_		traf2_binding_permissive	Motif		PTNDVS	214	220	1	6					
sequence	hmm	20261001_8fb675cb	XP_022780050.1	_		traf6_binding_strict	Motif		PTEKSD	267	273	1	6					
sequence	hmm	20261001_8fb675cb	XP_022780050.1	_		traf6_binding_permissive	Motif		PCEKRR	108	114	1	6					
sequence	hmm	20261001_8fb675cb	XP_022780050.1	_		traf6_binding_permissive	Motif		PWENGR	166	172	1	6					
sequence	hmm	20261001_8fb675cb	XP_022780050.1	_		traf6_binding_permissive	Motif		PTEKSD	267	273	1	6					
sequence	hmm	20261001_8fb675cb	XP_022780050.1	_		traf6_binding_permissive	Motif		PAERVK	316	322	1	6					
sequence	hmm	20261001_8fb675cb	XP_022780050.1	_		traf6_binding_permissive	Motif		PTQYIL	477	483	1	6					
sequence	hmm	20261001_8fb675cb	XP_022780050.1	_		traf6_binding_permissive	Motif		PVEITV	589	595	1	6					
sequence	hmm	20261001_8fb675cb	XP_022780050.1	_		traf6_binding_permissive	Motif		PRQTSR	806	812	1	6					
sequence	hmm	20261001_8fb675cb	XP_022780050.1	_		traf6_binding_permissive	Motif		PEENEI	838	844	1	6					
sequence	hmm	20261001_8fb675cb	XP_022780050.1	_		traf2_binding_strict	Motif		PTEKS	267	272	1	5					
sequence	hmm	20261001_8fb675cb	XP_022780050.1	_		traf2_binding_strict	Motif		PVEIT	589	594	1	5					
sequence	hmm	20261001_8fb675cb	XP_022780050.1	_		traf2_binding_strict	Motif		PRQTS	806	811	1	5					
sequence	hmm	20261001_8fb675cb	XP_022780050.1	_		traf2_binding_strict	Motif		PVQES	971	976	1	5					
sequence	hmm	20261001_8fb675cb	XP_022780050.1	_		traf2_binding_variant	Motif		PCNST	84	89	1	5					
sequence	hmm	20261001_8fb675cb	XP_022780050.1	_		traf2_binding_variant	Motif		PWENG	166	171	1	5					
sequence	hmm	20261001_8fb675cb	XP_022780050.1	_		traf2_binding_variant	Motif		PTEKS	267	272	1	5					
sequence	hmm	20261001_8fb675cb	XP_022780050.1	_		traf2_binding_variant	Motif		PQNRT	299	304	1	5					
sequence	hmm	20261001_8fb675cb	XP_022780050.1	_		traf2_binding_variant	Motif		PVEIT	589	594	1	5					
sequence	hmm	20261001_8fb675cb	XP_022780050.1	_		traf2_binding_variant	Motif		PRQTS	806	811	1	5					
sequence	hmm	20261001_8fb675cb	XP_022780050.1	_		traf2_binding_variant	Motif		PEENE	838	843	1	5					
sequence	hmm	20261001_8fb675cb	XP_022780050.1	_		traf2_binding_variant	Motif		PVQES	971	976	1	5					
sequence	hmm	20261001_8fb675cb	XP_022780050.1	_		traf2_binding_permissive	Motif		PCNSTS	84	90	1	6					
sequence	hmm	20261001_8fb675cb	XP_022780050.1	_		traf2_binding_permissive	Motif		PWENG	166	171	1	5					
sequence	hmm	20261001_8fb675cb	XP_022780050.1	_		traf2_binding_permissive	Motif		PSVENS	235	241	1	6					
sequence	hmm	20261001_8fb675cb	XP_022780050.1	_		traf2_binding_permissive	Motif		PAGESIG	244	251	1	7					
sequence	hmm	20261001_8fb675cb	XP_022780050.1	_		traf2_binding_permissive	Motif		PTEKSD	267	273	1	6					
sequence	hmm	20261001_8fb675cb	XP_022780050.1	_		traf2_binding_permissive	Motif		PQNRTD	299	305	1	6					
sequence	hmm	20261001_8fb675cb	XP_022780050.1	_		traf2_binding_permissive	Motif		PTKEVQA	373	380	1	7					
sequence	hmm	20261001_8fb675cb	XP_022780050.1	_		traf2_binding_permissive	Motif		PVIECG	575	581	1	6					
sequence	hmm	20261001_8fb675cb	XP_022780050.1	_		traf2_binding_permissive	Motif		PVEIT	589	594	1	5					
sequence	hmm	20261001_8fb675cb	XP_022780050.1	_		traf2_binding_permissive	Motif		PSVQRYD	746	753	1	7					
sequence	hmm	20261001_8fb675cb	XP_022780050.1	_		traf2_binding_permissive	Motif		PRQTS	806	811	1	5					
sequence	hmm	20261001_8fb675cb	XP_022780050.1	_		traf2_binding_permissive	Motif		PSNGCE	823	829	1	6					
sequence	hmm	20261001_8fb675cb	XP_022780050.1	_		traf2_binding_permissive	Motif		PEENE	838	843	1	5					
sequence	hmm	20261001_8fb675cb	XP_022780050.1	_		traf2_binding_permissive	Motif		PVQESAA	971	978	1	7					
sequence	hmm	20261001_8fb675cb	XP_022782046.1	_		traf6_binding_permissive	Motif		PCEKTR	115	121	1	6					
sequence	hmm	20261001_8fb675cb	XP_022782046.1	_		traf6_binding_permissive	Motif		PSENTV	434	440	1	6					
sequence	hmm	20261001_8fb675cb	XP_022782046.1	_		traf6_binding_permissive	Motif		PVEITV	540	546	1	6					
sequence	hmm	20261001_8fb675cb	XP_022782046.1	_		traf6_binding_permissive	Motif		PKEEPL	897	903	1	6					
sequence	hmm	20261001_8fb675cb	XP_022782046.1	_		traf2_binding_strict	Motif		PCEKT	115	120	1	5					
sequence	hmm	20261001_8fb675cb	XP_022782046.1	_		traf2_binding_strict	Motif		PSENT	434	439	1	5					
sequence	hmm	20261001_8fb675cb	XP_022782046.1	_		traf2_binding_strict	Motif		PVEIT	540	545	1	5					
sequence	hmm	20261001_8fb675cb	XP_022782046.1	_		traf2_binding_variant	Motif		PCEKT	115	120	1	5					
sequence	hmm	20261001_8fb675cb	XP_022782046.1	_		traf2_binding_variant	Motif		PSENT	434	439	1	5					
sequence	hmm	20261001_8fb675cb	XP_022782046.1	_		traf2_binding_variant	Motif		PVEIT	540	545	1	5					
sequence	hmm	20261001_8fb675cb	XP_022782046.1	_		traf2_binding_variant	Motif		PSNEA	783	788	1	5					
sequence	hmm	20261001_8fb675cb	XP_022782046.1	_		traf2_binding_permissive	Motif		PCEKT	115	120	1	5					
sequence	hmm	20261001_8fb675cb	XP_022782046.1	_		traf2_binding_permissive	Motif		PTVNSS	208	214	1	6					
sequence	hmm	20261001_8fb675cb	XP_022782046.1	_		traf2_binding_permissive	Motif		PSSQQTE	214	221	1	7					
sequence	hmm	20261001_8fb675cb	XP_022782046.1	_		traf2_binding_permissive	Motif		PQPEHT	293	299	1	6					
sequence	hmm	20261001_8fb675cb	XP_022782046.1	_		traf2_binding_permissive	Motif		PEPNSG	324	330	1	6					
sequence	hmm	20261001_8fb675cb	XP_022782046.1	_		traf2_binding_permissive	Motif		PSENT	434	439	1	5					
sequence	hmm	20261001_8fb675cb	XP_022782046.1	_		traf2_binding_permissive	Motif		PVIECG	526	532	1	6					
sequence	hmm	20261001_8fb675cb	XP_022782046.1	_		traf2_binding_permissive	Motif		PVEIT	540	545	1	5					
sequence	hmm	20261001_8fb675cb	XP_022782046.1	_		traf2_binding_permissive	Motif		PSSEEIS	764	771	1	7					
sequence	hmm	20261001_8fb675cb	XP_022782046.1	_		traf2_binding_permissive	Motif		PSNEAEE	783	790	1	7					
sequence	hmm	20261001_8fb675cb	XP_022782046.1	_		traf2_binding_permissive	Motif		PKEEPLA	897	904	1	7					
sequence	hmm	20261001_8fb675cb	XP_022787109.1	_		traf2_binding_variant	Motif		PPNVS	246	251	1	5					
sequence	hmm	20261001_8fb675cb	XP_022787109.1	_		traf2_binding_permissive	Motif		PGRQLA	56	62	1	6					
sequence	hmm	20261001_8fb675cb	XP_022787109.1	_		traf2_binding_permissive	Motif		PCQKCS	95	101	1	6					
sequence	hmm	20261001_8fb675cb	XP_022787109.1	_		traf2_binding_permissive	Motif		PRQTIS	101	107	1	6					
sequence	hmm	20261001_8fb675cb	XP_022787109.1	_		traf2_binding_permissive	Motif		PLQNVQS	193	200	1	7					
sequence	hmm	20261001_8fb675cb	XP_022787109.1	_		traf2_binding_permissive	Motif		PPNVS	246	251	1	5					
sequence	hmm	20261001_8fb675cb	XP_022787109.1	_		traf2_binding_permissive	Motif		PKINLTS	332	339	1	7					
sequence	hmm	20261001_8fb675cb	XP_022787109.1	_		traf2_binding_permissive	Motif		PEVQLPD	465	472	1	7					
sequence	hmm	20261001_8fb675cb	XP_022787113.1	_		traf6_binding_permissive	Motif		PNEFLI	364	370	1	6					
sequence	hmm	20261001_8fb675cb	XP_022787113.1	_		traf2_binding_variant	Motif		PHNDA	358	363	1	5					
sequence	hmm	20261001_8fb675cb	XP_022787113.1	_		traf2_binding_permissive	Motif		PLGEEPS	78	85	1	7					
sequence	hmm	20261001_8fb675cb	XP_022787113.1	_		traf2_binding_permissive	Motif		PHNDAA	358	364	1	6					
sequence	hmm	20261001_8fb675cb	XP_022793486.1	_		traf6_binding_permissive	Motif		PSERPL	112	118	1	6					
sequence	hmm	20261001_8fb675cb	XP_022793486.1	_		traf2_binding_strict	Motif		PTEAT	279	284	1	5					
sequence	hmm	20261001_8fb675cb	XP_022793486.1	_		traf2_binding_variant	Motif		PTEAT	279	284	1	5					
sequence	hmm	20261001_8fb675cb	XP_022793486.1	_		traf2_binding_permissive	Motif		PFIQTT	123	129	1	6					
sequence	hmm	20261001_8fb675cb	XP_022793486.1	_		traf2_binding_permissive	Motif		PLPNKPE	201	208	1	7					
sequence	hmm	20261001_8fb675cb	XP_022793486.1	_		traf2_binding_permissive	Motif		PTEAT	279	284	1	5					
sequence	hmm	20261001_8fb675cb	XP_022797193.1	_		traf6_binding_permissive	Motif		PNEETI	99	105	1	6					
sequence	hmm	20261001_8fb675cb	XP_022797193.1	_		traf2_binding_strict	Motif		PNEET	99	104	1	5					
sequence	hmm	20261001_8fb675cb	XP_022797193.1	_		traf2_binding_variant	Motif		PNEET	99	104	1	5					
sequence	hmm	20261001_8fb675cb	XP_022797193.1	_		traf2_binding_permissive	Motif		PCPECPE	47	54	1	7					
sequence	hmm	20261001_8fb675cb	XP_022797193.1	_		traf2_binding_permissive	Motif		PNEETIS	99	106	1	7					
sequence	hmm	20261001_8fb675cb	XP_022797194.1	_		traf6_binding_permissive	Motif		PNEETI	83	89	1	6					
sequence	hmm	20261001_8fb675cb	XP_022797194.1	_		traf2_binding_strict	Motif		PNEET	83	88	1	5					
sequence	hmm	20261001_8fb675cb	XP_022797194.1	_		traf2_binding_variant	Motif		PNEET	83	88	1	5					
sequence	hmm	20261001_8fb675cb	XP_022797194.1	_		traf2_binding_permissive	Motif		PCPECPE	31	38	1	7					
sequence	hmm	20261001_8fb675cb	XP_022797194.1	_		traf2_binding_permissive	Motif		PNEETIS	83	90	1	7					
sequence	hmm	20261001_8fb675cb	XP_022797195.1	_		traf6_binding_permissive	Motif		PNEETI	42	48	1	6					
sequence	hmm	20261001_8fb675cb	XP_022797195.1	_		traf2_binding_strict	Motif		PNEET	42	47	1	5					
sequence	hmm	20261001_8fb675cb	XP_022797195.1	_		traf2_binding_variant	Motif		PNEET	42	47	1	5					
sequence	hmm	20261001_8fb675cb	XP_022797195.1	_		traf2_binding_permissive	Motif		PNEETIS	42	49	1	7					
sequence	hmm	20261001_8fb675cb	XP_022797214.1	_		traf6_binding_permissive	Motif		PNEETI	73	79	1	6					
sequence	hmm	20261001_8fb675cb	XP_022797214.1	_		traf2_binding_strict	Motif		PNEET	73	78	1	5					
sequence	hmm	20261001_8fb675cb	XP_022797214.1	_		traf2_binding_variant	Motif		PNEET	73	78	1	5					
sequence	hmm	20261001_8fb675cb	XP_022797214.1	_		traf2_binding_variant	Motif		PIQAE	232	237	1	5					
sequence	hmm	20261001_8fb675cb	XP_022797214.1	_		traf2_binding_permissive	Motif		PGESYS	52	58	1	6					
sequence	hmm	20261001_8fb675cb	XP_022797214.1	_		traf2_binding_permissive	Motif		PNEETIS	73	80	1	7					
sequence	hmm	20261001_8fb675cb	XP_022797214.1	_		traf2_binding_permissive	Motif		PIQAE	232	237	1	5					
sequence	hmm	20261001_8fb675cb	XP_022797923.1	_		traf6_binding_permissive	Motif		PDEYPI	60	66	1	6					
sequence	hmm	20261001_8fb675cb	XP_022797923.1	_		traf6_binding_permissive	Motif		PIEYQV	92	98	1	6					
sequence	hmm	20261001_8fb675cb	XP_022797923.1	_		traf6_binding_permissive	Motif		PCQHGK	104	110	1	6					
sequence	hmm	20261001_8fb675cb	XP_022797923.1	_		traf6_binding_permissive	Motif		PLQRSL	361	367	1	6					
sequence	hmm	20261001_8fb675cb	XP_022797923.1	_		traf6_binding_permissive	Motif		PGELDV	512	518	1	6					
sequence	hmm	20261001_8fb675cb	XP_022797923.1	_		traf6_binding_permissive	Motif		PGEGTR	519	525	1	6					
sequence	hmm	20261001_8fb675cb	XP_022797923.1	_		traf2_binding_strict	Motif		PLQRS	361	366	1	5					
sequence	hmm	20261001_8fb675cb	XP_022797923.1	_		traf2_binding_strict	Motif		PGEGT	519	524	1	5					
sequence	hmm	20261001_8fb675cb	XP_022797923.1	_		traf2_binding_variant	Motif		PCQHG	104	109	1	5					
sequence	hmm	20261001_8fb675cb	XP_022797923.1	_		traf2_binding_variant	Motif		PSNLS	264	269	1	5					
sequence	hmm	20261001_8fb675cb	XP_022797923.1	_		traf2_binding_variant	Motif		PLQRS	361	366	1	5					
sequence	hmm	20261001_8fb675cb	XP_022797923.1	_		traf2_binding_variant	Motif		PGELD	512	517	1	5					
sequence	hmm	20261001_8fb675cb	XP_022797923.1	_		traf2_binding_variant	Motif		PGEGT	519	524	1	5					
sequence	hmm	20261001_8fb675cb	XP_022797923.1	_		traf2_binding_permissive	Motif		PCQHG	104	109	1	5					
sequence	hmm	20261001_8fb675cb	XP_022797923.1	_		traf2_binding_permissive	Motif		PSNLS	264	269	1	5					
sequence	hmm	20261001_8fb675cb	XP_022797923.1	_		traf2_binding_permissive	Motif		PLQRS	361	366	1	5					
sequence	hmm	20261001_8fb675cb	XP_022797923.1	_		traf2_binding_permissive	Motif		PKSQSVE	435	442	1	7					
sequence	hmm	20261001_8fb675cb	XP_022797923.1	_		traf2_binding_permissive	Motif		PGELD	512	517	1	5					
sequence	hmm	20261001_8fb675cb	XP_022797923.1	_		traf2_binding_permissive	Motif		PGEGT	519	524	1	5					
sequence	hmm	20261001_8fb675cb	XP_022797924.1	_		traf6_binding_permissive	Motif		PDEYPI	30	36	1	6					
sequence	hmm	20261001_8fb675cb	XP_022797924.1	_		traf6_binding_permissive	Motif		PIEYQV	62	68	1	6					
sequence	hmm	20261001_8fb675cb	XP_022797924.1	_		traf6_binding_permissive	Motif		PCQHGK	74	80	1	6					
sequence	hmm	20261001_8fb675cb	XP_022797924.1	_		traf6_binding_permissive	Motif		PLQRSL	331	337	1	6					
sequence	hmm	20261001_8fb675cb	XP_022797924.1	_		traf6_binding_permissive	Motif		PGELDV	482	488	1	6					
sequence	hmm	20261001_8fb675cb	XP_022797924.1	_		traf6_binding_permissive	Motif		PGEGTR	489	495	1	6					
sequence	hmm	20261001_8fb675cb	XP_022797924.1	_		traf2_binding_strict	Motif		PLQRS	331	336	1	5					
sequence	hmm	20261001_8fb675cb	XP_022797924.1	_		traf2_binding_strict	Motif		PGEGT	489	494	1	5					
sequence	hmm	20261001_8fb675cb	XP_022797924.1	_		traf2_binding_variant	Motif		PCQHG	74	79	1	5					
sequence	hmm	20261001_8fb675cb	XP_022797924.1	_		traf2_binding_variant	Motif		PSNLS	234	239	1	5					
sequence	hmm	20261001_8fb675cb	XP_022797924.1	_		traf2_binding_variant	Motif		PLQRS	331	336	1	5					
sequence	hmm	20261001_8fb675cb	XP_022797924.1	_		traf2_binding_variant	Motif		PGELD	482	487	1	5					
sequence	hmm	20261001_8fb675cb	XP_022797924.1	_		traf2_binding_variant	Motif		PGEGT	489	494	1	5					
sequence	hmm	20261001_8fb675cb	XP_022797924.1	_		traf2_binding_permissive	Motif		PCQHG	74	79	1	5					
sequence	hmm	20261001_8fb675cb	XP_022797924.1	_		traf2_binding_permissive	Motif		PSNLS	234	239	1	5					
sequence	hmm	20261001_8fb675cb	XP_022797924.1	_		traf2_binding_permissive	Motif		PLQRS	331	336	1	5					
sequence	hmm	20261001_8fb675cb	XP_022797924.1	_		traf2_binding_permissive	Motif		PKSQSVE	405	412	1	7					
sequence	hmm	20261001_8fb675cb	XP_022797924.1	_		traf2_binding_permissive	Motif		PGELD	482	487	1	5					
sequence	hmm	20261001_8fb675cb	XP_022797924.1	_		traf2_binding_permissive	Motif		PGEGT	489	494	1	5					
sequence	hmm	20261001_8fb675cb	XP_022797964.1	_		traf2_binding_variant	Motif		PSNSG	283	288	1	5					
sequence	hmm	20261001_8fb675cb	XP_022797964.1	_		traf2_binding_permissive	Motif		PSNSGT	283	289	1	6					
sequence	hmm	20261001_8fb675cb	XP_022797964.1	_		traf2_binding_permissive	Motif		PTSQRQT	316	323	1	7					
sequence	hmm	20261001_8fb675cb	XP_022797964.1	_		traf2_binding_permissive	Motif		PGKQVME	455	462	1	7					
sequence	hmm	20261001_8fb675cb	XP_022797965.1	_		traf6_binding_permissive	Motif		PGQGLD	55	61	1	6					
sequence	hmm	20261001_8fb675cb	XP_022797965.1	_		traf6_binding_permissive	Motif		PPQLNV	255	261	1	6					
sequence	hmm	20261001_8fb675cb	XP_022797965.1	_		traf6_binding_permissive	Motif		PAELDV	477	483	1	6					
sequence	hmm	20261001_8fb675cb	XP_022797965.1	_		traf2_binding_variant	Motif		PHQIA	100	105	1	5					
sequence	hmm	20261001_8fb675cb	XP_022797965.1	_		traf2_binding_variant	Motif		PAELD	477	482	1	5					
sequence	hmm	20261001_8fb675cb	XP_022797965.1	_		traf2_binding_permissive	Motif		PPGQGLD	54	61	1	7					
sequence	hmm	20261001_8fb675cb	XP_022797965.1	_		traf2_binding_permissive	Motif		PHQIAS	100	106	1	6					
sequence	hmm	20261001_8fb675cb	XP_022797965.1	_		traf2_binding_permissive	Motif		PQQECT	147	153	1	6					
sequence	hmm	20261001_8fb675cb	XP_022797965.1	_		traf2_binding_permissive	Motif		PQLNVSE	256	263	1	7					
sequence	hmm	20261001_8fb675cb	XP_022797965.1	_		traf2_binding_permissive	Motif		PEEPQG	340	346	1	6					
sequence	hmm	20261001_8fb675cb	XP_022797965.1	_		traf2_binding_permissive	Motif		PAELD	477	482	1	5					
sequence	hmm	20261001_8fb675cb	XP_022797966.1	_		traf6_binding_permissive	Motif		PGQGLD	55	61	1	6					
sequence	hmm	20261001_8fb675cb	XP_022797966.1	_		traf6_binding_permissive	Motif		PPQLNV	255	261	1	6					
sequence	hmm	20261001_8fb675cb	XP_022797966.1	_		traf6_binding_permissive	Motif		PAELDV	477	483	1	6					
sequence	hmm	20261001_8fb675cb	XP_022797966.1	_		traf2_binding_variant	Motif		PHQIA	100	105	1	5					
sequence	hmm	20261001_8fb675cb	XP_022797966.1	_		traf2_binding_variant	Motif		PAELD	477	482	1	5					
sequence	hmm	20261001_8fb675cb	XP_022797966.1	_		traf2_binding_permissive	Motif		PPGQGLD	54	61	1	7					
sequence	hmm	20261001_8fb675cb	XP_022797966.1	_		traf2_binding_permissive	Motif		PHQIAS	100	106	1	6					
sequence	hmm	20261001_8fb675cb	XP_022797966.1	_		traf2_binding_permissive	Motif		PQQECT	147	153	1	6					
sequence	hmm	20261001_8fb675cb	XP_022797966.1	_		traf2_binding_permissive	Motif		PQLNVSE	256	263	1	7					
sequence	hmm	20261001_8fb675cb	XP_022797966.1	_		traf2_binding_permissive	Motif		PEEPQG	340	346	1	6					
sequence	hmm	20261001_8fb675cb	XP_022797966.1	_		traf2_binding_permissive	Motif		PAELD	477	482	1	5					
sequence	hmm	20261001_8fb675cb	XP_022798271.1	_		traf6_binding_permissive	Motif		PVQVRI	465	471	1	6					
sequence	hmm	20261001_8fb675cb	XP_022798271.1	_		traf6_binding_permissive	Motif		PKEVFH	717	723	1	6					
sequence	hmm	20261001_8fb675cb	XP_022798271.1	_		traf2_binding_variant	Motif		PCNLT	254	259	1	5					
sequence	hmm	20261001_8fb675cb	XP_022798271.1	_		traf2_binding_variant	Motif		PHNET	491	496	1	5					
sequence	hmm	20261001_8fb675cb	XP_022798271.1	_		traf2_binding_permissive	Motif		PFYQRCD	156	163	1	7					
sequence	hmm	20261001_8fb675cb	XP_022798271.1	_		traf2_binding_permissive	Motif		PCNLT	254	259	1	5					
sequence	hmm	20261001_8fb675cb	XP_022798271.1	_		traf2_binding_permissive	Motif		PHNET	491	496	1	5					
sequence	hmm	20261001_8fb675cb	XP_022798271.1	_		traf2_binding_permissive	Motif		PVEGWT	606	612	1	6					
sequence	hmm	20261001_8fb675cb	XP_022798272.1	_		traf6_binding_strict	Motif		PHEGTE	395	401	1	6					
sequence	hmm	20261001_8fb675cb	XP_022798272.1	_		traf6_binding_permissive	Motif		PNEIMV	103	109	1	6					
sequence	hmm	20261001_8fb675cb	XP_022798272.1	_		traf6_binding_permissive	Motif		PHEGTE	395	401	1	6					
sequence	hmm	20261001_8fb675cb	XP_022798272.1	_		traf6_binding_permissive	Motif		PLELQI	488	494	1	6					
sequence	hmm	20261001_8fb675cb	XP_022798272.1	_		traf2_binding_strict	Motif		PHEGT	395	400	1	5					
sequence	hmm	20261001_8fb675cb	XP_022798272.1	_		traf2_binding_strict	Motif		PIQKT	705	710	1	5					
sequence	hmm	20261001_8fb675cb	XP_022798272.1	_		traf2_binding_variant	Motif		PHEGT	395	400	1	5					
sequence	hmm	20261001_8fb675cb	XP_022798272.1	_		traf2_binding_variant	Motif		PIQKT	705	710	1	5					
sequence	hmm	20261001_8fb675cb	XP_022798272.1	_		traf2_binding_permissive	Motif		PFLNNLE	377	384	1	7					
sequence	hmm	20261001_8fb675cb	XP_022798272.1	_		traf2_binding_permissive	Motif		PHEGTE	395	401	1	6					
sequence	hmm	20261001_8fb675cb	XP_022798272.1	_		traf2_binding_permissive	Motif		PAIQLNS	475	482	1	7					
sequence	hmm	20261001_8fb675cb	XP_022798272.1	_		traf2_binding_permissive	Motif		PKSNYVS	534	541	1	7					
sequence	hmm	20261001_8fb675cb	XP_022798272.1	_		traf2_binding_permissive	Motif		PIQKT	705	710	1	5					
sequence	hmm	20261001_8fb675cb	XP_022798273.1	_		traf6_binding_strict	Motif		PHEGTE	395	401	1	6					
sequence	hmm	20261001_8fb675cb	XP_022798273.1	_		traf6_binding_permissive	Motif		PNEIMV	103	109	1	6					
sequence	hmm	20261001_8fb675cb	XP_022798273.1	_		traf6_binding_permissive	Motif		PHEGTE	395	401	1	6					
sequence	hmm	20261001_8fb675cb	XP_022798273.1	_		traf6_binding_permissive	Motif		PLELQI	488	494	1	6					
sequence	hmm	20261001_8fb675cb	XP_022798273.1	_		traf2_binding_strict	Motif		PHEGT	395	400	1	5					
sequence	hmm	20261001_8fb675cb	XP_022798273.1	_		traf2_binding_strict	Motif		PIQKT	705	710	1	5					
sequence	hmm	20261001_8fb675cb	XP_022798273.1	_		traf2_binding_variant	Motif		PHEGT	395	400	1	5					
sequence	hmm	20261001_8fb675cb	XP_022798273.1	_		traf2_binding_variant	Motif		PIQKT	705	710	1	5					
sequence	hmm	20261001_8fb675cb	XP_022798273.1	_		traf2_binding_permissive	Motif		PFLNNLE	377	384	1	7					
sequence	hmm	20261001_8fb675cb	XP_022798273.1	_		traf2_binding_permissive	Motif		PHEGTE	395	401	1	6					
sequence	hmm	20261001_8fb675cb	XP_022798273.1	_		traf2_binding_permissive	Motif		PAIQLNS	475	482	1	7					
sequence	hmm	20261001_8fb675cb	XP_022798273.1	_		traf2_binding_permissive	Motif		PKSNYVS	534	541	1	7					
sequence	hmm	20261001_8fb675cb	XP_022798273.1	_		traf2_binding_permissive	Motif		PIQKT	705	710	1	5					
sequence	hmm	20261001_8fb675cb	XP_022798274.1	_		traf6_binding_strict	Motif		PHEGTE	395	401	1	6					
sequence	hmm	20261001_8fb675cb	XP_022798274.1	_		traf6_binding_permissive	Motif		PNEIMV	103	109	1	6					
sequence	hmm	20261001_8fb675cb	XP_022798274.1	_		traf6_binding_permissive	Motif		PHEGTE	395	401	1	6					
sequence	hmm	20261001_8fb675cb	XP_022798274.1	_		traf6_binding_permissive	Motif		PLELQI	488	494	1	6					
sequence	hmm	20261001_8fb675cb	XP_022798274.1	_		traf2_binding_strict	Motif		PHEGT	395	400	1	5					
sequence	hmm	20261001_8fb675cb	XP_022798274.1	_		traf2_binding_variant	Motif		PHEGT	395	400	1	5					
sequence	hmm	20261001_8fb675cb	XP_022798274.1	_		traf2_binding_permissive	Motif		PFLNNLE	377	384	1	7					
sequence	hmm	20261001_8fb675cb	XP_022798274.1	_		traf2_binding_permissive	Motif		PHEGTE	395	401	1	6					
sequence	hmm	20261001_8fb675cb	XP_022798274.1	_		traf2_binding_permissive	Motif		PAIQLNS	475	482	1	7					
sequence	hmm	20261001_8fb675cb	XP_022798274.1	_		traf2_binding_permissive	Motif		PKSNYVS	534	541	1	7					
sequence	hmm	20261001_8fb675cb	XP_022798275.1	_		traf6_binding_strict	Motif		PHEGTE	385	391	1	6					
sequence	hmm	20261001_8fb675cb	XP_022798275.1	_		traf6_binding_permissive	Motif		PNEIMV	93	99	1	6					
sequence	hmm	20261001_8fb675cb	XP_022798275.1	_		traf6_binding_permissive	Motif		PHEGTE	385	391	1	6					
sequence	hmm	20261001_8fb675cb	XP_022798275.1	_		traf6_binding_permissive	Motif		PLELQI	478	484	1	6					
sequence	hmm	20261001_8fb675cb	XP_022798275.1	_		traf2_binding_strict	Motif		PHEGT	385	390	1	5					
sequence	hmm	20261001_8fb675cb	XP_022798275.1	_		traf2_binding_strict	Motif		PIQKT	695	700	1	5					
sequence	hmm	20261001_8fb675cb	XP_022798275.1	_		traf2_binding_variant	Motif		PHEGT	385	390	1	5					
sequence	hmm	20261001_8fb675cb	XP_022798275.1	_		traf2_binding_variant	Motif		PIQKT	695	700	1	5					
sequence	hmm	20261001_8fb675cb	XP_022798275.1	_		traf2_binding_permissive	Motif		PFLNNLE	367	374	1	7					
sequence	hmm	20261001_8fb675cb	XP_022798275.1	_		traf2_binding_permissive	Motif		PHEGTE	385	391	1	6					
sequence	hmm	20261001_8fb675cb	XP_022798275.1	_		traf2_binding_permissive	Motif		PAIQLNS	465	472	1	7					
sequence	hmm	20261001_8fb675cb	XP_022798275.1	_		traf2_binding_permissive	Motif		PKSNYVS	524	531	1	7					
sequence	hmm	20261001_8fb675cb	XP_022798275.1	_		traf2_binding_permissive	Motif		PIQKT	695	700	1	5					
sequence	hmm	20261001_8fb675cb	XP_022798284.1	_		traf2_binding_variant	Motif		PGQTA	76	81	1	5					
sequence	hmm	20261001_8fb675cb	XP_022798284.1	_		traf2_binding_permissive	Motif		PPGQTAS	75	82	1	7					
sequence	hmm	20261001_8fb675cb	XP_022798284.1	_		traf2_binding_permissive	Motif		PSNTMG	91	97	1	6					
sequence	hmm	20261001_8fb675cb	XP_022799266.1	_		traf6_binding_permissive	Motif		PTETSI	187	193	1	6					
sequence	hmm	20261001_8fb675cb	XP_022799266.1	_		traf6_binding_permissive	Motif		PTETSV	235	241	1	6					
sequence	hmm	20261001_8fb675cb	XP_022799266.1	_		traf6_binding_permissive	Motif		PTELLL	352	358	1	6					
sequence	hmm	20261001_8fb675cb	XP_022799266.1	_		traf2_binding_strict	Motif		PTETS	187	192	1	5					
sequence	hmm	20261001_8fb675cb	XP_022799266.1	_		traf2_binding_strict	Motif		PTETS	235	240	1	5					
sequence	hmm	20261001_8fb675cb	XP_022799266.1	_		traf2_binding_variant	Motif		PTETS	187	192	1	5					
sequence	hmm	20261001_8fb675cb	XP_022799266.1	_		traf2_binding_variant	Motif		PTETS	235	240	1	5					
sequence	hmm	20261001_8fb675cb	XP_022799266.1	_		traf2_binding_variant	Motif		PPQGG	394	399	1	5					
sequence	hmm	20261001_8fb675cb	XP_022799266.1	_		traf2_binding_permissive	Motif		PCNNLEE	133	140	1	7					
sequence	hmm	20261001_8fb675cb	XP_022799266.1	_		traf2_binding_permissive	Motif		PTETS	187	192	1	5					
sequence	hmm	20261001_8fb675cb	XP_022799266.1	_		traf2_binding_permissive	Motif		PSAEIT	216	222	1	6					
sequence	hmm	20261001_8fb675cb	XP_022799266.1	_		traf2_binding_permissive	Motif		PTETS	235	240	1	5					
sequence	hmm	20261001_8fb675cb	XP_022799266.1	_		traf2_binding_permissive	Motif		PVSNRKS	308	315	1	7					
sequence	hmm	20261001_8fb675cb	XP_022799266.1	_		traf2_binding_permissive	Motif		PPQGG	394	399	1	5					
sequence	hmm	20261001_8fb675cb	XP_022799267.1	_		traf6_binding_permissive	Motif		PTETSI	180	186	1	6					
sequence	hmm	20261001_8fb675cb	XP_022799267.1	_		traf6_binding_permissive	Motif		PTETSV	228	234	1	6					
sequence	hmm	20261001_8fb675cb	XP_022799267.1	_		traf6_binding_permissive	Motif		PTELLL	345	351	1	6					
sequence	hmm	20261001_8fb675cb	XP_022799267.1	_		traf2_binding_strict	Motif		PTETS	180	185	1	5					
sequence	hmm	20261001_8fb675cb	XP_022799267.1	_		traf2_binding_strict	Motif		PTETS	228	233	1	5					
sequence	hmm	20261001_8fb675cb	XP_022799267.1	_		traf2_binding_variant	Motif		PTETS	180	185	1	5					
sequence	hmm	20261001_8fb675cb	XP_022799267.1	_		traf2_binding_variant	Motif		PTETS	228	233	1	5					
sequence	hmm	20261001_8fb675cb	XP_022799267.1	_		traf2_binding_variant	Motif		PPQGG	387	392	1	5					
sequence	hmm	20261001_8fb675cb	XP_022799267.1	_		traf2_binding_permissive	Motif		PCNNLEE	126	133	1	7					
sequence	hmm	20261001_8fb675cb	XP_022799267.1	_		traf2_binding_permissive	Motif		PTETS	180	185	1	5					
sequence	hmm	20261001_8fb675cb	XP_022799267.1	_		traf2_binding_permissive	Motif		PSAEIT	209	215	1	6					
sequence	hmm	20261001_8fb675cb	XP_022799267.1	_		traf2_binding_permissive	Motif		PTETS	228	233	1	5					
sequence	hmm	20261001_8fb675cb	XP_022799267.1	_		traf2_binding_permissive	Motif		PVSNRKS	301	308	1	7					
sequence	hmm	20261001_8fb675cb	XP_022799267.1	_		traf2_binding_permissive	Motif		PPQGG	387	392	1	5					
sequence	hmm	20261001_8fb675cb	XP_022799268.1	_		traf6_binding_permissive	Motif		PTETSI	187	193	1	6					
sequence	hmm	20261001_8fb675cb	XP_022799268.1	_		traf6_binding_permissive	Motif		PTETSV	235	241	1	6					
sequence	hmm	20261001_8fb675cb	XP_022799268.1	_		traf2_binding_strict	Motif		PTETS	187	192	1	5					
sequence	hmm	20261001_8fb675cb	XP_022799268.1	_		traf2_binding_strict	Motif		PTETS	235	240	1	5					
sequence	hmm	20261001_8fb675cb	XP_022799268.1	_		traf2_binding_variant	Motif		PTETS	187	192	1	5					
sequence	hmm	20261001_8fb675cb	XP_022799268.1	_		traf2_binding_variant	Motif		PTETS	235	240	1	5					
sequence	hmm	20261001_8fb675cb	XP_022799268.1	_		traf2_binding_permissive	Motif		PCNNLEE	133	140	1	7					
sequence	hmm	20261001_8fb675cb	XP_022799268.1	_		traf2_binding_permissive	Motif		PTETS	187	192	1	5					
sequence	hmm	20261001_8fb675cb	XP_022799268.1	_		traf2_binding_permissive	Motif		PSAEIT	216	222	1	6					
sequence	hmm	20261001_8fb675cb	XP_022799268.1	_		traf2_binding_permissive	Motif		PTETS	235	240	1	5					
sequence	hmm	20261001_8fb675cb	XP_022799268.1	_		traf2_binding_permissive	Motif		PVSNRKS	308	315	1	7					
sequence	hmm	20261001_8fb675cb	XP_022799274.1	_		traf6_binding_permissive	Motif		PEENLI	202	208	1	6					
sequence	hmm	20261001_8fb675cb	XP_022799274.1	_		traf6_binding_permissive	Motif		PFEPSH	289	295	1	6					
sequence	hmm	20261001_8fb675cb	XP_022799274.1	_		traf6_binding_permissive	Motif		PVENLL	373	379	1	6					
sequence	hmm	20261001_8fb675cb	XP_022799274.1	_		traf2_binding_strict	Motif		PFEPS	289	294	1	5					
sequence	hmm	20261001_8fb675cb	XP_022799274.1	_		traf2_binding_variant	Motif		PFEPS	289	294	1	5					
sequence	hmm	20261001_8fb675cb	XP_022799274.1	_		traf2_binding_permissive	Motif		PFEPS	289	294	1	5					
sequence	hmm	20261001_8fb675cb	XP_022799274.1	_		traf2_binding_permissive	Motif		PSSEELS	310	317	1	7					
sequence	hmm	20261001_8fb675cb	XP_022799274.1	_		traf2_binding_permissive	Motif		PGKENGA	446	453	1	7					
sequence	hmm	20261001_8fb675cb	XP_022799275.1	_		traf6_binding_permissive	Motif		PEENLI	194	200	1	6					
sequence	hmm	20261001_8fb675cb	XP_022799275.1	_		traf6_binding_permissive	Motif		PFEPSH	281	287	1	6					
sequence	hmm	20261001_8fb675cb	XP_022799275.1	_		traf6_binding_permissive	Motif		PVENLL	365	371	1	6					
sequence	hmm	20261001_8fb675cb	XP_022799275.1	_		traf2_binding_strict	Motif		PFEPS	281	286	1	5					
sequence	hmm	20261001_8fb675cb	XP_022799275.1	_		traf2_binding_variant	Motif		PFEPS	281	286	1	5					
sequence	hmm	20261001_8fb675cb	XP_022799275.1	_		traf2_binding_permissive	Motif		PFEPS	281	286	1	5					
sequence	hmm	20261001_8fb675cb	XP_022799275.1	_		traf2_binding_permissive	Motif		PSSEELS	302	309	1	7					
sequence	hmm	20261001_8fb675cb	XP_022799275.1	_		traf2_binding_permissive	Motif		PGKENGA	438	445	1	7					
sequence	hmm	20261001_8fb675cb	XP_022799276.1	_		traf6_binding_permissive	Motif		PEENLI	190	196	1	6					
sequence	hmm	20261001_8fb675cb	XP_022799276.1	_		traf6_binding_permissive	Motif		PFEPSH	277	283	1	6					
sequence	hmm	20261001_8fb675cb	XP_022799276.1	_		traf6_binding_permissive	Motif		PVENLL	361	367	1	6					
sequence	hmm	20261001_8fb675cb	XP_022799276.1	_		traf2_binding_strict	Motif		PFEPS	277	282	1	5					
sequence	hmm	20261001_8fb675cb	XP_022799276.1	_		traf2_binding_variant	Motif		PFEPS	277	282	1	5					
sequence	hmm	20261001_8fb675cb	XP_022799276.1	_		traf2_binding_permissive	Motif		PFEPS	277	282	1	5					
sequence	hmm	20261001_8fb675cb	XP_022799276.1	_		traf2_binding_permissive	Motif		PSSEELS	298	305	1	7					
sequence	hmm	20261001_8fb675cb	XP_022799276.1	_		traf2_binding_permissive	Motif		PGKENGA	434	441	1	7					
sequence	hmm	20261001_8fb675cb	XP_022799279.1	_		traf6_binding_permissive	Motif		PREGNL	190	196	1	6					
sequence	hmm	20261001_8fb675cb	XP_022799279.1	_		traf6_binding_permissive	Motif		PGEVDL	282	288	1	6					
sequence	hmm	20261001_8fb675cb	XP_022799279.1	_		traf6_binding_permissive	Motif		PMENLL	355	361	1	6					
sequence	hmm	20261001_8fb675cb	XP_022799279.1	_		traf2_binding_variant	Motif		PGEVD	282	287	1	5					
sequence	hmm	20261001_8fb675cb	XP_022799279.1	_		traf2_binding_permissive	Motif		PTKEEGG	167	174	1	7					
sequence	hmm	20261001_8fb675cb	XP_022799279.1	_		traf2_binding_permissive	Motif		PTDELET	274	281	1	7					
sequence	hmm	20261001_8fb675cb	XP_022799279.1	_		traf2_binding_permissive	Motif		PGEVD	282	287	1	5					
sequence	hmm	20261001_8fb675cb	XP_022799279.1	_		traf2_binding_permissive	Motif		PVQNVT	407	413	1	6					
sequence	hmm	20261001_8fb675cb	XP_022799279.1	_		traf2_binding_permissive	Motif		PGEENG	425	431	1	6					
sequence	hmm	20261001_8fb675cb	XP_022799281.1	_		traf6_binding_permissive	Motif		PREGNL	190	196	1	6					
sequence	hmm	20261001_8fb675cb	XP_022799281.1	_		traf6_binding_permissive	Motif		PGEVDL	282	288	1	6					
sequence	hmm	20261001_8fb675cb	XP_022799281.1	_		traf6_binding_permissive	Motif		PMENLL	348	354	1	6					
sequence	hmm	20261001_8fb675cb	XP_022799281.1	_		traf2_binding_variant	Motif		PGEVD	282	287	1	5					
sequence	hmm	20261001_8fb675cb	XP_022799281.1	_		traf2_binding_permissive	Motif		PTKEEGG	167	174	1	7					
sequence	hmm	20261001_8fb675cb	XP_022799281.1	_		traf2_binding_permissive	Motif		PTDELET	274	281	1	7					
sequence	hmm	20261001_8fb675cb	XP_022799281.1	_		traf2_binding_permissive	Motif		PGEVD	282	287	1	5					
sequence	hmm	20261001_8fb675cb	XP_022799281.1	_		traf2_binding_permissive	Motif		PVQNVT	400	406	1	6					
sequence	hmm	20261001_8fb675cb	XP_022799281.1	_		traf2_binding_permissive	Motif		PGEENG	418	424	1	6					
sequence	hmm	20261001_8fb675cb	XP_022799282.1	_		traf2_binding_variant	Motif		PPECD	108	113	1	5					
sequence	hmm	20261001_8fb675cb	XP_022799282.1	_		traf2_binding_permissive	Motif		PCIEGYD	67	74	1	7					
sequence	hmm	20261001_8fb675cb	XP_022799282.1	_		traf2_binding_permissive	Motif		PPECDG	108	114	1	6					
sequence	hmm	20261001_8fb675cb	XP_022799282.1	_		traf2_binding_permissive	Motif		PCRNDEE	133	140	1	7					
sequence	hmm	20261001_8fb675cb	XP_022799282.1	_		traf2_binding_permissive	Motif		PTAEGSS	211	218	1	7					
sequence	hmm	20261001_8fb675cb	XP_022799282.1	_		traf2_binding_permissive	Motif		PAVENDT	395	402	1	7					
sequence	hmm	20261001_8fb675cb	XP_022799283.1	_		traf2_binding_variant	Motif		PPECD	102	107	1	5					
sequence	hmm	20261001_8fb675cb	XP_022799283.1	_		traf2_binding_permissive	Motif		PCIEGYD	61	68	1	7					
sequence	hmm	20261001_8fb675cb	XP_022799283.1	_		traf2_binding_permissive	Motif		PPECDG	102	108	1	6					
sequence	hmm	20261001_8fb675cb	XP_022799283.1	_		traf2_binding_permissive	Motif		PCRNDEE	127	134	1	7					
sequence	hmm	20261001_8fb675cb	XP_022799283.1	_		traf2_binding_permissive	Motif		PTAEGSS	205	212	1	7					
sequence	hmm	20261001_8fb675cb	XP_022799283.1	_		traf2_binding_permissive	Motif		PAVENDT	389	396	1	7					
sequence	hmm	20261001_8fb675cb	XP_022799285.1	_		traf2_binding_variant	Motif		PPECD	99	104	1	5					
sequence	hmm	20261001_8fb675cb	XP_022799285.1	_		traf2_binding_permissive	Motif		PCIEGYD	58	65	1	7					
sequence	hmm	20261001_8fb675cb	XP_022799285.1	_		traf2_binding_permissive	Motif		PPECDG	99	105	1	6					
sequence	hmm	20261001_8fb675cb	XP_022799285.1	_		traf2_binding_permissive	Motif		PCRNDEE	124	131	1	7					
sequence	hmm	20261001_8fb675cb	XP_022799285.1	_		traf2_binding_permissive	Motif		PTAEGSS	202	209	1	7					
sequence	hmm	20261001_8fb675cb	XP_022799285.1	_		traf2_binding_permissive	Motif		PAVENDT	386	393	1	7					
sequence	hmm	20261001_8fb675cb	XP_022799462.1	_		traf6_binding_strict	Motif		PIEGND	220	226	1	6					
sequence	hmm	20261001_8fb675cb	XP_022799462.1	_		traf6_binding_permissive	Motif		PIEGND	220	226	1	6					
sequence	hmm	20261001_8fb675cb	XP_022799462.1	_		traf6_binding_permissive	Motif		PLELLI	318	324	1	6					
sequence	hmm	20261001_8fb675cb	XP_022799462.1	_		traf2_binding_strict	Motif		PKQHS	247	252	1	5					
sequence	hmm	20261001_8fb675cb	XP_022799462.1	_		traf2_binding_variant	Motif		PKQHS	247	252	1	5					
sequence	hmm	20261001_8fb675cb	XP_022799462.1	_		traf2_binding_permissive	Motif		PILESND	209	216	1	7					
sequence	hmm	20261001_8fb675cb	XP_022799462.1	_		traf2_binding_permissive	Motif		PIEGND	220	226	1	6					
sequence	hmm	20261001_8fb675cb	XP_022799462.1	_		traf2_binding_permissive	Motif		PKQHS	247	252	1	5					
sequence	hmm	20261001_8fb675cb	XP_022799462.1	_		traf2_binding_permissive	Motif		PKNNHIS	364	371	1	7					
sequence	hmm	20261001_8fb675cb	XP_022799465.1	_		traf6_binding_permissive	Motif		PCQLGK	103	109	1	6					
sequence	hmm	20261001_8fb675cb	XP_022799465.1	_		traf6_binding_permissive	Motif		PRQNAE	361	367	1	6					
sequence	hmm	20261001_8fb675cb	XP_022799465.1	_		traf6_binding_permissive	Motif		PLESLL	375	381	1	6					
sequence	hmm	20261001_8fb675cb	XP_022799465.1	_		traf2_binding_variant	Motif		PCQLG	103	108	1	5					
sequence	hmm	20261001_8fb675cb	XP_022799465.1	_		traf2_binding_variant	Motif		PRQNA	361	366	1	5					
sequence	hmm	20261001_8fb675cb	XP_022799465.1	_		traf2_binding_permissive	Motif		PPGQTVS	78	85	1	7					
sequence	hmm	20261001_8fb675cb	XP_022799465.1	_		traf2_binding_permissive	Motif		PFNTMG	94	100	1	6					
sequence	hmm	20261001_8fb675cb	XP_022799465.1	_		traf2_binding_permissive	Motif		PCQLG	103	108	1	5					
sequence	hmm	20261001_8fb675cb	XP_022799465.1	_		traf2_binding_permissive	Motif		PLIENNG	348	355	1	7					
sequence	hmm	20261001_8fb675cb	XP_022799465.1	_		traf2_binding_permissive	Motif		PRQNAE	361	367	1	6					
sequence	hmm	20261001_8fb675cb	XP_022799468.1	_		traf6_binding_permissive	Motif		PCELGK	75	81	1	6					
sequence	hmm	20261001_8fb675cb	XP_022799468.1	_		traf6_binding_permissive	Motif		PVQVRI	461	467	1	6					
sequence	hmm	20261001_8fb675cb	XP_022799468.1	_		traf6_binding_permissive	Motif		PKEAIK	713	719	1	6					
sequence	hmm	20261001_8fb675cb	XP_022799468.1	_		traf2_binding_strict	Motif		PQEKS	327	332	1	5					
sequence	hmm	20261001_8fb675cb	XP_022799468.1	_		traf2_binding_variant	Motif		PCELG	75	80	1	5					
sequence	hmm	20261001_8fb675cb	XP_022799468.1	_		traf2_binding_variant	Motif		PCNLT	256	261	1	5					
sequence	hmm	20261001_8fb675cb	XP_022799468.1	_		traf2_binding_variant	Motif		PQEKS	327	332	1	5					
sequence	hmm	20261001_8fb675cb	XP_022799468.1	_		traf2_binding_permissive	Motif		PCELG	75	80	1	5					
sequence	hmm	20261001_8fb675cb	XP_022799468.1	_		traf2_binding_permissive	Motif		PFYQQCD	159	166	1	7					
sequence	hmm	20261001_8fb675cb	XP_022799468.1	_		traf2_binding_permissive	Motif		PCNLT	256	261	1	5					
sequence	hmm	20261001_8fb675cb	XP_022799468.1	_		traf2_binding_permissive	Motif		PQEKSS	327	333	1	6					
sequence	hmm	20261001_8fb675cb	XP_022799469.1	_		traf6_binding_permissive	Motif		PCELGK	75	81	1	6					
sequence	hmm	20261001_8fb675cb	XP_022799469.1	_		traf6_binding_permissive	Motif		PVQVRI	461	467	1	6					
sequence	hmm	20261001_8fb675cb	XP_022799469.1	_		traf6_binding_permissive	Motif		PKEAIK	713	719	1	6					
sequence	hmm	20261001_8fb675cb	XP_022799469.1	_		traf2_binding_strict	Motif		PQEKS	327	332	1	5					
sequence	hmm	20261001_8fb675cb	XP_022799469.1	_		traf2_binding_variant	Motif		PCELG	75	80	1	5					
sequence	hmm	20261001_8fb675cb	XP_022799469.1	_		traf2_binding_variant	Motif		PCNLT	256	261	1	5					
sequence	hmm	20261001_8fb675cb	XP_022799469.1	_		traf2_binding_variant	Motif		PQEKS	327	332	1	5					
sequence	hmm	20261001_8fb675cb	XP_022799469.1	_		traf2_binding_permissive	Motif		PCELG	75	80	1	5					
sequence	hmm	20261001_8fb675cb	XP_022799469.1	_		traf2_binding_permissive	Motif		PFYQQCD	159	166	1	7					
sequence	hmm	20261001_8fb675cb	XP_022799469.1	_		traf2_binding_permissive	Motif		PCNLT	256	261	1	5					
sequence	hmm	20261001_8fb675cb	XP_022799469.1	_		traf2_binding_permissive	Motif		PQEKSS	327	333	1	6					
sequence	hmm	20261001_8fb675cb	XP_022799470.1	_		traf6_binding_permissive	Motif		PCELGK	75	81	1	6					
sequence	hmm	20261001_8fb675cb	XP_022799470.1	_		traf6_binding_permissive	Motif		PVQVRI	461	467	1	6					
sequence	hmm	20261001_8fb675cb	XP_022799470.1	_		traf6_binding_permissive	Motif		PKEAIK	713	719	1	6					
sequence	hmm	20261001_8fb675cb	XP_022799470.1	_		traf2_binding_strict	Motif		PQEKS	327	332	1	5					
sequence	hmm	20261001_8fb675cb	XP_022799470.1	_		traf2_binding_variant	Motif		PCELG	75	80	1	5					
sequence	hmm	20261001_8fb675cb	XP_022799470.1	_		traf2_binding_variant	Motif		PCNLT	256	261	1	5					
sequence	hmm	20261001_8fb675cb	XP_022799470.1	_		traf2_binding_variant	Motif		PQEKS	327	332	1	5					
sequence	hmm	20261001_8fb675cb	XP_022799470.1	_		traf2_binding_permissive	Motif		PCELG	75	80	1	5					
sequence	hmm	20261001_8fb675cb	XP_022799470.1	_		traf2_binding_permissive	Motif		PFYQQCD	159	166	1	7					
sequence	hmm	20261001_8fb675cb	XP_022799470.1	_		traf2_binding_permissive	Motif		PCNLT	256	261	1	5					
sequence	hmm	20261001_8fb675cb	XP_022799470.1	_		traf2_binding_permissive	Motif		PQEKSS	327	333	1	6					
sequence	hmm	20261001_8fb675cb	XP_022799471.1	_		traf6_binding_permissive	Motif		PVEGWI	596	602	1	6					
sequence	hmm	20261001_8fb675cb	XP_022799471.1	_		traf2_binding_variant	Motif		PCNLT	250	255	1	5					
sequence	hmm	20261001_8fb675cb	XP_022799471.1	_		traf2_binding_variant	Motif		PVEEA	371	376	1	5					
sequence	hmm	20261001_8fb675cb	XP_022799471.1	_		traf2_binding_variant	Motif		PQNES	376	381	1	5					
sequence	hmm	20261001_8fb675cb	XP_022799471.1	_		traf2_binding_permissive	Motif		PNCNKT	137	143	1	6					
sequence	hmm	20261001_8fb675cb	XP_022799471.1	_		traf2_binding_permissive	Motif		PCGNGT	202	208	1	6					
sequence	hmm	20261001_8fb675cb	XP_022799471.1	_		traf2_binding_permissive	Motif		PCNLT	250	255	1	5					
sequence	hmm	20261001_8fb675cb	XP_022799471.1	_		traf2_binding_permissive	Motif		PECQNMA	290	297	1	7					
sequence	hmm	20261001_8fb675cb	XP_022799471.1	_		traf2_binding_permissive	Motif		PVEEA	371	376	1	5					
sequence	hmm	20261001_8fb675cb	XP_022799471.1	_		traf2_binding_permissive	Motif		PQNESIT	376	383	1	7					
sequence	hmm	20261001_8fb675cb	XP_022799473.1	_		traf6_binding_permissive	Motif		PVEGWI	581	587	1	6					
sequence	hmm	20261001_8fb675cb	XP_022799473.1	_		traf2_binding_variant	Motif		PCNLT	235	240	1	5					
sequence	hmm	20261001_8fb675cb	XP_022799473.1	_		traf2_binding_variant	Motif		PVEEA	356	361	1	5					
sequence	hmm	20261001_8fb675cb	XP_022799473.1	_		traf2_binding_variant	Motif		PQNES	361	366	1	5					
sequence	hmm	20261001_8fb675cb	XP_022799473.1	_		traf2_binding_permissive	Motif		PNCNKT	122	128	1	6					
sequence	hmm	20261001_8fb675cb	XP_022799473.1	_		traf2_binding_permissive	Motif		PCGNGT	187	193	1	6					
sequence	hmm	20261001_8fb675cb	XP_022799473.1	_		traf2_binding_permissive	Motif		PCNLT	235	240	1	5					
sequence	hmm	20261001_8fb675cb	XP_022799473.1	_		traf2_binding_permissive	Motif		PECQNMA	275	282	1	7					
sequence	hmm	20261001_8fb675cb	XP_022799473.1	_		traf2_binding_permissive	Motif		PVEEA	356	361	1	5					
sequence	hmm	20261001_8fb675cb	XP_022799473.1	_		traf2_binding_permissive	Motif		PQNESIT	361	368	1	7					
sequence	hmm	20261001_8fb675cb	XP_022799485.1	_		traf6_binding_permissive	Motif		PEQVIW	54	60	1	6					
sequence	hmm	20261001_8fb675cb	XP_022799485.1	_		traf6_binding_permissive	Motif		PCQLGK	100	106	1	6					
sequence	hmm	20261001_8fb675cb	XP_022799485.1	_		traf2_binding_variant	Motif		PCQLG	100	105	1	5					
sequence	hmm	20261001_8fb675cb	XP_022799485.1	_		traf2_binding_permissive	Motif		PGSEPS	78	84	1	6					
sequence	hmm	20261001_8fb675cb	XP_022799485.1	_		traf2_binding_permissive	Motif		PCQLG	100	105	1	5					
sequence	hmm	20261001_8fb675cb	XP_022799485.1	_		traf2_binding_permissive	Motif		PSGELES	281	288	1	7					
sequence	hmm	20261001_8fb675cb	XP_022799485.1	_		traf2_binding_permissive	Motif		PASQSNG	306	313	1	7					
sequence	hmm	20261001_8fb675cb	XP_022799485.1	_		traf2_binding_permissive	Motif		PLHNCGE	331	338	1	7					
sequence	hmm	20261001_8fb675cb	XP_022799485.1	_		traf2_binding_permissive	Motif		PKSQDSA	347	354	1	7					
sequence	hmm	20261001_8fb675cb	XP_022799487.1	_		traf6_binding_permissive	Motif		PEQVIW	53	59	1	6					
sequence	hmm	20261001_8fb675cb	XP_022799487.1	_		traf6_binding_permissive	Motif		PCQPGK	99	105	1	6					
sequence	hmm	20261001_8fb675cb	XP_022799487.1	_		traf6_binding_permissive	Motif		PDELTL	366	372	1	6					
sequence	hmm	20261001_8fb675cb	XP_022799487.1	_		traf2_binding_strict	Motif		PDELT	366	371	1	5					
sequence	hmm	20261001_8fb675cb	XP_022799487.1	_		traf2_binding_variant	Motif		PCQPG	99	104	1	5					
sequence	hmm	20261001_8fb675cb	XP_022799487.1	_		traf2_binding_variant	Motif		PDELT	366	371	1	5					
sequence	hmm	20261001_8fb675cb	XP_022799487.1	_		traf2_binding_permissive	Motif		PGSEPS	77	83	1	6					
sequence	hmm	20261001_8fb675cb	XP_022799487.1	_		traf2_binding_permissive	Motif		PCQPG	99	104	1	5					
sequence	hmm	20261001_8fb675cb	XP_022799487.1	_		traf2_binding_permissive	Motif		PCSECCG	157	164	1	7					
sequence	hmm	20261001_8fb675cb	XP_022799487.1	_		traf2_binding_permissive	Motif		PDSQSNG	300	307	1	7					
sequence	hmm	20261001_8fb675cb	XP_022799487.1	_		traf2_binding_permissive	Motif		PLPQSQD	339	346	1	7					
sequence	hmm	20261001_8fb675cb	XP_022799487.1	_		traf2_binding_permissive	Motif		PDELT	366	371	1	5					
sequence	hmm	20261001_8fb675cb	XP_022799502.1	_		traf6_binding_permissive	Motif		PEQILL	48	54	1	6					
sequence	hmm	20261001_8fb675cb	XP_022799502.1	_		traf6_binding_permissive	Motif		PCQLGK	93	99	1	6					
sequence	hmm	20261001_8fb675cb	XP_022799502.1	_		traf6_binding_permissive	Motif		PTQADD	234	240	1	6					
sequence	hmm	20261001_8fb675cb	XP_022799502.1	_		traf6_binding_permissive	Motif		PVQAEY	497	503	1	6					
sequence	hmm	20261001_8fb675cb	XP_022799502.1	_		traf2_binding_strict	Motif		PTQLS	476	481	1	5					
sequence	hmm	20261001_8fb675cb	XP_022799502.1	_		traf2_binding_variant	Motif		PCQLG	93	98	1	5					
sequence	hmm	20261001_8fb675cb	XP_022799502.1	_		traf2_binding_variant	Motif		PTQAD	234	239	1	5					
sequence	hmm	20261001_8fb675cb	XP_022799502.1	_		traf2_binding_variant	Motif		PVNPS	417	422	1	5					
sequence	hmm	20261001_8fb675cb	XP_022799502.1	_		traf2_binding_variant	Motif		PSEAA	435	440	1	5					
sequence	hmm	20261001_8fb675cb	XP_022799502.1	_		traf2_binding_variant	Motif		PTQLS	476	481	1	5					
sequence	hmm	20261001_8fb675cb	XP_022799502.1	_		traf2_binding_variant	Motif		PVQAE	497	502	1	5					
sequence	hmm	20261001_8fb675cb	XP_022799502.1	_		traf2_binding_permissive	Motif		PGSQPS	71	77	1	6					
sequence	hmm	20261001_8fb675cb	XP_022799502.1	_		traf2_binding_permissive	Motif		PCQLG	93	98	1	5					
sequence	hmm	20261001_8fb675cb	XP_022799502.1	_		traf2_binding_permissive	Motif		PTTEHKE	213	220	1	7					
sequence	hmm	20261001_8fb675cb	XP_022799502.1	_		traf2_binding_permissive	Motif		PFDELKS	224	231	1	7					
sequence	hmm	20261001_8fb675cb	XP_022799502.1	_		traf2_binding_permissive	Motif		PTQADD	234	240	1	6					
sequence	hmm	20261001_8fb675cb	XP_022799502.1	_		traf2_binding_permissive	Motif		PHQQNGS	339	346	1	7					
sequence	hmm	20261001_8fb675cb	XP_022799502.1	_		traf2_binding_permissive	Motif		PPVNPS	416	422	1	6					
sequence	hmm	20261001_8fb675cb	XP_022799502.1	_		traf2_binding_permissive	Motif		PSEAAS	435	441	1	6					
sequence	hmm	20261001_8fb675cb	XP_022799502.1	_		traf2_binding_permissive	Motif		PTQLSS	476	482	1	6					
sequence	hmm	20261001_8fb675cb	XP_022799502.1	_		traf2_binding_permissive	Motif		PVQAE	497	502	1	5					
sequence	hmm	20261001_8fb675cb	XP_022799503.1	_		traf6_binding_permissive	Motif		PEQILL	48	54	1	6					
sequence	hmm	20261001_8fb675cb	XP_022799503.1	_		traf6_binding_permissive	Motif		PCQLGK	93	99	1	6					
sequence	hmm	20261001_8fb675cb	XP_022799503.1	_		traf6_binding_permissive	Motif		PTQADD	234	240	1	6					
sequence	hmm	20261001_8fb675cb	XP_022799503.1	_		traf6_binding_permissive	Motif		PVQAEY	497	503	1	6					
sequence	hmm	20261001_8fb675cb	XP_022799503.1	_		traf2_binding_strict	Motif		PTQLS	476	481	1	5					
sequence	hmm	20261001_8fb675cb	XP_022799503.1	_		traf2_binding_variant	Motif		PCQLG	93	98	1	5					
sequence	hmm	20261001_8fb675cb	XP_022799503.1	_		traf2_binding_variant	Motif		PTQAD	234	239	1	5					
sequence	hmm	20261001_8fb675cb	XP_022799503.1	_		traf2_binding_variant	Motif		PVNPS	417	422	1	5					
sequence	hmm	20261001_8fb675cb	XP_022799503.1	_		traf2_binding_variant	Motif		PSEAA	435	440	1	5					
sequence	hmm	20261001_8fb675cb	XP_022799503.1	_		traf2_binding_variant	Motif		PTQLS	476	481	1	5					
sequence	hmm	20261001_8fb675cb	XP_022799503.1	_		traf2_binding_variant	Motif		PVQAE	497	502	1	5					
sequence	hmm	20261001_8fb675cb	XP_022799503.1	_		traf2_binding_permissive	Motif		PGSQPS	71	77	1	6					
sequence	hmm	20261001_8fb675cb	XP_022799503.1	_		traf2_binding_permissive	Motif		PCQLG	93	98	1	5					
sequence	hmm	20261001_8fb675cb	XP_022799503.1	_		traf2_binding_permissive	Motif		PTTEHKE	213	220	1	7					
sequence	hmm	20261001_8fb675cb	XP_022799503.1	_		traf2_binding_permissive	Motif		PFDELKS	224	231	1	7					
sequence	hmm	20261001_8fb675cb	XP_022799503.1	_		traf2_binding_permissive	Motif		PTQADD	234	240	1	6					
sequence	hmm	20261001_8fb675cb	XP_022799503.1	_		traf2_binding_permissive	Motif		PHQQNGS	339	346	1	7					
sequence	hmm	20261001_8fb675cb	XP_022799503.1	_		traf2_binding_permissive	Motif		PPVNPS	416	422	1	6					
sequence	hmm	20261001_8fb675cb	XP_022799503.1	_		traf2_binding_permissive	Motif		PSEAAS	435	441	1	6					
sequence	hmm	20261001_8fb675cb	XP_022799503.1	_		traf2_binding_permissive	Motif		PTQLSS	476	482	1	6					
sequence	hmm	20261001_8fb675cb	XP_022799503.1	_		traf2_binding_permissive	Motif		PVQAE	497	502	1	5					
sequence	hmm	20261001_8fb675cb	XP_022799512.1	_		traf6_binding_permissive	Motif		PWQFAK	19	25	1	6					
sequence	hmm	20261001_8fb675cb	XP_022799512.1	_		traf2_binding_strict	Motif		PGQKS	470	475	1	5					
sequence	hmm	20261001_8fb675cb	XP_022799512.1	_		traf2_binding_variant	Motif		PWQFA	19	24	1	5					
sequence	hmm	20261001_8fb675cb	XP_022799512.1	_		traf2_binding_variant	Motif		PTNSS	215	220	1	5					
sequence	hmm	20261001_8fb675cb	XP_022799512.1	_		traf2_binding_variant	Motif		PENLD	333	338	1	5					
sequence	hmm	20261001_8fb675cb	XP_022799512.1	_		traf2_binding_variant	Motif		PGQKS	470	475	1	5					
sequence	hmm	20261001_8fb675cb	XP_022799512.1	_		traf2_binding_permissive	Motif		PWQFA	19	24	1	5					
sequence	hmm	20261001_8fb675cb	XP_022799512.1	_		traf2_binding_permissive	Motif		PPGQGLS	84	91	1	7					
sequence	hmm	20261001_8fb675cb	XP_022799512.1	_		traf2_binding_permissive	Motif		PTNSS	215	220	1	5					
sequence	hmm	20261001_8fb675cb	XP_022799512.1	_		traf2_binding_permissive	Motif		PENLDD	333	339	1	6					
sequence	hmm	20261001_8fb675cb	XP_022799512.1	_		traf2_binding_permissive	Motif		PGQKS	470	475	1	5					
sequence	hmm	20261001_8fb675cb	XP_022799512.1	_		traf2_binding_permissive	Motif		PCTQGT	506	512	1	6					
sequence	hmm	20261001_8fb675cb	XP_022799512.1	_		traf2_binding_permissive	Motif		PSRQLLE	834	841	1	7					
sequence	hmm	20261001_8fb675cb	XP_022799517.1	_		traf6_binding_strict	Motif		PKETAE	307	313	1	6					
sequence	hmm	20261001_8fb675cb	XP_022799517.1	_		traf6_binding_permissive	Motif		PRQFAK	20	26	1	6					
sequence	hmm	20261001_8fb675cb	XP_022799517.1	_		traf6_binding_permissive	Motif		PNQPCK	56	62	1	6					
sequence	hmm	20261001_8fb675cb	XP_022799517.1	_		traf6_binding_permissive	Motif		PTQHWV	62	68	1	6					
sequence	hmm	20261001_8fb675cb	XP_022799517.1	_		traf6_binding_permissive	Motif		PEQDIK	142	148	1	6					
sequence	hmm	20261001_8fb675cb	XP_022799517.1	_		traf6_binding_permissive	Motif		PKETAE	307	313	1	6					
sequence	hmm	20261001_8fb675cb	XP_022799517.1	_		traf2_binding_variant	Motif		PRQFA	20	25	1	5					
sequence	hmm	20261001_8fb675cb	XP_022799517.1	_		traf2_binding_variant	Motif		PKETA	307	312	1	5					
sequence	hmm	20261001_8fb675cb	XP_022799517.1	_		traf2_binding_permissive	Motif		PRQFA	20	25	1	5					
sequence	hmm	20261001_8fb675cb	XP_022799517.1	_		traf2_binding_permissive	Motif		PEGQGLS	83	90	1	7					
sequence	hmm	20261001_8fb675cb	XP_022799517.1	_		traf2_binding_permissive	Motif		PSTQKSD	235	242	1	7					
sequence	hmm	20261001_8fb675cb	XP_022799517.1	_		traf2_binding_permissive	Motif		PKETAE	307	313	1	6					
sequence	hmm	20261001_8fb675cb	XP_022799518.1	_		traf6_binding_permissive	Motif		PSEKVL	2	8	1	6					
sequence	hmm	20261001_8fb675cb	XP_022799518.1	_		traf6_binding_permissive	Motif		PNQHWV	64	70	1	6					
sequence	hmm	20261001_8fb675cb	XP_022799518.1	_		traf2_binding_permissive	Motif		PKSNDLS	24	31	1	7					
sequence	hmm	20261001_8fb675cb	XP_022799518.1	_		traf2_binding_permissive	Motif		PEGQGLS	85	92	1	7					
sequence	hmm	20261001_8fb675cb	XP_022799519.1	_		traf2_binding_strict	Motif		PTQLS	192	197	1	5					
sequence	hmm	20261001_8fb675cb	XP_022799519.1	_		traf2_binding_variant	Motif		PTQAA	181	186	1	5					
sequence	hmm	20261001_8fb675cb	XP_022799519.1	_		traf2_binding_variant	Motif		PTQLS	192	197	1	5					
sequence	hmm	20261001_8fb675cb	XP_022799519.1	_		traf2_binding_permissive	Motif		PTQAAT	181	187	1	6					
sequence	hmm	20261001_8fb675cb	XP_022799519.1	_		traf2_binding_permissive	Motif		PTQLSS	192	198	1	6					
sequence	hmm	20261001_8fb675cb	XP_022799519.1	_		traf2_binding_permissive	Motif		PTKEKE	206	212	1	6					
sequence	hmm	20261001_8fb675cb	XP_022799519.1	_		traf2_binding_permissive	Motif		PKKESG	243	249	1	6					
sequence	hmm	20261001_8fb675cb	XP_022799519.1	_		traf2_binding_permissive	Motif		PLDELE	298	304	1	6					
sequence	hmm	20261001_8fb675cb	XP_022799520.1	_		traf2_binding_strict	Motif		PTQLS	168	173	1	5					
sequence	hmm	20261001_8fb675cb	XP_022799520.1	_		traf2_binding_variant	Motif		PTQAA	157	162	1	5					
sequence	hmm	20261001_8fb675cb	XP_022799520.1	_		traf2_binding_variant	Motif		PTQLS	168	173	1	5					
sequence	hmm	20261001_8fb675cb	XP_022799520.1	_		traf2_binding_permissive	Motif		PTQAAT	157	163	1	6					
sequence	hmm	20261001_8fb675cb	XP_022799520.1	_		traf2_binding_permissive	Motif		PTQLSS	168	174	1	6					
sequence	hmm	20261001_8fb675cb	XP_022799520.1	_		traf2_binding_permissive	Motif		PTKEKE	182	188	1	6					
sequence	hmm	20261001_8fb675cb	XP_022799520.1	_		traf2_binding_permissive	Motif		PKKESG	219	225	1	6					
sequence	hmm	20261001_8fb675cb	XP_022799520.1	_		traf2_binding_permissive	Motif		PLDELE	274	280	1	6					
sequence	hmm	20261001_8fb675cb	XP_022804750.1	_		traf6_binding_strict	Motif		PPEMEE	259	265	1	6					
sequence	hmm	20261001_8fb675cb	XP_022804750.1	_		traf6_binding_permissive	Motif		PPEMEE	259	265	1	6					
sequence	hmm	20261001_8fb675cb	XP_022804750.1	_		traf2_binding_strict	Motif		PSEAT	372	377	1	5					
sequence	hmm	20261001_8fb675cb	XP_022804750.1	_		traf2_binding_variant	Motif		PSQTA	80	85	1	5					
sequence	hmm	20261001_8fb675cb	XP_022804750.1	_		traf2_binding_variant	Motif		PTNAG	202	207	1	5					
sequence	hmm	20261001_8fb675cb	XP_022804750.1	_		traf2_binding_variant	Motif		PPEME	259	264	1	5					
sequence	hmm	20261001_8fb675cb	XP_022804750.1	_		traf2_binding_variant	Motif		PVNVS	332	337	1	5					
sequence	hmm	20261001_8fb675cb	XP_022804750.1	_		traf2_binding_variant	Motif		PSEAT	372	377	1	5					
sequence	hmm	20261001_8fb675cb	XP_022804750.1	_		traf2_binding_permissive	Motif		PPSQTA	79	85	1	6					
sequence	hmm	20261001_8fb675cb	XP_022804750.1	_		traf2_binding_permissive	Motif		PCTNIS	126	132	1	6					
sequence	hmm	20261001_8fb675cb	XP_022804750.1	_		traf2_binding_permissive	Motif		PCREGT	137	143	1	6					
sequence	hmm	20261001_8fb675cb	XP_022804750.1	_		traf2_binding_permissive	Motif		PTNAGS	202	208	1	6					
sequence	hmm	20261001_8fb675cb	XP_022804750.1	_		traf2_binding_permissive	Motif		PVEKVT	211	217	1	6					
sequence	hmm	20261001_8fb675cb	XP_022804750.1	_		traf2_binding_permissive	Motif		PERNQAD	251	258	1	7					
sequence	hmm	20261001_8fb675cb	XP_022804750.1	_		traf2_binding_permissive	Motif		PPEMEE	259	265	1	6					
sequence	hmm	20261001_8fb675cb	XP_022804750.1	_		traf2_binding_permissive	Motif		PVNVS	332	337	1	5					
sequence	hmm	20261001_8fb675cb	XP_022804750.1	_		traf2_binding_permissive	Motif		PSEAT	372	377	1	5					
sequence	hmm	20261001_8fb675cb	XP_022805317.1	_		traf6_binding_permissive	Motif		PCQQNK	68	74	1	6					
sequence	hmm	20261001_8fb675cb	XP_022805317.1	_		traf6_binding_permissive	Motif		PSQNRK	101	107	1	6					
sequence	hmm	20261001_8fb675cb	XP_022805317.1	_		traf2_binding_permissive	Motif		PGAEME	32	38	1	6					
sequence	hmm	20261001_8fb675cb	XP_022805317.1	_		traf2_binding_permissive	Motif		PCQQNKT	68	75	1	7					
sequence	hmm	20261001_8fb675cb	NW_020847478.1_K02583_ee5f623a	_		traf2_binding_variant	Motif		PMNST	297	302	1	5					
sequence	hmm	20261001_8fb675cb	NW_020847478.1_K02583_ee5f623a	_		traf2_binding_permissive	Motif		PCSECCG	92	99	1	7					
sequence	hmm	20261001_8fb675cb	NW_020847478.1_K02583_ee5f623a	_		traf2_binding_permissive	Motif		PSGEQES	213	220	1	7					
sequence	hmm	20261001_8fb675cb	NW_020847478.1_K02583_ee5f623a	_		traf2_binding_permissive	Motif		PKINAAS	227	234	1	7					
sequence	hmm	20261001_8fb675cb	NW_020847478.1_K02583_ee5f623a	_		traf2_binding_permissive	Motif		PMNST	297	302	1	5					
sequence	hmm	20261001_8fb675cb	NW_020847583.1_K02583_ae994023	_		traf2_binding_variant	Motif		PSQTA	64	69	1	5					
sequence	hmm	20261001_8fb675cb	NW_020847583.1_K02583_ae994023	_		traf2_binding_permissive	Motif		PPSQTAT	63	70	1	7					
sequence	hmm	20261001_8fb675cb	NW_020847583.1_K02583_ae994023	_		traf2_binding_permissive	Motif		PIHNRE	74	80	1	6					
sequence	hmm	20261001_8fb675cb	NW_020847583.1_K02583_ae994023	_		traf2_binding_permissive	Motif		PCTNIS	110	116	1	6					
sequence	hmm	20261001_8fb675cb	NW_020847583.1_K02583_ae994023	_		traf2_binding_permissive	Motif		PCREGT	121	127	1	6					
sequence	hmm	20261001_8fb675cb	NW_020847583.1_K02583_ae994023	_		traf2_binding_permissive	Motif		PVEKVT	183	189	1	6					
sequence	hmm	20261001_8fb675cb	XP_027040270.1	_		traf6_binding_permissive	Motif		PEQGIK	228	234	1	6					
sequence	hmm	20261001_8fb675cb	XP_027040270.1	_		traf6_binding_permissive	Motif		PTQSGK	259	265	1	6					
sequence	hmm	20261001_8fb675cb	XP_027040270.1	_		traf2_binding_variant	Motif		PVNET	66	71	1	5					
sequence	hmm	20261001_8fb675cb	XP_027040270.1	_		traf2_binding_variant	Motif		PTQSG	259	264	1	5					
sequence	hmm	20261001_8fb675cb	XP_027040270.1	_		traf2_binding_permissive	Motif		PVNET	66	71	1	5					
sequence	hmm	20261001_8fb675cb	XP_027040270.1	_		traf2_binding_permissive	Motif		PTQSG	259	264	1	5					
sequence	hmm	20261001_8fb675cb	XP_027041204.1	_		traf6_binding_permissive	Motif		PIESLL	372	378	1	6					
sequence	hmm	20261001_8fb675cb	XP_027041204.1	_		traf2_binding_variant	Motif		PSNDS	163	168	1	5					
sequence	hmm	20261001_8fb675cb	XP_027041204.1	_		traf2_binding_variant	Motif		PTQQE	241	246	1	5					
sequence	hmm	20261001_8fb675cb	XP_027041204.1	_		traf2_binding_variant	Motif		PRNDT	414	419	1	5					
sequence	hmm	20261001_8fb675cb	XP_027041204.1	_		traf2_binding_permissive	Motif		PSNDS	163	168	1	5					
sequence	hmm	20261001_8fb675cb	XP_027041204.1	_		traf2_binding_permissive	Motif		PTQQEGD	241	248	1	7					
sequence	hmm	20261001_8fb675cb	XP_027041204.1	_		traf2_binding_permissive	Motif		PSHQLE	292	298	1	6					
sequence	hmm	20261001_8fb675cb	XP_027041204.1	_		traf2_binding_permissive	Motif		PSAELS	310	316	1	6					
sequence	hmm	20261001_8fb675cb	XP_027041204.1	_		traf2_binding_permissive	Motif		PRNDTT	414	420	1	6					
sequence	hmm	20261001_8fb675cb	XP_027041204.1	_		traf2_binding_permissive	Motif		PCKEDGA	444	451	1	7					
sequence	hmm	20261001_8fb675cb	XP_027041211.1	_		traf2_binding_variant	Motif		PSNDS	163	168	1	5					
sequence	hmm	20261001_8fb675cb	XP_027041211.1	_		traf2_binding_variant	Motif		PTQQE	241	246	1	5					
sequence	hmm	20261001_8fb675cb	XP_027041211.1	_		traf2_binding_permissive	Motif		PSNDS	163	168	1	5					
sequence	hmm	20261001_8fb675cb	XP_027041211.1	_		traf2_binding_permissive	Motif		PTQQEGD	241	248	1	7					
sequence	hmm	20261001_8fb675cb	XP_027041211.1	_		traf2_binding_permissive	Motif		PSHQLE	292	298	1	6					
sequence	hmm	20261001_8fb675cb	XP_027041211.1	_		traf2_binding_permissive	Motif		PSAELS	310	316	1	6					
sequence	hmm	20261001_8fb675cb	XP_027041211.1	_		traf2_binding_permissive	Motif		PCKEDGA	347	354	1	7					
sequence	hmm	20261001_8fb675cb	XP_027042981.1	_		traf6_binding_strict	Motif		PTEFKY	497	503	1	6					
sequence	hmm	20261001_8fb675cb	XP_027042981.1	_		traf6_binding_permissive	Motif		PKELKR	407	413	1	6					
sequence	hmm	20261001_8fb675cb	XP_027042981.1	_		traf6_binding_permissive	Motif		PTEFKY	497	503	1	6					
sequence	hmm	20261001_8fb675cb	XP_027042981.1	_		traf2_binding_permissive	Motif		PPETYT	53	59	1	6					
sequence	hmm	20261001_8fb675cb	XP_027042981.1	_		traf2_binding_permissive	Motif		PGKEPSA	77	84	1	7					
sequence	hmm	20261001_8fb675cb	XP_027042981.1	_		traf2_binding_permissive	Motif		PIKNIKE	283	290	1	7					
sequence	hmm	20261001_8fb675cb	XP_027042981.1	_		traf2_binding_permissive	Motif		PAIEVEE	319	326	1	7					
sequence	hmm	20261001_8fb675cb	XP_027042981.1	_		traf2_binding_permissive	Motif		PLKEVTE	346	353	1	7					
sequence	hmm	20261001_8fb675cb	XP_027042982.1	_		traf6_binding_strict	Motif		PTEFKY	497	503	1	6					
sequence	hmm	20261001_8fb675cb	XP_027042982.1	_		traf6_binding_permissive	Motif		PKELKR	407	413	1	6					
sequence	hmm	20261001_8fb675cb	XP_027042982.1	_		traf6_binding_permissive	Motif		PTEFKY	497	503	1	6					
sequence	hmm	20261001_8fb675cb	XP_027042982.1	_		traf2_binding_permissive	Motif		PPETYT	53	59	1	6					
sequence	hmm	20261001_8fb675cb	XP_027042982.1	_		traf2_binding_permissive	Motif		PGKEPSA	77	84	1	7					
sequence	hmm	20261001_8fb675cb	XP_027042982.1	_		traf2_binding_permissive	Motif		PIKNIKE	283	290	1	7					
sequence	hmm	20261001_8fb675cb	XP_027042982.1	_		traf2_binding_permissive	Motif		PAIEVEE	319	326	1	7					
sequence	hmm	20261001_8fb675cb	XP_027042982.1	_		traf2_binding_permissive	Motif		PLKEVTE	346	353	1	7					
sequence	hmm	20261001_8fb675cb	XP_027045769.1	_		traf6_binding_permissive	Motif		PNEETI	99	105	1	6					
sequence	hmm	20261001_8fb675cb	XP_027045769.1	_		traf2_binding_strict	Motif		PNEET	99	104	1	5					
sequence	hmm	20261001_8fb675cb	XP_027045769.1	_		traf2_binding_variant	Motif		PVQVA	21	26	1	5					
sequence	hmm	20261001_8fb675cb	XP_027045769.1	_		traf2_binding_variant	Motif		PNEET	99	104	1	5					
sequence	hmm	20261001_8fb675cb	XP_027045769.1	_		traf2_binding_variant	Motif		PTQAD	254	259	1	5					
sequence	hmm	20261001_8fb675cb	XP_027045769.1	_		traf2_binding_permissive	Motif		PVQVA	21	26	1	5					
sequence	hmm	20261001_8fb675cb	XP_027045769.1	_		traf2_binding_permissive	Motif		PCPECPE	47	54	1	7					
sequence	hmm	20261001_8fb675cb	XP_027045769.1	_		traf2_binding_permissive	Motif		PNEETIS	99	106	1	7					
sequence	hmm	20261001_8fb675cb	XP_027045769.1	_		traf2_binding_permissive	Motif		PTQAD	254	259	1	5					
sequence	hmm	20261001_8fb675cb	XP_027045770.1	_		traf6_binding_permissive	Motif		PNEETI	99	105	1	6					
sequence	hmm	20261001_8fb675cb	XP_027045770.1	_		traf2_binding_strict	Motif		PNEET	99	104	1	5					
sequence	hmm	20261001_8fb675cb	XP_027045770.1	_		traf2_binding_variant	Motif		PVQVA	21	26	1	5					
sequence	hmm	20261001_8fb675cb	XP_027045770.1	_		traf2_binding_variant	Motif		PNEET	99	104	1	5					
sequence	hmm	20261001_8fb675cb	XP_027045770.1	_		traf2_binding_variant	Motif		PTQAD	254	259	1	5					
sequence	hmm	20261001_8fb675cb	XP_027045770.1	_		traf2_binding_permissive	Motif		PVQVA	21	26	1	5					
sequence	hmm	20261001_8fb675cb	XP_027045770.1	_		traf2_binding_permissive	Motif		PCPECPE	47	54	1	7					
sequence	hmm	20261001_8fb675cb	XP_027045770.1	_		traf2_binding_permissive	Motif		PNEETIS	99	106	1	7					
sequence	hmm	20261001_8fb675cb	XP_027045770.1	_		traf2_binding_permissive	Motif		PTQAD	254	259	1	5					
sequence	hmm	20261001_8fb675cb	XP_027045771.1	_		traf6_binding_permissive	Motif		PNEETI	99	105	1	6					
sequence	hmm	20261001_8fb675cb	XP_027045771.1	_		traf2_binding_strict	Motif		PNEET	99	104	1	5					
sequence	hmm	20261001_8fb675cb	XP_027045771.1	_		traf2_binding_variant	Motif		PVQVA	21	26	1	5					
sequence	hmm	20261001_8fb675cb	XP_027045771.1	_		traf2_binding_variant	Motif		PNEET	99	104	1	5					
sequence	hmm	20261001_8fb675cb	XP_027045771.1	_		traf2_binding_variant	Motif		PTQAD	254	259	1	5					
sequence	hmm	20261001_8fb675cb	XP_027045771.1	_		traf2_binding_permissive	Motif		PVQVA	21	26	1	5					
sequence	hmm	20261001_8fb675cb	XP_027045771.1	_		traf2_binding_permissive	Motif		PCPECPE	47	54	1	7					
sequence	hmm	20261001_8fb675cb	XP_027045771.1	_		traf2_binding_permissive	Motif		PNEETIS	99	106	1	7					
sequence	hmm	20261001_8fb675cb	XP_027045771.1	_		traf2_binding_permissive	Motif		PTQAD	254	259	1	5					
sequence	hmm	20261001_8fb675cb	XP_027045777.1	_		traf6_binding_permissive	Motif		PNEETI	97	103	1	6					
sequence	hmm	20261001_8fb675cb	XP_027045777.1	_		traf2_binding_strict	Motif		PNEET	97	102	1	5					
sequence	hmm	20261001_8fb675cb	XP_027045777.1	_		traf2_binding_variant	Motif		PNEET	97	102	1	5					
sequence	hmm	20261001_8fb675cb	XP_027045777.1	_		traf2_binding_permissive	Motif		PNEET	97	102	1	5					
sequence	hmm	20261001_8fb675cb	XP_027046441.1	_		traf6_binding_permissive	Motif		PDQFWD	18	24	1	6					
sequence	hmm	20261001_8fb675cb	XP_027046441.1	_		traf6_binding_permissive	Motif		PCQEVK	44	50	1	6					
sequence	hmm	20261001_8fb675cb	XP_027046441.1	_		traf2_binding_strict	Motif		PSERS	103	108	1	5					
sequence	hmm	20261001_8fb675cb	XP_027046441.1	_		traf2_binding_strict	Motif		PREAT	260	265	1	5					
sequence	hmm	20261001_8fb675cb	XP_027046441.1	_		traf2_binding_variant	Motif		PSERS	103	108	1	5					
sequence	hmm	20261001_8fb675cb	XP_027046441.1	_		traf2_binding_variant	Motif		PANIT	220	225	1	5					
sequence	hmm	20261001_8fb675cb	XP_027046441.1	_		traf2_binding_variant	Motif		PREAT	260	265	1	5					
sequence	hmm	20261001_8fb675cb	XP_027046441.1	_		traf2_binding_permissive	Motif		PPDQFWD	17	24	1	7					
sequence	hmm	20261001_8fb675cb	XP_027046441.1	_		traf2_binding_permissive	Motif		PCQEVKD	44	51	1	7					
sequence	hmm	20261001_8fb675cb	XP_027046441.1	_		traf2_binding_permissive	Motif		PSERS	103	108	1	5					
sequence	hmm	20261001_8fb675cb	XP_027046441.1	_		traf2_binding_permissive	Motif		PKESVA	196	202	1	6					
sequence	hmm	20261001_8fb675cb	XP_027046441.1	_		traf2_binding_permissive	Motif		PANITE	220	226	1	6					
sequence	hmm	20261001_8fb675cb	XP_027046441.1	_		traf2_binding_permissive	Motif		PREAT	260	265	1	5					
sequence	hmm	20261001_8fb675cb	XP_027046981.1	_		traf6_binding_strict	Motif		PPEENE	756	762	1	6					
sequence	hmm	20261001_8fb675cb	XP_027046981.1	_		traf6_binding_permissive	Motif		PCEKTR	108	114	1	6					
sequence	hmm	20261001_8fb675cb	XP_027046981.1	_		traf6_binding_permissive	Motif		PWENGR	165	171	1	6					
sequence	hmm	20261001_8fb675cb	XP_027046981.1	_		traf6_binding_permissive	Motif		PTEKSV	266	272	1	6					
sequence	hmm	20261001_8fb675cb	XP_027046981.1	_		traf6_binding_permissive	Motif		PLQNNL	402	408	1	6					
sequence	hmm	20261001_8fb675cb	XP_027046981.1	_		traf6_binding_permissive	Motif		PVEISV	507	513	1	6					
sequence	hmm	20261001_8fb675cb	XP_027046981.1	_		traf6_binding_permissive	Motif		PPQWEK	538	544	1	6					
sequence	hmm	20261001_8fb675cb	XP_027046981.1	_		traf6_binding_permissive	Motif		PTEYSI	711	717	1	6					
sequence	hmm	20261001_8fb675cb	XP_027046981.1	_		traf6_binding_permissive	Motif		PRQTGR	724	730	1	6					
sequence	hmm	20261001_8fb675cb	XP_027046981.1	_		traf6_binding_permissive	Motif		PPEENE	756	762	1	6					
sequence	hmm	20261001_8fb675cb	XP_027046981.1	_		traf2_binding_strict	Motif		PCEKT	108	113	1	5					
sequence	hmm	20261001_8fb675cb	XP_027046981.1	_		traf2_binding_strict	Motif		PTEKS	266	271	1	5					
sequence	hmm	20261001_8fb675cb	XP_027046981.1	_		traf2_binding_strict	Motif		PVEIS	507	512	1	5					
sequence	hmm	20261001_8fb675cb	XP_027046981.1	_		traf2_binding_strict	Motif		PTEYS	711	716	1	5					
sequence	hmm	20261001_8fb675cb	XP_027046981.1	_		traf2_binding_variant	Motif		PCNST	84	89	1	5					
sequence	hmm	20261001_8fb675cb	XP_027046981.1	_		traf2_binding_variant	Motif		PCEKT	108	113	1	5					
sequence	hmm	20261001_8fb675cb	XP_027046981.1	_		traf2_binding_variant	Motif		PWENG	165	170	1	5					
sequence	hmm	20261001_8fb675cb	XP_027046981.1	_		traf2_binding_variant	Motif		PTEKS	266	271	1	5					
sequence	hmm	20261001_8fb675cb	XP_027046981.1	_		traf2_binding_variant	Motif		PTNFE	277	282	1	5					
sequence	hmm	20261001_8fb675cb	XP_027046981.1	_		traf2_binding_variant	Motif		PVEIS	507	512	1	5					
sequence	hmm	20261001_8fb675cb	XP_027046981.1	_		traf2_binding_variant	Motif		PPQWE	538	543	1	5					
sequence	hmm	20261001_8fb675cb	XP_027046981.1	_		traf2_binding_variant	Motif		PTEYS	711	716	1	5					
sequence	hmm	20261001_8fb675cb	XP_027046981.1	_		traf2_binding_variant	Motif		PRQTG	724	729	1	5					
sequence	hmm	20261001_8fb675cb	XP_027046981.1	_		traf2_binding_variant	Motif		PEENE	757	762	1	5					
sequence	hmm	20261001_8fb675cb	XP_027046981.1	_		traf2_binding_permissive	Motif		PCNSTS	84	90	1	6					
sequence	hmm	20261001_8fb675cb	XP_027046981.1	_		traf2_binding_permissive	Motif		PCEKT	108	113	1	5					
sequence	hmm	20261001_8fb675cb	XP_027046981.1	_		traf2_binding_permissive	Motif		PWENG	165	170	1	5					
sequence	hmm	20261001_8fb675cb	XP_027046981.1	_		traf2_binding_permissive	Motif		PSVNPT	196	202	1	6					
sequence	hmm	20261001_8fb675cb	XP_027046981.1	_		traf2_binding_permissive	Motif		PAGEIID	243	250	1	7					
sequence	hmm	20261001_8fb675cb	XP_027046981.1	_		traf2_binding_permissive	Motif		PTEKS	266	271	1	5					
sequence	hmm	20261001_8fb675cb	XP_027046981.1	_		traf2_binding_permissive	Motif		PTNFE	277	282	1	5					
sequence	hmm	20261001_8fb675cb	XP_027046981.1	_		traf2_binding_permissive	Motif		PVIECG	493	499	1	6					
sequence	hmm	20261001_8fb675cb	XP_027046981.1	_		traf2_binding_permissive	Motif		PVEIS	507	512	1	5					
sequence	hmm	20261001_8fb675cb	XP_027046981.1	_		traf2_binding_permissive	Motif		PPQWE	538	543	1	5					
sequence	hmm	20261001_8fb675cb	XP_027046981.1	_		traf2_binding_permissive	Motif		PTEYS	711	716	1	5					
sequence	hmm	20261001_8fb675cb	XP_027046981.1	_		traf2_binding_permissive	Motif		PRQTG	724	729	1	5					
sequence	hmm	20261001_8fb675cb	XP_027046981.1	_		traf2_binding_permissive	Motif		PPEENE	756	762	1	6					
sequence	hmm	20261001_8fb675cb	XP_027047691.1	_		traf6_binding_strict	Motif		PCEKAD	252	258	1	6					
sequence	hmm	20261001_8fb675cb	XP_027047691.1	_		traf6_binding_permissive	Motif		PCEKAD	252	258	1	6					
sequence	hmm	20261001_8fb675cb	XP_027047691.1	_		traf2_binding_variant	Motif		PCEQG	74	79	1	5					
sequence	hmm	20261001_8fb675cb	XP_027047691.1	_		traf2_binding_variant	Motif		PCEKA	252	257	1	5					
sequence	hmm	20261001_8fb675cb	XP_027047691.1	_		traf2_binding_permissive	Motif		PGNNIT	28	34	1	6					
sequence	hmm	20261001_8fb675cb	XP_027047691.1	_		traf2_binding_permissive	Motif		PAGQGLS	51	58	1	7					
sequence	hmm	20261001_8fb675cb	XP_027047691.1	_		traf2_binding_permissive	Motif		PCEQGMT	74	81	1	7					
sequence	hmm	20261001_8fb675cb	XP_027047691.1	_		traf2_binding_permissive	Motif		PCEKAD	252	258	1	6					
sequence	hmm	20261001_8fb675cb	XP_027050267.1	_		traf6_binding_strict	Motif		PFEIAY	726	732	1	6					
sequence	hmm	20261001_8fb675cb	XP_027050267.1	_		traf6_binding_permissive	Motif		PCEKTK	115	121	1	6					
sequence	hmm	20261001_8fb675cb	XP_027050267.1	_		traf6_binding_permissive	Motif		PSENTI	456	462	1	6					
sequence	hmm	20261001_8fb675cb	XP_027050267.1	_		traf6_binding_permissive	Motif		PVEITV	561	567	1	6					
sequence	hmm	20261001_8fb675cb	XP_027050267.1	_		traf6_binding_permissive	Motif		PFEIAY	726	732	1	6					
sequence	hmm	20261001_8fb675cb	XP_027050267.1	_		traf2_binding_strict	Motif		PCEKT	115	120	1	5					
sequence	hmm	20261001_8fb675cb	XP_027050267.1	_		traf2_binding_strict	Motif		PSENT	456	461	1	5					
sequence	hmm	20261001_8fb675cb	XP_027050267.1	_		traf2_binding_strict	Motif		PVEIT	561	566	1	5					
sequence	hmm	20261001_8fb675cb	XP_027050267.1	_		traf2_binding_variant	Motif		PCEKT	115	120	1	5					
sequence	hmm	20261001_8fb675cb	XP_027050267.1	_		traf2_binding_variant	Motif		PSENT	456	461	1	5					
sequence	hmm	20261001_8fb675cb	XP_027050267.1	_		traf2_binding_variant	Motif		PVEIT	561	566	1	5					
sequence	hmm	20261001_8fb675cb	XP_027050267.1	_		traf2_binding_variant	Motif		PFEIA	726	731	1	5					
sequence	hmm	20261001_8fb675cb	XP_027050267.1	_		traf2_binding_variant	Motif		PSNES	793	798	1	5					
sequence	hmm	20261001_8fb675cb	XP_027050267.1	_		traf2_binding_permissive	Motif		PCEKT	115	120	1	5					
sequence	hmm	20261001_8fb675cb	XP_027050267.1	_		traf2_binding_permissive	Motif		PQTEKT	243	249	1	6					
sequence	hmm	20261001_8fb675cb	XP_027050267.1	_		traf2_binding_permissive	Motif		PEPNSA	346	352	1	6					
sequence	hmm	20261001_8fb675cb	XP_027050267.1	_		traf2_binding_permissive	Motif		PSENT	456	461	1	5					
sequence	hmm	20261001_8fb675cb	XP_027050267.1	_		traf2_binding_permissive	Motif		PVIECG	547	553	1	6					
sequence	hmm	20261001_8fb675cb	XP_027050267.1	_		traf2_binding_permissive	Motif		PVEIT	561	566	1	5					
sequence	hmm	20261001_8fb675cb	XP_027050267.1	_		traf2_binding_permissive	Motif		PFEIA	726	731	1	5					
sequence	hmm	20261001_8fb675cb	XP_027050267.1	_		traf2_binding_permissive	Motif		PSNESS	793	799	1	6					
sequence	hmm	20261001_8fb675cb	XP_027055611.1	_		traf2_binding_variant	Motif		PKNRG	309	314	1	5					
sequence	hmm	20261001_8fb675cb	XP_027055611.1	_		traf2_binding_permissive	Motif		PRTNGDT	223	230	1	7					
sequence	hmm	20261001_8fb675cb	XP_027055611.1	_		traf2_binding_permissive	Motif		PKNRG	309	314	1	5					
sequence	hmm	20261001_8fb675cb	XP_027055612.1	_		traf2_binding_variant	Motif		PKNRG	309	314	1	5					
sequence	hmm	20261001_8fb675cb	XP_027055612.1	_		traf2_binding_permissive	Motif		PRTNGDT	223	230	1	7					
sequence	hmm	20261001_8fb675cb	XP_027055612.1	_		traf2_binding_permissive	Motif		PKNRG	309	314	1	5					
sequence	hmm	20261001_8fb675cb	XP_027055614.1	_		traf2_binding_variant	Motif		PKNRG	296	301	1	5					
sequence	hmm	20261001_8fb675cb	XP_027055614.1	_		traf2_binding_permissive	Motif		PRTNGDT	210	217	1	7					
sequence	hmm	20261001_8fb675cb	XP_027055614.1	_		traf2_binding_permissive	Motif		PKNRG	296	301	1	5					
sequence	hmm	20261001_8fb675cb	XP_027057657.1	_		traf6_binding_permissive	Motif		PAERVL	681	687	1	6					
sequence	hmm	20261001_8fb675cb	XP_027057657.1	_		traf2_binding_permissive	Motif		PGEEHT	46	52	1	6					
sequence	hmm	20261001_8fb675cb	XP_027057657.1	_		traf2_binding_permissive	Motif		PRCQSCS	85	92	1	7					
sequence	hmm	20261001_8fb675cb	XP_027057657.1	_		traf2_binding_permissive	Motif		PTEPKS	169	175	1	6					
sequence	hmm	20261001_8fb675cb	XP_027057657.1	_		traf2_binding_permissive	Motif		PQGQSTD	432	439	1	7					
sequence	hmm	20261001_8fb675cb	XP_027057657.1	_		traf2_binding_permissive	Motif		PAKQNKG	511	518	1	7					
sequence	hmm	20261001_8fb675cb	XP_027057943.1	_		traf6_binding_permissive	Motif		PTEYWV	59	65	1	6					
sequence	hmm	20261001_8fb675cb	XP_027057943.1	_		traf2_binding_permissive	Motif		PEGQGLS	80	87	1	7					
sequence	hmm	20261001_8fb675cb	XP_027057944.1	_		traf6_binding_permissive	Motif		PTEYWV	59	65	1	6					
sequence	hmm	20261001_8fb675cb	XP_027057944.1	_		traf2_binding_permissive	Motif		PEGQGLS	80	87	1	7					
sequence	hmm	20261001_8fb675cb	XP_027057949.1	_		traf2_binding_permissive	Motif		PKGQSEE	198	205	1	7					
sequence	hmm	20261001_8fb675cb	XP_027057951.1	_		traf2_binding_permissive	Motif		PTSQHGT	236	243	1	7					
sequence	hmm	20261001_8fb675cb	XP_027057966.1	_		traf6_binding_permissive	Motif		PSEKLL	453	459	1	6					
sequence	hmm	20261001_8fb675cb	XP_027057981.1	_		traf6_binding_permissive	Motif		PEQIIW	54	60	1	6					
sequence	hmm	20261001_8fb675cb	XP_027057981.1	_		traf2_binding_permissive	Motif		PCSECCG	158	165	1	7					
sequence	hmm	20261001_8fb675cb	XP_027057981.1	_		traf2_binding_permissive	Motif		PSGEQES	279	286	1	7					
sequence	hmm	20261001_8fb675cb	XP_027057981.1	_		traf2_binding_permissive	Motif		PKINAAS	293	300	1	7					
sequence	hmm	20261001_8fb675cb	XP_027057981.1	_		traf2_binding_permissive	Motif		PIPQSQD	336	343	1	7					
sequence	hmm	20261001_8fb675cb	XP_027057981.1	_		traf2_binding_permissive	Motif		PSHELMD	423	430	1	7					
sequence	hmm	20261001_8fb675cb	XP_027057982.1	_		traf6_binding_permissive	Motif		PEQIIW	54	60	1	6					
sequence	hmm	20261001_8fb675cb	XP_027057982.1	_		traf2_binding_permissive	Motif		PCSECCG	158	165	1	7					
sequence	hmm	20261001_8fb675cb	XP_027057982.1	_		traf2_binding_permissive	Motif		PSGEQES	279	286	1	7					
sequence	hmm	20261001_8fb675cb	XP_027057982.1	_		traf2_binding_permissive	Motif		PKINAAS	293	300	1	7					
sequence	hmm	20261001_8fb675cb	XP_027057982.1	_		traf2_binding_permissive	Motif		PIPQSQD	336	343	1	7					
sequence	hmm	20261001_8fb675cb	XP_027057982.1	_		traf2_binding_permissive	Motif		PSHELMD	422	429	1	7					
sequence	hmm	20261001_8fb675cb	XP_027058827.1	_		traf6_binding_strict	Motif		PQEMEE	258	264	1	6					
sequence	hmm	20261001_8fb675cb	XP_027058827.1	_		traf6_binding_permissive	Motif		PQEMEE	258	264	1	6					
sequence	hmm	20261001_8fb675cb	XP_027058827.1	_		traf2_binding_variant	Motif		PSQTA	80	85	1	5					
sequence	hmm	20261001_8fb675cb	XP_027058827.1	_		traf2_binding_variant	Motif		PTNAG	202	207	1	5					
sequence	hmm	20261001_8fb675cb	XP_027058827.1	_		traf2_binding_variant	Motif		PQEME	258	263	1	5					
sequence	hmm	20261001_8fb675cb	XP_027058827.1	_		traf2_binding_permissive	Motif		PPSQTAT	79	86	1	7					
sequence	hmm	20261001_8fb675cb	XP_027058827.1	_		traf2_binding_permissive	Motif		PIHNRE	90	96	1	6					
sequence	hmm	20261001_8fb675cb	XP_027058827.1	_		traf2_binding_permissive	Motif		PCTNIS	126	132	1	6					
sequence	hmm	20261001_8fb675cb	XP_027058827.1	_		traf2_binding_permissive	Motif		PCREGT	137	143	1	6					
sequence	hmm	20261001_8fb675cb	XP_027058827.1	_		traf2_binding_permissive	Motif		PTNAG	202	207	1	5					
sequence	hmm	20261001_8fb675cb	XP_027058827.1	_		traf2_binding_permissive	Motif		PVEKVT	211	217	1	6					
sequence	hmm	20261001_8fb675cb	XP_027058827.1	_		traf2_binding_permissive	Motif		PQEMEE	258	264	1	6					
sequence	hmm	20261001_8fb675cb	XP_027059960.1	_		traf2_binding_permissive	Motif		PCIEGYD	48	55	1	7					
sequence	hmm	20261001_8fb675cb	XP_027059960.1	_		traf2_binding_permissive	Motif		PPECNG	89	95	1	6					
sequence	hmm	20261001_8fb675cb	XP_027059960.1	_		traf2_binding_permissive	Motif		PKTETE	170	176	1	6					
sequence	hmm	20261001_8fb675cb	XP_027059960.1	_		traf2_binding_permissive	Motif		PMAERSS	183	190	1	7					
sequence	hmm	20261001_8fb675cb	XP_027060415.1	_		traf6_binding_permissive	Motif		PDEVTI	93	99	1	6					
sequence	hmm	20261001_8fb675cb	XP_027060415.1	_		traf2_binding_strict	Motif		PDEVT	93	98	1	5					
sequence	hmm	20261001_8fb675cb	XP_027060415.1	_		traf2_binding_variant	Motif		PDEVT	93	98	1	5					
sequence	hmm	20261001_8fb675cb	XP_027060415.1	_		traf2_binding_permissive	Motif		PDGNIA	34	40	1	6					
sequence	hmm	20261001_8fb675cb	XP_027060415.1	_		traf2_binding_permissive	Motif		PGSEVT	48	54	1	6					
sequence	hmm	20261001_8fb675cb	XP_027060415.1	_		traf2_binding_permissive	Motif		PDEVT	93	98	1	5					
sequence	hmm	20261001_8fb675cb	XP_027060415.1	_		traf2_binding_permissive	Motif		PRTQSCS	151	158	1	7					
sequence	hmm	20261001_8fb675cb	XP_027060415.1	_		traf2_binding_permissive	Motif		PFPNEE	365	371	1	6					
sequence	hmm	20261001_8fb675cb	XP_027060430.1	_		traf6_binding_permissive	Motif		PLELQI	63	69	1	6					
sequence	hmm	20261001_8fb675cb	XP_027060430.1	_		traf6_binding_permissive	Motif		PPQCID	345	351	1	6					
sequence	hmm	20261001_8fb675cb	XP_027060430.1	_		traf6_binding_permissive	Motif		PCQLGK	380	386	1	6					
sequence	hmm	20261001_8fb675cb	XP_027060430.1	_		traf2_binding_variant	Motif		PCQLG	380	385	1	5					
sequence	hmm	20261001_8fb675cb	XP_027060430.1	_		traf2_binding_permissive	Motif		PKNNHVS	111	118	1	7					
sequence	hmm	20261001_8fb675cb	XP_027060430.1	_		traf2_binding_permissive	Motif		PPQCID	345	351	1	6					
sequence	hmm	20261001_8fb675cb	XP_027060430.1	_		traf2_binding_permissive	Motif		PPGQTIS	355	362	1	7					
sequence	hmm	20261001_8fb675cb	XP_027060430.1	_		traf2_binding_permissive	Motif		PCQLG	380	385	1	5					
sequence	hmm	20261001_8fb675cb	XP_027060430.1	_		traf2_binding_permissive	Motif		PLLEGDG	606	613	1	7					
sequence	hmm	20261001_8fb675cb	XP_027060595.1	_		traf6_binding_strict	Motif		PKEDDD	424	430	1	6					
sequence	hmm	20261001_8fb675cb	XP_027060595.1	_		traf6_binding_permissive	Motif		PKEDDD	424	430	1	6					
sequence	hmm	20261001_8fb675cb	XP_027060595.1	_		traf2_binding_variant	Motif		PHEIA	96	101	1	5					
sequence	hmm	20261001_8fb675cb	XP_027060595.1	_		traf2_binding_variant	Motif		PKEDD	424	429	1	5					
sequence	hmm	20261001_8fb675cb	XP_027060595.1	_		traf2_binding_permissive	Motif		PHEIAS	96	102	1	6					
sequence	hmm	20261001_8fb675cb	XP_027060595.1	_		traf2_binding_permissive	Motif		PKEDDD	424	430	1	6					
sequence	hmm	20261001_8fb675cb	XP_029181165.1	_		traf6_binding_permissive	Motif		PTQIAL	142	148	1	6					
sequence	hmm	20261001_8fb675cb	XP_029181165.1	_		traf2_binding_strict	Motif		PDQAT	444	449	1	5					
sequence	hmm	20261001_8fb675cb	XP_029181165.1	_		traf2_binding_variant	Motif		PTQIA	142	147	1	5					
sequence	hmm	20261001_8fb675cb	XP_029181165.1	_		traf2_binding_variant	Motif		PDQAT	444	449	1	5					
sequence	hmm	20261001_8fb675cb	XP_029181165.1	_		traf2_binding_permissive	Motif		PCNNKS	106	112	1	6					
sequence	hmm	20261001_8fb675cb	XP_029181165.1	_		traf2_binding_permissive	Motif		PTQIA	142	147	1	5					
sequence	hmm	20261001_8fb675cb	XP_029181165.1	_		traf2_binding_permissive	Motif		PRGEGVE	180	187	1	7					
sequence	hmm	20261001_8fb675cb	XP_029181165.1	_		traf2_binding_permissive	Motif		PCLEGRT	199	206	1	7					
sequence	hmm	20261001_8fb675cb	XP_029181165.1	_		traf2_binding_permissive	Motif		PCKNCT	215	221	1	6					
sequence	hmm	20261001_8fb675cb	XP_029181165.1	_		traf2_binding_permissive	Motif		PDQAT	444	449	1	5					
sequence	hmm	20261001_8fb675cb	XP_029181166.1	_		traf6_binding_permissive	Motif		PTQIAL	142	148	1	6					
sequence	hmm	20261001_8fb675cb	XP_029181166.1	_		traf2_binding_strict	Motif		PDQAT	432	437	1	5					
sequence	hmm	20261001_8fb675cb	XP_029181166.1	_		traf2_binding_variant	Motif		PTQIA	142	147	1	5					
sequence	hmm	20261001_8fb675cb	XP_029181166.1	_		traf2_binding_variant	Motif		PDQAT	432	437	1	5					
sequence	hmm	20261001_8fb675cb	XP_029181166.1	_		traf2_binding_permissive	Motif		PCNNKS	106	112	1	6					
sequence	hmm	20261001_8fb675cb	XP_029181166.1	_		traf2_binding_permissive	Motif		PTQIA	142	147	1	5					
sequence	hmm	20261001_8fb675cb	XP_029181166.1	_		traf2_binding_permissive	Motif		PRGEGVE	180	187	1	7					
sequence	hmm	20261001_8fb675cb	XP_029181166.1	_		traf2_binding_permissive	Motif		PCLEGRT	199	206	1	7					
sequence	hmm	20261001_8fb675cb	XP_029181166.1	_		traf2_binding_permissive	Motif		PCKNCT	215	221	1	6					
sequence	hmm	20261001_8fb675cb	XP_029181166.1	_		traf2_binding_permissive	Motif		PDQAT	432	437	1	5					
sequence	hmm	20261001_8fb675cb	XP_029181167.1	_		traf6_binding_permissive	Motif		PTQIAL	142	148	1	6					
sequence	hmm	20261001_8fb675cb	XP_029181167.1	_		traf2_binding_strict	Motif		PDQAT	431	436	1	5					
sequence	hmm	20261001_8fb675cb	XP_029181167.1	_		traf2_binding_variant	Motif		PTQIA	142	147	1	5					
sequence	hmm	20261001_8fb675cb	XP_029181167.1	_		traf2_binding_variant	Motif		PDQAT	431	436	1	5					
sequence	hmm	20261001_8fb675cb	XP_029181167.1	_		traf2_binding_permissive	Motif		PCNNKS	106	112	1	6					
sequence	hmm	20261001_8fb675cb	XP_029181167.1	_		traf2_binding_permissive	Motif		PTQIA	142	147	1	5					
sequence	hmm	20261001_8fb675cb	XP_029181167.1	_		traf2_binding_permissive	Motif		PRGEGVE	180	187	1	7					
sequence	hmm	20261001_8fb675cb	XP_029181167.1	_		traf2_binding_permissive	Motif		PCLEGRT	199	206	1	7					
sequence	hmm	20261001_8fb675cb	XP_029181167.1	_		traf2_binding_permissive	Motif		PCKNCT	215	221	1	6					
sequence	hmm	20261001_8fb675cb	XP_029181167.1	_		traf2_binding_permissive	Motif		PDQAT	431	436	1	5					
sequence	hmm	20261001_8fb675cb	XP_029181169.1	_		traf6_binding_permissive	Motif		PTQIAL	107	113	1	6					
sequence	hmm	20261001_8fb675cb	XP_029181169.1	_		traf2_binding_strict	Motif		PDQAT	409	414	1	5					
sequence	hmm	20261001_8fb675cb	XP_029181169.1	_		traf2_binding_variant	Motif		PTQIA	107	112	1	5					
sequence	hmm	20261001_8fb675cb	XP_029181169.1	_		traf2_binding_variant	Motif		PDQAT	409	414	1	5					
sequence	hmm	20261001_8fb675cb	XP_029181169.1	_		traf2_binding_permissive	Motif		PCNNKS	71	77	1	6					
sequence	hmm	20261001_8fb675cb	XP_029181169.1	_		traf2_binding_permissive	Motif		PTQIA	107	112	1	5					
sequence	hmm	20261001_8fb675cb	XP_029181169.1	_		traf2_binding_permissive	Motif		PRGEGVE	145	152	1	7					
sequence	hmm	20261001_8fb675cb	XP_029181169.1	_		traf2_binding_permissive	Motif		PCLEGRT	164	171	1	7					
sequence	hmm	20261001_8fb675cb	XP_029181169.1	_		traf2_binding_permissive	Motif		PCKNCT	180	186	1	6					
sequence	hmm	20261001_8fb675cb	XP_029181169.1	_		traf2_binding_permissive	Motif		PDQAT	409	414	1	5					
sequence	hmm	20261001_8fb675cb	XP_029181170.1	_		traf6_binding_permissive	Motif		PTQIAL	107	113	1	6					
sequence	hmm	20261001_8fb675cb	XP_029181170.1	_		traf2_binding_strict	Motif		PDQAT	409	414	1	5					
sequence	hmm	20261001_8fb675cb	XP_029181170.1	_		traf2_binding_variant	Motif		PTQIA	107	112	1	5					
sequence	hmm	20261001_8fb675cb	XP_029181170.1	_		traf2_binding_variant	Motif		PDQAT	409	414	1	5					
sequence	hmm	20261001_8fb675cb	XP_029181170.1	_		traf2_binding_permissive	Motif		PCNNKS	71	77	1	6					
sequence	hmm	20261001_8fb675cb	XP_029181170.1	_		traf2_binding_permissive	Motif		PTQIA	107	112	1	5					
sequence	hmm	20261001_8fb675cb	XP_029181170.1	_		traf2_binding_permissive	Motif		PRGEGVE	145	152	1	7					
sequence	hmm	20261001_8fb675cb	XP_029181170.1	_		traf2_binding_permissive	Motif		PCLEGRT	164	171	1	7					
sequence	hmm	20261001_8fb675cb	XP_029181170.1	_		traf2_binding_permissive	Motif		PCKNCT	180	186	1	6					
sequence	hmm	20261001_8fb675cb	XP_029181170.1	_		traf2_binding_permissive	Motif		PDQAT	409	414	1	5					
sequence	hmm	20261001_8fb675cb	XP_029181171.1	_		traf6_binding_permissive	Motif		PTQIAL	89	95	1	6					
sequence	hmm	20261001_8fb675cb	XP_029181171.1	_		traf2_binding_strict	Motif		PDQAT	391	396	1	5					
sequence	hmm	20261001_8fb675cb	XP_029181171.1	_		traf2_binding_variant	Motif		PTQIA	89	94	1	5					
sequence	hmm	20261001_8fb675cb	XP_029181171.1	_		traf2_binding_variant	Motif		PDQAT	391	396	1	5					
sequence	hmm	20261001_8fb675cb	XP_029181171.1	_		traf2_binding_permissive	Motif		PCNNKS	53	59	1	6					
sequence	hmm	20261001_8fb675cb	XP_029181171.1	_		traf2_binding_permissive	Motif		PTQIA	89	94	1	5					
sequence	hmm	20261001_8fb675cb	XP_029181171.1	_		traf2_binding_permissive	Motif		PRGEGVE	127	134	1	7					
sequence	hmm	20261001_8fb675cb	XP_029181171.1	_		traf2_binding_permissive	Motif		PCLEGRT	146	153	1	7					
sequence	hmm	20261001_8fb675cb	XP_029181171.1	_		traf2_binding_permissive	Motif		PCKNCT	162	168	1	6					
sequence	hmm	20261001_8fb675cb	XP_029181171.1	_		traf2_binding_permissive	Motif		PDQAT	391	396	1	5					
sequence	hmm	20261001_8fb675cb	XP_029182132.1	_		traf6_binding_strict	Motif		PKEYRE	372	378	1	6					
sequence	hmm	20261001_8fb675cb	XP_029182132.1	_		traf6_binding_permissive	Motif		PKETDV	251	257	1	6					
sequence	hmm	20261001_8fb675cb	XP_029182132.1	_		traf6_binding_permissive	Motif		PKEYRE	372	378	1	6					
sequence	hmm	20261001_8fb675cb	XP_029182132.1	_		traf2_binding_strict	Motif		PREPS	295	300	1	5					
sequence	hmm	20261001_8fb675cb	XP_029182132.1	_		traf2_binding_variant	Motif		PKETD	251	256	1	5					
sequence	hmm	20261001_8fb675cb	XP_029182132.1	_		traf2_binding_variant	Motif		PTNET	274	279	1	5					
sequence	hmm	20261001_8fb675cb	XP_029182132.1	_		traf2_binding_variant	Motif		PREPS	295	300	1	5					
sequence	hmm	20261001_8fb675cb	XP_029182132.1	_		traf2_binding_variant	Motif		PWNED	409	414	1	5					
sequence	hmm	20261001_8fb675cb	XP_029182132.1	_		traf2_binding_permissive	Motif		PPPQTKS	230	237	1	7					
sequence	hmm	20261001_8fb675cb	XP_029182132.1	_		traf2_binding_permissive	Motif		PFSNPST	243	250	1	7					
sequence	hmm	20261001_8fb675cb	XP_029182132.1	_		traf2_binding_permissive	Motif		PKETD	251	256	1	5					
sequence	hmm	20261001_8fb675cb	XP_029182132.1	_		traf2_binding_permissive	Motif		PTNET	274	279	1	5					
sequence	hmm	20261001_8fb675cb	XP_029182132.1	_		traf2_binding_permissive	Motif		PREPST	295	301	1	6					
sequence	hmm	20261001_8fb675cb	XP_029182132.1	_		traf2_binding_permissive	Motif		PKEYRE	372	378	1	6					
sequence	hmm	20261001_8fb675cb	XP_029182132.1	_		traf2_binding_permissive	Motif		PWNED	409	414	1	5					
sequence	hmm	20261001_8fb675cb	XP_029182132.1	_		traf2_binding_permissive	Motif		PETNERT	525	532	1	7					
sequence	hmm	20261001_8fb675cb	XP_029182132.1	_		traf2_binding_permissive	Motif		PIEDCS	738	744	1	6					
sequence	hmm	20261001_8fb675cb	XP_029187520.1	_		traf6_binding_permissive	Motif		PCEEGI	82	88	1	6					
sequence	hmm	20261001_8fb675cb	XP_029187520.1	_		traf6_binding_permissive	Motif		PNEETI	106	112	1	6					
sequence	hmm	20261001_8fb675cb	XP_029187520.1	_		traf6_binding_permissive	Motif		PAQSTD	261	267	1	6					
sequence	hmm	20261001_8fb675cb	XP_029187520.1	_		traf2_binding_strict	Motif		PNEET	106	111	1	5					
sequence	hmm	20261001_8fb675cb	XP_029187520.1	_		traf2_binding_strict	Motif		PAQST	261	266	1	5					
sequence	hmm	20261001_8fb675cb	XP_029187520.1	_		traf2_binding_variant	Motif		PCEEG	82	87	1	5					
sequence	hmm	20261001_8fb675cb	XP_029187520.1	_		traf2_binding_variant	Motif		PNEET	106	111	1	5					
sequence	hmm	20261001_8fb675cb	XP_029187520.1	_		traf2_binding_variant	Motif		PAQST	261	266	1	5					
sequence	hmm	20261001_8fb675cb	XP_029187520.1	_		traf2_binding_permissive	Motif		PCEEGIG	82	89	1	7					
sequence	hmm	20261001_8fb675cb	XP_029187520.1	_		traf2_binding_permissive	Motif		PNEET	106	111	1	5					
sequence	hmm	20261001_8fb675cb	XP_029187520.1	_		traf2_binding_permissive	Motif		PAQSTD	261	267	1	6					
sequence	hmm	20261001_8fb675cb	XP_029187520.1	_		traf2_binding_permissive	Motif		PSQLVS	270	276	1	6					
sequence	hmm	20261001_8fb675cb	XP_029187520.1	_		traf2_binding_permissive	Motif		PSEVKS	279	285	1	6					
sequence	hmm	20261001_8fb675cb	XP_029187520.1	_		traf2_binding_permissive	Motif		PHGESDT	292	299	1	7					
sequence	hmm	20261001_8fb675cb	XP_029187521.1	_		traf6_binding_permissive	Motif		PCEEGI	82	88	1	6					
sequence	hmm	20261001_8fb675cb	XP_029187521.1	_		traf6_binding_permissive	Motif		PNEETI	106	112	1	6					
sequence	hmm	20261001_8fb675cb	XP_029187521.1	_		traf2_binding_strict	Motif		PNEET	106	111	1	5					
sequence	hmm	20261001_8fb675cb	XP_029187521.1	_		traf2_binding_variant	Motif		PCEEG	82	87	1	5					
sequence	hmm	20261001_8fb675cb	XP_029187521.1	_		traf2_binding_variant	Motif		PNEET	106	111	1	5					
sequence	hmm	20261001_8fb675cb	XP_029187521.1	_		traf2_binding_permissive	Motif		PCEEGIG	82	89	1	7					
sequence	hmm	20261001_8fb675cb	XP_029187521.1	_		traf2_binding_permissive	Motif		PNEET	106	111	1	5					
sequence	hmm	20261001_8fb675cb	XP_029191320.1	_		traf6_binding_permissive	Motif		PDQIVW	43	49	1	6					
sequence	hmm	20261001_8fb675cb	XP_029191320.1	_		traf2_binding_permissive	Motif		PFKQEST	211	218	1	7					
sequence	hmm	20261001_8fb675cb	XP_029191320.1	_		traf2_binding_permissive	Motif		PTTQEDG	222	229	1	7					
sequence	hmm	20261001_8fb675cb	XP_029191320.1	_		traf2_binding_permissive	Motif		PEDQIA	233	239	1	6					
sequence	hmm	20261001_8fb675cb	XP_029191320.1	_		traf2_binding_permissive	Motif		PSRELMS	362	369	1	7					
sequence	hmm	20261001_8fb675cb	XP_029191321.1	_		traf6_binding_permissive	Motif		PDQIVW	43	49	1	6					
sequence	hmm	20261001_8fb675cb	XP_029191321.1	_		traf2_binding_permissive	Motif		PFKQEST	211	218	1	7					
sequence	hmm	20261001_8fb675cb	XP_029191321.1	_		traf2_binding_permissive	Motif		PTTQEDG	222	229	1	7					
sequence	hmm	20261001_8fb675cb	XP_029191321.1	_		traf2_binding_permissive	Motif		PEDQIA	233	239	1	6					
sequence	hmm	20261001_8fb675cb	XP_029191321.1	_		traf2_binding_permissive	Motif		PSRELMS	362	369	1	7					
sequence	hmm	20261001_8fb675cb	XP_029191365.1	_		traf6_binding_permissive	Motif		PTQTTY	422	428	1	6					
sequence	hmm	20261001_8fb675cb	XP_029191365.1	_		traf6_binding_permissive	Motif		PLEYLV	442	448	1	6					
sequence	hmm	20261001_8fb675cb	XP_029191365.1	_		traf2_binding_strict	Motif		PTQTT	422	427	1	5					
sequence	hmm	20261001_8fb675cb	XP_029191365.1	_		traf2_binding_variant	Motif		PTQTT	422	427	1	5					
sequence	hmm	20261001_8fb675cb	XP_029191365.1	_		traf2_binding_permissive	Motif		PPGQQHS	68	75	1	7					
sequence	hmm	20261001_8fb675cb	XP_029191365.1	_		traf2_binding_permissive	Motif		PENTFS	93	99	1	6					
sequence	hmm	20261001_8fb675cb	XP_029191365.1	_		traf2_binding_permissive	Motif		PEERLS	357	363	1	6					
sequence	hmm	20261001_8fb675cb	XP_029191365.1	_		traf2_binding_permissive	Motif		PTQTT	422	427	1	5					
sequence	hmm	20261001_8fb675cb	XP_029191365.1	_		traf2_binding_permissive	Motif		PSNFLD	450	456	1	6					
sequence	hmm	20261001_8fb675cb	XP_029191374.1	_		traf6_binding_permissive	Motif		PSEQLL	754	760	1	6					
sequence	hmm	20261001_8fb675cb	XP_029191374.1	_		traf2_binding_variant	Motif		PCNRT	254	259	1	5					
sequence	hmm	20261001_8fb675cb	XP_029191374.1	_		traf2_binding_permissive	Motif		PLCEPG	55	61	1	6					
sequence	hmm	20261001_8fb675cb	XP_029191374.1	_		traf2_binding_permissive	Motif		PKCQNG	176	182	1	6					
sequence	hmm	20261001_8fb675cb	XP_029191374.1	_		traf2_binding_permissive	Motif		PCNRT	254	259	1	5					
sequence	hmm	20261001_8fb675cb	XP_029191374.1	_		traf2_binding_permissive	Motif		PGRNPSE	750	757	1	7					
sequence	hmm	20261001_8fb675cb	XP_029191377.1	_		traf6_binding_strict	Motif		PAEAGE	281	287	1	6					
sequence	hmm	20261001_8fb675cb	XP_029191377.1	_		traf6_binding_permissive	Motif		PAEAGE	281	287	1	6					
sequence	hmm	20261001_8fb675cb	XP_029191377.1	_		traf6_binding_permissive	Motif		PMQSTF	357	363	1	6					
sequence	hmm	20261001_8fb675cb	XP_029191377.1	_		traf2_binding_strict	Motif		PMQST	357	362	1	5					
sequence	hmm	20261001_8fb675cb	XP_029191377.1	_		traf2_binding_variant	Motif		PAEAG	281	286	1	5					
sequence	hmm	20261001_8fb675cb	XP_029191377.1	_		traf2_binding_variant	Motif		PMQST	357	362	1	5					
sequence	hmm	20261001_8fb675cb	XP_029191377.1	_		traf2_binding_permissive	Motif		PEGQGLS	64	71	1	7					
sequence	hmm	20261001_8fb675cb	XP_029191377.1	_		traf2_binding_permissive	Motif		PAEAGE	281	287	1	6					
sequence	hmm	20261001_8fb675cb	XP_029191377.1	_		traf2_binding_permissive	Motif		PMQST	357	362	1	5					
sequence	hmm	20261001_8fb675cb	XP_029191378.1	_		traf6_binding_strict	Motif		PAEAGE	281	287	1	6					
sequence	hmm	20261001_8fb675cb	XP_029191378.1	_		traf6_binding_permissive	Motif		PAEAGE	281	287	1	6					
sequence	hmm	20261001_8fb675cb	XP_029191378.1	_		traf2_binding_strict	Motif		PMQGT	341	346	1	5					
sequence	hmm	20261001_8fb675cb	XP_029191378.1	_		traf2_binding_variant	Motif		PAEAG	281	286	1	5					
sequence	hmm	20261001_8fb675cb	XP_029191378.1	_		traf2_binding_variant	Motif		PMQGT	341	346	1	5					
sequence	hmm	20261001_8fb675cb	XP_029191378.1	_		traf2_binding_permissive	Motif		PEGQGLS	64	71	1	7					
sequence	hmm	20261001_8fb675cb	XP_029191378.1	_		traf2_binding_permissive	Motif		PAEAGE	281	287	1	6					
sequence	hmm	20261001_8fb675cb	XP_029191378.1	_		traf2_binding_permissive	Motif		PMQGT	341	346	1	5					
sequence	hmm	20261001_8fb675cb	XP_029191378.1	_		traf2_binding_permissive	Motif		PSNELIS	411	418	1	7					
sequence	hmm	20261001_8fb675cb	XP_029191379.1	_		traf6_binding_strict	Motif		PAEAGE	281	287	1	6					
sequence	hmm	20261001_8fb675cb	XP_029191379.1	_		traf6_binding_permissive	Motif		PAEAGE	281	287	1	6					
sequence	hmm	20261001_8fb675cb	XP_029191379.1	_		traf2_binding_variant	Motif		PAEAG	281	286	1	5					
sequence	hmm	20261001_8fb675cb	XP_029191379.1	_		traf2_binding_permissive	Motif		PEGQGLS	64	71	1	7					
sequence	hmm	20261001_8fb675cb	XP_029191379.1	_		traf2_binding_permissive	Motif		PAEAGE	281	287	1	6					
sequence	hmm	20261001_8fb675cb	XP_029191379.1	_		traf2_binding_permissive	Motif		PSNELIS	353	360	1	7					
sequence	hmm	20261001_8fb675cb	XP_029191380.1	_		traf6_binding_strict	Motif		PAEAGE	281	287	1	6					
sequence	hmm	20261001_8fb675cb	XP_029191380.1	_		traf6_binding_permissive	Motif		PAEAGE	281	287	1	6					
sequence	hmm	20261001_8fb675cb	XP_029191380.1	_		traf2_binding_strict	Motif		PMQGT	341	346	1	5					
sequence	hmm	20261001_8fb675cb	XP_029191380.1	_		traf2_binding_variant	Motif		PAEAG	281	286	1	5					
sequence	hmm	20261001_8fb675cb	XP_029191380.1	_		traf2_binding_variant	Motif		PMQGT	341	346	1	5					
sequence	hmm	20261001_8fb675cb	XP_029191380.1	_		traf2_binding_permissive	Motif		PEGQGLS	64	71	1	7					
sequence	hmm	20261001_8fb675cb	XP_029191380.1	_		traf2_binding_permissive	Motif		PAEAGE	281	287	1	6					
sequence	hmm	20261001_8fb675cb	XP_029191380.1	_		traf2_binding_permissive	Motif		PMQGT	341	346	1	5					
sequence	hmm	20261001_8fb675cb	XP_029191381.1	_		traf2_binding_permissive	Motif		PVGQQHS	65	72	1	7					
sequence	hmm	20261001_8fb675cb	XP_029191381.1	_		traf2_binding_permissive	Motif		PENTFS	90	96	1	6					
sequence	hmm	20261001_8fb675cb	XP_029191381.1	_		traf2_binding_permissive	Motif		PLLELVA	314	321	1	7					
sequence	hmm	20261001_8fb675cb	XP_029191383.1	_		traf2_binding_variant	Motif		PLQTA	248	253	1	5					
sequence	hmm	20261001_8fb675cb	XP_029191383.1	_		traf2_binding_variant	Motif		PDQTA	301	306	1	5					
sequence	hmm	20261001_8fb675cb	XP_029191383.1	_		traf2_binding_permissive	Motif		PDTEKA	234	240	1	6					
sequence	hmm	20261001_8fb675cb	XP_029191383.1	_		traf2_binding_permissive	Motif		PLQTA	248	253	1	5					
sequence	hmm	20261001_8fb675cb	XP_029191383.1	_		traf2_binding_permissive	Motif		PDQTAA	301	307	1	6					
sequence	hmm	20261001_8fb675cb	XP_029191384.1	_		traf2_binding_variant	Motif		PLQTA	233	238	1	5					
sequence	hmm	20261001_8fb675cb	XP_029191384.1	_		traf2_binding_variant	Motif		PDQTA	286	291	1	5					
sequence	hmm	20261001_8fb675cb	XP_029191384.1	_		traf2_binding_permissive	Motif		PDTEKA	219	225	1	6					
sequence	hmm	20261001_8fb675cb	XP_029191384.1	_		traf2_binding_permissive	Motif		PLQTA	233	238	1	5					
sequence	hmm	20261001_8fb675cb	XP_029191384.1	_		traf2_binding_permissive	Motif		PDQTAA	286	292	1	6					
sequence	hmm	20261001_8fb675cb	XP_029199050.1	_		traf6_binding_strict	Motif		PLEFQE	398	404	1	6					
sequence	hmm	20261001_8fb675cb	XP_029199050.1	_		traf6_binding_permissive	Motif		PEQKVE	367	373	1	6					
sequence	hmm	20261001_8fb675cb	XP_029199050.1	_		traf6_binding_permissive	Motif		PLEFQE	398	404	1	6					
sequence	hmm	20261001_8fb675cb	XP_029199050.1	_		traf2_binding_variant	Motif		PCNQE	244	249	1	5					
sequence	hmm	20261001_8fb675cb	XP_029199050.1	_		traf2_binding_permissive	Motif		PKCQND	165	171	1	6					
sequence	hmm	20261001_8fb675cb	XP_029199050.1	_		traf2_binding_permissive	Motif		PCNQEND	244	251	1	7					
sequence	hmm	20261001_8fb675cb	XP_029199050.1	_		traf2_binding_permissive	Motif		PEQKVE	367	373	1	6					
sequence	hmm	20261001_8fb675cb	XP_029199050.1	_		traf2_binding_permissive	Motif		PLEFQE	398	404	1	6					
sequence	hmm	20261001_8fb675cb	XP_029199050.1	_		traf2_binding_permissive	Motif		PAGNSD	504	510	1	6					
sequence	hmm	20261001_8fb675cb	XP_029199050.1	_		traf2_binding_permissive	Motif		PFGNYKE	650	657	1	7					
sequence	hmm	20261001_8fb675cb	XP_029199050.1	_		traf2_binding_permissive	Motif		PHQMVT	662	668	1	6					
sequence	hmm	20261001_8fb675cb	XP_029199051.1	_		traf6_binding_permissive	Motif		PDEVFI	393	399	1	6					
sequence	hmm	20261001_8fb675cb	XP_029199051.1	_		traf2_binding_permissive	Motif		PKCQND	174	180	1	6					
sequence	hmm	20261001_8fb675cb	XP_029199051.1	_		traf2_binding_permissive	Motif		PFPECGS	204	211	1	7					
sequence	hmm	20261001_8fb675cb	XP_029199051.1	_		traf2_binding_permissive	Motif		PHSNFLG	312	319	1	7					
sequence	hmm	20261001_8fb675cb	XP_029199051.1	_		traf2_binding_permissive	Motif		PENFIS	371	377	1	6					
sequence	hmm	20261001_8fb675cb	XP_029199051.1	_		traf2_binding_permissive	Motif		PSGNYKD	643	650	1	7					
sequence	hmm	20261001_8fb675cb	XP_029199052.1	_		traf6_binding_permissive	Motif		PDEVFI	387	393	1	6					
sequence	hmm	20261001_8fb675cb	XP_029199052.1	_		traf2_binding_permissive	Motif		PKCQND	168	174	1	6					
sequence	hmm	20261001_8fb675cb	XP_029199052.1	_		traf2_binding_permissive	Motif		PFPECGS	198	205	1	7					
sequence	hmm	20261001_8fb675cb	XP_029199052.1	_		traf2_binding_permissive	Motif		PHSNFLG	306	313	1	7					
sequence	hmm	20261001_8fb675cb	XP_029199052.1	_		traf2_binding_permissive	Motif		PENFIS	365	371	1	6					
sequence	hmm	20261001_8fb675cb	XP_029199052.1	_		traf2_binding_permissive	Motif		PSGNYKD	637	644	1	7					
sequence	hmm	20261001_8fb675cb	XP_029199053.1	_		traf6_binding_permissive	Motif		PDEVFI	393	399	1	6					
sequence	hmm	20261001_8fb675cb	XP_029199053.1	_		traf2_binding_permissive	Motif		PKCQND	174	180	1	6					
sequence	hmm	20261001_8fb675cb	XP_029199053.1	_		traf2_binding_permissive	Motif		PFPECGS	204	211	1	7					
sequence	hmm	20261001_8fb675cb	XP_029199053.1	_		traf2_binding_permissive	Motif		PHSNFLG	312	319	1	7					
sequence	hmm	20261001_8fb675cb	XP_029199053.1	_		traf2_binding_permissive	Motif		PENFIS	371	377	1	6					
sequence	hmm	20261001_8fb675cb	XP_029199053.1	_		traf2_binding_permissive	Motif		PSGNYKD	594	601	1	7					
sequence	hmm	20261001_8fb675cb	XP_029199054.1	_		traf6_binding_permissive	Motif		PDEVFI	387	393	1	6					
sequence	hmm	20261001_8fb675cb	XP_029199054.1	_		traf2_binding_permissive	Motif		PKCQND	168	174	1	6					
sequence	hmm	20261001_8fb675cb	XP_029199054.1	_		traf2_binding_permissive	Motif		PFPECGS	198	205	1	7					
sequence	hmm	20261001_8fb675cb	XP_029199054.1	_		traf2_binding_permissive	Motif		PHSNFLG	306	313	1	7					
sequence	hmm	20261001_8fb675cb	XP_029199054.1	_		traf2_binding_permissive	Motif		PENFIS	365	371	1	6					
sequence	hmm	20261001_8fb675cb	XP_029199054.1	_		traf2_binding_permissive	Motif		PSGNYKD	588	595	1	7					
sequence	hmm	20261001_8fb675cb	XP_029199055.1	_		traf6_binding_strict	Motif		PKENGD	264	270	1	6					
sequence	hmm	20261001_8fb675cb	XP_029199055.1	_		traf6_binding_permissive	Motif		PKENGD	264	270	1	6					
sequence	hmm	20261001_8fb675cb	XP_029199055.1	_		traf6_binding_permissive	Motif		PLESLV	335	341	1	6					
sequence	hmm	20261001_8fb675cb	XP_029199055.1	_		traf2_binding_variant	Motif		PKENG	264	269	1	5					
sequence	hmm	20261001_8fb675cb	XP_029199055.1	_		traf2_binding_permissive	Motif		PFPECGS	195	202	1	7					
sequence	hmm	20261001_8fb675cb	XP_029199055.1	_		traf2_binding_permissive	Motif		PKENGD	264	270	1	6					
sequence	hmm	20261001_8fb675cb	XP_029199055.1	_		traf2_binding_permissive	Motif		PENLVT	282	288	1	6					
sequence	hmm	20261001_8fb675cb	XP_029199055.1	_		traf2_binding_permissive	Motif		PIPEGPS	304	311	1	7					
sequence	hmm	20261001_8fb675cb	XP_029199056.1	_		traf6_binding_strict	Motif		PKENGD	264	270	1	6					
sequence	hmm	20261001_8fb675cb	XP_029199056.1	_		traf6_binding_permissive	Motif		PKENGD	264	270	1	6					
sequence	hmm	20261001_8fb675cb	XP_029199056.1	_		traf6_binding_permissive	Motif		PLESLV	332	338	1	6					
sequence	hmm	20261001_8fb675cb	XP_029199056.1	_		traf2_binding_variant	Motif		PKENG	264	269	1	5					
sequence	hmm	20261001_8fb675cb	XP_029199056.1	_		traf2_binding_permissive	Motif		PFPECGS	195	202	1	7					
sequence	hmm	20261001_8fb675cb	XP_029199056.1	_		traf2_binding_permissive	Motif		PKENGD	264	270	1	6					
sequence	hmm	20261001_8fb675cb	XP_029199056.1	_		traf2_binding_permissive	Motif		PENLVT	282	288	1	6					
sequence	hmm	20261001_8fb675cb	XP_029199056.1	_		traf2_binding_permissive	Motif		PIPEGPS	304	311	1	7					
sequence	hmm	20261001_8fb675cb	XP_029202572.1	_		traf2_binding_strict	Motif		PEEHS	226	231	1	5					
sequence	hmm	20261001_8fb675cb	XP_029202572.1	_		traf2_binding_strict	Motif		PREPS	373	378	1	5					
sequence	hmm	20261001_8fb675cb	XP_029202572.1	_		traf2_binding_variant	Motif		PEEHS	226	231	1	5					
sequence	hmm	20261001_8fb675cb	XP_029202572.1	_		traf2_binding_variant	Motif		PREPS	373	378	1	5					
sequence	hmm	20261001_8fb675cb	XP_029202572.1	_		traf2_binding_variant	Motif		PTQLA	406	411	1	5					
sequence	hmm	20261001_8fb675cb	XP_029202572.1	_		traf2_binding_permissive	Motif		PEEHSS	226	232	1	6					
sequence	hmm	20261001_8fb675cb	XP_029202572.1	_		traf2_binding_permissive	Motif		PFSNPST	324	331	1	7					
sequence	hmm	20261001_8fb675cb	XP_029202572.1	_		traf2_binding_permissive	Motif		PREPST	373	379	1	6					
sequence	hmm	20261001_8fb675cb	XP_029202572.1	_		traf2_binding_permissive	Motif		PHFELD	388	394	1	6					
sequence	hmm	20261001_8fb675cb	XP_029202572.1	_		traf2_binding_permissive	Motif		PTQLA	406	411	1	5					
sequence	hmm	20261001_8fb675cb	XP_029202572.1	_		traf2_binding_permissive	Motif		PALNST	509	515	1	6					
sequence	hmm	20261001_8fb675cb	XP_029202572.1	_		traf2_binding_permissive	Motif		PDVQCMS	534	541	1	7					
sequence	hmm	20261001_8fb675cb	XP_029202572.1	_		traf2_binding_permissive	Motif		PDGNQQS	579	586	1	7					
sequence	hmm	20261001_8fb675cb	XP_029202572.1	_		traf2_binding_permissive	Motif		PETNERT	602	609	1	7					
sequence	hmm	20261001_8fb675cb	XP_029202600.1	_		traf6_binding_permissive	Motif		PSQTKE	84	90	1	6					
sequence	hmm	20261001_8fb675cb	XP_029202600.1	_		traf2_binding_strict	Motif		PEEHS	156	161	1	5					
sequence	hmm	20261001_8fb675cb	XP_029202600.1	_		traf2_binding_strict	Motif		PWEPS	306	311	1	5					
sequence	hmm	20261001_8fb675cb	XP_029202600.1	_		traf2_binding_variant	Motif		PEEHS	156	161	1	5					
sequence	hmm	20261001_8fb675cb	XP_029202600.1	_		traf2_binding_variant	Motif		PWEPS	306	311	1	5					
sequence	hmm	20261001_8fb675cb	XP_029202600.1	_		traf2_binding_permissive	Motif		PSQTKE	84	90	1	6					
sequence	hmm	20261001_8fb675cb	XP_029202600.1	_		traf2_binding_permissive	Motif		PEEHSS	156	162	1	6					
sequence	hmm	20261001_8fb675cb	XP_029202600.1	_		traf2_binding_permissive	Motif		PWEPST	306	312	1	6					
sequence	hmm	20261001_8fb675cb	XP_029202600.1	_		traf2_binding_permissive	Motif		PETNERT	525	532	1	7					
sequence	hmm	20261001_8fb675cb	XP_029202600.1	_		traf2_binding_permissive	Motif		PETNLIS	642	649	1	7					
sequence	hmm	20261001_8fb675cb	XP_029202600.1	_		traf2_binding_permissive	Motif		PASQIYS	713	720	1	7					
sequence	hmm	20261001_8fb675cb	XP_029202600.1	_		traf2_binding_permissive	Motif		PVTEQD	822	828	1	6					
sequence	hmm	20261001_8fb675cb	XP_029202601.1	_		traf2_binding_strict	Motif		PEEHS	162	167	1	5					
sequence	hmm	20261001_8fb675cb	XP_029202601.1	_		traf2_binding_variant	Motif		PEEHS	162	167	1	5					
sequence	hmm	20261001_8fb675cb	XP_029202601.1	_		traf2_binding_permissive	Motif		PEEHSS	162	168	1	6					
sequence	hmm	20261001_8fb675cb	XP_029202601.1	_		traf2_binding_permissive	Motif		PFSNPST	228	235	1	7					
sequence	hmm	20261001_8fb675cb	XP_029202601.1	_		traf2_binding_permissive	Motif		PHFEQD	275	281	1	6					
sequence	hmm	20261001_8fb675cb	XP_029202601.1	_		traf2_binding_permissive	Motif		PYSESS	297	303	1	6					
sequence	hmm	20261001_8fb675cb	XP_029202601.1	_		traf2_binding_permissive	Motif		PDVQCMS	418	425	1	7					
sequence	hmm	20261001_8fb675cb	XP_029202601.1	_		traf2_binding_permissive	Motif		PETNERT	486	493	1	7					
sequence	hmm	20261001_8fb675cb	XP_029202601.1	_		traf2_binding_permissive	Motif		PASNLIS	603	610	1	7					
sequence	hmm	20261001_8fb675cb	XP_029202601.1	_		traf2_binding_permissive	Motif		PASQIYS	674	681	1	7					
sequence	hmm	20261001_8fb675cb	XP_029202601.1	_		traf2_binding_permissive	Motif		PIANCST	701	708	1	7					
sequence	hmm	20261001_8fb675cb	XP_029202601.1	_		traf2_binding_permissive	Motif		PVTELD	783	789	1	6					
sequence	hmm	20261001_8fb675cb	XP_029202602.1	_		traf2_binding_strict	Motif		PEEHS	160	165	1	5					
sequence	hmm	20261001_8fb675cb	XP_029202602.1	_		traf2_binding_variant	Motif		PEEHS	160	165	1	5					
sequence	hmm	20261001_8fb675cb	XP_029202602.1	_		traf2_binding_permissive	Motif		PEEHSS	160	166	1	6					
sequence	hmm	20261001_8fb675cb	XP_029202602.1	_		traf2_binding_permissive	Motif		PFSNPST	226	233	1	7					
sequence	hmm	20261001_8fb675cb	XP_029202602.1	_		traf2_binding_permissive	Motif		PHFEQD	273	279	1	6					
sequence	hmm	20261001_8fb675cb	XP_029202602.1	_		traf2_binding_permissive	Motif		PYSESS	295	301	1	6					
sequence	hmm	20261001_8fb675cb	XP_029202602.1	_		traf2_binding_permissive	Motif		PDVQCMS	416	423	1	7					
sequence	hmm	20261001_8fb675cb	XP_029202602.1	_		traf2_binding_permissive	Motif		PETNERT	484	491	1	7					
sequence	hmm	20261001_8fb675cb	XP_029202602.1	_		traf2_binding_permissive	Motif		PASNLIS	601	608	1	7					
sequence	hmm	20261001_8fb675cb	XP_029202602.1	_		traf2_binding_permissive	Motif		PASQIYS	672	679	1	7					
sequence	hmm	20261001_8fb675cb	XP_029202602.1	_		traf2_binding_permissive	Motif		PIANCST	699	706	1	7					
sequence	hmm	20261001_8fb675cb	XP_029202602.1	_		traf2_binding_permissive	Motif		PVTELD	781	787	1	6					
sequence	hmm	20261001_8fb675cb	XP_029202603.1	_		traf2_binding_strict	Motif		PEETS	162	167	1	5					
sequence	hmm	20261001_8fb675cb	XP_029202603.1	_		traf2_binding_variant	Motif		PEETS	162	167	1	5					
sequence	hmm	20261001_8fb675cb	XP_029202603.1	_		traf2_binding_permissive	Motif		PEETSA	162	168	1	6					
sequence	hmm	20261001_8fb675cb	XP_029202603.1	_		traf2_binding_permissive	Motif		PFSNPST	193	200	1	7					
sequence	hmm	20261001_8fb675cb	XP_029202603.1	_		traf2_binding_permissive	Motif		PHFEQD	240	246	1	6					
sequence	hmm	20261001_8fb675cb	XP_029202603.1	_		traf2_binding_permissive	Motif		PYSESS	262	268	1	6					
sequence	hmm	20261001_8fb675cb	XP_029202603.1	_		traf2_binding_permissive	Motif		PDVQCMS	383	390	1	7					
sequence	hmm	20261001_8fb675cb	XP_029202603.1	_		traf2_binding_permissive	Motif		PETNERT	451	458	1	7					
sequence	hmm	20261001_8fb675cb	XP_029202603.1	_		traf2_binding_permissive	Motif		PASNLIS	568	575	1	7					
sequence	hmm	20261001_8fb675cb	XP_029202603.1	_		traf2_binding_permissive	Motif		PASQIYS	639	646	1	7					
sequence	hmm	20261001_8fb675cb	XP_029202603.1	_		traf2_binding_permissive	Motif		PIANCST	666	673	1	7					
sequence	hmm	20261001_8fb675cb	XP_029202603.1	_		traf2_binding_permissive	Motif		PVTELD	748	754	1	6					
sequence	hmm	20261001_8fb675cb	XP_029205124.1	_		traf6_binding_strict	Motif		PRETTE	177	183	1	6					
sequence	hmm	20261001_8fb675cb	XP_029205124.1	_		traf6_binding_permissive	Motif		PRETTE	177	183	1	6					
sequence	hmm	20261001_8fb675cb	XP_029205124.1	_		traf6_binding_permissive	Motif		PTEAFL	333	339	1	6					
sequence	hmm	20261001_8fb675cb	XP_029205124.1	_		traf2_binding_strict	Motif		PRETT	177	182	1	5					
sequence	hmm	20261001_8fb675cb	XP_029205124.1	_		traf2_binding_variant	Motif		PRETT	177	182	1	5					
sequence	hmm	20261001_8fb675cb	XP_029205124.1	_		traf2_binding_permissive	Motif		PRETTE	177	183	1	6					
sequence	hmm	20261001_8fb675cb	XP_029205125.1	_		traf6_binding_strict	Motif		PRETTE	166	172	1	6					
sequence	hmm	20261001_8fb675cb	XP_029205125.1	_		traf6_binding_permissive	Motif		PRETTE	166	172	1	6					
sequence	hmm	20261001_8fb675cb	XP_029205125.1	_		traf6_binding_permissive	Motif		PTEAFL	322	328	1	6					
sequence	hmm	20261001_8fb675cb	XP_029205125.1	_		traf2_binding_strict	Motif		PRETT	166	171	1	5					
sequence	hmm	20261001_8fb675cb	XP_029205125.1	_		traf2_binding_variant	Motif		PRETT	166	171	1	5					
sequence	hmm	20261001_8fb675cb	XP_029205125.1	_		traf2_binding_permissive	Motif		PRETTE	166	172	1	6					
sequence	hmm	20261001_8fb675cb	XP_029205126.1	_		traf6_binding_strict	Motif		PRETTE	166	172	1	6					
sequence	hmm	20261001_8fb675cb	XP_029205126.1	_		traf6_binding_permissive	Motif		PRETTE	166	172	1	6					
sequence	hmm	20261001_8fb675cb	XP_029205126.1	_		traf6_binding_permissive	Motif		PTEAFL	322	328	1	6					
sequence	hmm	20261001_8fb675cb	XP_029205126.1	_		traf2_binding_strict	Motif		PRETT	166	171	1	5					
sequence	hmm	20261001_8fb675cb	XP_029205126.1	_		traf2_binding_variant	Motif		PRETT	166	171	1	5					
sequence	hmm	20261001_8fb675cb	XP_029205126.1	_		traf2_binding_permissive	Motif		PRETTE	166	172	1	6					
sequence	hmm	20261001_8fb675cb	XP_029205348.1	_		traf6_binding_permissive	Motif		PCENGH	46	52	1	6					
sequence	hmm	20261001_8fb675cb	XP_029205348.1	_		traf6_binding_permissive	Motif		PCEKGK	126	132	1	6					
sequence	hmm	20261001_8fb675cb	XP_029205348.1	_		traf6_binding_permissive	Motif		PFEASL	219	225	1	6					
sequence	hmm	20261001_8fb675cb	XP_029205348.1	_		traf2_binding_strict	Motif		PFEAS	219	224	1	5					
sequence	hmm	20261001_8fb675cb	XP_029205348.1	_		traf2_binding_variant	Motif		PCENG	46	51	1	5					
sequence	hmm	20261001_8fb675cb	XP_029205348.1	_		traf2_binding_variant	Motif		PCEKG	126	131	1	5					
sequence	hmm	20261001_8fb675cb	XP_029205348.1	_		traf2_binding_variant	Motif		PFEAS	219	224	1	5					
sequence	hmm	20261001_8fb675cb	XP_029205348.1	_		traf2_binding_variant	Motif		PGQEA	306	311	1	5					
sequence	hmm	20261001_8fb675cb	XP_029205348.1	_		traf2_binding_variant	Motif		PCNCS	571	576	1	5					
sequence	hmm	20261001_8fb675cb	XP_029205348.1	_		traf2_binding_permissive	Motif		PCENG	46	51	1	5					
sequence	hmm	20261001_8fb675cb	XP_029205348.1	_		traf2_binding_permissive	Motif		PCEKG	126	131	1	5					
sequence	hmm	20261001_8fb675cb	XP_029205348.1	_		traf2_binding_permissive	Motif		PVTQSMT	207	214	1	7					
sequence	hmm	20261001_8fb675cb	XP_029205348.1	_		traf2_binding_permissive	Motif		PFEAS	219	224	1	5					
sequence	hmm	20261001_8fb675cb	XP_029205348.1	_		traf2_binding_permissive	Motif		PGQEAG	306	312	1	6					
sequence	hmm	20261001_8fb675cb	XP_029205348.1	_		traf2_binding_permissive	Motif		PADERT	358	364	1	6					
sequence	hmm	20261001_8fb675cb	XP_029205348.1	_		traf2_binding_permissive	Motif		PCNCSG	571	577	1	6					
sequence	hmm	20261001_8fb675cb	XP_029205349.1	_		traf6_binding_permissive	Motif		PCENGH	39	45	1	6					
sequence	hmm	20261001_8fb675cb	XP_029205349.1	_		traf6_binding_permissive	Motif		PCEKGK	119	125	1	6					
sequence	hmm	20261001_8fb675cb	XP_029205349.1	_		traf6_binding_permissive	Motif		PFEASL	212	218	1	6					
sequence	hmm	20261001_8fb675cb	XP_029205349.1	_		traf2_binding_strict	Motif		PFEAS	212	217	1	5					
sequence	hmm	20261001_8fb675cb	XP_029205349.1	_		traf2_binding_variant	Motif		PCENG	39	44	1	5					
sequence	hmm	20261001_8fb675cb	XP_029205349.1	_		traf2_binding_variant	Motif		PCEKG	119	124	1	5					
sequence	hmm	20261001_8fb675cb	XP_029205349.1	_		traf2_binding_variant	Motif		PFEAS	212	217	1	5					
sequence	hmm	20261001_8fb675cb	XP_029205349.1	_		traf2_binding_variant	Motif		PGQEA	299	304	1	5					
sequence	hmm	20261001_8fb675cb	XP_029205349.1	_		traf2_binding_variant	Motif		PCNCS	564	569	1	5					
sequence	hmm	20261001_8fb675cb	XP_029205349.1	_		traf2_binding_permissive	Motif		PCENG	39	44	1	5					
sequence	hmm	20261001_8fb675cb	XP_029205349.1	_		traf2_binding_permissive	Motif		PCEKG	119	124	1	5					
sequence	hmm	20261001_8fb675cb	XP_029205349.1	_		traf2_binding_permissive	Motif		PVTQSMT	200	207	1	7					
sequence	hmm	20261001_8fb675cb	XP_029205349.1	_		traf2_binding_permissive	Motif		PFEAS	212	217	1	5					
sequence	hmm	20261001_8fb675cb	XP_029205349.1	_		traf2_binding_permissive	Motif		PGQEAG	299	305	1	6					
sequence	hmm	20261001_8fb675cb	XP_029205349.1	_		traf2_binding_permissive	Motif		PADERT	351	357	1	6					
sequence	hmm	20261001_8fb675cb	XP_029205349.1	_		traf2_binding_permissive	Motif		PCNCSG	564	570	1	6					
sequence	hmm	20261001_8fb675cb	XP_029205350.1	_		traf6_binding_permissive	Motif		PCENGH	39	45	1	6					
sequence	hmm	20261001_8fb675cb	XP_029205350.1	_		traf6_binding_permissive	Motif		PCEKGK	119	125	1	6					
sequence	hmm	20261001_8fb675cb	XP_029205350.1	_		traf6_binding_permissive	Motif		PFEASL	212	218	1	6					
sequence	hmm	20261001_8fb675cb	XP_029205350.1	_		traf2_binding_strict	Motif		PFEAS	212	217	1	5					
sequence	hmm	20261001_8fb675cb	XP_029205350.1	_		traf2_binding_variant	Motif		PCENG	39	44	1	5					
sequence	hmm	20261001_8fb675cb	XP_029205350.1	_		traf2_binding_variant	Motif		PCEKG	119	124	1	5					
sequence	hmm	20261001_8fb675cb	XP_029205350.1	_		traf2_binding_variant	Motif		PFEAS	212	217	1	5					
sequence	hmm	20261001_8fb675cb	XP_029205350.1	_		traf2_binding_variant	Motif		PGQEA	299	304	1	5					
sequence	hmm	20261001_8fb675cb	XP_029205350.1	_		traf2_binding_variant	Motif		PCNCS	564	569	1	5					
sequence	hmm	20261001_8fb675cb	XP_029205350.1	_		traf2_binding_permissive	Motif		PCENG	39	44	1	5					
sequence	hmm	20261001_8fb675cb	XP_029205350.1	_		traf2_binding_permissive	Motif		PCEKG	119	124	1	5					
sequence	hmm	20261001_8fb675cb	XP_029205350.1	_		traf2_binding_permissive	Motif		PVTQSMT	200	207	1	7					
sequence	hmm	20261001_8fb675cb	XP_029205350.1	_		traf2_binding_permissive	Motif		PFEAS	212	217	1	5					
sequence	hmm	20261001_8fb675cb	XP_029205350.1	_		traf2_binding_permissive	Motif		PGQEAG	299	305	1	6					
sequence	hmm	20261001_8fb675cb	XP_029205350.1	_		traf2_binding_permissive	Motif		PADERT	351	357	1	6					
sequence	hmm	20261001_8fb675cb	XP_029205350.1	_		traf2_binding_permissive	Motif		PCNCSG	564	570	1	6					
sequence	hmm	20261001_8fb675cb	XP_029205351.1	_		traf6_binding_permissive	Motif		PCENGH	39	45	1	6					
sequence	hmm	20261001_8fb675cb	XP_029205351.1	_		traf6_binding_permissive	Motif		PCEKGK	119	125	1	6					
sequence	hmm	20261001_8fb675cb	XP_029205351.1	_		traf6_binding_permissive	Motif		PFEASL	212	218	1	6					
sequence	hmm	20261001_8fb675cb	XP_029205351.1	_		traf2_binding_strict	Motif		PFEAS	212	217	1	5					
sequence	hmm	20261001_8fb675cb	XP_029205351.1	_		traf2_binding_variant	Motif		PCENG	39	44	1	5					
sequence	hmm	20261001_8fb675cb	XP_029205351.1	_		traf2_binding_variant	Motif		PCEKG	119	124	1	5					
sequence	hmm	20261001_8fb675cb	XP_029205351.1	_		traf2_binding_variant	Motif		PFEAS	212	217	1	5					
sequence	hmm	20261001_8fb675cb	XP_029205351.1	_		traf2_binding_variant	Motif		PGQEA	299	304	1	5					
sequence	hmm	20261001_8fb675cb	XP_029205351.1	_		traf2_binding_variant	Motif		PCNCS	564	569	1	5					
sequence	hmm	20261001_8fb675cb	XP_029205351.1	_		traf2_binding_permissive	Motif		PCENG	39	44	1	5					
sequence	hmm	20261001_8fb675cb	XP_029205351.1	_		traf2_binding_permissive	Motif		PCEKG	119	124	1	5					
sequence	hmm	20261001_8fb675cb	XP_029205351.1	_		traf2_binding_permissive	Motif		PVTQSMT	200	207	1	7					
sequence	hmm	20261001_8fb675cb	XP_029205351.1	_		traf2_binding_permissive	Motif		PFEAS	212	217	1	5					
sequence	hmm	20261001_8fb675cb	XP_029205351.1	_		traf2_binding_permissive	Motif		PGQEAG	299	305	1	6					
sequence	hmm	20261001_8fb675cb	XP_029205351.1	_		traf2_binding_permissive	Motif		PADERT	351	357	1	6					
sequence	hmm	20261001_8fb675cb	XP_029205351.1	_		traf2_binding_permissive	Motif		PCNCSG	564	570	1	6					
sequence	hmm	20261001_8fb675cb	XP_029205352.1	_		traf6_binding_permissive	Motif		PCENGH	25	31	1	6					
sequence	hmm	20261001_8fb675cb	XP_029205352.1	_		traf6_binding_permissive	Motif		PCEKGK	105	111	1	6					
sequence	hmm	20261001_8fb675cb	XP_029205352.1	_		traf6_binding_permissive	Motif		PFEASL	198	204	1	6					
sequence	hmm	20261001_8fb675cb	XP_029205352.1	_		traf2_binding_strict	Motif		PFEAS	198	203	1	5					
sequence	hmm	20261001_8fb675cb	XP_029205352.1	_		traf2_binding_variant	Motif		PCENG	25	30	1	5					
sequence	hmm	20261001_8fb675cb	XP_029205352.1	_		traf2_binding_variant	Motif		PCEKG	105	110	1	5					
sequence	hmm	20261001_8fb675cb	XP_029205352.1	_		traf2_binding_variant	Motif		PFEAS	198	203	1	5					
sequence	hmm	20261001_8fb675cb	XP_029205352.1	_		traf2_binding_variant	Motif		PGQEA	285	290	1	5					
sequence	hmm	20261001_8fb675cb	XP_029205352.1	_		traf2_binding_variant	Motif		PCNCS	550	555	1	5					
sequence	hmm	20261001_8fb675cb	XP_029205352.1	_		traf2_binding_permissive	Motif		PCENG	25	30	1	5					
sequence	hmm	20261001_8fb675cb	XP_029205352.1	_		traf2_binding_permissive	Motif		PCEKG	105	110	1	5					
sequence	hmm	20261001_8fb675cb	XP_029205352.1	_		traf2_binding_permissive	Motif		PVTQSMT	186	193	1	7					
sequence	hmm	20261001_8fb675cb	XP_029205352.1	_		traf2_binding_permissive	Motif		PFEAS	198	203	1	5					
sequence	hmm	20261001_8fb675cb	XP_029205352.1	_		traf2_binding_permissive	Motif		PGQEAG	285	291	1	6					
sequence	hmm	20261001_8fb675cb	XP_029205352.1	_		traf2_binding_permissive	Motif		PADERT	337	343	1	6					
sequence	hmm	20261001_8fb675cb	XP_029205352.1	_		traf2_binding_permissive	Motif		PCNCSG	550	556	1	6					
sequence	hmm	20261001_8fb675cb	XP_029205353.1	_		traf6_binding_permissive	Motif		PCENGH	25	31	1	6					
sequence	hmm	20261001_8fb675cb	XP_029205353.1	_		traf6_binding_permissive	Motif		PCEKGK	105	111	1	6					
sequence	hmm	20261001_8fb675cb	XP_029205353.1	_		traf6_binding_permissive	Motif		PFEASL	198	204	1	6					
sequence	hmm	20261001_8fb675cb	XP_029205353.1	_		traf2_binding_strict	Motif		PFEAS	198	203	1	5					
sequence	hmm	20261001_8fb675cb	XP_029205353.1	_		traf2_binding_variant	Motif		PCENG	25	30	1	5					
sequence	hmm	20261001_8fb675cb	XP_029205353.1	_		traf2_binding_variant	Motif		PCEKG	105	110	1	5					
sequence	hmm	20261001_8fb675cb	XP_029205353.1	_		traf2_binding_variant	Motif		PFEAS	198	203	1	5					
sequence	hmm	20261001_8fb675cb	XP_029205353.1	_		traf2_binding_variant	Motif		PGQEA	285	290	1	5					
sequence	hmm	20261001_8fb675cb	XP_029205353.1	_		traf2_binding_variant	Motif		PCNCS	550	555	1	5					
sequence	hmm	20261001_8fb675cb	XP_029205353.1	_		traf2_binding_permissive	Motif		PCENG	25	30	1	5					
sequence	hmm	20261001_8fb675cb	XP_029205353.1	_		traf2_binding_permissive	Motif		PCEKG	105	110	1	5					
sequence	hmm	20261001_8fb675cb	XP_029205353.1	_		traf2_binding_permissive	Motif		PVTQSMT	186	193	1	7					
sequence	hmm	20261001_8fb675cb	XP_029205353.1	_		traf2_binding_permissive	Motif		PFEAS	198	203	1	5					
sequence	hmm	20261001_8fb675cb	XP_029205353.1	_		traf2_binding_permissive	Motif		PGQEAG	285	291	1	6					
sequence	hmm	20261001_8fb675cb	XP_029205353.1	_		traf2_binding_permissive	Motif		PADERT	337	343	1	6					
sequence	hmm	20261001_8fb675cb	XP_029205353.1	_		traf2_binding_permissive	Motif		PCNCSG	550	556	1	6					
sequence	hmm	20261001_8fb675cb	XP_029205354.1	_		traf6_binding_permissive	Motif		PCENGH	46	52	1	6					
sequence	hmm	20261001_8fb675cb	XP_029205354.1	_		traf6_binding_permissive	Motif		PCEKGK	126	132	1	6					
sequence	hmm	20261001_8fb675cb	XP_029205354.1	_		traf6_binding_permissive	Motif		PFEASL	219	225	1	6					
sequence	hmm	20261001_8fb675cb	XP_029205354.1	_		traf6_binding_permissive	Motif		PREKWK	333	339	1	6					
sequence	hmm	20261001_8fb675cb	XP_029205354.1	_		traf2_binding_strict	Motif		PFEAS	219	224	1	5					
sequence	hmm	20261001_8fb675cb	XP_029205354.1	_		traf2_binding_variant	Motif		PCENG	46	51	1	5					
sequence	hmm	20261001_8fb675cb	XP_029205354.1	_		traf2_binding_variant	Motif		PCEKG	126	131	1	5					
sequence	hmm	20261001_8fb675cb	XP_029205354.1	_		traf2_binding_variant	Motif		PFEAS	219	224	1	5					
sequence	hmm	20261001_8fb675cb	XP_029205354.1	_		traf2_binding_variant	Motif		PGQEA	306	311	1	5					
sequence	hmm	20261001_8fb675cb	XP_029205354.1	_		traf2_binding_permissive	Motif		PCENG	46	51	1	5					
sequence	hmm	20261001_8fb675cb	XP_029205354.1	_		traf2_binding_permissive	Motif		PCEKG	126	131	1	5					
sequence	hmm	20261001_8fb675cb	XP_029205354.1	_		traf2_binding_permissive	Motif		PVTQSMT	207	214	1	7					
sequence	hmm	20261001_8fb675cb	XP_029205354.1	_		traf2_binding_permissive	Motif		PFEAS	219	224	1	5					
sequence	hmm	20261001_8fb675cb	XP_029205354.1	_		traf2_binding_permissive	Motif		PGQEAGS	306	313	1	7					
sequence	hmm	20261001_8fb675cb	XP_029205355.1	_		traf6_binding_permissive	Motif		PCENGH	46	52	1	6					
sequence	hmm	20261001_8fb675cb	XP_029205355.1	_		traf6_binding_permissive	Motif		PCEKGK	126	132	1	6					
sequence	hmm	20261001_8fb675cb	XP_029205355.1	_		traf6_binding_permissive	Motif		PFEASL	219	225	1	6					
sequence	hmm	20261001_8fb675cb	XP_029205355.1	_		traf6_binding_permissive	Motif		PREKWK	308	314	1	6					
sequence	hmm	20261001_8fb675cb	XP_029205355.1	_		traf2_binding_strict	Motif		PFEAS	219	224	1	5					
sequence	hmm	20261001_8fb675cb	XP_029205355.1	_		traf2_binding_variant	Motif		PCENG	46	51	1	5					
sequence	hmm	20261001_8fb675cb	XP_029205355.1	_		traf2_binding_variant	Motif		PCEKG	126	131	1	5					
sequence	hmm	20261001_8fb675cb	XP_029205355.1	_		traf2_binding_variant	Motif		PFEAS	219	224	1	5					
sequence	hmm	20261001_8fb675cb	XP_029205355.1	_		traf2_binding_permissive	Motif		PCENG	46	51	1	5					
sequence	hmm	20261001_8fb675cb	XP_029205355.1	_		traf2_binding_permissive	Motif		PCEKG	126	131	1	5					
sequence	hmm	20261001_8fb675cb	XP_029205355.1	_		traf2_binding_permissive	Motif		PVTQSMT	207	214	1	7					
sequence	hmm	20261001_8fb675cb	XP_029205355.1	_		traf2_binding_permissive	Motif		PFEAS	219	224	1	5					
sequence	hmm	20261001_8fb675cb	XP_029205356.1	_		traf6_binding_permissive	Motif		PCENGH	39	45	1	6					
sequence	hmm	20261001_8fb675cb	XP_029205356.1	_		traf6_binding_permissive	Motif		PCEKGK	119	125	1	6					
sequence	hmm	20261001_8fb675cb	XP_029205356.1	_		traf6_binding_permissive	Motif		PFEASL	212	218	1	6					
sequence	hmm	20261001_8fb675cb	XP_029205356.1	_		traf6_binding_permissive	Motif		PREKWK	301	307	1	6					
sequence	hmm	20261001_8fb675cb	XP_029205356.1	_		traf2_binding_strict	Motif		PFEAS	212	217	1	5					
sequence	hmm	20261001_8fb675cb	XP_029205356.1	_		traf2_binding_variant	Motif		PCENG	39	44	1	5					
sequence	hmm	20261001_8fb675cb	XP_029205356.1	_		traf2_binding_variant	Motif		PCEKG	119	124	1	5					
sequence	hmm	20261001_8fb675cb	XP_029205356.1	_		traf2_binding_variant	Motif		PFEAS	212	217	1	5					
sequence	hmm	20261001_8fb675cb	XP_029205356.1	_		traf2_binding_permissive	Motif		PCENG	39	44	1	5					
sequence	hmm	20261001_8fb675cb	XP_029205356.1	_		traf2_binding_permissive	Motif		PCEKG	119	124	1	5					
sequence	hmm	20261001_8fb675cb	XP_029205356.1	_		traf2_binding_permissive	Motif		PVTQSMT	200	207	1	7					
sequence	hmm	20261001_8fb675cb	XP_029205356.1	_		traf2_binding_permissive	Motif		PFEAS	212	217	1	5					
sequence	hmm	20261001_8fb675cb	XP_029209717.1	_		traf6_binding_permissive	Motif		PTQCER	52	58	1	6					
sequence	hmm	20261001_8fb675cb	XP_029209717.1	_		traf6_binding_permissive	Motif		PGQQMI	121	127	1	6					
sequence	hmm	20261001_8fb675cb	XP_029209717.1	_		traf2_binding_variant	Motif		PTQCE	52	57	1	5					
sequence	hmm	20261001_8fb675cb	XP_029209717.1	_		traf2_binding_variant	Motif		PNEAA	333	338	1	5					
sequence	hmm	20261001_8fb675cb	XP_029209717.1	_		traf2_binding_permissive	Motif		PTQCE	52	57	1	5					
sequence	hmm	20261001_8fb675cb	XP_029209717.1	_		traf2_binding_permissive	Motif		PGNSFT	59	65	1	6					
sequence	hmm	20261001_8fb675cb	XP_029209717.1	_		traf2_binding_permissive	Motif		PNEAA	333	338	1	5					
sequence	hmm	20261001_8fb675cb	XP_029211764.1	_		traf6_binding_permissive	Motif		PGEGEI	33	39	1	6					
sequence	hmm	20261001_8fb675cb	XP_029211764.1	_		traf6_binding_permissive	Motif		PIQPFY	569	575	1	6					
sequence	hmm	20261001_8fb675cb	XP_029211764.1	_		traf2_binding_strict	Motif		PFQPS	522	527	1	5					
sequence	hmm	20261001_8fb675cb	XP_029211764.1	_		traf2_binding_variant	Motif		PGEGE	33	38	1	5					
sequence	hmm	20261001_8fb675cb	XP_029211764.1	_		traf2_binding_variant	Motif		PFQPS	522	527	1	5					
sequence	hmm	20261001_8fb675cb	XP_029211764.1	_		traf2_binding_permissive	Motif		PGEGE	33	38	1	5					
sequence	hmm	20261001_8fb675cb	XP_029211764.1	_		traf2_binding_permissive	Motif		PSCNPG	53	59	1	6					
sequence	hmm	20261001_8fb675cb	XP_029211764.1	_		traf2_binding_permissive	Motif		PSCEKG	202	208	1	6					
sequence	hmm	20261001_8fb675cb	XP_029211764.1	_		traf2_binding_permissive	Motif		PICQNIS	290	297	1	7					
sequence	hmm	20261001_8fb675cb	XP_029211764.1	_		traf2_binding_permissive	Motif		PKEENGD	297	304	1	7					
sequence	hmm	20261001_8fb675cb	XP_029211764.1	_		traf2_binding_permissive	Motif		PTCNRD	374	380	1	6					
sequence	hmm	20261001_8fb675cb	XP_029211764.1	_		traf2_binding_permissive	Motif		PPEIQS	434	440	1	6					
sequence	hmm	20261001_8fb675cb	XP_029211764.1	_		traf2_binding_permissive	Motif		PGCQEPT	497	504	1	7					
sequence	hmm	20261001_8fb675cb	XP_029211764.1	_		traf2_binding_permissive	Motif		PFQPS	522	527	1	5					
sequence	hmm	20261001_8fb675cb	XP_029211765.1	_		traf6_binding_permissive	Motif		PGEGEI	33	39	1	6					
sequence	hmm	20261001_8fb675cb	XP_029211765.1	_		traf6_binding_permissive	Motif		PIQPFY	569	575	1	6					
sequence	hmm	20261001_8fb675cb	XP_029211765.1	_		traf2_binding_strict	Motif		PFQPS	522	527	1	5					
sequence	hmm	20261001_8fb675cb	XP_029211765.1	_		traf2_binding_variant	Motif		PGEGE	33	38	1	5					
sequence	hmm	20261001_8fb675cb	XP_029211765.1	_		traf2_binding_variant	Motif		PFQPS	522	527	1	5					
sequence	hmm	20261001_8fb675cb	XP_029211765.1	_		traf2_binding_permissive	Motif		PGEGE	33	38	1	5					
sequence	hmm	20261001_8fb675cb	XP_029211765.1	_		traf2_binding_permissive	Motif		PSCNPG	53	59	1	6					
sequence	hmm	20261001_8fb675cb	XP_029211765.1	_		traf2_binding_permissive	Motif		PSCEKG	202	208	1	6					
sequence	hmm	20261001_8fb675cb	XP_029211765.1	_		traf2_binding_permissive	Motif		PICQNIS	290	297	1	7					
sequence	hmm	20261001_8fb675cb	XP_029211765.1	_		traf2_binding_permissive	Motif		PKEENGD	297	304	1	7					
sequence	hmm	20261001_8fb675cb	XP_029211765.1	_		traf2_binding_permissive	Motif		PTCNRD	374	380	1	6					
sequence	hmm	20261001_8fb675cb	XP_029211765.1	_		traf2_binding_permissive	Motif		PPEIQS	434	440	1	6					
sequence	hmm	20261001_8fb675cb	XP_029211765.1	_		traf2_binding_permissive	Motif		PGCQEPT	497	504	1	7					
sequence	hmm	20261001_8fb675cb	XP_029211765.1	_		traf2_binding_permissive	Motif		PFQPS	522	527	1	5					
sequence	hmm	20261001_8fb675cb	XP_029211766.1	_		traf6_binding_permissive	Motif		PGEGEI	33	39	1	6					
sequence	hmm	20261001_8fb675cb	XP_029211766.1	_		traf6_binding_permissive	Motif		PIQPFY	557	563	1	6					
sequence	hmm	20261001_8fb675cb	XP_029211766.1	_		traf2_binding_strict	Motif		PFQPS	510	515	1	5					
sequence	hmm	20261001_8fb675cb	XP_029211766.1	_		traf2_binding_variant	Motif		PGEGE	33	38	1	5					
sequence	hmm	20261001_8fb675cb	XP_029211766.1	_		traf2_binding_variant	Motif		PFQPS	510	515	1	5					
sequence	hmm	20261001_8fb675cb	XP_029211766.1	_		traf2_binding_permissive	Motif		PGEGE	33	38	1	5					
sequence	hmm	20261001_8fb675cb	XP_029211766.1	_		traf2_binding_permissive	Motif		PSCNPG	53	59	1	6					
sequence	hmm	20261001_8fb675cb	XP_029211766.1	_		traf2_binding_permissive	Motif		PSCEKG	202	208	1	6					
sequence	hmm	20261001_8fb675cb	XP_029211766.1	_		traf2_binding_permissive	Motif		PICQNIS	290	297	1	7					
sequence	hmm	20261001_8fb675cb	XP_029211766.1	_		traf2_binding_permissive	Motif		PKEENGD	297	304	1	7					
sequence	hmm	20261001_8fb675cb	XP_029211766.1	_		traf2_binding_permissive	Motif		PTCNRD	362	368	1	6					
sequence	hmm	20261001_8fb675cb	XP_029211766.1	_		traf2_binding_permissive	Motif		PPEIQS	422	428	1	6					
sequence	hmm	20261001_8fb675cb	XP_029211766.1	_		traf2_binding_permissive	Motif		PGCQEPT	485	492	1	7					
sequence	hmm	20261001_8fb675cb	XP_029211766.1	_		traf2_binding_permissive	Motif		PFQPS	510	515	1	5					
sequence	hmm	20261001_8fb675cb	XP_029211767.1	_		traf6_binding_permissive	Motif		PGEGEI	33	39	1	6					
sequence	hmm	20261001_8fb675cb	XP_029211767.1	_		traf6_binding_permissive	Motif		PIQPFY	529	535	1	6					
sequence	hmm	20261001_8fb675cb	XP_029211767.1	_		traf2_binding_strict	Motif		PFQPS	482	487	1	5					
sequence	hmm	20261001_8fb675cb	XP_029211767.1	_		traf2_binding_variant	Motif		PGEGE	33	38	1	5					
sequence	hmm	20261001_8fb675cb	XP_029211767.1	_		traf2_binding_variant	Motif		PFQPS	482	487	1	5					
sequence	hmm	20261001_8fb675cb	XP_029211767.1	_		traf2_binding_permissive	Motif		PGEGE	33	38	1	5					
sequence	hmm	20261001_8fb675cb	XP_029211767.1	_		traf2_binding_permissive	Motif		PSCNPG	53	59	1	6					
sequence	hmm	20261001_8fb675cb	XP_029211767.1	_		traf2_binding_permissive	Motif		PSCEKG	202	208	1	6					
sequence	hmm	20261001_8fb675cb	XP_029211767.1	_		traf2_binding_permissive	Motif		PICQNIS	250	257	1	7					
sequence	hmm	20261001_8fb675cb	XP_029211767.1	_		traf2_binding_permissive	Motif		PKEENGD	257	264	1	7					
sequence	hmm	20261001_8fb675cb	XP_029211767.1	_		traf2_binding_permissive	Motif		PTCNRD	334	340	1	6					
sequence	hmm	20261001_8fb675cb	XP_029211767.1	_		traf2_binding_permissive	Motif		PPEIQS	394	400	1	6					
sequence	hmm	20261001_8fb675cb	XP_029211767.1	_		traf2_binding_permissive	Motif		PGCQEPT	457	464	1	7					
sequence	hmm	20261001_8fb675cb	XP_029211767.1	_		traf2_binding_permissive	Motif		PFQPS	482	487	1	5					
sequence	hmm	20261001_8fb675cb	XP_029211768.1	_		traf6_binding_permissive	Motif		PWENIV	225	231	1	6					
sequence	hmm	20261001_8fb675cb	XP_029211768.1	_		traf2_binding_permissive	Motif		PKPEMT	15	21	1	6					
sequence	hmm	20261001_8fb675cb	XP_029211768.1	_		traf2_binding_permissive	Motif		PKETIT	55	61	1	6					
sequence	hmm	20261001_8fb675cb	XP_029211768.1	_		traf2_binding_permissive	Motif		PGECNT	65	71	1	6					
sequence	hmm	20261001_8fb675cb	XP_029211768.1	_		traf2_binding_permissive	Motif		PGVNFSE	104	111	1	7					
sequence	hmm	20261001_8fb675cb	XP_029211768.1	_		traf2_binding_permissive	Motif		PDKNIT	136	142	1	6					
sequence	hmm	20261001_8fb675cb	XP_029211769.1	_		traf6_binding_permissive	Motif		PWENIV	217	223	1	6					
sequence	hmm	20261001_8fb675cb	XP_029211769.1	_		traf2_binding_permissive	Motif		PKETIT	47	53	1	6					
sequence	hmm	20261001_8fb675cb	XP_029211769.1	_		traf2_binding_permissive	Motif		PGECNT	57	63	1	6					
sequence	hmm	20261001_8fb675cb	XP_029211769.1	_		traf2_binding_permissive	Motif		PGVNFSE	96	103	1	7					
sequence	hmm	20261001_8fb675cb	XP_029211769.1	_		traf2_binding_permissive	Motif		PDKNIT	128	134	1	6					
sequence	hmm	20261001_8fb675cb	XP_029211770.1	_		traf6_binding_permissive	Motif		PWENIV	196	202	1	6					
sequence	hmm	20261001_8fb675cb	XP_029211770.1	_		traf2_binding_permissive	Motif		PKETIT	26	32	1	6					
sequence	hmm	20261001_8fb675cb	XP_029211770.1	_		traf2_binding_permissive	Motif		PGECNT	36	42	1	6					
sequence	hmm	20261001_8fb675cb	XP_029211770.1	_		traf2_binding_permissive	Motif		PGVNFSE	75	82	1	7					
sequence	hmm	20261001_8fb675cb	XP_029211770.1	_		traf2_binding_permissive	Motif		PDKNIT	107	113	1	6					
sequence	hmm	20261001_8fb675cb	XP_029211771.1	_		traf6_binding_permissive	Motif		PWEDIV	213	219	1	6					
sequence	hmm	20261001_8fb675cb	XP_029211771.1	_		traf2_binding_permissive	Motif		PKETIT	43	49	1	6					
sequence	hmm	20261001_8fb675cb	XP_029211771.1	_		traf2_binding_permissive	Motif		PGECNT	53	59	1	6					
sequence	hmm	20261001_8fb675cb	XP_029211771.1	_		traf2_binding_permissive	Motif		PGVNFSA	92	99	1	7					
sequence	hmm	20261001_8fb675cb	XP_029211772.1	_		traf6_binding_permissive	Motif		PWEDIV	196	202	1	6					
sequence	hmm	20261001_8fb675cb	XP_029211772.1	_		traf2_binding_permissive	Motif		PKETIT	26	32	1	6					
sequence	hmm	20261001_8fb675cb	XP_029211772.1	_		traf2_binding_permissive	Motif		PGECNT	36	42	1	6					
sequence	hmm	20261001_8fb675cb	XP_029211772.1	_		traf2_binding_permissive	Motif		PGVNFSA	75	82	1	7					
sequence	hmm	20261001_8fb675cb	XP_028390760.1	_		traf6_binding_permissive	Motif		PCQKGY	140	146	1	6					
sequence	hmm	20261001_8fb675cb	XP_028390760.1	_		traf2_binding_variant	Motif		PCQKG	140	145	1	5					
sequence	hmm	20261001_8fb675cb	XP_028390760.1	_		traf2_binding_permissive	Motif		PCQKG	140	145	1	5					
sequence	hmm	20261001_8fb675cb	XP_028390760.1	_		traf2_binding_permissive	Motif		PQRQTFE	187	194	1	7					
sequence	hmm	20261001_8fb675cb	XP_028393664.1	_		traf2_binding_strict	Motif		PTETT	208	213	1	5					
sequence	hmm	20261001_8fb675cb	XP_028393664.1	_		traf2_binding_variant	Motif		PTETT	208	213	1	5					
sequence	hmm	20261001_8fb675cb	XP_028393664.1	_		traf2_binding_permissive	Motif		PNGEMS	85	91	1	6					
sequence	hmm	20261001_8fb675cb	XP_028393664.1	_		traf2_binding_permissive	Motif		PYGNYE	194	200	1	6					
sequence	hmm	20261001_8fb675cb	XP_028393664.1	_		traf2_binding_permissive	Motif		PTETTS	208	214	1	6					
sequence	hmm	20261001_8fb675cb	XP_028393665.1	_		traf2_binding_strict	Motif		PTETT	202	207	1	5					
sequence	hmm	20261001_8fb675cb	XP_028393665.1	_		traf2_binding_variant	Motif		PTETT	202	207	1	5					
sequence	hmm	20261001_8fb675cb	XP_028393665.1	_		traf2_binding_permissive	Motif		PNGEMS	79	85	1	6					
sequence	hmm	20261001_8fb675cb	XP_028393665.1	_		traf2_binding_permissive	Motif		PYGNYE	188	194	1	6					
sequence	hmm	20261001_8fb675cb	XP_028393665.1	_		traf2_binding_permissive	Motif		PTETTS	202	208	1	6					
sequence	hmm	20261001_8fb675cb	XP_028393666.1	_		traf2_binding_strict	Motif		PTETT	202	207	1	5					
sequence	hmm	20261001_8fb675cb	XP_028393666.1	_		traf2_binding_variant	Motif		PTETT	202	207	1	5					
sequence	hmm	20261001_8fb675cb	XP_028393666.1	_		traf2_binding_permissive	Motif		PNGEMS	79	85	1	6					
sequence	hmm	20261001_8fb675cb	XP_028393666.1	_		traf2_binding_permissive	Motif		PYGNYE	188	194	1	6					
sequence	hmm	20261001_8fb675cb	XP_028393666.1	_		traf2_binding_permissive	Motif		PTETTS	202	208	1	6					
sequence	hmm	20261001_8fb675cb	XP_028394810.1	_		traf2_binding_permissive	Motif		PCCQDT	131	137	1	6					
sequence	hmm	20261001_8fb675cb	XP_028409369.1	_		traf6_binding_permissive	Motif		PRQRRY	241	247	1	6					
sequence	hmm	20261001_8fb675cb	XP_028409369.1	_		traf2_binding_variant	Motif		PYNNT	48	53	1	5					
sequence	hmm	20261001_8fb675cb	XP_028409369.1	_		traf2_binding_permissive	Motif		PYNNT	48	53	1	5					
sequence	hmm	20261001_8fb675cb	XP_028409369.1	_		traf2_binding_permissive	Motif		PCQTCG	90	96	1	6					
sequence	hmm	20261001_8fb675cb	XP_028409369.1	_		traf2_binding_permissive	Motif		PQCQGEG	229	236	1	7					
sequence	hmm	20261001_8fb675cb	XP_028409370.1	_		traf6_binding_permissive	Motif		PRQRRY	241	247	1	6					
sequence	hmm	20261001_8fb675cb	XP_028409370.1	_		traf2_binding_variant	Motif		PYNNT	48	53	1	5					
sequence	hmm	20261001_8fb675cb	XP_028409370.1	_		traf2_binding_permissive	Motif		PYNNT	48	53	1	5					
sequence	hmm	20261001_8fb675cb	XP_028409370.1	_		traf2_binding_permissive	Motif		PCQTCG	90	96	1	6					
sequence	hmm	20261001_8fb675cb	XP_028409370.1	_		traf2_binding_permissive	Motif		PQCQGEG	229	236	1	7					
sequence	hmm	20261001_8fb675cb	XP_028409371.1	_		traf6_binding_permissive	Motif		PRQRRY	241	247	1	6					
sequence	hmm	20261001_8fb675cb	XP_028409371.1	_		traf2_binding_variant	Motif		PYNNT	48	53	1	5					
sequence	hmm	20261001_8fb675cb	XP_028409371.1	_		traf2_binding_permissive	Motif		PYNNT	48	53	1	5					
sequence	hmm	20261001_8fb675cb	XP_028409371.1	_		traf2_binding_permissive	Motif		PCQTCG	90	96	1	6					
sequence	hmm	20261001_8fb675cb	XP_028409371.1	_		traf2_binding_permissive	Motif		PQCQGEG	229	236	1	7					
sequence	hmm	20261001_8fb675cb	XP_028409372.1	_		traf6_binding_permissive	Motif		PRQRRY	241	247	1	6					
sequence	hmm	20261001_8fb675cb	XP_028409372.1	_		traf2_binding_variant	Motif		PYNNT	48	53	1	5					
sequence	hmm	20261001_8fb675cb	XP_028409372.1	_		traf2_binding_permissive	Motif		PYNNT	48	53	1	5					
sequence	hmm	20261001_8fb675cb	XP_028409372.1	_		traf2_binding_permissive	Motif		PCQTCG	90	96	1	6					
sequence	hmm	20261001_8fb675cb	XP_028409372.1	_		traf2_binding_permissive	Motif		PQCQGEG	229	236	1	7					
sequence	hmm	20261001_8fb675cb	XP_028418190.1	_		traf6_binding_permissive	Motif		PRQRRY	241	247	1	6					
sequence	hmm	20261001_8fb675cb	XP_028418190.1	_		traf2_binding_variant	Motif		PYNNT	48	53	1	5					
sequence	hmm	20261001_8fb675cb	XP_028418190.1	_		traf2_binding_permissive	Motif		PYNNT	48	53	1	5					
sequence	hmm	20261001_8fb675cb	XP_028418190.1	_		traf2_binding_permissive	Motif		PCQTCG	90	96	1	6					
sequence	hmm	20261001_8fb675cb	XP_028418190.1	_		traf2_binding_permissive	Motif		PQCQGEG	229	236	1	7					
sequence	hmm	20261001_8fb675cb	XP_028418191.1	_		traf6_binding_permissive	Motif		PRQRRY	241	247	1	6					
sequence	hmm	20261001_8fb675cb	XP_028418191.1	_		traf2_binding_variant	Motif		PYNNT	48	53	1	5					
sequence	hmm	20261001_8fb675cb	XP_028418191.1	_		traf2_binding_permissive	Motif		PYNNT	48	53	1	5					
sequence	hmm	20261001_8fb675cb	XP_028418191.1	_		traf2_binding_permissive	Motif		PCQTCG	90	96	1	6					
sequence	hmm	20261001_8fb675cb	XP_028418191.1	_		traf2_binding_permissive	Motif		PQCQGEG	229	236	1	7					
sequence	hmm	20261001_8fb675cb	XP_028418192.1	_		traf6_binding_permissive	Motif		PRQRRY	241	247	1	6					
sequence	hmm	20261001_8fb675cb	XP_028418192.1	_		traf2_binding_variant	Motif		PYNNT	48	53	1	5					
sequence	hmm	20261001_8fb675cb	XP_028418192.1	_		traf2_binding_permissive	Motif		PYNNT	48	53	1	5					
sequence	hmm	20261001_8fb675cb	XP_028418192.1	_		traf2_binding_permissive	Motif		PCQTCG	90	96	1	6					
sequence	hmm	20261001_8fb675cb	XP_028418192.1	_		traf2_binding_permissive	Motif		PQCQGEG	229	236	1	7					
sequence	hmm	20261001_8fb675cb	XP_031554067.1	_		traf6_binding_strict	Motif		PNEQVD	193	199	1	6					
sequence	hmm	20261001_8fb675cb	XP_031554067.1	_		traf6_binding_strict	Motif		PTELFD	246	252	1	6					
sequence	hmm	20261001_8fb675cb	XP_031554067.1	_		traf6_binding_permissive	Motif		PNEQVD	193	199	1	6					
sequence	hmm	20261001_8fb675cb	XP_031554067.1	_		traf6_binding_permissive	Motif		PTELFD	246	252	1	6					
sequence	hmm	20261001_8fb675cb	XP_031554067.1	_		traf2_binding_variant	Motif		PKETE	335	340	1	5					
sequence	hmm	20261001_8fb675cb	XP_031554067.1	_		traf2_binding_permissive	Motif		PNEQVD	193	199	1	6					
sequence	hmm	20261001_8fb675cb	XP_031554067.1	_		traf2_binding_permissive	Motif		PTELFD	246	252	1	6					
sequence	hmm	20261001_8fb675cb	XP_031554067.1	_		traf2_binding_permissive	Motif		PKETET	335	341	1	6					
sequence	hmm	20261001_8fb675cb	XP_031554068.1	_		traf6_binding_strict	Motif		PNEQVD	193	199	1	6					
sequence	hmm	20261001_8fb675cb	XP_031554068.1	_		traf6_binding_strict	Motif		PTELFD	246	252	1	6					
sequence	hmm	20261001_8fb675cb	XP_031554068.1	_		traf6_binding_permissive	Motif		PNEQVD	193	199	1	6					
sequence	hmm	20261001_8fb675cb	XP_031554068.1	_		traf6_binding_permissive	Motif		PTELFD	246	252	1	6					
sequence	hmm	20261001_8fb675cb	XP_031554068.1	_		traf2_binding_variant	Motif		PKETE	334	339	1	5					
sequence	hmm	20261001_8fb675cb	XP_031554068.1	_		traf2_binding_permissive	Motif		PNEQVD	193	199	1	6					
sequence	hmm	20261001_8fb675cb	XP_031554068.1	_		traf2_binding_permissive	Motif		PTELFD	246	252	1	6					
sequence	hmm	20261001_8fb675cb	XP_031554068.1	_		traf2_binding_permissive	Motif		PKETET	334	340	1	6					
sequence	hmm	20261001_8fb675cb	XP_031554069.1	_		traf6_binding_strict	Motif		PNEQVD	188	194	1	6					
sequence	hmm	20261001_8fb675cb	XP_031554069.1	_		traf6_binding_strict	Motif		PTELFD	241	247	1	6					
sequence	hmm	20261001_8fb675cb	XP_031554069.1	_		traf6_binding_permissive	Motif		PNEQVD	188	194	1	6					
sequence	hmm	20261001_8fb675cb	XP_031554069.1	_		traf6_binding_permissive	Motif		PTELFD	241	247	1	6					
sequence	hmm	20261001_8fb675cb	XP_031554069.1	_		traf2_binding_variant	Motif		PKETE	330	335	1	5					
sequence	hmm	20261001_8fb675cb	XP_031554069.1	_		traf2_binding_permissive	Motif		PNEQVD	188	194	1	6					
sequence	hmm	20261001_8fb675cb	XP_031554069.1	_		traf2_binding_permissive	Motif		PTELFD	241	247	1	6					
sequence	hmm	20261001_8fb675cb	XP_031554069.1	_		traf2_binding_permissive	Motif		PKETET	330	336	1	6					
sequence	hmm	20261001_8fb675cb	XP_031554070.1	_		traf6_binding_strict	Motif		PNEQVD	184	190	1	6					
sequence	hmm	20261001_8fb675cb	XP_031554070.1	_		traf6_binding_strict	Motif		PTELFD	237	243	1	6					
sequence	hmm	20261001_8fb675cb	XP_031554070.1	_		traf6_binding_permissive	Motif		PNEQVD	184	190	1	6					
sequence	hmm	20261001_8fb675cb	XP_031554070.1	_		traf6_binding_permissive	Motif		PTELFD	237	243	1	6					
sequence	hmm	20261001_8fb675cb	XP_031554070.1	_		traf2_binding_variant	Motif		PKETE	326	331	1	5					
sequence	hmm	20261001_8fb675cb	XP_031554070.1	_		traf2_binding_permissive	Motif		PNEQVD	184	190	1	6					
sequence	hmm	20261001_8fb675cb	XP_031554070.1	_		traf2_binding_permissive	Motif		PTELFD	237	243	1	6					
sequence	hmm	20261001_8fb675cb	XP_031554070.1	_		traf2_binding_permissive	Motif		PKETET	326	332	1	6					
sequence	hmm	20261001_8fb675cb	XP_031555731.1	_		traf6_binding_permissive	Motif		PIECIL	257	263	1	6					
sequence	hmm	20261001_8fb675cb	XP_031555731.1	_		traf6_binding_permissive	Motif		PTEELL	318	324	1	6					
sequence	hmm	20261001_8fb675cb	XP_031555731.1	_		traf2_binding_permissive	Motif		PCTENT	74	80	1	6					
sequence	hmm	20261001_8fb675cb	XP_031557249.1	_		traf6_binding_permissive	Motif		PYQCEK	112	118	1	6					
sequence	hmm	20261001_8fb675cb	XP_031557249.1	_		traf2_binding_variant	Motif		PYQCE	112	117	1	5					
sequence	hmm	20261001_8fb675cb	XP_031557249.1	_		traf2_binding_permissive	Motif		PYQCE	112	117	1	5					
sequence	hmm	20261001_8fb675cb	XP_031557249.1	_		traf2_binding_permissive	Motif		PVRETG	234	240	1	6					
sequence	hmm	20261001_8fb675cb	XP_031558162.1	_		traf6_binding_strict	Motif		PNEISE	272	278	1	6					
sequence	hmm	20261001_8fb675cb	XP_031558162.1	_		traf6_binding_permissive	Motif		PNEISE	272	278	1	6					
sequence	hmm	20261001_8fb675cb	XP_031558162.1	_		traf6_binding_permissive	Motif		PCEQCV	501	507	1	6					
sequence	hmm	20261001_8fb675cb	XP_031558162.1	_		traf6_binding_permissive	Motif		PCEAGK	531	537	1	6					
sequence	hmm	20261001_8fb675cb	XP_031558162.1	_		traf6_binding_permissive	Motif		PDESNR	971	977	1	6					
sequence	hmm	20261001_8fb675cb	XP_031558162.1	_		traf2_binding_strict	Motif		PNEIS	272	277	1	5					
sequence	hmm	20261001_8fb675cb	XP_031558162.1	_		traf2_binding_variant	Motif		PNEIS	272	277	1	5					
sequence	hmm	20261001_8fb675cb	XP_031558162.1	_		traf2_binding_variant	Motif		PCEAG	531	536	1	5					
sequence	hmm	20261001_8fb675cb	XP_031558162.1	_		traf2_binding_variant	Motif		PLQQG	784	789	1	5					
sequence	hmm	20261001_8fb675cb	XP_031558162.1	_		traf2_binding_permissive	Motif		PHGQGLS	49	56	1	7					
sequence	hmm	20261001_8fb675cb	XP_031558162.1	_		traf2_binding_permissive	Motif		PGNEVA	237	243	1	6					
sequence	hmm	20261001_8fb675cb	XP_031558162.1	_		traf2_binding_permissive	Motif		PNEISE	272	278	1	6					
sequence	hmm	20261001_8fb675cb	XP_031558162.1	_		traf2_binding_permissive	Motif		PGEGKG	364	370	1	6					
sequence	hmm	20261001_8fb675cb	XP_031558162.1	_		traf2_binding_permissive	Motif		PCEAG	531	536	1	5					
sequence	hmm	20261001_8fb675cb	XP_031558162.1	_		traf2_binding_permissive	Motif		PLQQGA	784	790	1	6					
sequence	hmm	20261001_8fb675cb	XP_031558162.1	_		traf2_binding_permissive	Motif		PQKNLG	943	949	1	6					
sequence	hmm	20261001_8fb675cb	XP_031560088.1	_		traf2_binding_variant	Motif		PLNTE	703	708	1	5					
sequence	hmm	20261001_8fb675cb	XP_031560088.1	_		traf2_binding_permissive	Motif		PLNTE	703	708	1	5					
sequence	hmm	20261001_8fb675cb	XP_031560093.1	_		traf2_binding_variant	Motif		PSEHE	140	145	1	5					
sequence	hmm	20261001_8fb675cb	XP_031560093.1	_		traf2_binding_variant	Motif		PNNIE	384	389	1	5					
sequence	hmm	20261001_8fb675cb	XP_031560093.1	_		traf2_binding_permissive	Motif		PCKNCS	43	49	1	6					
sequence	hmm	20261001_8fb675cb	XP_031560093.1	_		traf2_binding_permissive	Motif		PSEHEA	140	146	1	6					
sequence	hmm	20261001_8fb675cb	XP_031560093.1	_		traf2_binding_permissive	Motif		PSPEST	378	384	1	6					
sequence	hmm	20261001_8fb675cb	XP_031560093.1	_		traf2_binding_permissive	Motif		PNNIE	384	389	1	5					
sequence	hmm	20261001_8fb675cb	XP_031560093.1	_		traf2_binding_permissive	Motif		PLIQFHS	433	440	1	7					
sequence	hmm	20261001_8fb675cb	XP_031560093.1	_		traf2_binding_permissive	Motif		PECEIET	440	447	1	7					
sequence	hmm	20261001_8fb675cb	XP_031560093.1	_		traf2_binding_permissive	Motif		PETEIE	478	484	1	6					
sequence	hmm	20261001_8fb675cb	XP_031560093.1	_		traf2_binding_permissive	Motif		PNEVLT	702	708	1	6					
sequence	hmm	20261001_8fb675cb	XP_031560102.1	_		traf2_binding_variant	Motif		PLNTE	699	704	1	5					
sequence	hmm	20261001_8fb675cb	XP_031560102.1	_		traf2_binding_permissive	Motif		PCPNGT	78	84	1	6					
sequence	hmm	20261001_8fb675cb	XP_031560102.1	_		traf2_binding_permissive	Motif		PSFQAA	536	542	1	6					
sequence	hmm	20261001_8fb675cb	XP_031560102.1	_		traf2_binding_permissive	Motif		PLNTE	699	704	1	5					
sequence	hmm	20261001_8fb675cb	XP_031560103.1	_		traf2_binding_variant	Motif		PLNTE	699	704	1	5					
sequence	hmm	20261001_8fb675cb	XP_031560103.1	_		traf2_binding_permissive	Motif		PCPNGT	78	84	1	6					
sequence	hmm	20261001_8fb675cb	XP_031560103.1	_		traf2_binding_permissive	Motif		PLNTE	699	704	1	5					
sequence	hmm	20261001_8fb675cb	XP_031560107.1	_		traf2_binding_strict	Motif		PAQKS	160	165	1	5					
sequence	hmm	20261001_8fb675cb	XP_031560107.1	_		traf2_binding_variant	Motif		PAQKS	160	165	1	5					
sequence	hmm	20261001_8fb675cb	XP_031560107.1	_		traf2_binding_variant	Motif		PSNHS	223	228	1	5					
sequence	hmm	20261001_8fb675cb	XP_031560107.1	_		traf2_binding_permissive	Motif		PSVECGS	61	68	1	7					
sequence	hmm	20261001_8fb675cb	XP_031560107.1	_		traf2_binding_permissive	Motif		PSNDYE	88	94	1	6					
sequence	hmm	20261001_8fb675cb	XP_031560107.1	_		traf2_binding_permissive	Motif		PAQKS	160	165	1	5					
sequence	hmm	20261001_8fb675cb	XP_031560107.1	_		traf2_binding_permissive	Motif		PSNHS	223	228	1	5					
sequence	hmm	20261001_8fb675cb	XP_031562066.1	_		traf2_binding_permissive	Motif		PGNQIT	50	56	1	6					
sequence	hmm	20261001_8fb675cb	XP_031562066.1	_		traf2_binding_permissive	Motif		PGTEYS	75	81	1	6					
sequence	hmm	20261001_8fb675cb	XP_031562066.1	_		traf2_binding_permissive	Motif		PKLNRT	183	189	1	6					
sequence	hmm	20261001_8fb675cb	XP_031562066.1	_		traf2_binding_permissive	Motif		PRMNLT	192	198	1	6					
sequence	hmm	20261001_8fb675cb	XP_031562066.1	_		traf2_binding_permissive	Motif		PTPEDRT	319	326	1	7					
sequence	hmm	20261001_8fb675cb	XP_031562074.1	_		traf2_binding_permissive	Motif		PGNQIT	29	35	1	6					
sequence	hmm	20261001_8fb675cb	XP_031562074.1	_		traf2_binding_permissive	Motif		PGTEYS	54	60	1	6					
sequence	hmm	20261001_8fb675cb	XP_031562074.1	_		traf2_binding_permissive	Motif		PKLNRT	162	168	1	6					
sequence	hmm	20261001_8fb675cb	XP_031562074.1	_		traf2_binding_permissive	Motif		PRMNLT	171	177	1	6					
sequence	hmm	20261001_8fb675cb	XP_031562074.1	_		traf2_binding_permissive	Motif		PTPEDRT	298	305	1	7					
sequence	hmm	20261001_8fb675cb	XP_031562097.1	_		traf6_binding_permissive	Motif		PLQTPI	60	66	1	6					
sequence	hmm	20261001_8fb675cb	XP_031562097.1	_		traf6_binding_permissive	Motif		PCQPNH	90	96	1	6					
sequence	hmm	20261001_8fb675cb	XP_031562097.1	_		traf2_binding_permissive	Motif		PRTETFT	179	186	1	7					
sequence	hmm	20261001_8fb675cb	XP_031562097.1	_		traf2_binding_permissive	Motif		PIINNS	205	211	1	6					
sequence	hmm	20261001_8fb675cb	XP_031562097.1	_		traf2_binding_permissive	Motif		PCHEALA	275	282	1	7					
sequence	hmm	20261001_8fb675cb	XP_031563475.1	_		traf2_binding_strict	Motif		PHQQS	310	315	1	5					
sequence	hmm	20261001_8fb675cb	XP_031563475.1	_		traf2_binding_variant	Motif		PHQQS	310	315	1	5					
sequence	hmm	20261001_8fb675cb	XP_031563475.1	_		traf2_binding_permissive	Motif		PSSQEFS	138	145	1	7					
sequence	hmm	20261001_8fb675cb	XP_031563475.1	_		traf2_binding_permissive	Motif		PHQQST	310	316	1	6					
sequence	hmm	20261001_8fb675cb	XP_031567815.1	_		traf6_binding_permissive	Motif		PNEPLV	226	232	1	6					
sequence	hmm	20261001_8fb675cb	XP_031567815.1	_		traf2_binding_strict	Motif		PTQAT	268	273	1	5					
sequence	hmm	20261001_8fb675cb	XP_031567815.1	_		traf2_binding_variant	Motif		PTQAT	268	273	1	5					
sequence	hmm	20261001_8fb675cb	XP_031567815.1	_		traf2_binding_permissive	Motif		PTQAT	268	273	1	5					
sequence	hmm	20261001_8fb675cb	XP_031574373.1	_		traf6_binding_strict	Motif		PGEGLY	101	107	1	6					
sequence	hmm	20261001_8fb675cb	XP_031574373.1	_		traf6_binding_permissive	Motif		PGEGLY	101	107	1	6					
sequence	hmm	20261001_8fb675cb	XP_031574373.1	_		traf6_binding_permissive	Motif		PGQELF	487	493	1	6					
sequence	hmm	20261001_8fb675cb	XP_031574373.1	_		traf2_binding_strict	Motif		PIETT	344	349	1	5					
sequence	hmm	20261001_8fb675cb	XP_031574373.1	_		traf2_binding_variant	Motif		PIETT	344	349	1	5					
sequence	hmm	20261001_8fb675cb	XP_031574373.1	_		traf2_binding_permissive	Motif		PIKEIIT	281	288	1	7					
sequence	hmm	20261001_8fb675cb	XP_031574373.1	_		traf2_binding_permissive	Motif		PIETT	344	349	1	5					
sequence	hmm	20261001_8fb675cb	XP_031574373.1	_		traf2_binding_permissive	Motif		PMEHRG	408	414	1	6					
sequence	hmm	20261001_8fb675cb	XP_031574373.1	_		traf2_binding_permissive	Motif		PGQELFD	487	494	1	7					
sequence	hmm	20261001_8fb675cb	XP_031574374.1	_		traf6_binding_strict	Motif		PGEGLY	101	107	1	6					
sequence	hmm	20261001_8fb675cb	XP_031574374.1	_		traf6_binding_permissive	Motif		PGEGLY	101	107	1	6					
sequence	hmm	20261001_8fb675cb	XP_031574374.1	_		traf6_binding_permissive	Motif		PGQELF	482	488	1	6					
sequence	hmm	20261001_8fb675cb	XP_031574374.1	_		traf2_binding_strict	Motif		PIETT	344	349	1	5					
sequence	hmm	20261001_8fb675cb	XP_031574374.1	_		traf2_binding_variant	Motif		PIETT	344	349	1	5					
sequence	hmm	20261001_8fb675cb	XP_031574374.1	_		traf2_binding_permissive	Motif		PIKEIIT	281	288	1	7					
sequence	hmm	20261001_8fb675cb	XP_031574374.1	_		traf2_binding_permissive	Motif		PIETT	344	349	1	5					
sequence	hmm	20261001_8fb675cb	XP_031574374.1	_		traf2_binding_permissive	Motif		PMEHRG	408	414	1	6					
sequence	hmm	20261001_8fb675cb	XP_031574374.1	_		traf2_binding_permissive	Motif		PGQELFD	482	489	1	7					
sequence	hmm	20261001_8fb675cb	XP_031574375.1	_		traf6_binding_strict	Motif		PGEGLY	92	98	1	6					
sequence	hmm	20261001_8fb675cb	XP_031574375.1	_		traf6_binding_permissive	Motif		PGEGLY	92	98	1	6					
sequence	hmm	20261001_8fb675cb	XP_031574375.1	_		traf6_binding_permissive	Motif		PGQELF	478	484	1	6					
sequence	hmm	20261001_8fb675cb	XP_031574375.1	_		traf2_binding_strict	Motif		PIETT	335	340	1	5					
sequence	hmm	20261001_8fb675cb	XP_031574375.1	_		traf2_binding_variant	Motif		PIETT	335	340	1	5					
sequence	hmm	20261001_8fb675cb	XP_031574375.1	_		traf2_binding_permissive	Motif		PIKEIIT	272	279	1	7					
sequence	hmm	20261001_8fb675cb	XP_031574375.1	_		traf2_binding_permissive	Motif		PIETT	335	340	1	5					
sequence	hmm	20261001_8fb675cb	XP_031574375.1	_		traf2_binding_permissive	Motif		PMEHRG	399	405	1	6					
sequence	hmm	20261001_8fb675cb	XP_031574375.1	_		traf2_binding_permissive	Motif		PGQELFD	478	485	1	7					
sequence	hmm	20261001_8fb675cb	XP_031574379.1	_		traf2_binding_permissive	Motif		PKSNINE	174	181	1	7					
sequence	hmm	20261001_8fb675cb	XP_031574379.1	_		traf2_binding_permissive	Motif		PLIEKE	248	254	1	6					
sequence	hmm	20261001_8fb675cb	XP_031574380.1	_		traf2_binding_permissive	Motif		PKSNINE	174	181	1	7					
sequence	hmm	20261001_8fb675cb	XP_031574380.1	_		traf2_binding_permissive	Motif		PLIEKE	248	254	1	6					
sequence	hmm	20261001_8fb675cb	XP_029181165.2	_		traf6_binding_permissive	Motif		PTQVAL	142	148	1	6					
sequence	hmm	20261001_8fb675cb	XP_029181165.2	_		traf2_binding_strict	Motif		PDQAT	444	449	1	5					
sequence	hmm	20261001_8fb675cb	XP_029181165.2	_		traf2_binding_variant	Motif		PTQVA	142	147	1	5					
sequence	hmm	20261001_8fb675cb	XP_029181165.2	_		traf2_binding_variant	Motif		PDQAT	444	449	1	5					
sequence	hmm	20261001_8fb675cb	XP_029181165.2	_		traf2_binding_permissive	Motif		PCNNKS	106	112	1	6					
sequence	hmm	20261001_8fb675cb	XP_029181165.2	_		traf2_binding_permissive	Motif		PTQVA	142	147	1	5					
sequence	hmm	20261001_8fb675cb	XP_029181165.2	_		traf2_binding_permissive	Motif		PRGEGVE	180	187	1	7					
sequence	hmm	20261001_8fb675cb	XP_029181165.2	_		traf2_binding_permissive	Motif		PCLEGRT	199	206	1	7					
sequence	hmm	20261001_8fb675cb	XP_029181165.2	_		traf2_binding_permissive	Motif		PCKNCT	215	221	1	6					
sequence	hmm	20261001_8fb675cb	XP_029181165.2	_		traf2_binding_permissive	Motif		PDQAT	444	449	1	5					
sequence	hmm	20261001_8fb675cb	XP_029181166.2	_		traf6_binding_permissive	Motif		PTQVAL	142	148	1	6					
sequence	hmm	20261001_8fb675cb	XP_029181166.2	_		traf2_binding_strict	Motif		PDQAT	432	437	1	5					
sequence	hmm	20261001_8fb675cb	XP_029181166.2	_		traf2_binding_variant	Motif		PTQVA	142	147	1	5					
sequence	hmm	20261001_8fb675cb	XP_029181166.2	_		traf2_binding_variant	Motif		PDQAT	432	437	1	5					
sequence	hmm	20261001_8fb675cb	XP_029181166.2	_		traf2_binding_permissive	Motif		PCNNKS	106	112	1	6					
sequence	hmm	20261001_8fb675cb	XP_029181166.2	_		traf2_binding_permissive	Motif		PTQVA	142	147	1	5					
sequence	hmm	20261001_8fb675cb	XP_029181166.2	_		traf2_binding_permissive	Motif		PRGEGVE	180	187	1	7					
sequence	hmm	20261001_8fb675cb	XP_029181166.2	_		traf2_binding_permissive	Motif		PCLEGRT	199	206	1	7					
sequence	hmm	20261001_8fb675cb	XP_029181166.2	_		traf2_binding_permissive	Motif		PCKNCT	215	221	1	6					
sequence	hmm	20261001_8fb675cb	XP_029181166.2	_		traf2_binding_permissive	Motif		PDQAT	432	437	1	5					
sequence	hmm	20261001_8fb675cb	XP_029181167.2	_		traf6_binding_permissive	Motif		PTQVAL	142	148	1	6					
sequence	hmm	20261001_8fb675cb	XP_029181167.2	_		traf2_binding_strict	Motif		PDQAT	431	436	1	5					
sequence	hmm	20261001_8fb675cb	XP_029181167.2	_		traf2_binding_variant	Motif		PTQVA	142	147	1	5					
sequence	hmm	20261001_8fb675cb	XP_029181167.2	_		traf2_binding_variant	Motif		PDQAT	431	436	1	5					
sequence	hmm	20261001_8fb675cb	XP_029181167.2	_		traf2_binding_permissive	Motif		PCNNKS	106	112	1	6					
sequence	hmm	20261001_8fb675cb	XP_029181167.2	_		traf2_binding_permissive	Motif		PTQVA	142	147	1	5					
sequence	hmm	20261001_8fb675cb	XP_029181167.2	_		traf2_binding_permissive	Motif		PRGEGVE	180	187	1	7					
sequence	hmm	20261001_8fb675cb	XP_029181167.2	_		traf2_binding_permissive	Motif		PCLEGRT	199	206	1	7					
sequence	hmm	20261001_8fb675cb	XP_029181167.2	_		traf2_binding_permissive	Motif		PCKNCT	215	221	1	6					
sequence	hmm	20261001_8fb675cb	XP_029181167.2	_		traf2_binding_permissive	Motif		PDQAT	431	436	1	5					
sequence	hmm	20261001_8fb675cb	XP_029181169.2	_		traf6_binding_permissive	Motif		PTQVAL	107	113	1	6					
sequence	hmm	20261001_8fb675cb	XP_029181169.2	_		traf2_binding_strict	Motif		PDQAT	409	414	1	5					
sequence	hmm	20261001_8fb675cb	XP_029181169.2	_		traf2_binding_variant	Motif		PTQVA	107	112	1	5					
sequence	hmm	20261001_8fb675cb	XP_029181169.2	_		traf2_binding_variant	Motif		PDQAT	409	414	1	5					
sequence	hmm	20261001_8fb675cb	XP_029181169.2	_		traf2_binding_permissive	Motif		PCNNKS	71	77	1	6					
sequence	hmm	20261001_8fb675cb	XP_029181169.2	_		traf2_binding_permissive	Motif		PTQVA	107	112	1	5					
sequence	hmm	20261001_8fb675cb	XP_029181169.2	_		traf2_binding_permissive	Motif		PRGEGVE	145	152	1	7					
sequence	hmm	20261001_8fb675cb	XP_029181169.2	_		traf2_binding_permissive	Motif		PCLEGRT	164	171	1	7					
sequence	hmm	20261001_8fb675cb	XP_029181169.2	_		traf2_binding_permissive	Motif		PCKNCT	180	186	1	6					
sequence	hmm	20261001_8fb675cb	XP_029181169.2	_		traf2_binding_permissive	Motif		PDQAT	409	414	1	5					
sequence	hmm	20261001_8fb675cb	XP_029181171.2	_		traf6_binding_permissive	Motif		PTQVAL	89	95	1	6					
sequence	hmm	20261001_8fb675cb	XP_029181171.2	_		traf2_binding_strict	Motif		PDQAT	391	396	1	5					
sequence	hmm	20261001_8fb675cb	XP_029181171.2	_		traf2_binding_variant	Motif		PTQVA	89	94	1	5					
sequence	hmm	20261001_8fb675cb	XP_029181171.2	_		traf2_binding_variant	Motif		PDQAT	391	396	1	5					
sequence	hmm	20261001_8fb675cb	XP_029181171.2	_		traf2_binding_permissive	Motif		PCNNKS	53	59	1	6					
sequence	hmm	20261001_8fb675cb	XP_029181171.2	_		traf2_binding_permissive	Motif		PTQVA	89	94	1	5					
sequence	hmm	20261001_8fb675cb	XP_029181171.2	_		traf2_binding_permissive	Motif		PRGEGVE	127	134	1	7					
sequence	hmm	20261001_8fb675cb	XP_029181171.2	_		traf2_binding_permissive	Motif		PCLEGRT	146	153	1	7					
sequence	hmm	20261001_8fb675cb	XP_029181171.2	_		traf2_binding_permissive	Motif		PCKNCT	162	168	1	6					
sequence	hmm	20261001_8fb675cb	XP_029181171.2	_		traf2_binding_permissive	Motif		PDQAT	391	396	1	5					
sequence	hmm	20261001_8fb675cb	XP_029187520.2	_		traf6_binding_permissive	Motif		PCEEGI	82	88	1	6					
sequence	hmm	20261001_8fb675cb	XP_029187520.2	_		traf6_binding_permissive	Motif		PNEETI	106	112	1	6					
sequence	hmm	20261001_8fb675cb	XP_029187520.2	_		traf6_binding_permissive	Motif		PAQSTD	261	267	1	6					
sequence	hmm	20261001_8fb675cb	XP_029187520.2	_		traf2_binding_strict	Motif		PNEET	106	111	1	5					
sequence	hmm	20261001_8fb675cb	XP_029187520.2	_		traf2_binding_strict	Motif		PAQST	261	266	1	5					
sequence	hmm	20261001_8fb675cb	XP_029187520.2	_		traf2_binding_variant	Motif		PCEEG	82	87	1	5					
sequence	hmm	20261001_8fb675cb	XP_029187520.2	_		traf2_binding_variant	Motif		PNEET	106	111	1	5					
sequence	hmm	20261001_8fb675cb	XP_029187520.2	_		traf2_binding_variant	Motif		PAQST	261	266	1	5					
sequence	hmm	20261001_8fb675cb	XP_029187520.2	_		traf2_binding_permissive	Motif		PCEEGIG	82	89	1	7					
sequence	hmm	20261001_8fb675cb	XP_029187520.2	_		traf2_binding_permissive	Motif		PNEET	106	111	1	5					
sequence	hmm	20261001_8fb675cb	XP_029187520.2	_		traf2_binding_permissive	Motif		PAQSTD	261	267	1	6					
sequence	hmm	20261001_8fb675cb	XP_029187520.2	_		traf2_binding_permissive	Motif		PSQLVS	270	276	1	6					
sequence	hmm	20261001_8fb675cb	XP_029187520.2	_		traf2_binding_permissive	Motif		PSEVKS	279	285	1	6					
sequence	hmm	20261001_8fb675cb	XP_029187520.2	_		traf2_binding_permissive	Motif		PHGESDT	292	299	1	7					
sequence	hmm	20261001_8fb675cb	XP_029187521.2	_		traf6_binding_permissive	Motif		PCEEGI	82	88	1	6					
sequence	hmm	20261001_8fb675cb	XP_029187521.2	_		traf6_binding_permissive	Motif		PNEETI	106	112	1	6					
sequence	hmm	20261001_8fb675cb	XP_029187521.2	_		traf2_binding_strict	Motif		PNEET	106	111	1	5					
sequence	hmm	20261001_8fb675cb	XP_029187521.2	_		traf2_binding_variant	Motif		PCEEG	82	87	1	5					
sequence	hmm	20261001_8fb675cb	XP_029187521.2	_		traf2_binding_variant	Motif		PNEET	106	111	1	5					
sequence	hmm	20261001_8fb675cb	XP_029187521.2	_		traf2_binding_permissive	Motif		PCEEGIG	82	89	1	7					
sequence	hmm	20261001_8fb675cb	XP_029187521.2	_		traf2_binding_permissive	Motif		PNEET	106	111	1	5					
sequence	hmm	20261001_8fb675cb	XP_029191320.2	_		traf6_binding_permissive	Motif		PDQIVW	43	49	1	6					
sequence	hmm	20261001_8fb675cb	XP_029191320.2	_		traf2_binding_permissive	Motif		PIKQEST	215	222	1	7					
sequence	hmm	20261001_8fb675cb	XP_029191320.2	_		traf2_binding_permissive	Motif		PTTQEDG	226	233	1	7					
sequence	hmm	20261001_8fb675cb	XP_029191320.2	_		traf2_binding_permissive	Motif		PEAQIAD	237	244	1	7					
sequence	hmm	20261001_8fb675cb	XP_029191320.2	_		traf2_binding_permissive	Motif		PSRELMS	366	373	1	7					
sequence	hmm	20261001_8fb675cb	XP_029191321.2	_		traf6_binding_permissive	Motif		PDQIVW	43	49	1	6					
sequence	hmm	20261001_8fb675cb	XP_029191321.2	_		traf2_binding_permissive	Motif		PIKQEST	215	222	1	7					
sequence	hmm	20261001_8fb675cb	XP_029191321.2	_		traf2_binding_permissive	Motif		PTTQEDG	226	233	1	7					
sequence	hmm	20261001_8fb675cb	XP_029191321.2	_		traf2_binding_permissive	Motif		PEAQIAD	237	244	1	7					
sequence	hmm	20261001_8fb675cb	XP_029191321.2	_		traf2_binding_permissive	Motif		PSRELMS	366	373	1	7					
sequence	hmm	20261001_8fb675cb	XP_029191365.2	_		traf6_binding_permissive	Motif		PTQTTY	425	431	1	6					
sequence	hmm	20261001_8fb675cb	XP_029191365.2	_		traf6_binding_permissive	Motif		PLEYLV	445	451	1	6					
sequence	hmm	20261001_8fb675cb	XP_029191365.2	_		traf2_binding_strict	Motif		PTQTT	425	430	1	5					
sequence	hmm	20261001_8fb675cb	XP_029191365.2	_		traf2_binding_variant	Motif		PTQTT	425	430	1	5					
sequence	hmm	20261001_8fb675cb	XP_029191365.2	_		traf2_binding_permissive	Motif		PPGQQHS	68	75	1	7					
sequence	hmm	20261001_8fb675cb	XP_029191365.2	_		traf2_binding_permissive	Motif		PENTFS	93	99	1	6					
sequence	hmm	20261001_8fb675cb	XP_029191365.2	_		traf2_binding_permissive	Motif		PEERLS	357	363	1	6					
sequence	hmm	20261001_8fb675cb	XP_029191365.2	_		traf2_binding_permissive	Motif		PTQTT	425	430	1	5					
sequence	hmm	20261001_8fb675cb	XP_029191365.2	_		traf2_binding_permissive	Motif		PSNFLD	453	459	1	6					
sequence	hmm	20261001_8fb675cb	XP_029191387.2	_		traf2_binding_permissive	Motif		PTTQGDG	209	216	1	7					
sequence	hmm	20261001_8fb675cb	XP_029191387.2	_		traf2_binding_permissive	Motif		PVIEEST	268	275	1	7					
sequence	hmm	20261001_8fb675cb	XP_029191387.2	_		traf2_binding_permissive	Motif		PSKELMS	346	353	1	7					
sequence	hmm	20261001_8fb675cb	XP_029199050.2	_		traf6_binding_permissive	Motif		PEQKVE	368	374	1	6					
sequence	hmm	20261001_8fb675cb	XP_029199050.2	_		traf2_binding_variant	Motif		PCNRE	244	249	1	5					
sequence	hmm	20261001_8fb675cb	XP_029199050.2	_		traf2_binding_permissive	Motif		PKCQSD	165	171	1	6					
sequence	hmm	20261001_8fb675cb	XP_029199050.2	_		traf2_binding_permissive	Motif		PCNRE	244	249	1	5					
sequence	hmm	20261001_8fb675cb	XP_029199050.2	_		traf2_binding_permissive	Motif		PEQKVE	368	374	1	6					
sequence	hmm	20261001_8fb675cb	XP_029199050.2	_		traf2_binding_permissive	Motif		PAGNSD	501	507	1	6					
sequence	hmm	20261001_8fb675cb	XP_029199050.2	_		traf2_binding_permissive	Motif		PFGNYKE	647	654	1	7					
sequence	hmm	20261001_8fb675cb	XP_029199050.2	_		traf2_binding_permissive	Motif		PHEMVT	659	665	1	6					
sequence	hmm	20261001_8fb675cb	XP_029199052.2	_		traf2_binding_strict	Motif		PHEVS	401	406	1	5					
sequence	hmm	20261001_8fb675cb	XP_029199052.2	_		traf2_binding_variant	Motif		PHEVS	401	406	1	5					
sequence	hmm	20261001_8fb675cb	XP_029199052.2	_		traf2_binding_permissive	Motif		PKCQND	168	174	1	6					
sequence	hmm	20261001_8fb675cb	XP_029199052.2	_		traf2_binding_permissive	Motif		PFPECGS	198	205	1	7					
sequence	hmm	20261001_8fb675cb	XP_029199052.2	_		traf2_binding_permissive	Motif		PENFIS	379	385	1	6					
sequence	hmm	20261001_8fb675cb	XP_029199052.2	_		traf2_binding_permissive	Motif		PHEVSG	401	407	1	6					
sequence	hmm	20261001_8fb675cb	XP_029199052.2	_		traf2_binding_permissive	Motif		PSGNYND	652	659	1	7					
sequence	hmm	20261001_8fb675cb	XP_029199054.2	_		traf2_binding_strict	Motif		PHEVS	401	406	1	5					
sequence	hmm	20261001_8fb675cb	XP_029199054.2	_		traf2_binding_variant	Motif		PHEVS	401	406	1	5					
sequence	hmm	20261001_8fb675cb	XP_029199054.2	_		traf2_binding_permissive	Motif		PKCQND	168	174	1	6					
sequence	hmm	20261001_8fb675cb	XP_029199054.2	_		traf2_binding_permissive	Motif		PFPECGS	198	205	1	7					
sequence	hmm	20261001_8fb675cb	XP_029199054.2	_		traf2_binding_permissive	Motif		PENFIS	379	385	1	6					
sequence	hmm	20261001_8fb675cb	XP_029199054.2	_		traf2_binding_permissive	Motif		PHEVSG	401	407	1	6					
sequence	hmm	20261001_8fb675cb	XP_029199054.2	_		traf2_binding_permissive	Motif		PSGNYND	603	610	1	7					
sequence	hmm	20261001_8fb675cb	XP_029202600.2	_		traf6_binding_permissive	Motif		PSQTKE	84	90	1	6					
sequence	hmm	20261001_8fb675cb	XP_029202600.2	_		traf2_binding_strict	Motif		PEEHS	156	161	1	5					
sequence	hmm	20261001_8fb675cb	XP_029202600.2	_		traf2_binding_strict	Motif		PWEPS	306	311	1	5					
sequence	hmm	20261001_8fb675cb	XP_029202600.2	_		traf2_binding_variant	Motif		PEEHS	156	161	1	5					
sequence	hmm	20261001_8fb675cb	XP_029202600.2	_		traf2_binding_variant	Motif		PWEPS	306	311	1	5					
sequence	hmm	20261001_8fb675cb	XP_029202600.2	_		traf2_binding_permissive	Motif		PSQTKE	84	90	1	6					
sequence	hmm	20261001_8fb675cb	XP_029202600.2	_		traf2_binding_permissive	Motif		PEEHSS	156	162	1	6					
sequence	hmm	20261001_8fb675cb	XP_029202600.2	_		traf2_binding_permissive	Motif		PWEPST	306	312	1	6					
sequence	hmm	20261001_8fb675cb	XP_029202600.2	_		traf2_binding_permissive	Motif		PETNERT	525	532	1	7					
sequence	hmm	20261001_8fb675cb	XP_029202600.2	_		traf2_binding_permissive	Motif		PETNLIS	642	649	1	7					
sequence	hmm	20261001_8fb675cb	XP_029202600.2	_		traf2_binding_permissive	Motif		PASQIYS	713	720	1	7					
sequence	hmm	20261001_8fb675cb	XP_029202600.2	_		traf2_binding_permissive	Motif		PVTEQD	822	828	1	6					
sequence	hmm	20261001_8fb675cb	XP_029205125.2	_		traf6_binding_strict	Motif		PRETTE	166	172	1	6					
sequence	hmm	20261001_8fb675cb	XP_029205125.2	_		traf6_binding_permissive	Motif		PRETTE	166	172	1	6					
sequence	hmm	20261001_8fb675cb	XP_029205125.2	_		traf6_binding_permissive	Motif		PTEAFL	314	320	1	6					
sequence	hmm	20261001_8fb675cb	XP_029205125.2	_		traf2_binding_strict	Motif		PRETT	166	171	1	5					
sequence	hmm	20261001_8fb675cb	XP_029205125.2	_		traf2_binding_variant	Motif		PRETT	166	171	1	5					
sequence	hmm	20261001_8fb675cb	XP_029205125.2	_		traf2_binding_variant	Motif		PVNDS	181	186	1	5					
sequence	hmm	20261001_8fb675cb	XP_029205125.2	_		traf2_binding_permissive	Motif		PRETTE	166	172	1	6					
sequence	hmm	20261001_8fb675cb	XP_029205125.2	_		traf2_binding_permissive	Motif		PVNDSG	181	187	1	6					
sequence	hmm	20261001_8fb675cb	XP_029205126.2	_		traf6_binding_strict	Motif		PRETTE	166	172	1	6					
sequence	hmm	20261001_8fb675cb	XP_029205126.2	_		traf6_binding_permissive	Motif		PRETTE	166	172	1	6					
sequence	hmm	20261001_8fb675cb	XP_029205126.2	_		traf6_binding_permissive	Motif		PTEAFL	314	320	1	6					
sequence	hmm	20261001_8fb675cb	XP_029205126.2	_		traf2_binding_strict	Motif		PRETT	166	171	1	5					
sequence	hmm	20261001_8fb675cb	XP_029205126.2	_		traf2_binding_variant	Motif		PRETT	166	171	1	5					
sequence	hmm	20261001_8fb675cb	XP_029205126.2	_		traf2_binding_variant	Motif		PVNDS	181	186	1	5					
sequence	hmm	20261001_8fb675cb	XP_029205126.2	_		traf2_binding_permissive	Motif		PRETTE	166	172	1	6					
sequence	hmm	20261001_8fb675cb	XP_029205126.2	_		traf2_binding_permissive	Motif		PVNDSG	181	187	1	6					
sequence	hmm	20261001_8fb675cb	XP_029205348.2	_		traf6_binding_permissive	Motif		PCENGH	46	52	1	6					
sequence	hmm	20261001_8fb675cb	XP_029205348.2	_		traf6_binding_permissive	Motif		PCEKGK	126	132	1	6					
sequence	hmm	20261001_8fb675cb	XP_029205348.2	_		traf6_binding_permissive	Motif		PFEASL	219	225	1	6					
sequence	hmm	20261001_8fb675cb	XP_029205348.2	_		traf2_binding_strict	Motif		PFEAS	219	224	1	5					
sequence	hmm	20261001_8fb675cb	XP_029205348.2	_		traf2_binding_variant	Motif		PCENG	46	51	1	5					
sequence	hmm	20261001_8fb675cb	XP_029205348.2	_		traf2_binding_variant	Motif		PCEKG	126	131	1	5					
sequence	hmm	20261001_8fb675cb	XP_029205348.2	_		traf2_binding_variant	Motif		PFEAS	219	224	1	5					
sequence	hmm	20261001_8fb675cb	XP_029205348.2	_		traf2_binding_variant	Motif		PGQEA	306	311	1	5					
sequence	hmm	20261001_8fb675cb	XP_029205348.2	_		traf2_binding_variant	Motif		PCNCS	571	576	1	5					
sequence	hmm	20261001_8fb675cb	XP_029205348.2	_		traf2_binding_permissive	Motif		PCENG	46	51	1	5					
sequence	hmm	20261001_8fb675cb	XP_029205348.2	_		traf2_binding_permissive	Motif		PCEKG	126	131	1	5					
sequence	hmm	20261001_8fb675cb	XP_029205348.2	_		traf2_binding_permissive	Motif		PVTQSMT	207	214	1	7					
sequence	hmm	20261001_8fb675cb	XP_029205348.2	_		traf2_binding_permissive	Motif		PFEAS	219	224	1	5					
sequence	hmm	20261001_8fb675cb	XP_029205348.2	_		traf2_binding_permissive	Motif		PGQEAG	306	312	1	6					
sequence	hmm	20261001_8fb675cb	XP_029205348.2	_		traf2_binding_permissive	Motif		PADERT	358	364	1	6					
sequence	hmm	20261001_8fb675cb	XP_029205348.2	_		traf2_binding_permissive	Motif		PCNCSG	571	577	1	6					
sequence	hmm	20261001_8fb675cb	XP_029205350.2	_		traf6_binding_permissive	Motif		PCENGH	39	45	1	6					
sequence	hmm	20261001_8fb675cb	XP_029205350.2	_		traf6_binding_permissive	Motif		PCEKGK	119	125	1	6					
sequence	hmm	20261001_8fb675cb	XP_029205350.2	_		traf6_binding_permissive	Motif		PFEASL	212	218	1	6					
sequence	hmm	20261001_8fb675cb	XP_029205350.2	_		traf2_binding_strict	Motif		PFEAS	212	217	1	5					
sequence	hmm	20261001_8fb675cb	XP_029205350.2	_		traf2_binding_variant	Motif		PCENG	39	44	1	5					
sequence	hmm	20261001_8fb675cb	XP_029205350.2	_		traf2_binding_variant	Motif		PCEKG	119	124	1	5					
sequence	hmm	20261001_8fb675cb	XP_029205350.2	_		traf2_binding_variant	Motif		PFEAS	212	217	1	5					
sequence	hmm	20261001_8fb675cb	XP_029205350.2	_		traf2_binding_variant	Motif		PGQEA	299	304	1	5					
sequence	hmm	20261001_8fb675cb	XP_029205350.2	_		traf2_binding_variant	Motif		PCNCS	564	569	1	5					
sequence	hmm	20261001_8fb675cb	XP_029205350.2	_		traf2_binding_permissive	Motif		PCENG	39	44	1	5					
sequence	hmm	20261001_8fb675cb	XP_029205350.2	_		traf2_binding_permissive	Motif		PCEKG	119	124	1	5					
sequence	hmm	20261001_8fb675cb	XP_029205350.2	_		traf2_binding_permissive	Motif		PVTQSMT	200	207	1	7					
sequence	hmm	20261001_8fb675cb	XP_029205350.2	_		traf2_binding_permissive	Motif		PFEAS	212	217	1	5					
sequence	hmm	20261001_8fb675cb	XP_029205350.2	_		traf2_binding_permissive	Motif		PGQEAG	299	305	1	6					
sequence	hmm	20261001_8fb675cb	XP_029205350.2	_		traf2_binding_permissive	Motif		PADERT	351	357	1	6					
sequence	hmm	20261001_8fb675cb	XP_029205350.2	_		traf2_binding_permissive	Motif		PCNCSG	564	570	1	6					
sequence	hmm	20261001_8fb675cb	XP_029205353.2	_		traf6_binding_permissive	Motif		PCENGH	25	31	1	6					
sequence	hmm	20261001_8fb675cb	XP_029205353.2	_		traf6_binding_permissive	Motif		PCEKGK	105	111	1	6					
sequence	hmm	20261001_8fb675cb	XP_029205353.2	_		traf6_binding_permissive	Motif		PFEASL	198	204	1	6					
sequence	hmm	20261001_8fb675cb	XP_029205353.2	_		traf2_binding_strict	Motif		PFEAS	198	203	1	5					
sequence	hmm	20261001_8fb675cb	XP_029205353.2	_		traf2_binding_variant	Motif		PCENG	25	30	1	5					
sequence	hmm	20261001_8fb675cb	XP_029205353.2	_		traf2_binding_variant	Motif		PCEKG	105	110	1	5					
sequence	hmm	20261001_8fb675cb	XP_029205353.2	_		traf2_binding_variant	Motif		PFEAS	198	203	1	5					
sequence	hmm	20261001_8fb675cb	XP_029205353.2	_		traf2_binding_variant	Motif		PGQEA	285	290	1	5					
sequence	hmm	20261001_8fb675cb	XP_029205353.2	_		traf2_binding_variant	Motif		PCNCS	550	555	1	5					
sequence	hmm	20261001_8fb675cb	XP_029205353.2	_		traf2_binding_permissive	Motif		PCENG	25	30	1	5					
sequence	hmm	20261001_8fb675cb	XP_029205353.2	_		traf2_binding_permissive	Motif		PCEKG	105	110	1	5					
sequence	hmm	20261001_8fb675cb	XP_029205353.2	_		traf2_binding_permissive	Motif		PVTQSMT	186	193	1	7					
sequence	hmm	20261001_8fb675cb	XP_029205353.2	_		traf2_binding_permissive	Motif		PFEAS	198	203	1	5					
sequence	hmm	20261001_8fb675cb	XP_029205353.2	_		traf2_binding_permissive	Motif		PGQEAG	285	291	1	6					
sequence	hmm	20261001_8fb675cb	XP_029205353.2	_		traf2_binding_permissive	Motif		PADERT	337	343	1	6					
sequence	hmm	20261001_8fb675cb	XP_029205353.2	_		traf2_binding_permissive	Motif		PCNCSG	550	556	1	6					
sequence	hmm	20261001_8fb675cb	XP_029205354.2	_		traf6_binding_permissive	Motif		PCENGH	46	52	1	6					
sequence	hmm	20261001_8fb675cb	XP_029205354.2	_		traf6_binding_permissive	Motif		PCEKGK	126	132	1	6					
sequence	hmm	20261001_8fb675cb	XP_029205354.2	_		traf6_binding_permissive	Motif		PFEASL	219	225	1	6					
sequence	hmm	20261001_8fb675cb	XP_029205354.2	_		traf6_binding_permissive	Motif		PREKWK	333	339	1	6					
sequence	hmm	20261001_8fb675cb	XP_029205354.2	_		traf2_binding_strict	Motif		PFEAS	219	224	1	5					
sequence	hmm	20261001_8fb675cb	XP_029205354.2	_		traf2_binding_variant	Motif		PCENG	46	51	1	5					
sequence	hmm	20261001_8fb675cb	XP_029205354.2	_		traf2_binding_variant	Motif		PCEKG	126	131	1	5					
sequence	hmm	20261001_8fb675cb	XP_029205354.2	_		traf2_binding_variant	Motif		PFEAS	219	224	1	5					
sequence	hmm	20261001_8fb675cb	XP_029205354.2	_		traf2_binding_variant	Motif		PGQEA	306	311	1	5					
sequence	hmm	20261001_8fb675cb	XP_029205354.2	_		traf2_binding_permissive	Motif		PCENG	46	51	1	5					
sequence	hmm	20261001_8fb675cb	XP_029205354.2	_		traf2_binding_permissive	Motif		PCEKG	126	131	1	5					
sequence	hmm	20261001_8fb675cb	XP_029205354.2	_		traf2_binding_permissive	Motif		PVTQSMT	207	214	1	7					
sequence	hmm	20261001_8fb675cb	XP_029205354.2	_		traf2_binding_permissive	Motif		PFEAS	219	224	1	5					
sequence	hmm	20261001_8fb675cb	XP_029205354.2	_		traf2_binding_permissive	Motif		PGQEAGS	306	313	1	7					
sequence	hmm	20261001_8fb675cb	XP_029205355.2	_		traf6_binding_permissive	Motif		PCENGH	46	52	1	6					
sequence	hmm	20261001_8fb675cb	XP_029205355.2	_		traf6_binding_permissive	Motif		PCEKGK	126	132	1	6					
sequence	hmm	20261001_8fb675cb	XP_029205355.2	_		traf6_binding_permissive	Motif		PFEASL	219	225	1	6					
sequence	hmm	20261001_8fb675cb	XP_029205355.2	_		traf6_binding_permissive	Motif		PREKWK	308	314	1	6					
sequence	hmm	20261001_8fb675cb	XP_029205355.2	_		traf2_binding_strict	Motif		PFEAS	219	224	1	5					
sequence	hmm	20261001_8fb675cb	XP_029205355.2	_		traf2_binding_variant	Motif		PCENG	46	51	1	5					
sequence	hmm	20261001_8fb675cb	XP_029205355.2	_		traf2_binding_variant	Motif		PCEKG	126	131	1	5					
sequence	hmm	20261001_8fb675cb	XP_029205355.2	_		traf2_binding_variant	Motif		PFEAS	219	224	1	5					
sequence	hmm	20261001_8fb675cb	XP_029205355.2	_		traf2_binding_permissive	Motif		PCENG	46	51	1	5					
sequence	hmm	20261001_8fb675cb	XP_029205355.2	_		traf2_binding_permissive	Motif		PCEKG	126	131	1	5					
sequence	hmm	20261001_8fb675cb	XP_029205355.2	_		traf2_binding_permissive	Motif		PVTQSMT	207	214	1	7					
sequence	hmm	20261001_8fb675cb	XP_029205355.2	_		traf2_binding_permissive	Motif		PFEAS	219	224	1	5					
sequence	hmm	20261001_8fb675cb	XP_029209717.2	_		traf6_binding_permissive	Motif		PTQCER	52	58	1	6					
sequence	hmm	20261001_8fb675cb	XP_029209717.2	_		traf6_binding_permissive	Motif		PGQQMI	121	127	1	6					
sequence	hmm	20261001_8fb675cb	XP_029209717.2	_		traf2_binding_variant	Motif		PTQCE	52	57	1	5					
sequence	hmm	20261001_8fb675cb	XP_029209717.2	_		traf2_binding_variant	Motif		PNEAA	333	338	1	5					
sequence	hmm	20261001_8fb675cb	XP_029209717.2	_		traf2_binding_permissive	Motif		PTQCE	52	57	1	5					
sequence	hmm	20261001_8fb675cb	XP_029209717.2	_		traf2_binding_permissive	Motif		PGNSFT	59	65	1	6					
sequence	hmm	20261001_8fb675cb	XP_029209717.2	_		traf2_binding_permissive	Motif		PNEAA	333	338	1	5					
sequence	hmm	20261001_8fb675cb	XP_044163673.1	_		traf6_binding_permissive	Motif		PCENGH	46	52	1	6					
sequence	hmm	20261001_8fb675cb	XP_044163673.1	_		traf6_binding_permissive	Motif		PCEKGK	126	132	1	6					
sequence	hmm	20261001_8fb675cb	XP_044163673.1	_		traf6_binding_permissive	Motif		PFEASL	219	225	1	6					
sequence	hmm	20261001_8fb675cb	XP_044163673.1	_		traf6_binding_permissive	Motif		PREKWK	333	339	1	6					
sequence	hmm	20261001_8fb675cb	XP_044163673.1	_		traf2_binding_strict	Motif		PFEAS	219	224	1	5					
sequence	hmm	20261001_8fb675cb	XP_044163673.1	_		traf2_binding_variant	Motif		PCENG	46	51	1	5					
sequence	hmm	20261001_8fb675cb	XP_044163673.1	_		traf2_binding_variant	Motif		PCEKG	126	131	1	5					
sequence	hmm	20261001_8fb675cb	XP_044163673.1	_		traf2_binding_variant	Motif		PFEAS	219	224	1	5					
sequence	hmm	20261001_8fb675cb	XP_044163673.1	_		traf2_binding_variant	Motif		PGQEA	306	311	1	5					
sequence	hmm	20261001_8fb675cb	XP_044163673.1	_		traf2_binding_permissive	Motif		PCENG	46	51	1	5					
sequence	hmm	20261001_8fb675cb	XP_044163673.1	_		traf2_binding_permissive	Motif		PCEKG	126	131	1	5					
sequence	hmm	20261001_8fb675cb	XP_044163673.1	_		traf2_binding_permissive	Motif		PVTQSMT	207	214	1	7					
sequence	hmm	20261001_8fb675cb	XP_044163673.1	_		traf2_binding_permissive	Motif		PFEAS	219	224	1	5					
sequence	hmm	20261001_8fb675cb	XP_044163673.1	_		traf2_binding_permissive	Motif		PGQEAGS	306	313	1	7					
sequence	hmm	20261001_8fb675cb	XP_044169717.1	_		traf2_binding_strict	Motif		PEEHS	162	167	1	5					
sequence	hmm	20261001_8fb675cb	XP_044169717.1	_		traf2_binding_variant	Motif		PEEHS	162	167	1	5					
sequence	hmm	20261001_8fb675cb	XP_044169717.1	_		traf2_binding_permissive	Motif		PEEHSS	162	168	1	6					
sequence	hmm	20261001_8fb675cb	XP_044169717.1	_		traf2_binding_permissive	Motif		PFSNPST	228	235	1	7					
sequence	hmm	20261001_8fb675cb	XP_044169717.1	_		traf2_binding_permissive	Motif		PHFEQD	275	281	1	6					
sequence	hmm	20261001_8fb675cb	XP_044169717.1	_		traf2_binding_permissive	Motif		PDVQCMS	418	425	1	7					
sequence	hmm	20261001_8fb675cb	XP_044169717.1	_		traf2_binding_permissive	Motif		PETNERT	486	493	1	7					
sequence	hmm	20261001_8fb675cb	XP_044169717.1	_		traf2_binding_permissive	Motif		PASNLIS	603	610	1	7					
sequence	hmm	20261001_8fb675cb	XP_044169717.1	_		traf2_binding_permissive	Motif		PASQIYS	674	681	1	7					
sequence	hmm	20261001_8fb675cb	XP_044169717.1	_		traf2_binding_permissive	Motif		PIANCST	701	708	1	7					
sequence	hmm	20261001_8fb675cb	XP_044169717.1	_		traf2_binding_permissive	Motif		PVTEQD	783	789	1	6					
sequence	hmm	20261001_8fb675cb	XP_044169718.1	_		traf2_binding_strict	Motif		PEEHS	160	165	1	5					
sequence	hmm	20261001_8fb675cb	XP_044169718.1	_		traf2_binding_variant	Motif		PEEHS	160	165	1	5					
sequence	hmm	20261001_8fb675cb	XP_044169718.1	_		traf2_binding_permissive	Motif		PEEHSS	160	166	1	6					
sequence	hmm	20261001_8fb675cb	XP_044169718.1	_		traf2_binding_permissive	Motif		PFSNPST	226	233	1	7					
sequence	hmm	20261001_8fb675cb	XP_044169718.1	_		traf2_binding_permissive	Motif		PHFEQD	273	279	1	6					
sequence	hmm	20261001_8fb675cb	XP_044169718.1	_		traf2_binding_permissive	Motif		PDVQCMS	416	423	1	7					
sequence	hmm	20261001_8fb675cb	XP_044169718.1	_		traf2_binding_permissive	Motif		PETNERT	484	491	1	7					
sequence	hmm	20261001_8fb675cb	XP_044169718.1	_		traf2_binding_permissive	Motif		PASNLIS	601	608	1	7					
sequence	hmm	20261001_8fb675cb	XP_044169718.1	_		traf2_binding_permissive	Motif		PASQIYS	672	679	1	7					
sequence	hmm	20261001_8fb675cb	XP_044169718.1	_		traf2_binding_permissive	Motif		PIANCST	699	706	1	7					
sequence	hmm	20261001_8fb675cb	XP_044169718.1	_		traf2_binding_permissive	Motif		PVTEQD	781	787	1	6					
sequence	hmm	20261001_8fb675cb	XP_044169719.1	_		traf2_binding_strict	Motif		PEETS	162	167	1	5					
sequence	hmm	20261001_8fb675cb	XP_044169719.1	_		traf2_binding_variant	Motif		PEETS	162	167	1	5					
sequence	hmm	20261001_8fb675cb	XP_044169719.1	_		traf2_binding_permissive	Motif		PEETSA	162	168	1	6					
sequence	hmm	20261001_8fb675cb	XP_044169719.1	_		traf2_binding_permissive	Motif		PFSNPST	193	200	1	7					
sequence	hmm	20261001_8fb675cb	XP_044169719.1	_		traf2_binding_permissive	Motif		PHFEQD	240	246	1	6					
sequence	hmm	20261001_8fb675cb	XP_044169719.1	_		traf2_binding_permissive	Motif		PDVQCMS	383	390	1	7					
sequence	hmm	20261001_8fb675cb	XP_044169719.1	_		traf2_binding_permissive	Motif		PETNERT	451	458	1	7					
sequence	hmm	20261001_8fb675cb	XP_044169719.1	_		traf2_binding_permissive	Motif		PASNLIS	568	575	1	7					
sequence	hmm	20261001_8fb675cb	XP_044169719.1	_		traf2_binding_permissive	Motif		PASQIYS	639	646	1	7					
sequence	hmm	20261001_8fb675cb	XP_044169719.1	_		traf2_binding_permissive	Motif		PIANCST	666	673	1	7					
sequence	hmm	20261001_8fb675cb	XP_044169719.1	_		traf2_binding_permissive	Motif		PVTEQD	748	754	1	6					
sequence	hmm	20261001_8fb675cb	XP_044169721.1	_		traf2_binding_strict	Motif		PEETS	162	167	1	5					
sequence	hmm	20261001_8fb675cb	XP_044169721.1	_		traf2_binding_variant	Motif		PEETS	162	167	1	5					
sequence	hmm	20261001_8fb675cb	XP_044169721.1	_		traf2_binding_variant	Motif		PLNST	354	359	1	5					
sequence	hmm	20261001_8fb675cb	XP_044169721.1	_		traf2_binding_permissive	Motif		PEETSA	162	168	1	6					
sequence	hmm	20261001_8fb675cb	XP_044169721.1	_		traf2_binding_permissive	Motif		PFSNPST	193	200	1	7					
sequence	hmm	20261001_8fb675cb	XP_044169721.1	_		traf2_binding_permissive	Motif		PHFEQD	240	246	1	6					
sequence	hmm	20261001_8fb675cb	XP_044169721.1	_		traf2_binding_permissive	Motif		PYSESS	262	268	1	6					
sequence	hmm	20261001_8fb675cb	XP_044169721.1	_		traf2_binding_permissive	Motif		PLNSTE	354	360	1	6					
sequence	hmm	20261001_8fb675cb	XP_044169721.1	_		traf2_binding_permissive	Motif		PIEDCS	669	675	1	6					
sequence	hmm	20261001_8fb675cb	XP_044176328.1	_		traf6_binding_strict	Motif		PDETVE	473	479	1	6					
sequence	hmm	20261001_8fb675cb	XP_044176328.1	_		traf6_binding_permissive	Motif		PVQGAR	323	329	1	6					
sequence	hmm	20261001_8fb675cb	XP_044176328.1	_		traf6_binding_permissive	Motif		PDETVE	473	479	1	6					
sequence	hmm	20261001_8fb675cb	XP_044176328.1	_		traf2_binding_variant	Motif		PVQGA	323	328	1	5					
sequence	hmm	20261001_8fb675cb	XP_044176328.1	_		traf2_binding_permissive	Motif		PAGQQHS	64	71	1	7					
sequence	hmm	20261001_8fb675cb	XP_044176328.1	_		traf2_binding_permissive	Motif		PENTFS	89	95	1	6					
sequence	hmm	20261001_8fb675cb	XP_044176328.1	_		traf2_binding_permissive	Motif		PKTETIA	280	287	1	7					
sequence	hmm	20261001_8fb675cb	XP_044176328.1	_		traf2_binding_permissive	Motif		PVQGA	323	328	1	5					
sequence	hmm	20261001_8fb675cb	XP_044176328.1	_		traf2_binding_permissive	Motif		PDETVE	473	479	1	6					
sequence	hmm	20261001_8fb675cb	XP_044176329.1	_		traf6_binding_strict	Motif		PDETVE	453	459	1	6					
sequence	hmm	20261001_8fb675cb	XP_044176329.1	_		traf6_binding_permissive	Motif		PDETVE	453	459	1	6					
sequence	hmm	20261001_8fb675cb	XP_044176329.1	_		traf2_binding_permissive	Motif		PAGQQHS	64	71	1	7					
sequence	hmm	20261001_8fb675cb	XP_044176329.1	_		traf2_binding_permissive	Motif		PENTFS	89	95	1	6					
sequence	hmm	20261001_8fb675cb	XP_044176329.1	_		traf2_binding_permissive	Motif		PKTETIA	280	287	1	7					
sequence	hmm	20261001_8fb675cb	XP_044176329.1	_		traf2_binding_permissive	Motif		PLLELVA	316	323	1	7					
sequence	hmm	20261001_8fb675cb	XP_044176329.1	_		traf2_binding_permissive	Motif		PDETVE	453	459	1	6					
sequence	hmm	20261001_8fb675cb	XP_044176330.1	_		traf6_binding_strict	Motif		PDETVE	411	417	1	6					
sequence	hmm	20261001_8fb675cb	XP_044176330.1	_		traf6_binding_permissive	Motif		PDETVE	411	417	1	6					
sequence	hmm	20261001_8fb675cb	XP_044176330.1	_		traf2_binding_permissive	Motif		PAGQQHS	64	71	1	7					
sequence	hmm	20261001_8fb675cb	XP_044176330.1	_		traf2_binding_permissive	Motif		PENTFS	89	95	1	6					
sequence	hmm	20261001_8fb675cb	XP_044176330.1	_		traf2_binding_permissive	Motif		PKTETIA	280	287	1	7					
sequence	hmm	20261001_8fb675cb	XP_044176330.1	_		traf2_binding_permissive	Motif		PDETVE	411	417	1	6					
sequence	hmm	20261001_8fb675cb	XP_044176331.1	_		traf6_binding_strict	Motif		PAEAGE	281	287	1	6					
sequence	hmm	20261001_8fb675cb	XP_044176331.1	_		traf6_binding_permissive	Motif		PAEAGE	281	287	1	6					
sequence	hmm	20261001_8fb675cb	XP_044176331.1	_		traf2_binding_strict	Motif		PTQTS	212	217	1	5					
sequence	hmm	20261001_8fb675cb	XP_044176331.1	_		traf2_binding_strict	Motif		PMQST	356	361	1	5					
sequence	hmm	20261001_8fb675cb	XP_044176331.1	_		traf2_binding_variant	Motif		PTQTS	212	217	1	5					
sequence	hmm	20261001_8fb675cb	XP_044176331.1	_		traf2_binding_variant	Motif		PAEAG	281	286	1	5					
sequence	hmm	20261001_8fb675cb	XP_044176331.1	_		traf2_binding_variant	Motif		PMQST	356	361	1	5					
sequence	hmm	20261001_8fb675cb	XP_044176331.1	_		traf2_binding_permissive	Motif		PKGQGLS	64	71	1	7					
sequence	hmm	20261001_8fb675cb	XP_044176331.1	_		traf2_binding_permissive	Motif		PTQTSA	212	218	1	6					
sequence	hmm	20261001_8fb675cb	XP_044176331.1	_		traf2_binding_permissive	Motif		PAEAGE	281	287	1	6					
sequence	hmm	20261001_8fb675cb	XP_044176331.1	_		traf2_binding_permissive	Motif		PMQST	356	361	1	5					
sequence	hmm	20261001_8fb675cb	XP_044176331.1	_		traf2_binding_permissive	Motif		PSNELIS	426	433	1	7					
sequence	hmm	20261001_8fb675cb	XP_044176333.1	_		traf2_binding_strict	Motif		PTQTS	212	217	1	5					
sequence	hmm	20261001_8fb675cb	XP_044176333.1	_		traf2_binding_variant	Motif		PTQTS	212	217	1	5					
sequence	hmm	20261001_8fb675cb	XP_044176333.1	_		traf2_binding_permissive	Motif		PKGQGLS	64	71	1	7					
sequence	hmm	20261001_8fb675cb	XP_044176333.1	_		traf2_binding_permissive	Motif		PTQTSA	212	218	1	6					
sequence	hmm	20261001_8fb675cb	XP_044176333.1	_		traf2_binding_permissive	Motif		PADQAGE	281	288	1	7					
sequence	hmm	20261001_8fb675cb	XP_044176371.1	_		traf6_binding_permissive	Motif		PEQKVE	368	374	1	6					
sequence	hmm	20261001_8fb675cb	XP_044176371.1	_		traf6_binding_permissive	Motif		PLESLV	673	679	1	6					
sequence	hmm	20261001_8fb675cb	XP_044176371.1	_		traf2_binding_variant	Motif		PCNRE	244	249	1	5					
sequence	hmm	20261001_8fb675cb	XP_044176371.1	_		traf2_binding_permissive	Motif		PKCQSD	165	171	1	6					
sequence	hmm	20261001_8fb675cb	XP_044176371.1	_		traf2_binding_permissive	Motif		PCNRE	244	249	1	5					
sequence	hmm	20261001_8fb675cb	XP_044176371.1	_		traf2_binding_permissive	Motif		PEQKVE	368	374	1	6					
sequence	hmm	20261001_8fb675cb	XP_044176371.1	_		traf2_binding_permissive	Motif		PAGNSD	501	507	1	6					
sequence	hmm	20261001_8fb675cb	XP_044176371.1	_		traf2_binding_permissive	Motif		PFGNYKE	647	654	1	7					
sequence	hmm	20261001_8fb675cb	XP_044176371.1	_		traf2_binding_permissive	Motif		PHEMVT	659	665	1	6					
sequence	hmm	20261001_8fb675cb	XP_044176372.1	_		traf6_binding_permissive	Motif		PEQKVE	368	374	1	6					
sequence	hmm	20261001_8fb675cb	XP_044176372.1	_		traf6_binding_permissive	Motif		PLESLV	737	743	1	6					
sequence	hmm	20261001_8fb675cb	XP_044176372.1	_		traf2_binding_variant	Motif		PCNRE	244	249	1	5					
sequence	hmm	20261001_8fb675cb	XP_044176372.1	_		traf2_binding_variant	Motif		PENLT	684	689	1	5					
sequence	hmm	20261001_8fb675cb	XP_044176372.1	_		traf2_binding_permissive	Motif		PKCQSD	165	171	1	6					
sequence	hmm	20261001_8fb675cb	XP_044176372.1	_		traf2_binding_permissive	Motif		PCNRE	244	249	1	5					
sequence	hmm	20261001_8fb675cb	XP_044176372.1	_		traf2_binding_permissive	Motif		PEQKVE	368	374	1	6					
sequence	hmm	20261001_8fb675cb	XP_044176372.1	_		traf2_binding_permissive	Motif		PAGNSD	501	507	1	6					
sequence	hmm	20261001_8fb675cb	XP_044176372.1	_		traf2_binding_permissive	Motif		PFGNYKE	647	654	1	7					
sequence	hmm	20261001_8fb675cb	XP_044176372.1	_		traf2_binding_permissive	Motif		PHEMVT	659	665	1	6					
sequence	hmm	20261001_8fb675cb	XP_044176372.1	_		traf2_binding_permissive	Motif		PENLTT	684	690	1	6					
sequence	hmm	20261001_8fb675cb	XP_044176372.1	_		traf2_binding_permissive	Motif		PIPEDPS	706	713	1	7					
sequence	hmm	20261001_8fb675cb	XP_044181015.1	_		traf6_binding_permissive	Motif		PGEDEI	56	62	1	6					
sequence	hmm	20261001_8fb675cb	XP_044181015.1	_		traf6_binding_permissive	Motif		PCQHCK	120	126	1	6					
sequence	hmm	20261001_8fb675cb	XP_044181015.1	_		traf2_binding_variant	Motif		PGEDE	56	61	1	5					
sequence	hmm	20261001_8fb675cb	XP_044181015.1	_		traf2_binding_permissive	Motif		PGEDE	56	61	1	5					
sequence	hmm	20261001_8fb675cb	XP_044181015.1	_		traf2_binding_permissive	Motif		PSCNPGD	76	83	1	7					
sequence	hmm	20261001_8fb675cb	XP_044181015.1	_		traf2_binding_permissive	Motif		PSCEKG	185	191	1	6					
sequence	hmm	20261001_8fb675cb	XP_044181015.1	_		traf2_binding_permissive	Motif		PICQNVS	233	240	1	7					
sequence	hmm	20261001_8fb675cb	XP_044181015.1	_		traf2_binding_permissive	Motif		PKEENQD	240	247	1	7					
sequence	hmm	20261001_8fb675cb	XP_044181015.1	_		traf2_binding_permissive	Motif		PTCNVD	298	304	1	6					
sequence	hmm	20261001_8fb675cb	XP_044182307.1	_		traf6_binding_strict	Motif		PRETTE	166	172	1	6					
sequence	hmm	20261001_8fb675cb	XP_044182307.1	_		traf6_binding_permissive	Motif		PRETTE	166	172	1	6					
sequence	hmm	20261001_8fb675cb	XP_044182307.1	_		traf6_binding_permissive	Motif		PTEAFL	314	320	1	6					
sequence	hmm	20261001_8fb675cb	XP_044182307.1	_		traf2_binding_strict	Motif		PRETT	166	171	1	5					
sequence	hmm	20261001_8fb675cb	XP_044182307.1	_		traf2_binding_variant	Motif		PRETT	166	171	1	5					
sequence	hmm	20261001_8fb675cb	XP_044182307.1	_		traf2_binding_variant	Motif		PVNDS	181	186	1	5					
sequence	hmm	20261001_8fb675cb	XP_044182307.1	_		traf2_binding_permissive	Motif		PRETTE	166	172	1	6					
sequence	hmm	20261001_8fb675cb	XP_044182307.1	_		traf2_binding_permissive	Motif		PVNDSG	181	187	1	6					
sequence	hmm	20261001_8fb675cb	XP_044183485.1	_		traf6_binding_permissive	Motif		PCEEGI	82	88	1	6					
sequence	hmm	20261001_8fb675cb	XP_044183485.1	_		traf6_binding_permissive	Motif		PNEETI	106	112	1	6					
sequence	hmm	20261001_8fb675cb	XP_044183485.1	_		traf6_binding_permissive	Motif		PAQSTD	261	267	1	6					
sequence	hmm	20261001_8fb675cb	XP_044183485.1	_		traf2_binding_strict	Motif		PNEET	106	111	1	5					
sequence	hmm	20261001_8fb675cb	XP_044183485.1	_		traf2_binding_strict	Motif		PAQST	261	266	1	5					
sequence	hmm	20261001_8fb675cb	XP_044183485.1	_		traf2_binding_variant	Motif		PCEEG	82	87	1	5					
sequence	hmm	20261001_8fb675cb	XP_044183485.1	_		traf2_binding_variant	Motif		PNEET	106	111	1	5					
sequence	hmm	20261001_8fb675cb	XP_044183485.1	_		traf2_binding_variant	Motif		PAQST	261	266	1	5					
sequence	hmm	20261001_8fb675cb	XP_044183485.1	_		traf2_binding_permissive	Motif		PCEEGIG	82	89	1	7					
sequence	hmm	20261001_8fb675cb	XP_044183485.1	_		traf2_binding_permissive	Motif		PNEET	106	111	1	5					
sequence	hmm	20261001_8fb675cb	XP_044183485.1	_		traf2_binding_permissive	Motif		PAQSTD	261	267	1	6					
sequence	hmm	20261001_8fb675cb	XP_044183485.1	_		traf2_binding_permissive	Motif		PSQLVS	270	276	1	6					
sequence	hmm	20261001_8fb675cb	XP_044183485.1	_		traf2_binding_permissive	Motif		PSEVKS	279	285	1	6					
sequence	hmm	20261001_8fb675cb	XP_044183485.1	_		traf2_binding_permissive	Motif		PHGESDT	292	299	1	7					
sequence	hmm	20261001_8fb675cb	XP_044183486.1	_		traf6_binding_permissive	Motif		PCEEGI	82	88	1	6					
sequence	hmm	20261001_8fb675cb	XP_044183486.1	_		traf6_binding_permissive	Motif		PNEETI	106	112	1	6					
sequence	hmm	20261001_8fb675cb	XP_044183486.1	_		traf2_binding_strict	Motif		PNEET	106	111	1	5					
sequence	hmm	20261001_8fb675cb	XP_044183486.1	_		traf2_binding_variant	Motif		PCEEG	82	87	1	5					
sequence	hmm	20261001_8fb675cb	XP_044183486.1	_		traf2_binding_variant	Motif		PNEET	106	111	1	5					
sequence	hmm	20261001_8fb675cb	XP_044183486.1	_		traf2_binding_permissive	Motif		PCEEGIG	82	89	1	7					
sequence	hmm	20261001_8fb675cb	XP_044183486.1	_		traf2_binding_permissive	Motif		PNEET	106	111	1	5					
sequence	hmm	20261001_8fb675cb	XP_044184797.1	_		traf2_binding_strict	Motif		PEEHS	174	179	1	5					
sequence	hmm	20261001_8fb675cb	XP_044184797.1	_		traf2_binding_variant	Motif		PEEHS	174	179	1	5					
sequence	hmm	20261001_8fb675cb	XP_044184797.1	_		traf2_binding_variant	Motif		PEQQE	320	325	1	5					
sequence	hmm	20261001_8fb675cb	XP_044184797.1	_		traf2_binding_permissive	Motif		PEEHSS	174	180	1	6					
sequence	hmm	20261001_8fb675cb	XP_044184797.1	_		traf2_binding_permissive	Motif		PFSNPST	270	277	1	7					
sequence	hmm	20261001_8fb675cb	XP_044184797.1	_		traf2_binding_permissive	Motif		PEQQE	320	325	1	5					
sequence	hmm	20261001_8fb675cb	XP_044184949.1	_		traf6_binding_permissive	Motif		PLQTTL	790	796	1	6					
sequence	hmm	20261001_8fb675cb	XP_044184949.1	_		traf2_binding_strict	Motif		PLQTT	790	795	1	5					
sequence	hmm	20261001_8fb675cb	XP_044184949.1	_		traf2_binding_variant	Motif		PKNIS	295	300	1	5					
sequence	hmm	20261001_8fb675cb	XP_044184949.1	_		traf2_binding_variant	Motif		PLQTT	790	795	1	5					
sequence	hmm	20261001_8fb675cb	XP_044184949.1	_		traf2_binding_permissive	Motif		PTLQSST	195	202	1	7					
sequence	hmm	20261001_8fb675cb	XP_044184949.1	_		traf2_binding_permissive	Motif		PKNIS	295	300	1	5					
sequence	hmm	20261001_8fb675cb	XP_044184949.1	_		traf2_binding_permissive	Motif		PREPPT	302	308	1	6					
sequence	hmm	20261001_8fb675cb	XP_044184949.1	_		traf2_binding_permissive	Motif		PETNKRT	538	545	1	7					
sequence	hmm	20261001_8fb675cb	XP_044184949.1	_		traf2_binding_permissive	Motif		PASNLIS	655	662	1	7					
sequence	hmm	20261001_8fb675cb	XP_044184949.1	_		traf2_binding_permissive	Motif		PASQIYS	726	733	1	7					
sequence	hmm	20261001_8fb675cb	XP_044184949.1	_		traf2_binding_permissive	Motif		PLQTT	790	795	1	5					
sequence	hmm	20261001_8fb675cb	XP_046844624.1	_		traf6_binding_permissive	Motif		PVQSIL	16	22	1	6					
sequence	hmm	20261001_8fb675cb	XP_046850328.1	_		traf6_binding_strict	Motif		PGEFQE	136	142	1	6					
sequence	hmm	20261001_8fb675cb	XP_046850328.1	_		traf6_binding_permissive	Motif		PGEFQE	136	142	1	6					
sequence	hmm	20261001_8fb675cb	XP_046850328.1	_		traf2_binding_strict	Motif		PSEES	371	376	1	5					
sequence	hmm	20261001_8fb675cb	XP_046850328.1	_		traf2_binding_variant	Motif		PSEES	371	376	1	5					
sequence	hmm	20261001_8fb675cb	XP_046850328.1	_		traf2_binding_permissive	Motif		PGRNETT	123	130	1	7					
sequence	hmm	20261001_8fb675cb	XP_046850328.1	_		traf2_binding_permissive	Motif		PPGEFQE	135	142	1	7					
sequence	hmm	20261001_8fb675cb	XP_046850328.1	_		traf2_binding_permissive	Motif		PSEES	371	376	1	5					
sequence	hmm	20261001_8fb675cb	XP_046850328.1	_		traf2_binding_permissive	Motif		PRIQENG	383	390	1	7					
sequence	hmm	20261001_8fb675cb	XP_046850328.1	_		traf2_binding_permissive	Motif		PINPPS	409	415	1	6					
sequence	hmm	20261001_8fb675cb	XP_046850329.1	_		traf6_binding_strict	Motif		PGEFQE	136	142	1	6					
sequence	hmm	20261001_8fb675cb	XP_046850329.1	_		traf6_binding_permissive	Motif		PGEFQE	136	142	1	6					
sequence	hmm	20261001_8fb675cb	XP_046850329.1	_		traf2_binding_strict	Motif		PSEES	360	365	1	5					
sequence	hmm	20261001_8fb675cb	XP_046850329.1	_		traf2_binding_variant	Motif		PSEES	360	365	1	5					
sequence	hmm	20261001_8fb675cb	XP_046850329.1	_		traf2_binding_permissive	Motif		PGRNETT	123	130	1	7					
sequence	hmm	20261001_8fb675cb	XP_046850329.1	_		traf2_binding_permissive	Motif		PPGEFQE	135	142	1	7					
sequence	hmm	20261001_8fb675cb	XP_046850329.1	_		traf2_binding_permissive	Motif		PSEES	360	365	1	5					
sequence	hmm	20261001_8fb675cb	XP_046850329.1	_		traf2_binding_permissive	Motif		PRIQENG	372	379	1	7					
sequence	hmm	20261001_8fb675cb	XP_046850329.1	_		traf2_binding_permissive	Motif		PINPPS	398	404	1	6					
sequence	hmm	20261001_8fb675cb	XP_046850330.1	_		traf6_binding_strict	Motif		PGEFQE	72	78	1	6					
sequence	hmm	20261001_8fb675cb	XP_046850330.1	_		traf6_binding_permissive	Motif		PGEFQE	72	78	1	6					
sequence	hmm	20261001_8fb675cb	XP_046850330.1	_		traf2_binding_strict	Motif		PSEES	307	312	1	5					
sequence	hmm	20261001_8fb675cb	XP_046850330.1	_		traf2_binding_variant	Motif		PSEES	307	312	1	5					
sequence	hmm	20261001_8fb675cb	XP_046850330.1	_		traf2_binding_permissive	Motif		PGRNETT	59	66	1	7					
sequence	hmm	20261001_8fb675cb	XP_046850330.1	_		traf2_binding_permissive	Motif		PPGEFQE	71	78	1	7					
sequence	hmm	20261001_8fb675cb	XP_046850330.1	_		traf2_binding_permissive	Motif		PSEES	307	312	1	5					
sequence	hmm	20261001_8fb675cb	XP_046850330.1	_		traf2_binding_permissive	Motif		PRIQENG	319	326	1	7					
sequence	hmm	20261001_8fb675cb	XP_046850330.1	_		traf2_binding_permissive	Motif		PINPPS	345	351	1	6					
sequence	hmm	20261001_8fb675cb	XP_046850331.1	_		traf6_binding_strict	Motif		PGEFQE	70	76	1	6					
sequence	hmm	20261001_8fb675cb	XP_046850331.1	_		traf6_binding_permissive	Motif		PGEFQE	70	76	1	6					
sequence	hmm	20261001_8fb675cb	XP_046850331.1	_		traf2_binding_strict	Motif		PSEES	305	310	1	5					
sequence	hmm	20261001_8fb675cb	XP_046850331.1	_		traf2_binding_variant	Motif		PSEES	305	310	1	5					
sequence	hmm	20261001_8fb675cb	XP_046850331.1	_		traf2_binding_permissive	Motif		PGRNETT	57	64	1	7					
sequence	hmm	20261001_8fb675cb	XP_046850331.1	_		traf2_binding_permissive	Motif		PPGEFQE	69	76	1	7					
sequence	hmm	20261001_8fb675cb	XP_046850331.1	_		traf2_binding_permissive	Motif		PSEES	305	310	1	5					
sequence	hmm	20261001_8fb675cb	XP_046850331.1	_		traf2_binding_permissive	Motif		PRIQENG	317	324	1	7					
sequence	hmm	20261001_8fb675cb	XP_046850331.1	_		traf2_binding_permissive	Motif		PINPPS	343	349	1	6					
sequence	hmm	20261001_8fb675cb	NW_026711334.1_K02583_dc32cf6a	_		traf2_binding_variant	Motif		PMNST	297	302	1	5					
sequence	hmm	20261001_8fb675cb	NW_026711334.1_K02583_dc32cf6a	_		traf2_binding_permissive	Motif		PCSECCG	92	99	1	7					
sequence	hmm	20261001_8fb675cb	NW_026711334.1_K02583_dc32cf6a	_		traf2_binding_permissive	Motif		PSGEQES	213	220	1	7					
sequence	hmm	20261001_8fb675cb	NW_026711334.1_K02583_dc32cf6a	_		traf2_binding_permissive	Motif		PMNST	297	302	1	5					
sequence	hmm	20261001_8fb675cb	NW_026711461.1_K02583_6f77de76	_		traf6_binding_permissive	Motif		PSQTAI	64	70	1	6					
sequence	hmm	20261001_8fb675cb	NW_026711461.1_K02583_6f77de76	_		traf2_binding_variant	Motif		PSQTA	64	69	1	5					
sequence	hmm	20261001_8fb675cb	NW_026711461.1_K02583_6f77de76	_		traf2_binding_permissive	Motif		PPSQTA	63	69	1	6					
sequence	hmm	20261001_8fb675cb	NW_026711461.1_K02583_6f77de76	_		traf2_binding_permissive	Motif		PCTNIS	110	116	1	6					
sequence	hmm	20261001_8fb675cb	NW_026711461.1_K02583_6f77de76	_		traf2_binding_permissive	Motif		PCREGT	121	127	1	6					
sequence	hmm	20261001_8fb675cb	NW_026711461.1_K02583_6f77de76	_		traf2_binding_permissive	Motif		PVEKVT	183	189	1	6					
sequence	hmm	20261001_8fb675cb	XP_058940027.1	_		traf2_binding_variant	Motif		PKNRG	296	301	1	5					
sequence	hmm	20261001_8fb675cb	XP_058940027.1	_		traf2_binding_permissive	Motif		PRTNGDT	210	217	1	7					
sequence	hmm	20261001_8fb675cb	XP_058940027.1	_		traf2_binding_permissive	Motif		PKNRG	296	301	1	5					
sequence	hmm	20261001_8fb675cb	XP_058940028.1	_		traf2_binding_variant	Motif		PKNRG	296	301	1	5					
sequence	hmm	20261001_8fb675cb	XP_058940028.1	_		traf2_binding_permissive	Motif		PRTNGDT	210	217	1	7					
sequence	hmm	20261001_8fb675cb	XP_058940028.1	_		traf2_binding_permissive	Motif		PKNRG	296	301	1	5					
sequence	hmm	20261001_8fb675cb	XP_058940030.1	_		traf2_binding_variant	Motif		PKNRG	269	274	1	5					
sequence	hmm	20261001_8fb675cb	XP_058940030.1	_		traf2_binding_permissive	Motif		PRTNGDT	183	190	1	7					
sequence	hmm	20261001_8fb675cb	XP_058940030.1	_		traf2_binding_permissive	Motif		PKNRG	269	274	1	5					
sequence	hmm	20261001_8fb675cb	XP_058941055.1	_		traf2_binding_permissive	Motif		PKGQSEE	198	205	1	7					
sequence	hmm	20261001_8fb675cb	XP_058941055.1	_		traf2_binding_permissive	Motif		PSRQLLE	391	398	1	7					
sequence	hmm	20261001_8fb675cb	XP_058941063.1	_		traf6_binding_permissive	Motif		PTEYWV	59	65	1	6					
sequence	hmm	20261001_8fb675cb	XP_058941063.1	_		traf2_binding_permissive	Motif		PEGQGLS	80	87	1	7					
sequence	hmm	20261001_8fb675cb	XP_058941069.1	_		traf2_binding_permissive	Motif		PTSQHGT	236	243	1	7					
sequence	hmm	20261001_8fb675cb	XP_058941071.1	_		traf6_binding_permissive	Motif		PSQFKK	26	32	1	6					
sequence	hmm	20261001_8fb675cb	XP_058941071.1	_		traf6_binding_permissive	Motif		PTQHWV	60	66	1	6					
sequence	hmm	20261001_8fb675cb	XP_058941071.1	_		traf2_binding_strict	Motif		PGQQS	52	57	1	5					
sequence	hmm	20261001_8fb675cb	XP_058941071.1	_		traf2_binding_strict	Motif		PCEPT	57	62	1	5					
sequence	hmm	20261001_8fb675cb	XP_058941071.1	_		traf2_binding_variant	Motif		PGQQS	52	57	1	5					
sequence	hmm	20261001_8fb675cb	XP_058941071.1	_		traf2_binding_variant	Motif		PCEPT	57	62	1	5					
sequence	hmm	20261001_8fb675cb	XP_058941071.1	_		traf2_binding_permissive	Motif		PGQQS	52	57	1	5					
sequence	hmm	20261001_8fb675cb	XP_058941071.1	_		traf2_binding_permissive	Motif		PCEPT	57	62	1	5					
sequence	hmm	20261001_8fb675cb	XP_058941071.1	_		traf2_binding_permissive	Motif		PPGQGLS	81	88	1	7					
sequence	hmm	20261001_8fb675cb	XP_058941074.1	_		traf6_binding_permissive	Motif		PTQMSL	213	219	1	6					
sequence	hmm	20261001_8fb675cb	XP_058941074.1	_		traf6_binding_permissive	Motif		PTQIEV	320	326	1	6					
sequence	hmm	20261001_8fb675cb	XP_058941074.1	_		traf2_binding_strict	Motif		PKECS	175	180	1	5					
sequence	hmm	20261001_8fb675cb	XP_058941074.1	_		traf2_binding_strict	Motif		PTQMS	213	218	1	5					
sequence	hmm	20261001_8fb675cb	XP_058941074.1	_		traf2_binding_strict	Motif		PKEGS	264	269	1	5					
sequence	hmm	20261001_8fb675cb	XP_058941074.1	_		traf2_binding_variant	Motif		PKECS	175	180	1	5					
sequence	hmm	20261001_8fb675cb	XP_058941074.1	_		traf2_binding_variant	Motif		PTQMS	213	218	1	5					
sequence	hmm	20261001_8fb675cb	XP_058941074.1	_		traf2_binding_variant	Motif		PKEGS	264	269	1	5					
sequence	hmm	20261001_8fb675cb	XP_058941074.1	_		traf2_binding_variant	Motif		PTQIE	320	325	1	5					
sequence	hmm	20261001_8fb675cb	XP_058941074.1	_		traf2_binding_permissive	Motif		PKECSG	175	181	1	6					
sequence	hmm	20261001_8fb675cb	XP_058941074.1	_		traf2_binding_permissive	Motif		PTQMS	213	218	1	5					
sequence	hmm	20261001_8fb675cb	XP_058941074.1	_		traf2_binding_permissive	Motif		PTKEGE	227	233	1	6					
sequence	hmm	20261001_8fb675cb	XP_058941074.1	_		traf2_binding_permissive	Motif		PKEGSG	264	270	1	6					
sequence	hmm	20261001_8fb675cb	XP_058941074.1	_		traf2_binding_permissive	Motif		PPTQIE	319	325	1	6					
sequence	hmm	20261001_8fb675cb	XP_058941078.1	_		traf6_binding_permissive	Motif		PEQIIW	54	60	1	6					
sequence	hmm	20261001_8fb675cb	XP_058941078.1	_		traf2_binding_permissive	Motif		PCSECCG	158	165	1	7					
sequence	hmm	20261001_8fb675cb	XP_058941078.1	_		traf2_binding_permissive	Motif		PSGEQES	279	286	1	7					
sequence	hmm	20261001_8fb675cb	XP_058941078.1	_		traf2_binding_permissive	Motif		PIPQSQD	336	343	1	7					
sequence	hmm	20261001_8fb675cb	XP_058941078.1	_		traf2_binding_permissive	Motif		PSHELMD	423	430	1	7					
sequence	hmm	20261001_8fb675cb	XP_058941097.1	_		traf6_binding_permissive	Motif		PSEKLL	453	459	1	6					
sequence	hmm	20261001_8fb675cb	XP_058941099.1	_		traf6_binding_permissive	Motif		PCELGR	74	80	1	6					
sequence	hmm	20261001_8fb675cb	XP_058941099.1	_		traf6_binding_permissive	Motif		PVQESE	287	293	1	6					
sequence	hmm	20261001_8fb675cb	XP_058941099.1	_		traf6_binding_permissive	Motif		PAETKV	304	310	1	6					
sequence	hmm	20261001_8fb675cb	XP_058941099.1	_		traf2_binding_strict	Motif		PVQES	287	292	1	5					
sequence	hmm	20261001_8fb675cb	XP_058941099.1	_		traf2_binding_variant	Motif		PCELG	74	79	1	5					
sequence	hmm	20261001_8fb675cb	XP_058941099.1	_		traf2_binding_variant	Motif		PVQES	287	292	1	5					
sequence	hmm	20261001_8fb675cb	XP_058941099.1	_		traf2_binding_permissive	Motif		PGNSIT	28	34	1	6					
sequence	hmm	20261001_8fb675cb	XP_058941099.1	_		traf2_binding_permissive	Motif		PAGQGLS	51	58	1	7					
sequence	hmm	20261001_8fb675cb	XP_058941099.1	_		traf2_binding_permissive	Motif		PCELG	74	79	1	5					
sequence	hmm	20261001_8fb675cb	XP_058941099.1	_		traf2_binding_permissive	Motif		PECQVPG	147	154	1	7					
sequence	hmm	20261001_8fb675cb	XP_058941099.1	_		traf2_binding_permissive	Motif		PVTEHS	204	210	1	6					
sequence	hmm	20261001_8fb675cb	XP_058941099.1	_		traf2_binding_permissive	Motif		PVQESE	287	293	1	6					
sequence	hmm	20261001_8fb675cb	XP_058941099.1	_		traf2_binding_permissive	Motif		PETQLPA	299	306	1	7					
sequence	hmm	20261001_8fb675cb	XP_058941100.1	_		traf6_binding_permissive	Motif		PCELGR	74	80	1	6					
sequence	hmm	20261001_8fb675cb	XP_058941100.1	_		traf6_binding_permissive	Motif		PVQESE	287	293	1	6					
sequence	hmm	20261001_8fb675cb	XP_058941100.1	_		traf6_binding_permissive	Motif		PAETKV	304	310	1	6					
sequence	hmm	20261001_8fb675cb	XP_058941100.1	_		traf2_binding_strict	Motif		PVQES	287	292	1	5					
sequence	hmm	20261001_8fb675cb	XP_058941100.1	_		traf2_binding_variant	Motif		PCELG	74	79	1	5					
sequence	hmm	20261001_8fb675cb	XP_058941100.1	_		traf2_binding_variant	Motif		PVQES	287	292	1	5					
sequence	hmm	20261001_8fb675cb	XP_058941100.1	_		traf2_binding_permissive	Motif		PGNSIT	28	34	1	6					
sequence	hmm	20261001_8fb675cb	XP_058941100.1	_		traf2_binding_permissive	Motif		PAGQGLS	51	58	1	7					
sequence	hmm	20261001_8fb675cb	XP_058941100.1	_		traf2_binding_permissive	Motif		PCELG	74	79	1	5					
sequence	hmm	20261001_8fb675cb	XP_058941100.1	_		traf2_binding_permissive	Motif		PECQVPG	147	154	1	7					
sequence	hmm	20261001_8fb675cb	XP_058941100.1	_		traf2_binding_permissive	Motif		PGDNDVE	259	266	1	7					
sequence	hmm	20261001_8fb675cb	XP_058941100.1	_		traf2_binding_permissive	Motif		PVQESE	287	293	1	6					
sequence	hmm	20261001_8fb675cb	XP_058941100.1	_		traf2_binding_permissive	Motif		PETQLPA	299	306	1	7					
sequence	hmm	20261001_8fb675cb	XP_058941109.1	_		traf6_binding_permissive	Motif		PCELGR	74	80	1	6					
sequence	hmm	20261001_8fb675cb	XP_058941109.1	_		traf6_binding_permissive	Motif		PVQEKE	269	275	1	6					
sequence	hmm	20261001_8fb675cb	XP_058941109.1	_		traf6_binding_permissive	Motif		PAEAKV	286	292	1	6					
sequence	hmm	20261001_8fb675cb	XP_058941109.1	_		traf2_binding_variant	Motif		PCELG	74	79	1	5					
sequence	hmm	20261001_8fb675cb	XP_058941109.1	_		traf2_binding_permissive	Motif		PGNSIT	28	34	1	6					
sequence	hmm	20261001_8fb675cb	XP_058941109.1	_		traf2_binding_permissive	Motif		PAGQGLS	51	58	1	7					
sequence	hmm	20261001_8fb675cb	XP_058941109.1	_		traf2_binding_permissive	Motif		PCELG	74	79	1	5					
sequence	hmm	20261001_8fb675cb	XP_058941109.1	_		traf2_binding_permissive	Motif		PECQVPG	147	154	1	7					
sequence	hmm	20261001_8fb675cb	XP_058941109.1	_		traf2_binding_permissive	Motif		PVQEKE	269	275	1	6					
sequence	hmm	20261001_8fb675cb	XP_058942793.1	_		traf6_binding_strict	Motif		PQEMEE	258	264	1	6					
sequence	hmm	20261001_8fb675cb	XP_058942793.1	_		traf6_binding_permissive	Motif		PSQTAI	80	86	1	6					
sequence	hmm	20261001_8fb675cb	XP_058942793.1	_		traf6_binding_permissive	Motif		PQEMEE	258	264	1	6					
sequence	hmm	20261001_8fb675cb	XP_058942793.1	_		traf2_binding_variant	Motif		PSQTA	80	85	1	5					
sequence	hmm	20261001_8fb675cb	XP_058942793.1	_		traf2_binding_variant	Motif		PTNAG	202	207	1	5					
sequence	hmm	20261001_8fb675cb	XP_058942793.1	_		traf2_binding_variant	Motif		PQEME	258	263	1	5					
sequence	hmm	20261001_8fb675cb	XP_058942793.1	_		traf2_binding_permissive	Motif		PPSQTA	79	85	1	6					
sequence	hmm	20261001_8fb675cb	XP_058942793.1	_		traf2_binding_permissive	Motif		PCTNIS	126	132	1	6					
sequence	hmm	20261001_8fb675cb	XP_058942793.1	_		traf2_binding_permissive	Motif		PCREGT	137	143	1	6					
sequence	hmm	20261001_8fb675cb	XP_058942793.1	_		traf2_binding_permissive	Motif		PTNAG	202	207	1	5					
sequence	hmm	20261001_8fb675cb	XP_058942793.1	_		traf2_binding_permissive	Motif		PVEKVT	211	217	1	6					
sequence	hmm	20261001_8fb675cb	XP_058942793.1	_		traf2_binding_permissive	Motif		PQEMEE	258	264	1	6					
sequence	hmm	20261001_8fb675cb	XP_058946720.1	_		traf6_binding_permissive	Motif		PNEETI	145	151	1	6					
sequence	hmm	20261001_8fb675cb	XP_058946720.1	_		traf2_binding_strict	Motif		PNEET	145	150	1	5					
sequence	hmm	20261001_8fb675cb	XP_058946720.1	_		traf2_binding_variant	Motif		PIQVA	67	72	1	5					
sequence	hmm	20261001_8fb675cb	XP_058946720.1	_		traf2_binding_variant	Motif		PNEET	145	150	1	5					
sequence	hmm	20261001_8fb675cb	XP_058946720.1	_		traf2_binding_variant	Motif		PTQAD	300	305	1	5					
sequence	hmm	20261001_8fb675cb	XP_058946720.1	_		traf2_binding_permissive	Motif		PIQVA	67	72	1	5					
sequence	hmm	20261001_8fb675cb	XP_058946720.1	_		traf2_binding_permissive	Motif		PCPECPE	93	100	1	7					
sequence	hmm	20261001_8fb675cb	XP_058946720.1	_		traf2_binding_permissive	Motif		PNEETIS	145	152	1	7					
sequence	hmm	20261001_8fb675cb	XP_058946720.1	_		traf2_binding_permissive	Motif		PTQAD	300	305	1	5					
sequence	hmm	20261001_8fb675cb	XP_058946742.1	_		traf6_binding_permissive	Motif		PNEETI	97	103	1	6					
sequence	hmm	20261001_8fb675cb	XP_058946742.1	_		traf2_binding_strict	Motif		PNEET	97	102	1	5					
sequence	hmm	20261001_8fb675cb	XP_058946742.1	_		traf2_binding_variant	Motif		PNEET	97	102	1	5					
sequence	hmm	20261001_8fb675cb	XP_058946742.1	_		traf2_binding_permissive	Motif		PCPECPD	45	52	1	7					
sequence	hmm	20261001_8fb675cb	XP_058946742.1	_		traf2_binding_permissive	Motif		PNEETIS	97	104	1	7					
sequence	hmm	20261001_8fb675cb	XP_058946743.1	_		traf6_binding_permissive	Motif		PNEETI	97	103	1	6					
sequence	hmm	20261001_8fb675cb	XP_058946743.1	_		traf2_binding_strict	Motif		PNEET	97	102	1	5					
sequence	hmm	20261001_8fb675cb	XP_058946743.1	_		traf2_binding_variant	Motif		PNEET	97	102	1	5					
sequence	hmm	20261001_8fb675cb	XP_058946743.1	_		traf2_binding_permissive	Motif		PCPECPD	45	52	1	7					
sequence	hmm	20261001_8fb675cb	XP_058946743.1	_		traf2_binding_permissive	Motif		PNEETIS	97	104	1	7					
sequence	hmm	20261001_8fb675cb	XP_058947655.1	_		traf6_binding_strict	Motif		PTEFKY	494	500	1	6					
sequence	hmm	20261001_8fb675cb	XP_058947655.1	_		traf6_binding_permissive	Motif		PKELKR	404	410	1	6					
sequence	hmm	20261001_8fb675cb	XP_058947655.1	_		traf6_binding_permissive	Motif		PTEFKY	494	500	1	6					
sequence	hmm	20261001_8fb675cb	XP_058947655.1	_		traf2_binding_permissive	Motif		PSWQNMA	2	9	1	7					
sequence	hmm	20261001_8fb675cb	XP_058947655.1	_		traf2_binding_permissive	Motif		PPETYT	50	56	1	6					
sequence	hmm	20261001_8fb675cb	XP_058947655.1	_		traf2_binding_permissive	Motif		PGKEPSA	74	81	1	7					
sequence	hmm	20261001_8fb675cb	XP_058947655.1	_		traf2_binding_permissive	Motif		PIKNIKE	280	287	1	7					
sequence	hmm	20261001_8fb675cb	XP_058947656.1	_		traf6_binding_strict	Motif		PTEFKY	494	500	1	6					
sequence	hmm	20261001_8fb675cb	XP_058947656.1	_		traf6_binding_permissive	Motif		PKELKR	404	410	1	6					
sequence	hmm	20261001_8fb675cb	XP_058947656.1	_		traf6_binding_permissive	Motif		PTEFKY	494	500	1	6					
sequence	hmm	20261001_8fb675cb	XP_058947656.1	_		traf2_binding_permissive	Motif		PSWQNMA	2	9	1	7					
sequence	hmm	20261001_8fb675cb	XP_058947656.1	_		traf2_binding_permissive	Motif		PPETYT	50	56	1	6					
sequence	hmm	20261001_8fb675cb	XP_058947656.1	_		traf2_binding_permissive	Motif		PGKEPSA	74	81	1	7					
sequence	hmm	20261001_8fb675cb	XP_058947656.1	_		traf2_binding_permissive	Motif		PIKNIKE	280	287	1	7					
sequence	hmm	20261001_8fb675cb	XP_058947658.1	_		traf6_binding_strict	Motif		PTEFKY	493	499	1	6					
sequence	hmm	20261001_8fb675cb	XP_058947658.1	_		traf6_binding_permissive	Motif		PKELKR	403	409	1	6					
sequence	hmm	20261001_8fb675cb	XP_058947658.1	_		traf6_binding_permissive	Motif		PTEFKY	493	499	1	6					
sequence	hmm	20261001_8fb675cb	XP_058947658.1	_		traf2_binding_permissive	Motif		PSWQNMA	2	9	1	7					
sequence	hmm	20261001_8fb675cb	XP_058947658.1	_		traf2_binding_permissive	Motif		PPETYT	49	55	1	6					
sequence	hmm	20261001_8fb675cb	XP_058947658.1	_		traf2_binding_permissive	Motif		PGKEPSA	73	80	1	7					
sequence	hmm	20261001_8fb675cb	XP_058947658.1	_		traf2_binding_permissive	Motif		PIKNIKE	279	286	1	7					
sequence	hmm	20261001_8fb675cb	XP_058948530.1	_		traf6_binding_strict	Motif		PCEKAD	248	254	1	6					
sequence	hmm	20261001_8fb675cb	XP_058948530.1	_		traf6_binding_permissive	Motif		PCEKAD	248	254	1	6					
sequence	hmm	20261001_8fb675cb	XP_058948530.1	_		traf2_binding_variant	Motif		PCEQG	70	75	1	5					
sequence	hmm	20261001_8fb675cb	XP_058948530.1	_		traf2_binding_variant	Motif		PCEKA	248	253	1	5					
sequence	hmm	20261001_8fb675cb	XP_058948530.1	_		traf2_binding_permissive	Motif		PGNNIT	24	30	1	6					
sequence	hmm	20261001_8fb675cb	XP_058948530.1	_		traf2_binding_permissive	Motif		PAGQGLS	47	54	1	7					
sequence	hmm	20261001_8fb675cb	XP_058948530.1	_		traf2_binding_permissive	Motif		PCEQGMT	70	77	1	7					
sequence	hmm	20261001_8fb675cb	XP_058948530.1	_		traf2_binding_permissive	Motif		PLSNGA	213	219	1	6					
sequence	hmm	20261001_8fb675cb	XP_058948530.1	_		traf2_binding_permissive	Motif		PCEKAD	248	254	1	6					
sequence	hmm	20261001_8fb675cb	XP_058948623.1	_		traf6_binding_permissive	Motif		PDQKDK	309	315	1	6					
sequence	hmm	20261001_8fb675cb	XP_058948623.1	_		traf6_binding_permissive	Motif		PAELDI	529	535	1	6					
sequence	hmm	20261001_8fb675cb	XP_058948623.1	_		traf2_binding_variant	Motif		PHEIA	96	101	1	5					
sequence	hmm	20261001_8fb675cb	XP_058948623.1	_		traf2_binding_variant	Motif		PTQSD	266	271	1	5					
sequence	hmm	20261001_8fb675cb	XP_058948623.1	_		traf2_binding_variant	Motif		PDQKD	309	314	1	5					
sequence	hmm	20261001_8fb675cb	XP_058948623.1	_		traf2_binding_variant	Motif		PAELD	529	534	1	5					
sequence	hmm	20261001_8fb675cb	XP_058948623.1	_		traf2_binding_permissive	Motif		PVDQYT	25	31	1	6					
sequence	hmm	20261001_8fb675cb	XP_058948623.1	_		traf2_binding_permissive	Motif		PHEIAS	96	102	1	6					
sequence	hmm	20261001_8fb675cb	XP_058948623.1	_		traf2_binding_permissive	Motif		PTQSDS	266	272	1	6					
sequence	hmm	20261001_8fb675cb	XP_058948623.1	_		traf2_binding_permissive	Motif		PDQKD	309	314	1	5					
sequence	hmm	20261001_8fb675cb	XP_058948623.1	_		traf2_binding_permissive	Motif		PDEKNG	390	396	1	6					
sequence	hmm	20261001_8fb675cb	XP_058948623.1	_		traf2_binding_permissive	Motif		PGETKA	473	479	1	6					
sequence	hmm	20261001_8fb675cb	XP_058948623.1	_		traf2_binding_permissive	Motif		PAELD	529	534	1	5					
sequence	hmm	20261001_8fb675cb	XP_058948624.1	_		traf6_binding_permissive	Motif		PDQKDK	309	315	1	6					
sequence	hmm	20261001_8fb675cb	XP_058948624.1	_		traf6_binding_permissive	Motif		PAELDI	529	535	1	6					
sequence	hmm	20261001_8fb675cb	XP_058948624.1	_		traf2_binding_variant	Motif		PHEIA	96	101	1	5					
sequence	hmm	20261001_8fb675cb	XP_058948624.1	_		traf2_binding_variant	Motif		PTQSD	266	271	1	5					
sequence	hmm	20261001_8fb675cb	XP_058948624.1	_		traf2_binding_variant	Motif		PDQKD	309	314	1	5					
sequence	hmm	20261001_8fb675cb	XP_058948624.1	_		traf2_binding_variant	Motif		PAELD	529	534	1	5					
sequence	hmm	20261001_8fb675cb	XP_058948624.1	_		traf2_binding_permissive	Motif		PVDQYT	25	31	1	6					
sequence	hmm	20261001_8fb675cb	XP_058948624.1	_		traf2_binding_permissive	Motif		PHEIAS	96	102	1	6					
sequence	hmm	20261001_8fb675cb	XP_058948624.1	_		traf2_binding_permissive	Motif		PTQSDS	266	272	1	6					
sequence	hmm	20261001_8fb675cb	XP_058948624.1	_		traf2_binding_permissive	Motif		PDQKD	309	314	1	5					
sequence	hmm	20261001_8fb675cb	XP_058948624.1	_		traf2_binding_permissive	Motif		PDEKNG	390	396	1	6					
sequence	hmm	20261001_8fb675cb	XP_058948624.1	_		traf2_binding_permissive	Motif		PGETKA	473	479	1	6					
sequence	hmm	20261001_8fb675cb	XP_058948624.1	_		traf2_binding_permissive	Motif		PAELD	529	534	1	5					
sequence	hmm	20261001_8fb675cb	XP_058948625.1	_		traf6_binding_permissive	Motif		PDQKDK	309	315	1	6					
sequence	hmm	20261001_8fb675cb	XP_058948625.1	_		traf6_binding_permissive	Motif		PAELDI	529	535	1	6					
sequence	hmm	20261001_8fb675cb	XP_058948625.1	_		traf2_binding_variant	Motif		PHEIA	96	101	1	5					
sequence	hmm	20261001_8fb675cb	XP_058948625.1	_		traf2_binding_variant	Motif		PTQSD	266	271	1	5					
sequence	hmm	20261001_8fb675cb	XP_058948625.1	_		traf2_binding_variant	Motif		PDQKD	309	314	1	5					
sequence	hmm	20261001_8fb675cb	XP_058948625.1	_		traf2_binding_variant	Motif		PAELD	529	534	1	5					
sequence	hmm	20261001_8fb675cb	XP_058948625.1	_		traf2_binding_permissive	Motif		PVDQYT	25	31	1	6					
sequence	hmm	20261001_8fb675cb	XP_058948625.1	_		traf2_binding_permissive	Motif		PHEIAS	96	102	1	6					
sequence	hmm	20261001_8fb675cb	XP_058948625.1	_		traf2_binding_permissive	Motif		PTQSDS	266	272	1	6					
sequence	hmm	20261001_8fb675cb	XP_058948625.1	_		traf2_binding_permissive	Motif		PDQKD	309	314	1	5					
sequence	hmm	20261001_8fb675cb	XP_058948625.1	_		traf2_binding_permissive	Motif		PDEKNG	390	396	1	6					
sequence	hmm	20261001_8fb675cb	XP_058948625.1	_		traf2_binding_permissive	Motif		PGETKA	473	479	1	6					
sequence	hmm	20261001_8fb675cb	XP_058948625.1	_		traf2_binding_permissive	Motif		PAELD	529	534	1	5					
sequence	hmm	20261001_8fb675cb	XP_058948627.1	_		traf6_binding_strict	Motif		PKEDDD	428	434	1	6					
sequence	hmm	20261001_8fb675cb	XP_058948627.1	_		traf6_binding_permissive	Motif		PDQKDK	309	315	1	6					
sequence	hmm	20261001_8fb675cb	XP_058948627.1	_		traf6_binding_permissive	Motif		PKEDDD	428	434	1	6					
sequence	hmm	20261001_8fb675cb	XP_058948627.1	_		traf6_binding_permissive	Motif		PAELDV	521	527	1	6					
sequence	hmm	20261001_8fb675cb	XP_058948627.1	_		traf2_binding_variant	Motif		PHEIA	96	101	1	5					
sequence	hmm	20261001_8fb675cb	XP_058948627.1	_		traf2_binding_variant	Motif		PTQSD	266	271	1	5					
sequence	hmm	20261001_8fb675cb	XP_058948627.1	_		traf2_binding_variant	Motif		PDQKD	309	314	1	5					
sequence	hmm	20261001_8fb675cb	XP_058948627.1	_		traf2_binding_variant	Motif		PKEDD	428	433	1	5					
sequence	hmm	20261001_8fb675cb	XP_058948627.1	_		traf2_binding_variant	Motif		PAELD	521	526	1	5					
sequence	hmm	20261001_8fb675cb	XP_058948627.1	_		traf2_binding_permissive	Motif		PVDQYT	25	31	1	6					
sequence	hmm	20261001_8fb675cb	XP_058948627.1	_		traf2_binding_permissive	Motif		PHEIAS	96	102	1	6					
sequence	hmm	20261001_8fb675cb	XP_058948627.1	_		traf2_binding_permissive	Motif		PTQSDS	266	272	1	6					
sequence	hmm	20261001_8fb675cb	XP_058948627.1	_		traf2_binding_permissive	Motif		PDQKD	309	314	1	5					
sequence	hmm	20261001_8fb675cb	XP_058948627.1	_		traf2_binding_permissive	Motif		PKEDDD	428	434	1	6					
sequence	hmm	20261001_8fb675cb	XP_058948627.1	_		traf2_binding_permissive	Motif		PAELD	521	526	1	5					
sequence	hmm	20261001_8fb675cb	XP_058948628.1	_		traf6_binding_strict	Motif		PKEDDD	212	218	1	6					
sequence	hmm	20261001_8fb675cb	XP_058948628.1	_		traf6_binding_permissive	Motif		PKEDDD	212	218	1	6					
sequence	hmm	20261001_8fb675cb	XP_058948628.1	_		traf6_binding_permissive	Motif		PAELDV	305	311	1	6					
sequence	hmm	20261001_8fb675cb	XP_058948628.1	_		traf2_binding_variant	Motif		PHEIA	96	101	1	5					
sequence	hmm	20261001_8fb675cb	XP_058948628.1	_		traf2_binding_variant	Motif		PKEDD	212	217	1	5					
sequence	hmm	20261001_8fb675cb	XP_058948628.1	_		traf2_binding_variant	Motif		PAELD	305	310	1	5					
sequence	hmm	20261001_8fb675cb	XP_058948628.1	_		traf2_binding_permissive	Motif		PHEIAS	96	102	1	6					
sequence	hmm	20261001_8fb675cb	XP_058948628.1	_		traf2_binding_permissive	Motif		PKEDDD	212	218	1	6					
sequence	hmm	20261001_8fb675cb	XP_058948628.1	_		traf2_binding_permissive	Motif		PAELD	305	310	1	5					
sequence	hmm	20261001_8fb675cb	XP_058948629.1	_		traf6_binding_strict	Motif		PKEDDD	212	218	1	6					
sequence	hmm	20261001_8fb675cb	XP_058948629.1	_		traf6_binding_permissive	Motif		PKEDDD	212	218	1	6					
sequence	hmm	20261001_8fb675cb	XP_058948629.1	_		traf6_binding_permissive	Motif		PAELDV	305	311	1	6					
sequence	hmm	20261001_8fb675cb	XP_058948629.1	_		traf2_binding_variant	Motif		PHEIA	96	101	1	5					
sequence	hmm	20261001_8fb675cb	XP_058948629.1	_		traf2_binding_variant	Motif		PKEDD	212	217	1	5					
sequence	hmm	20261001_8fb675cb	XP_058948629.1	_		traf2_binding_variant	Motif		PAELD	305	310	1	5					
sequence	hmm	20261001_8fb675cb	XP_058948629.1	_		traf2_binding_permissive	Motif		PHEIAS	96	102	1	6					
sequence	hmm	20261001_8fb675cb	XP_058948629.1	_		traf2_binding_permissive	Motif		PKEDDD	212	218	1	6					
sequence	hmm	20261001_8fb675cb	XP_058948629.1	_		traf2_binding_permissive	Motif		PAELD	305	310	1	5					
sequence	hmm	20261001_8fb675cb	XP_058948630.1	_		traf6_binding_strict	Motif		PKEDDD	212	218	1	6					
sequence	hmm	20261001_8fb675cb	XP_058948630.1	_		traf6_binding_permissive	Motif		PKEDDD	212	218	1	6					
sequence	hmm	20261001_8fb675cb	XP_058948630.1	_		traf6_binding_permissive	Motif		PAELDV	305	311	1	6					
sequence	hmm	20261001_8fb675cb	XP_058948630.1	_		traf2_binding_variant	Motif		PHEIA	96	101	1	5					
sequence	hmm	20261001_8fb675cb	XP_058948630.1	_		traf2_binding_variant	Motif		PKEDD	212	217	1	5					
sequence	hmm	20261001_8fb675cb	XP_058948630.1	_		traf2_binding_variant	Motif		PAELD	305	310	1	5					
sequence	hmm	20261001_8fb675cb	XP_058948630.1	_		traf2_binding_permissive	Motif		PHEIAS	96	102	1	6					
sequence	hmm	20261001_8fb675cb	XP_058948630.1	_		traf2_binding_permissive	Motif		PKEDDD	212	218	1	6					
sequence	hmm	20261001_8fb675cb	XP_058948630.1	_		traf2_binding_permissive	Motif		PAELD	305	310	1	5					
sequence	hmm	20261001_8fb675cb	XP_058948634.1	_		traf6_binding_strict	Motif		PNEDDD	447	453	1	6					
sequence	hmm	20261001_8fb675cb	XP_058948634.1	_		traf6_binding_permissive	Motif		PTQGPI	264	270	1	6					
sequence	hmm	20261001_8fb675cb	XP_058948634.1	_		traf6_binding_permissive	Motif		PLQGED	399	405	1	6					
sequence	hmm	20261001_8fb675cb	XP_058948634.1	_		traf6_binding_permissive	Motif		PNEDDD	447	453	1	6					
sequence	hmm	20261001_8fb675cb	XP_058948634.1	_		traf6_binding_permissive	Motif		PSELDV	545	551	1	6					
sequence	hmm	20261001_8fb675cb	XP_058948634.1	_		traf2_binding_strict	Motif		PIQGS	268	273	1	5					
sequence	hmm	20261001_8fb675cb	XP_058948634.1	_		traf2_binding_variant	Motif		PIQGS	268	273	1	5					
sequence	hmm	20261001_8fb675cb	XP_058948634.1	_		traf2_binding_variant	Motif		PLQGE	399	404	1	5					
sequence	hmm	20261001_8fb675cb	XP_058948634.1	_		traf2_binding_variant	Motif		PNEDD	447	452	1	5					
sequence	hmm	20261001_8fb675cb	XP_058948634.1	_		traf2_binding_variant	Motif		PSELD	545	550	1	5					
sequence	hmm	20261001_8fb675cb	XP_058948634.1	_		traf2_binding_permissive	Motif		PHEIVS	96	102	1	6					
sequence	hmm	20261001_8fb675cb	XP_058948634.1	_		traf2_binding_permissive	Motif		PIQGPT	260	266	1	6					
sequence	hmm	20261001_8fb675cb	XP_058948634.1	_		traf2_binding_permissive	Motif		PIQGST	268	274	1	6					
sequence	hmm	20261001_8fb675cb	XP_058948634.1	_		traf2_binding_permissive	Motif		PTQSHS	276	282	1	6					
sequence	hmm	20261001_8fb675cb	XP_058948634.1	_		traf2_binding_permissive	Motif		PLQGED	399	405	1	6					
sequence	hmm	20261001_8fb675cb	XP_058948634.1	_		traf2_binding_permissive	Motif		PNEDDD	447	453	1	6					
sequence	hmm	20261001_8fb675cb	XP_058948634.1	_		traf2_binding_permissive	Motif		PSELD	545	550	1	5					
sequence	hmm	20261001_8fb675cb	XP_058948635.1	_		traf6_binding_strict	Motif		PNEDDD	447	453	1	6					
sequence	hmm	20261001_8fb675cb	XP_058948635.1	_		traf6_binding_permissive	Motif		PTQGPI	264	270	1	6					
sequence	hmm	20261001_8fb675cb	XP_058948635.1	_		traf6_binding_permissive	Motif		PLQGED	399	405	1	6					
sequence	hmm	20261001_8fb675cb	XP_058948635.1	_		traf6_binding_permissive	Motif		PNEDDD	447	453	1	6					
sequence	hmm	20261001_8fb675cb	XP_058948635.1	_		traf6_binding_permissive	Motif		PSELDV	545	551	1	6					
sequence	hmm	20261001_8fb675cb	XP_058948635.1	_		traf2_binding_strict	Motif		PIQGS	268	273	1	5					
sequence	hmm	20261001_8fb675cb	XP_058948635.1	_		traf2_binding_variant	Motif		PIQGS	268	273	1	5					
sequence	hmm	20261001_8fb675cb	XP_058948635.1	_		traf2_binding_variant	Motif		PLQGE	399	404	1	5					
sequence	hmm	20261001_8fb675cb	XP_058948635.1	_		traf2_binding_variant	Motif		PNEDD	447	452	1	5					
sequence	hmm	20261001_8fb675cb	XP_058948635.1	_		traf2_binding_variant	Motif		PSELD	545	550	1	5					
sequence	hmm	20261001_8fb675cb	XP_058948635.1	_		traf2_binding_permissive	Motif		PHEIVS	96	102	1	6					
sequence	hmm	20261001_8fb675cb	XP_058948635.1	_		traf2_binding_permissive	Motif		PIQGPT	260	266	1	6					
sequence	hmm	20261001_8fb675cb	XP_058948635.1	_		traf2_binding_permissive	Motif		PIQGST	268	274	1	6					
sequence	hmm	20261001_8fb675cb	XP_058948635.1	_		traf2_binding_permissive	Motif		PTQSHS	276	282	1	6					
sequence	hmm	20261001_8fb675cb	XP_058948635.1	_		traf2_binding_permissive	Motif		PLQGED	399	405	1	6					
sequence	hmm	20261001_8fb675cb	XP_058948635.1	_		traf2_binding_permissive	Motif		PNEDDD	447	453	1	6					
sequence	hmm	20261001_8fb675cb	XP_058948635.1	_		traf2_binding_permissive	Motif		PSELD	545	550	1	5					
sequence	hmm	20261001_8fb675cb	XP_058948636.1	_		traf6_binding_strict	Motif		PNEDDD	447	453	1	6					
sequence	hmm	20261001_8fb675cb	XP_058948636.1	_		traf6_binding_permissive	Motif		PTQGPI	264	270	1	6					
sequence	hmm	20261001_8fb675cb	XP_058948636.1	_		traf6_binding_permissive	Motif		PLQGED	399	405	1	6					
sequence	hmm	20261001_8fb675cb	XP_058948636.1	_		traf6_binding_permissive	Motif		PNEDDD	447	453	1	6					
sequence	hmm	20261001_8fb675cb	XP_058948636.1	_		traf6_binding_permissive	Motif		PSELDV	545	551	1	6					
sequence	hmm	20261001_8fb675cb	XP_058948636.1	_		traf2_binding_strict	Motif		PIQGS	268	273	1	5					
sequence	hmm	20261001_8fb675cb	XP_058948636.1	_		traf2_binding_variant	Motif		PIQGS	268	273	1	5					
sequence	hmm	20261001_8fb675cb	XP_058948636.1	_		traf2_binding_variant	Motif		PLQGE	399	404	1	5					
sequence	hmm	20261001_8fb675cb	XP_058948636.1	_		traf2_binding_variant	Motif		PNEDD	447	452	1	5					
sequence	hmm	20261001_8fb675cb	XP_058948636.1	_		traf2_binding_variant	Motif		PSELD	545	550	1	5					
sequence	hmm	20261001_8fb675cb	XP_058948636.1	_		traf2_binding_permissive	Motif		PHEIVS	96	102	1	6					
sequence	hmm	20261001_8fb675cb	XP_058948636.1	_		traf2_binding_permissive	Motif		PIQGPT	260	266	1	6					
sequence	hmm	20261001_8fb675cb	XP_058948636.1	_		traf2_binding_permissive	Motif		PIQGST	268	274	1	6					
sequence	hmm	20261001_8fb675cb	XP_058948636.1	_		traf2_binding_permissive	Motif		PTQSHS	276	282	1	6					
sequence	hmm	20261001_8fb675cb	XP_058948636.1	_		traf2_binding_permissive	Motif		PLQGED	399	405	1	6					
sequence	hmm	20261001_8fb675cb	XP_058948636.1	_		traf2_binding_permissive	Motif		PNEDDD	447	453	1	6					
sequence	hmm	20261001_8fb675cb	XP_058948636.1	_		traf2_binding_permissive	Motif		PSELD	545	550	1	5					
sequence	hmm	20261001_8fb675cb	XP_058948637.1	_		traf6_binding_strict	Motif		PNEDDD	447	453	1	6					
sequence	hmm	20261001_8fb675cb	XP_058948637.1	_		traf6_binding_permissive	Motif		PTQGPI	264	270	1	6					
sequence	hmm	20261001_8fb675cb	XP_058948637.1	_		traf6_binding_permissive	Motif		PLQGED	399	405	1	6					
sequence	hmm	20261001_8fb675cb	XP_058948637.1	_		traf6_binding_permissive	Motif		PNEDDD	447	453	1	6					
sequence	hmm	20261001_8fb675cb	XP_058948637.1	_		traf6_binding_permissive	Motif		PSELDV	538	544	1	6					
sequence	hmm	20261001_8fb675cb	XP_058948637.1	_		traf2_binding_strict	Motif		PIQGS	268	273	1	5					
sequence	hmm	20261001_8fb675cb	XP_058948637.1	_		traf2_binding_variant	Motif		PIQGS	268	273	1	5					
sequence	hmm	20261001_8fb675cb	XP_058948637.1	_		traf2_binding_variant	Motif		PLQGE	399	404	1	5					
sequence	hmm	20261001_8fb675cb	XP_058948637.1	_		traf2_binding_variant	Motif		PNEDD	447	452	1	5					
sequence	hmm	20261001_8fb675cb	XP_058948637.1	_		traf2_binding_variant	Motif		PSELD	538	543	1	5					
sequence	hmm	20261001_8fb675cb	XP_058948637.1	_		traf2_binding_permissive	Motif		PHEIVS	96	102	1	6					
sequence	hmm	20261001_8fb675cb	XP_058948637.1	_		traf2_binding_permissive	Motif		PIQGPT	260	266	1	6					
sequence	hmm	20261001_8fb675cb	XP_058948637.1	_		traf2_binding_permissive	Motif		PIQGST	268	274	1	6					
sequence	hmm	20261001_8fb675cb	XP_058948637.1	_		traf2_binding_permissive	Motif		PTQSHS	276	282	1	6					
sequence	hmm	20261001_8fb675cb	XP_058948637.1	_		traf2_binding_permissive	Motif		PLQGED	399	405	1	6					
sequence	hmm	20261001_8fb675cb	XP_058948637.1	_		traf2_binding_permissive	Motif		PNEDDD	447	453	1	6					
sequence	hmm	20261001_8fb675cb	XP_058948637.1	_		traf2_binding_permissive	Motif		PSELD	538	543	1	5					
sequence	hmm	20261001_8fb675cb	XP_058949409.1	_		traf2_binding_variant	Motif		PPECD	106	111	1	5					
sequence	hmm	20261001_8fb675cb	XP_058949409.1	_		traf2_binding_permissive	Motif		PCIEGYD	65	72	1	7					
sequence	hmm	20261001_8fb675cb	XP_058949409.1	_		traf2_binding_permissive	Motif		PPECDG	106	112	1	6					
sequence	hmm	20261001_8fb675cb	XP_058949409.1	_		traf2_binding_permissive	Motif		PKTETE	190	196	1	6					
sequence	hmm	20261001_8fb675cb	XP_058949409.1	_		traf2_binding_permissive	Motif		PMAERSS	203	210	1	7					
sequence	hmm	20261001_8fb675cb	XP_058949410.1	_		traf6_binding_permissive	Motif		PREENL	192	198	1	6					
sequence	hmm	20261001_8fb675cb	XP_058949410.1	_		traf6_binding_permissive	Motif		PIESLL	365	371	1	6					
sequence	hmm	20261001_8fb675cb	XP_058949410.1	_		traf2_binding_variant	Motif		PSNDS	156	161	1	5					
sequence	hmm	20261001_8fb675cb	XP_058949410.1	_		traf2_binding_variant	Motif		PTQQE	234	239	1	5					
sequence	hmm	20261001_8fb675cb	XP_058949410.1	_		traf2_binding_variant	Motif		PRNDT	407	412	1	5					
sequence	hmm	20261001_8fb675cb	XP_058949410.1	_		traf2_binding_permissive	Motif		PSNDS	156	161	1	5					
sequence	hmm	20261001_8fb675cb	XP_058949410.1	_		traf2_binding_permissive	Motif		PTQQEGD	234	241	1	7					
sequence	hmm	20261001_8fb675cb	XP_058949410.1	_		traf2_binding_permissive	Motif		PSHQLE	285	291	1	6					
sequence	hmm	20261001_8fb675cb	XP_058949410.1	_		traf2_binding_permissive	Motif		PPSEELS	302	309	1	7					
sequence	hmm	20261001_8fb675cb	XP_058949410.1	_		traf2_binding_permissive	Motif		PRNDTT	407	413	1	6					
sequence	hmm	20261001_8fb675cb	XP_058949410.1	_		traf2_binding_permissive	Motif		PCKEDGE	437	444	1	7					
sequence	hmm	20261001_8fb675cb	XP_058949501.1	_		traf6_binding_permissive	Motif		PIENLL	366	372	1	6					
sequence	hmm	20261001_8fb675cb	XP_058949501.1	_		traf2_binding_variant	Motif		PNNTT	173	178	1	5					
sequence	hmm	20261001_8fb675cb	XP_058949501.1	_		traf2_binding_variant	Motif		PAQPE	240	245	1	5					
sequence	hmm	20261001_8fb675cb	XP_058949501.1	_		traf2_binding_variant	Motif		PRNEA	409	414	1	5					
sequence	hmm	20261001_8fb675cb	XP_058949501.1	_		traf2_binding_permissive	Motif		PNNTT	173	178	1	5					
sequence	hmm	20261001_8fb675cb	XP_058949501.1	_		traf2_binding_permissive	Motif		PKLEES	189	195	1	6					
sequence	hmm	20261001_8fb675cb	XP_058949501.1	_		traf2_binding_permissive	Motif		PREENS	199	205	1	6					
sequence	hmm	20261001_8fb675cb	XP_058949501.1	_		traf2_binding_permissive	Motif		PAQPEG	240	246	1	6					
sequence	hmm	20261001_8fb675cb	XP_058949501.1	_		traf2_binding_permissive	Motif		PRHELE	284	290	1	6					
sequence	hmm	20261001_8fb675cb	XP_058949501.1	_		traf2_binding_permissive	Motif		PRNEADS	409	416	1	7					
sequence	hmm	20261001_8fb675cb	XP_058949502.1	_		traf6_binding_permissive	Motif		PIENLL	356	362	1	6					
sequence	hmm	20261001_8fb675cb	XP_058949502.1	_		traf2_binding_variant	Motif		PNNTT	163	168	1	5					
sequence	hmm	20261001_8fb675cb	XP_058949502.1	_		traf2_binding_variant	Motif		PAQPE	230	235	1	5					
sequence	hmm	20261001_8fb675cb	XP_058949502.1	_		traf2_binding_variant	Motif		PRNEA	399	404	1	5					
sequence	hmm	20261001_8fb675cb	XP_058949502.1	_		traf2_binding_permissive	Motif		PNNTT	163	168	1	5					
sequence	hmm	20261001_8fb675cb	XP_058949502.1	_		traf2_binding_permissive	Motif		PKLEES	179	185	1	6					
sequence	hmm	20261001_8fb675cb	XP_058949502.1	_		traf2_binding_permissive	Motif		PREENS	189	195	1	6					
sequence	hmm	20261001_8fb675cb	XP_058949502.1	_		traf2_binding_permissive	Motif		PAQPEG	230	236	1	6					
sequence	hmm	20261001_8fb675cb	XP_058949502.1	_		traf2_binding_permissive	Motif		PRHELE	274	280	1	6					
sequence	hmm	20261001_8fb675cb	XP_058949502.1	_		traf2_binding_permissive	Motif		PRNEADS	399	406	1	7					
sequence	hmm	20261001_8fb675cb	XP_058949882.1	_		traf6_binding_strict	Motif		PFEIAY	719	725	1	6					
sequence	hmm	20261001_8fb675cb	XP_058949882.1	_		traf6_binding_permissive	Motif		PCEKTK	115	121	1	6					
sequence	hmm	20261001_8fb675cb	XP_058949882.1	_		traf6_binding_permissive	Motif		PSENTI	449	455	1	6					
sequence	hmm	20261001_8fb675cb	XP_058949882.1	_		traf6_binding_permissive	Motif		PVEITV	554	560	1	6					
sequence	hmm	20261001_8fb675cb	XP_058949882.1	_		traf6_binding_permissive	Motif		PFEIAY	719	725	1	6					
sequence	hmm	20261001_8fb675cb	XP_058949882.1	_		traf2_binding_strict	Motif		PCEKT	115	120	1	5					
sequence	hmm	20261001_8fb675cb	XP_058949882.1	_		traf2_binding_strict	Motif		PSENT	449	454	1	5					
sequence	hmm	20261001_8fb675cb	XP_058949882.1	_		traf2_binding_strict	Motif		PVEIT	554	559	1	5					
sequence	hmm	20261001_8fb675cb	XP_058949882.1	_		traf2_binding_variant	Motif		PCEKT	115	120	1	5					
sequence	hmm	20261001_8fb675cb	XP_058949882.1	_		traf2_binding_variant	Motif		PQEKG	313	318	1	5					
sequence	hmm	20261001_8fb675cb	XP_058949882.1	_		traf2_binding_variant	Motif		PSENT	449	454	1	5					
sequence	hmm	20261001_8fb675cb	XP_058949882.1	_		traf2_binding_variant	Motif		PVEIT	554	559	1	5					
sequence	hmm	20261001_8fb675cb	XP_058949882.1	_		traf2_binding_variant	Motif		PFEIA	719	724	1	5					
sequence	hmm	20261001_8fb675cb	XP_058949882.1	_		traf2_binding_variant	Motif		PSNES	786	791	1	5					
sequence	hmm	20261001_8fb675cb	XP_058949882.1	_		traf2_binding_permissive	Motif		PCEKT	115	120	1	5					
sequence	hmm	20261001_8fb675cb	XP_058949882.1	_		traf2_binding_permissive	Motif		PQTEKT	241	247	1	6					
sequence	hmm	20261001_8fb675cb	XP_058949882.1	_		traf2_binding_permissive	Motif		PQEKGG	313	319	1	6					
sequence	hmm	20261001_8fb675cb	XP_058949882.1	_		traf2_binding_permissive	Motif		PEPNSA	339	345	1	6					
sequence	hmm	20261001_8fb675cb	XP_058949882.1	_		traf2_binding_permissive	Motif		PSENT	449	454	1	5					
sequence	hmm	20261001_8fb675cb	XP_058949882.1	_		traf2_binding_permissive	Motif		PVIECG	540	546	1	6					
sequence	hmm	20261001_8fb675cb	XP_058949882.1	_		traf2_binding_permissive	Motif		PVEIT	554	559	1	5					
sequence	hmm	20261001_8fb675cb	XP_058949882.1	_		traf2_binding_permissive	Motif		PFEIA	719	724	1	5					
sequence	hmm	20261001_8fb675cb	XP_058949882.1	_		traf2_binding_permissive	Motif		PSNESS	786	792	1	6					
sequence	hmm	20261001_8fb675cb	XP_058957090.1	_		traf6_binding_permissive	Motif		PLEEPI	389	395	1	6					
sequence	hmm	20261001_8fb675cb	XP_058957090.1	_		traf6_binding_permissive	Motif		PLQSGE	440	446	1	6					
sequence	hmm	20261001_8fb675cb	XP_058957090.1	_		traf6_binding_permissive	Motif		PVQVRI	464	470	1	6					
sequence	hmm	20261001_8fb675cb	XP_058957090.1	_		traf6_binding_permissive	Motif		PKEVFR	716	722	1	6					
sequence	hmm	20261001_8fb675cb	XP_058957090.1	_		traf2_binding_variant	Motif		PLQSG	440	445	1	5					
sequence	hmm	20261001_8fb675cb	XP_058957090.1	_		traf2_binding_variant	Motif		PHNES	490	495	1	5					
sequence	hmm	20261001_8fb675cb	XP_058957090.1	_		traf2_binding_permissive	Motif		PYYQRCD	155	162	1	7					
sequence	hmm	20261001_8fb675cb	XP_058957090.1	_		traf2_binding_permissive	Motif		PLEEPIA	389	396	1	7					
sequence	hmm	20261001_8fb675cb	XP_058957090.1	_		traf2_binding_permissive	Motif		PLQSGE	440	446	1	6					
sequence	hmm	20261001_8fb675cb	XP_058957090.1	_		traf2_binding_permissive	Motif		PHNES	490	495	1	5					
sequence	hmm	20261001_8fb675cb	XP_058957090.1	_		traf2_binding_permissive	Motif		PVEGWT	605	611	1	6					
sequence	hmm	20261001_8fb675cb	XP_058957090.1	_		traf2_binding_permissive	Motif		PILENS	810	816	1	6					
sequence	hmm	20261001_8fb675cb	XP_058957091.1	_		traf6_binding_permissive	Motif		PLEEPI	389	395	1	6					
sequence	hmm	20261001_8fb675cb	XP_058957091.1	_		traf6_binding_permissive	Motif		PLQSGE	440	446	1	6					
sequence	hmm	20261001_8fb675cb	XP_058957091.1	_		traf6_binding_permissive	Motif		PVQVRI	464	470	1	6					
sequence	hmm	20261001_8fb675cb	XP_058957091.1	_		traf6_binding_permissive	Motif		PKEVFR	716	722	1	6					
sequence	hmm	20261001_8fb675cb	XP_058957091.1	_		traf2_binding_variant	Motif		PLQSG	440	445	1	5					
sequence	hmm	20261001_8fb675cb	XP_058957091.1	_		traf2_binding_variant	Motif		PHNES	490	495	1	5					
sequence	hmm	20261001_8fb675cb	XP_058957091.1	_		traf2_binding_permissive	Motif		PYYQRCD	155	162	1	7					
sequence	hmm	20261001_8fb675cb	XP_058957091.1	_		traf2_binding_permissive	Motif		PLEEPIA	389	396	1	7					
sequence	hmm	20261001_8fb675cb	XP_058957091.1	_		traf2_binding_permissive	Motif		PLQSGE	440	446	1	6					
sequence	hmm	20261001_8fb675cb	XP_058957091.1	_		traf2_binding_permissive	Motif		PHNES	490	495	1	5					
sequence	hmm	20261001_8fb675cb	XP_058957091.1	_		traf2_binding_permissive	Motif		PVEGWT	605	611	1	6					
sequence	hmm	20261001_8fb675cb	XP_058957091.1	_		traf2_binding_permissive	Motif		PILENS	810	816	1	6					
sequence	hmm	20261001_8fb675cb	XP_058957092.1	_		traf6_binding_permissive	Motif		PDEVTI	93	99	1	6					
sequence	hmm	20261001_8fb675cb	XP_058957092.1	_		traf6_binding_permissive	Motif		PLELQI	472	478	1	6					
sequence	hmm	20261001_8fb675cb	XP_058957092.1	_		traf2_binding_strict	Motif		PDEVT	93	98	1	5					
sequence	hmm	20261001_8fb675cb	XP_058957092.1	_		traf2_binding_strict	Motif		PKQHS	401	406	1	5					
sequence	hmm	20261001_8fb675cb	XP_058957092.1	_		traf2_binding_variant	Motif		PDEVT	93	98	1	5					
sequence	hmm	20261001_8fb675cb	XP_058957092.1	_		traf2_binding_variant	Motif		PKQHS	401	406	1	5					
sequence	hmm	20261001_8fb675cb	XP_058957092.1	_		traf2_binding_permissive	Motif		PDGNIA	34	40	1	6					
sequence	hmm	20261001_8fb675cb	XP_058957092.1	_		traf2_binding_permissive	Motif		PGSEVT	48	54	1	6					
sequence	hmm	20261001_8fb675cb	XP_058957092.1	_		traf2_binding_permissive	Motif		PDEVT	93	98	1	5					
sequence	hmm	20261001_8fb675cb	XP_058957092.1	_		traf2_binding_permissive	Motif		PRTQSCS	151	158	1	7					
sequence	hmm	20261001_8fb675cb	XP_058957092.1	_		traf2_binding_permissive	Motif		PFPNEE	365	371	1	6					
sequence	hmm	20261001_8fb675cb	XP_058957092.1	_		traf2_binding_permissive	Motif		PKQHS	401	406	1	5					
sequence	hmm	20261001_8fb675cb	XP_058957092.1	_		traf2_binding_permissive	Motif		PKSNHVS	520	527	1	7					
sequence	hmm	20261001_8fb675cb	XP_058957093.1	_		traf6_binding_permissive	Motif		PDEVTI	93	99	1	6					
sequence	hmm	20261001_8fb675cb	XP_058957093.1	_		traf6_binding_permissive	Motif		PLELQI	472	478	1	6					
sequence	hmm	20261001_8fb675cb	XP_058957093.1	_		traf2_binding_strict	Motif		PDEVT	93	98	1	5					
sequence	hmm	20261001_8fb675cb	XP_058957093.1	_		traf2_binding_strict	Motif		PKQHS	401	406	1	5					
sequence	hmm	20261001_8fb675cb	XP_058957093.1	_		traf2_binding_variant	Motif		PDEVT	93	98	1	5					
sequence	hmm	20261001_8fb675cb	XP_058957093.1	_		traf2_binding_variant	Motif		PKQHS	401	406	1	5					
sequence	hmm	20261001_8fb675cb	XP_058957093.1	_		traf2_binding_permissive	Motif		PDGNIA	34	40	1	6					
sequence	hmm	20261001_8fb675cb	XP_058957093.1	_		traf2_binding_permissive	Motif		PGSEVT	48	54	1	6					
sequence	hmm	20261001_8fb675cb	XP_058957093.1	_		traf2_binding_permissive	Motif		PDEVT	93	98	1	5					
sequence	hmm	20261001_8fb675cb	XP_058957093.1	_		traf2_binding_permissive	Motif		PRTQSCS	151	158	1	7					
sequence	hmm	20261001_8fb675cb	XP_058957093.1	_		traf2_binding_permissive	Motif		PFPNEE	365	371	1	6					
sequence	hmm	20261001_8fb675cb	XP_058957093.1	_		traf2_binding_permissive	Motif		PKQHS	401	406	1	5					
sequence	hmm	20261001_8fb675cb	XP_058957093.1	_		traf2_binding_permissive	Motif		PKSNHVS	520	527	1	7					
sequence	hmm	20261001_8fb675cb	XP_058957094.1	_		traf6_binding_permissive	Motif		PDEVTI	93	99	1	6					
sequence	hmm	20261001_8fb675cb	XP_058957094.1	_		traf6_binding_permissive	Motif		PLELQI	472	478	1	6					
sequence	hmm	20261001_8fb675cb	XP_058957094.1	_		traf2_binding_strict	Motif		PDEVT	93	98	1	5					
sequence	hmm	20261001_8fb675cb	XP_058957094.1	_		traf2_binding_strict	Motif		PKQHS	401	406	1	5					
sequence	hmm	20261001_8fb675cb	XP_058957094.1	_		traf2_binding_variant	Motif		PDEVT	93	98	1	5					
sequence	hmm	20261001_8fb675cb	XP_058957094.1	_		traf2_binding_variant	Motif		PKQHS	401	406	1	5					
sequence	hmm	20261001_8fb675cb	XP_058957094.1	_		traf2_binding_permissive	Motif		PDGNIA	34	40	1	6					
sequence	hmm	20261001_8fb675cb	XP_058957094.1	_		traf2_binding_permissive	Motif		PGSEVT	48	54	1	6					
sequence	hmm	20261001_8fb675cb	XP_058957094.1	_		traf2_binding_permissive	Motif		PDEVT	93	98	1	5					
sequence	hmm	20261001_8fb675cb	XP_058957094.1	_		traf2_binding_permissive	Motif		PRTQSCS	151	158	1	7					
sequence	hmm	20261001_8fb675cb	XP_058957094.1	_		traf2_binding_permissive	Motif		PFPNEE	365	371	1	6					
sequence	hmm	20261001_8fb675cb	XP_058957094.1	_		traf2_binding_permissive	Motif		PKQHS	401	406	1	5					
sequence	hmm	20261001_8fb675cb	XP_058957094.1	_		traf2_binding_permissive	Motif		PKSNHVS	520	527	1	7					
sequence	hmm	20261001_8fb675cb	XP_058957096.1	_		traf6_binding_permissive	Motif		PPQCID	71	77	1	6					
sequence	hmm	20261001_8fb675cb	XP_058957096.1	_		traf6_binding_permissive	Motif		PCQLGK	106	112	1	6					
sequence	hmm	20261001_8fb675cb	XP_058957096.1	_		traf2_binding_variant	Motif		PCQLG	106	111	1	5					
sequence	hmm	20261001_8fb675cb	XP_058957096.1	_		traf2_binding_permissive	Motif		PPQCID	71	77	1	6					
sequence	hmm	20261001_8fb675cb	XP_058957096.1	_		traf2_binding_permissive	Motif		PPGQTIS	81	88	1	7					
sequence	hmm	20261001_8fb675cb	XP_058957096.1	_		traf2_binding_permissive	Motif		PCQLG	106	111	1	5					
sequence	hmm	20261001_8fb675cb	XP_058957096.1	_		traf2_binding_permissive	Motif		PLLEGDG	332	339	1	7					
sequence	hmm	20261001_8fb675cb	XP_058957137.1	_		traf2_binding_permissive	Motif		PKGQSEE	198	205	1	7					
sequence	hmm	20261001_8fb675cb	XP_058957137.1	_		traf2_binding_permissive	Motif		PSRQLLE	391	398	1	7					
sequence	hmm	20261001_8fb675cb	XP_058957139.1	_		traf6_binding_permissive	Motif		PSEKLL	493	499	1	6					
sequence	hmm	20261001_8fb675cb	XP_058957180.1	_		traf6_binding_permissive	Motif		PTEYWV	59	65	1	6					
sequence	hmm	20261001_8fb675cb	XP_058957180.1	_		traf2_binding_permissive	Motif		PEGQGLS	80	87	1	7					
sequence	hmm	20261001_8fb675cb	XP_058957181.1	_		traf6_binding_permissive	Motif		PTEYWV	59	65	1	6					
sequence	hmm	20261001_8fb675cb	XP_058957181.1	_		traf2_binding_permissive	Motif		PEGQGLS	80	87	1	7					
sequence	hmm	20261001_8fb675cb	XP_058957183.1	_		traf6_binding_strict	Motif		PKEVLE	707	713	1	6					
sequence	hmm	20261001_8fb675cb	XP_058957183.1	_		traf6_binding_permissive	Motif		PCEPGK	69	75	1	6					
sequence	hmm	20261001_8fb675cb	XP_058957183.1	_		traf6_binding_permissive	Motif		PLQPGE	432	438	1	6					
sequence	hmm	20261001_8fb675cb	XP_058957183.1	_		traf6_binding_permissive	Motif		PVQVRI	456	462	1	6					
sequence	hmm	20261001_8fb675cb	XP_058957183.1	_		traf6_binding_permissive	Motif		PMEGWI	596	602	1	6					
sequence	hmm	20261001_8fb675cb	XP_058957183.1	_		traf6_binding_permissive	Motif		PKEVLE	707	713	1	6					
sequence	hmm	20261001_8fb675cb	XP_058957183.1	_		traf2_binding_variant	Motif		PCEPG	69	74	1	5					
sequence	hmm	20261001_8fb675cb	XP_058957183.1	_		traf2_binding_variant	Motif		PNNDS	78	83	1	5					
sequence	hmm	20261001_8fb675cb	XP_058957183.1	_		traf2_binding_variant	Motif		PCNLT	250	255	1	5					
sequence	hmm	20261001_8fb675cb	XP_058957183.1	_		traf2_binding_variant	Motif		PLQPG	432	437	1	5					
sequence	hmm	20261001_8fb675cb	XP_058957183.1	_		traf2_binding_permissive	Motif		PCEPG	69	74	1	5					
sequence	hmm	20261001_8fb675cb	XP_058957183.1	_		traf2_binding_permissive	Motif		PNNDSS	78	84	1	6					
sequence	hmm	20261001_8fb675cb	XP_058957183.1	_		traf2_binding_permissive	Motif		PCNLT	250	255	1	5					
sequence	hmm	20261001_8fb675cb	XP_058957183.1	_		traf2_binding_permissive	Motif		PRSELIT	377	384	1	7					
sequence	hmm	20261001_8fb675cb	XP_058957183.1	_		traf2_binding_permissive	Motif		PLQPGE	432	438	1	6					
sequence	hmm	20261001_8fb675cb	XP_058957183.1	_		traf2_binding_permissive	Motif		PKEVLE	707	713	1	6					
sequence	hmm	20261001_8fb675cb	XP_058957186.1	_		traf6_binding_strict	Motif		PKEVLE	658	664	1	6					
sequence	hmm	20261001_8fb675cb	XP_058957186.1	_		traf6_binding_permissive	Motif		PCEPGK	20	26	1	6					
sequence	hmm	20261001_8fb675cb	XP_058957186.1	_		traf6_binding_permissive	Motif		PLQPGE	383	389	1	6					
sequence	hmm	20261001_8fb675cb	XP_058957186.1	_		traf6_binding_permissive	Motif		PVQVRI	407	413	1	6					
sequence	hmm	20261001_8fb675cb	XP_058957186.1	_		traf6_binding_permissive	Motif		PMEGWI	547	553	1	6					
sequence	hmm	20261001_8fb675cb	XP_058957186.1	_		traf6_binding_permissive	Motif		PKEVLE	658	664	1	6					
sequence	hmm	20261001_8fb675cb	XP_058957186.1	_		traf2_binding_variant	Motif		PCEPG	20	25	1	5					
sequence	hmm	20261001_8fb675cb	XP_058957186.1	_		traf2_binding_variant	Motif		PNNDS	29	34	1	5					
sequence	hmm	20261001_8fb675cb	XP_058957186.1	_		traf2_binding_variant	Motif		PCNLT	201	206	1	5					
sequence	hmm	20261001_8fb675cb	XP_058957186.1	_		traf2_binding_variant	Motif		PLQPG	383	388	1	5					
sequence	hmm	20261001_8fb675cb	XP_058957186.1	_		traf2_binding_permissive	Motif		PCEPG	20	25	1	5					
sequence	hmm	20261001_8fb675cb	XP_058957186.1	_		traf2_binding_permissive	Motif		PNNDSS	29	35	1	6					
sequence	hmm	20261001_8fb675cb	XP_058957186.1	_		traf2_binding_permissive	Motif		PCNLT	201	206	1	5					
sequence	hmm	20261001_8fb675cb	XP_058957186.1	_		traf2_binding_permissive	Motif		PRSELIT	328	335	1	7					
sequence	hmm	20261001_8fb675cb	XP_058957186.1	_		traf2_binding_permissive	Motif		PLQPGE	383	389	1	6					
sequence	hmm	20261001_8fb675cb	XP_058957186.1	_		traf2_binding_permissive	Motif		PKEVLE	658	664	1	6					
sequence	hmm	20261001_8fb675cb	XP_058957187.1	_		traf6_binding_permissive	Motif		PSQFKK	26	32	1	6					
sequence	hmm	20261001_8fb675cb	XP_058957187.1	_		traf6_binding_permissive	Motif		PTQHWV	60	66	1	6					
sequence	hmm	20261001_8fb675cb	XP_058957187.1	_		traf2_binding_strict	Motif		PGQQS	52	57	1	5					
sequence	hmm	20261001_8fb675cb	XP_058957187.1	_		traf2_binding_strict	Motif		PCEPT	57	62	1	5					
sequence	hmm	20261001_8fb675cb	XP_058957187.1	_		traf2_binding_variant	Motif		PGQQS	52	57	1	5					
sequence	hmm	20261001_8fb675cb	XP_058957187.1	_		traf2_binding_variant	Motif		PCEPT	57	62	1	5					
sequence	hmm	20261001_8fb675cb	XP_058957187.1	_		traf2_binding_permissive	Motif		PGQQS	52	57	1	5					
sequence	hmm	20261001_8fb675cb	XP_058957187.1	_		traf2_binding_permissive	Motif		PCEPT	57	62	1	5					
sequence	hmm	20261001_8fb675cb	XP_058957187.1	_		traf2_binding_permissive	Motif		PPGQGLS	81	88	1	7					
sequence	hmm	20261001_8fb675cb	XP_058957836.1	_		traf6_binding_permissive	Motif		PNEETI	97	103	1	6					
sequence	hmm	20261001_8fb675cb	XP_058957836.1	_		traf2_binding_strict	Motif		PNEET	97	102	1	5					
sequence	hmm	20261001_8fb675cb	XP_058957836.1	_		traf2_binding_variant	Motif		PNEET	97	102	1	5					
sequence	hmm	20261001_8fb675cb	XP_058957836.1	_		traf2_binding_permissive	Motif		PCPECPD	45	52	1	7					
sequence	hmm	20261001_8fb675cb	XP_058957836.1	_		traf2_binding_permissive	Motif		PNEETIS	97	104	1	7					
sequence	hmm	20261001_8fb675cb	XP_058957837.1	_		traf6_binding_permissive	Motif		PNEETI	97	103	1	6					
sequence	hmm	20261001_8fb675cb	XP_058957837.1	_		traf2_binding_strict	Motif		PNEET	97	102	1	5					
sequence	hmm	20261001_8fb675cb	XP_058957837.1	_		traf2_binding_variant	Motif		PNEET	97	102	1	5					
sequence	hmm	20261001_8fb675cb	XP_058957837.1	_		traf2_binding_permissive	Motif		PCPECPD	45	52	1	7					
sequence	hmm	20261001_8fb675cb	XP_058957837.1	_		traf2_binding_permissive	Motif		PNEETIS	97	104	1	7					
sequence	hmm	20261001_8fb675cb	XP_058957841.1	_		traf6_binding_permissive	Motif		PGQDHK	217	223	1	6					
sequence	hmm	20261001_8fb675cb	XP_058957841.1	_		traf6_binding_permissive	Motif		PTECLL	411	417	1	6					
sequence	hmm	20261001_8fb675cb	XP_058957841.1	_		traf2_binding_permissive	Motif		PNGEIVD	48	55	1	7					
sequence	hmm	20261001_8fb675cb	XP_058957841.1	_		traf2_binding_permissive	Motif		PIGQGLS	62	69	1	7					
sequence	hmm	20261001_8fb675cb	XP_058957841.1	_		traf2_binding_permissive	Motif		PRDEEST	260	267	1	7					
sequence	hmm	20261001_8fb675cb	XP_058957841.1	_		traf2_binding_permissive	Motif		PTDNNIS	320	327	1	7					
sequence	hmm	20261001_8fb675cb	XP_058957843.1	_		traf6_binding_permissive	Motif		PGQDHK	215	221	1	6					
sequence	hmm	20261001_8fb675cb	XP_058957843.1	_		traf6_binding_permissive	Motif		PTECLL	409	415	1	6					
sequence	hmm	20261001_8fb675cb	XP_058957843.1	_		traf2_binding_permissive	Motif		PNGEIVD	46	53	1	7					
sequence	hmm	20261001_8fb675cb	XP_058957843.1	_		traf2_binding_permissive	Motif		PIGQGLS	60	67	1	7					
sequence	hmm	20261001_8fb675cb	XP_058957843.1	_		traf2_binding_permissive	Motif		PRDEEST	258	265	1	7					
sequence	hmm	20261001_8fb675cb	XP_058957843.1	_		traf2_binding_permissive	Motif		PTDNNIS	318	325	1	7					
sequence	hmm	20261001_8fb675cb	XP_058957844.1	_		traf6_binding_permissive	Motif		PGQDHK	207	213	1	6					
sequence	hmm	20261001_8fb675cb	XP_058957844.1	_		traf6_binding_permissive	Motif		PTECLL	401	407	1	6					
sequence	hmm	20261001_8fb675cb	XP_058957844.1	_		traf2_binding_permissive	Motif		PNGEIVD	38	45	1	7					
sequence	hmm	20261001_8fb675cb	XP_058957844.1	_		traf2_binding_permissive	Motif		PIGQGLS	52	59	1	7					
sequence	hmm	20261001_8fb675cb	XP_058957844.1	_		traf2_binding_permissive	Motif		PRDEEST	250	257	1	7					
sequence	hmm	20261001_8fb675cb	XP_058957844.1	_		traf2_binding_permissive	Motif		PTDNNIS	310	317	1	7					
sequence	hmm	20261001_8fb675cb	XP_058957845.1	_		traf6_binding_permissive	Motif		PGQDHK	207	213	1	6					
sequence	hmm	20261001_8fb675cb	XP_058957845.1	_		traf6_binding_permissive	Motif		PTECLL	401	407	1	6					
sequence	hmm	20261001_8fb675cb	XP_058957845.1	_		traf2_binding_permissive	Motif		PNGEIVD	38	45	1	7					
sequence	hmm	20261001_8fb675cb	XP_058957845.1	_		traf2_binding_permissive	Motif		PIGQGLS	52	59	1	7					
sequence	hmm	20261001_8fb675cb	XP_058957845.1	_		traf2_binding_permissive	Motif		PRDEEST	250	257	1	7					
sequence	hmm	20261001_8fb675cb	XP_058957845.1	_		traf2_binding_permissive	Motif		PTDNNIS	310	317	1	7					
sequence	hmm	20261001_8fb675cb	XP_058957848.1	_		traf6_binding_permissive	Motif		PNEETI	110	116	1	6					
sequence	hmm	20261001_8fb675cb	XP_058957848.1	_		traf2_binding_strict	Motif		PNEET	110	115	1	5					
sequence	hmm	20261001_8fb675cb	XP_058957848.1	_		traf2_binding_variant	Motif		PVQVA	32	37	1	5					
sequence	hmm	20261001_8fb675cb	XP_058957848.1	_		traf2_binding_variant	Motif		PNEET	110	115	1	5					
sequence	hmm	20261001_8fb675cb	XP_058957848.1	_		traf2_binding_variant	Motif		PTQAD	265	270	1	5					
sequence	hmm	20261001_8fb675cb	XP_058957848.1	_		traf2_binding_permissive	Motif		PVQVA	32	37	1	5					
sequence	hmm	20261001_8fb675cb	XP_058957848.1	_		traf2_binding_permissive	Motif		PCPECPE	58	65	1	7					
sequence	hmm	20261001_8fb675cb	XP_058957848.1	_		traf2_binding_permissive	Motif		PNEETIS	110	117	1	7					
sequence	hmm	20261001_8fb675cb	XP_058957848.1	_		traf2_binding_permissive	Motif		PTQAD	265	270	1	5					
sequence	hmm	20261001_8fb675cb	XP_058957849.1	_		traf6_binding_permissive	Motif		PNEETI	109	115	1	6					
sequence	hmm	20261001_8fb675cb	XP_058957849.1	_		traf2_binding_strict	Motif		PNEET	109	114	1	5					
sequence	hmm	20261001_8fb675cb	XP_058957849.1	_		traf2_binding_variant	Motif		PVQVA	31	36	1	5					
sequence	hmm	20261001_8fb675cb	XP_058957849.1	_		traf2_binding_variant	Motif		PNEET	109	114	1	5					
sequence	hmm	20261001_8fb675cb	XP_058957849.1	_		traf2_binding_variant	Motif		PTQAD	264	269	1	5					
sequence	hmm	20261001_8fb675cb	XP_058957849.1	_		traf2_binding_permissive	Motif		PVQVA	31	36	1	5					
sequence	hmm	20261001_8fb675cb	XP_058957849.1	_		traf2_binding_permissive	Motif		PCPECPE	57	64	1	7					
sequence	hmm	20261001_8fb675cb	XP_058957849.1	_		traf2_binding_permissive	Motif		PNEETIS	109	116	1	7					
sequence	hmm	20261001_8fb675cb	XP_058957849.1	_		traf2_binding_permissive	Motif		PTQAD	264	269	1	5					
sequence	hmm	20261001_8fb675cb	XP_058957850.1	_		traf6_binding_permissive	Motif		PNEETI	99	105	1	6					
sequence	hmm	20261001_8fb675cb	XP_058957850.1	_		traf2_binding_strict	Motif		PNEET	99	104	1	5					
sequence	hmm	20261001_8fb675cb	XP_058957850.1	_		traf2_binding_variant	Motif		PVQVA	21	26	1	5					
sequence	hmm	20261001_8fb675cb	XP_058957850.1	_		traf2_binding_variant	Motif		PNEET	99	104	1	5					
sequence	hmm	20261001_8fb675cb	XP_058957850.1	_		traf2_binding_variant	Motif		PTQAD	254	259	1	5					
sequence	hmm	20261001_8fb675cb	XP_058957850.1	_		traf2_binding_permissive	Motif		PVQVA	21	26	1	5					
sequence	hmm	20261001_8fb675cb	XP_058957850.1	_		traf2_binding_permissive	Motif		PCPECPE	47	54	1	7					
sequence	hmm	20261001_8fb675cb	XP_058957850.1	_		traf2_binding_permissive	Motif		PNEETIS	99	106	1	7					
sequence	hmm	20261001_8fb675cb	XP_058957850.1	_		traf2_binding_permissive	Motif		PTQAD	254	259	1	5					
sequence	hmm	20261001_8fb675cb	XP_058957851.1	_		traf6_binding_permissive	Motif		PNEETI	99	105	1	6					
sequence	hmm	20261001_8fb675cb	XP_058957851.1	_		traf2_binding_strict	Motif		PNEET	99	104	1	5					
sequence	hmm	20261001_8fb675cb	XP_058957851.1	_		traf2_binding_variant	Motif		PVQVA	21	26	1	5					
sequence	hmm	20261001_8fb675cb	XP_058957851.1	_		traf2_binding_variant	Motif		PNEET	99	104	1	5					
sequence	hmm	20261001_8fb675cb	XP_058957851.1	_		traf2_binding_variant	Motif		PTQAD	254	259	1	5					
sequence	hmm	20261001_8fb675cb	XP_058957851.1	_		traf2_binding_permissive	Motif		PVQVA	21	26	1	5					
sequence	hmm	20261001_8fb675cb	XP_058957851.1	_		traf2_binding_permissive	Motif		PCPECPE	47	54	1	7					
sequence	hmm	20261001_8fb675cb	XP_058957851.1	_		traf2_binding_permissive	Motif		PNEETIS	99	106	1	7					
sequence	hmm	20261001_8fb675cb	XP_058957851.1	_		traf2_binding_permissive	Motif		PTQAD	254	259	1	5					
sequence	hmm	20261001_8fb675cb	XP_058957852.1	_		traf6_binding_permissive	Motif		PNEETI	99	105	1	6					
sequence	hmm	20261001_8fb675cb	XP_058957852.1	_		traf2_binding_strict	Motif		PNEET	99	104	1	5					
sequence	hmm	20261001_8fb675cb	XP_058957852.1	_		traf2_binding_variant	Motif		PVQVA	21	26	1	5					
sequence	hmm	20261001_8fb675cb	XP_058957852.1	_		traf2_binding_variant	Motif		PNEET	99	104	1	5					
sequence	hmm	20261001_8fb675cb	XP_058957852.1	_		traf2_binding_variant	Motif		PTQAD	254	259	1	5					
sequence	hmm	20261001_8fb675cb	XP_058957852.1	_		traf2_binding_permissive	Motif		PVQVA	21	26	1	5					
sequence	hmm	20261001_8fb675cb	XP_058957852.1	_		traf2_binding_permissive	Motif		PCPECPE	47	54	1	7					
sequence	hmm	20261001_8fb675cb	XP_058957852.1	_		traf2_binding_permissive	Motif		PNEETIS	99	106	1	7					
sequence	hmm	20261001_8fb675cb	XP_058957852.1	_		traf2_binding_permissive	Motif		PTQAD	254	259	1	5					
sequence	hmm	20261001_8fb675cb	XP_058957853.1	_		traf6_binding_permissive	Motif		PNEETI	99	105	1	6					
sequence	hmm	20261001_8fb675cb	XP_058957853.1	_		traf2_binding_strict	Motif		PNEET	99	104	1	5					
sequence	hmm	20261001_8fb675cb	XP_058957853.1	_		traf2_binding_variant	Motif		PVQVA	21	26	1	5					
sequence	hmm	20261001_8fb675cb	XP_058957853.1	_		traf2_binding_variant	Motif		PNEET	99	104	1	5					
sequence	hmm	20261001_8fb675cb	XP_058957853.1	_		traf2_binding_variant	Motif		PTQAD	254	259	1	5					
sequence	hmm	20261001_8fb675cb	XP_058957853.1	_		traf2_binding_permissive	Motif		PVQVA	21	26	1	5					
sequence	hmm	20261001_8fb675cb	XP_058957853.1	_		traf2_binding_permissive	Motif		PCPECPE	47	54	1	7					
sequence	hmm	20261001_8fb675cb	XP_058957853.1	_		traf2_binding_permissive	Motif		PNEETIS	99	106	1	7					
sequence	hmm	20261001_8fb675cb	XP_058957853.1	_		traf2_binding_permissive	Motif		PTQAD	254	259	1	5					
sequence	hmm	20261001_8fb675cb	XP_058968047.1	_		traf6_binding_permissive	Motif		PIENLL	428	434	1	6					
sequence	hmm	20261001_8fb675cb	XP_058968047.1	_		traf2_binding_variant	Motif		PPQPE	297	302	1	5					
sequence	hmm	20261001_8fb675cb	XP_058968047.1	_		traf2_binding_permissive	Motif		PKCNATT	187	194	1	7					
sequence	hmm	20261001_8fb675cb	XP_058968047.1	_		traf2_binding_permissive	Motif		PKRELS	210	216	1	6					
sequence	hmm	20261001_8fb675cb	XP_058968047.1	_		traf2_binding_permissive	Motif		PREENS	257	263	1	6					
sequence	hmm	20261001_8fb675cb	XP_058968047.1	_		traf2_binding_permissive	Motif		PPQPEG	297	303	1	6					
sequence	hmm	20261001_8fb675cb	XP_058968047.1	_		traf2_binding_permissive	Motif		PSSEEVS	366	373	1	7					
sequence	hmm	20261001_8fb675cb	XP_058968047.1	_		traf2_binding_permissive	Motif		PENTVE	531	537	1	6					
sequence	hmm	20261001_8fb675cb	XP_058968048.1	_		traf6_binding_permissive	Motif		PIENLL	419	425	1	6					
sequence	hmm	20261001_8fb675cb	XP_058968048.1	_		traf2_binding_variant	Motif		PPQPE	288	293	1	5					
sequence	hmm	20261001_8fb675cb	XP_058968048.1	_		traf2_binding_permissive	Motif		PKCNATT	178	185	1	7					
sequence	hmm	20261001_8fb675cb	XP_058968048.1	_		traf2_binding_permissive	Motif		PKRELS	201	207	1	6					
sequence	hmm	20261001_8fb675cb	XP_058968048.1	_		traf2_binding_permissive	Motif		PREENS	248	254	1	6					
sequence	hmm	20261001_8fb675cb	XP_058968048.1	_		traf2_binding_permissive	Motif		PPQPEG	288	294	1	6					
sequence	hmm	20261001_8fb675cb	XP_058968048.1	_		traf2_binding_permissive	Motif		PSSEEVS	357	364	1	7					
sequence	hmm	20261001_8fb675cb	XP_058968048.1	_		traf2_binding_permissive	Motif		PENTVE	522	528	1	6					
sequence	hmm	20261001_8fb675cb	XP_058968049.1	_		traf6_binding_permissive	Motif		PIENLL	415	421	1	6					
sequence	hmm	20261001_8fb675cb	XP_058968049.1	_		traf2_binding_variant	Motif		PPQPE	284	289	1	5					
sequence	hmm	20261001_8fb675cb	XP_058968049.1	_		traf2_binding_permissive	Motif		PKCNATT	174	181	1	7					
sequence	hmm	20261001_8fb675cb	XP_058968049.1	_		traf2_binding_permissive	Motif		PKRELS	197	203	1	6					
sequence	hmm	20261001_8fb675cb	XP_058968049.1	_		traf2_binding_permissive	Motif		PREENS	244	250	1	6					
sequence	hmm	20261001_8fb675cb	XP_058968049.1	_		traf2_binding_permissive	Motif		PPQPEG	284	290	1	6					
sequence	hmm	20261001_8fb675cb	XP_058968049.1	_		traf2_binding_permissive	Motif		PSSEEVS	353	360	1	7					
sequence	hmm	20261001_8fb675cb	XP_058968049.1	_		traf2_binding_permissive	Motif		PENTVE	518	524	1	6					
sequence	hmm	20261001_8fb675cb	XP_058968335.1	_		traf2_binding_permissive	Motif		PHEIVS	96	102	1	6					
sequence	hmm	20261001_8fb675cb	XP_058968368.1	_		traf6_binding_permissive	Motif		PAERVL	681	687	1	6					
sequence	hmm	20261001_8fb675cb	XP_058968368.1	_		traf2_binding_permissive	Motif		PGEEHT	46	52	1	6					
sequence	hmm	20261001_8fb675cb	XP_058968368.1	_		traf2_binding_permissive	Motif		PRCQSCS	85	92	1	7					
sequence	hmm	20261001_8fb675cb	XP_058968368.1	_		traf2_binding_permissive	Motif		PTEPKS	169	175	1	6					
sequence	hmm	20261001_8fb675cb	XP_058968368.1	_		traf2_binding_permissive	Motif		PAAQSS	279	285	1	6					
sequence	hmm	20261001_8fb675cb	XP_058968368.1	_		traf2_binding_permissive	Motif		PQGQSTD	432	439	1	7					
sequence	hmm	20261001_8fb675cb	XP_058968368.1	_		traf2_binding_permissive	Motif		PAKQNKG	511	518	1	7					
sequence	hmm	20261001_8fb675cb	XP_058968368.1	_		traf2_binding_permissive	Motif		PTEAVA	555	561	1	6					
sequence	hmm	20261001_8fb675cb	XP_058968438.1	_		traf6_binding_permissive	Motif		PDEYPI	27	33	1	6					
sequence	hmm	20261001_8fb675cb	XP_058968438.1	_		traf6_binding_permissive	Motif		PCESGK	71	77	1	6					
sequence	hmm	20261001_8fb675cb	XP_058968438.1	_		traf2_binding_strict	Motif		PHEPT	171	176	1	5					
sequence	hmm	20261001_8fb675cb	XP_058968438.1	_		traf2_binding_variant	Motif		PCESG	71	76	1	5					
sequence	hmm	20261001_8fb675cb	XP_058968438.1	_		traf2_binding_variant	Motif		PHEPT	171	176	1	5					
sequence	hmm	20261001_8fb675cb	XP_058968438.1	_		traf2_binding_permissive	Motif		PCESG	71	76	1	5					
sequence	hmm	20261001_8fb675cb	XP_058968438.1	_		traf2_binding_permissive	Motif		PPHEPTG	170	177	1	7					
sequence	hmm	20261001_8fb675cb	XP_058968438.1	_		traf2_binding_permissive	Motif		PLNPKG	407	413	1	6					
sequence	hmm	20261001_8fb675cb	XP_058968605.1	_		traf6_binding_permissive	Motif		PDQFWD	23	29	1	6					
sequence	hmm	20261001_8fb675cb	XP_058968605.1	_		traf6_binding_permissive	Motif		PCQEVK	49	55	1	6					
sequence	hmm	20261001_8fb675cb	XP_058968605.1	_		traf2_binding_strict	Motif		PREAT	265	270	1	5					
sequence	hmm	20261001_8fb675cb	XP_058968605.1	_		traf2_binding_variant	Motif		PANIT	225	230	1	5					
sequence	hmm	20261001_8fb675cb	XP_058968605.1	_		traf2_binding_variant	Motif		PREAT	265	270	1	5					
sequence	hmm	20261001_8fb675cb	XP_058968605.1	_		traf2_binding_permissive	Motif		PPDQFWD	22	29	1	7					
sequence	hmm	20261001_8fb675cb	XP_058968605.1	_		traf2_binding_permissive	Motif		PCQEVKD	49	56	1	7					
sequence	hmm	20261001_8fb675cb	XP_058968605.1	_		traf2_binding_permissive	Motif		PANITE	225	231	1	6					
sequence	hmm	20261001_8fb675cb	XP_058968605.1	_		traf2_binding_permissive	Motif		PREAT	265	270	1	5					
sequence	hmm	20261001_8fb675cb	XP_058969003.1	_		traf6_binding_strict	Motif		PTEENE	371	377	1	6					
sequence	hmm	20261001_8fb675cb	XP_058969003.1	_		traf6_binding_strict	Motif		PSEQKY	764	770	1	6					
sequence	hmm	20261001_8fb675cb	XP_058969003.1	_		traf6_binding_strict	Motif		PPEKNE	856	862	1	6					
sequence	hmm	20261001_8fb675cb	XP_058969003.1	_		traf6_binding_permissive	Motif		PCEKTR	108	114	1	6					
sequence	hmm	20261001_8fb675cb	XP_058969003.1	_		traf6_binding_permissive	Motif		PWENGR	165	171	1	6					
sequence	hmm	20261001_8fb675cb	XP_058969003.1	_		traf6_binding_permissive	Motif		PTEKSV	266	272	1	6					
sequence	hmm	20261001_8fb675cb	XP_058969003.1	_		traf6_binding_permissive	Motif		PTEENE	371	377	1	6					
sequence	hmm	20261001_8fb675cb	XP_058969003.1	_		traf6_binding_permissive	Motif		PAQDTL	488	494	1	6					
sequence	hmm	20261001_8fb675cb	XP_058969003.1	_		traf6_binding_permissive	Motif		PVEITV	607	613	1	6					
sequence	hmm	20261001_8fb675cb	XP_058969003.1	_		traf6_binding_permissive	Motif		PPQWEK	638	644	1	6					
sequence	hmm	20261001_8fb675cb	XP_058969003.1	_		traf6_binding_permissive	Motif		PSEQKY	764	770	1	6					
sequence	hmm	20261001_8fb675cb	XP_058969003.1	_		traf6_binding_permissive	Motif		PTEYSI	811	817	1	6					
sequence	hmm	20261001_8fb675cb	XP_058969003.1	_		traf6_binding_permissive	Motif		PRQTGR	824	830	1	6					
sequence	hmm	20261001_8fb675cb	XP_058969003.1	_		traf6_binding_permissive	Motif		PPEKNE	856	862	1	6					
sequence	hmm	20261001_8fb675cb	XP_058969003.1	_		traf2_binding_strict	Motif		PCEKT	108	113	1	5					
sequence	hmm	20261001_8fb675cb	XP_058969003.1	_		traf2_binding_strict	Motif		PTEKS	266	271	1	5					
sequence	hmm	20261001_8fb675cb	XP_058969003.1	_		traf2_binding_strict	Motif		PAQDT	488	493	1	5					
sequence	hmm	20261001_8fb675cb	XP_058969003.1	_		traf2_binding_strict	Motif		PVEIT	607	612	1	5					
sequence	hmm	20261001_8fb675cb	XP_058969003.1	_		traf2_binding_strict	Motif		PTEYS	811	816	1	5					
sequence	hmm	20261001_8fb675cb	XP_058969003.1	_		traf2_binding_variant	Motif		PCNST	84	89	1	5					
sequence	hmm	20261001_8fb675cb	XP_058969003.1	_		traf2_binding_variant	Motif		PCEKT	108	113	1	5					
sequence	hmm	20261001_8fb675cb	XP_058969003.1	_		traf2_binding_variant	Motif		PWENG	165	170	1	5					
sequence	hmm	20261001_8fb675cb	XP_058969003.1	_		traf2_binding_variant	Motif		PTEKS	266	271	1	5					
sequence	hmm	20261001_8fb675cb	XP_058969003.1	_		traf2_binding_variant	Motif		PTNFE	277	282	1	5					
sequence	hmm	20261001_8fb675cb	XP_058969003.1	_		traf2_binding_variant	Motif		PAQDT	488	493	1	5					
sequence	hmm	20261001_8fb675cb	XP_058969003.1	_		traf2_binding_variant	Motif		PVEIT	607	612	1	5					
sequence	hmm	20261001_8fb675cb	XP_058969003.1	_		traf2_binding_variant	Motif		PPQWE	638	643	1	5					
sequence	hmm	20261001_8fb675cb	XP_058969003.1	_		traf2_binding_variant	Motif		PTEYS	811	816	1	5					
sequence	hmm	20261001_8fb675cb	XP_058969003.1	_		traf2_binding_variant	Motif		PRQTG	824	829	1	5					
sequence	hmm	20261001_8fb675cb	XP_058969003.1	_		traf2_binding_permissive	Motif		PCNSTS	84	90	1	6					
sequence	hmm	20261001_8fb675cb	XP_058969003.1	_		traf2_binding_permissive	Motif		PCEKT	108	113	1	5					
sequence	hmm	20261001_8fb675cb	XP_058969003.1	_		traf2_binding_permissive	Motif		PWENG	165	170	1	5					
sequence	hmm	20261001_8fb675cb	XP_058969003.1	_		traf2_binding_permissive	Motif		PSVNPT	196	202	1	6					
sequence	hmm	20261001_8fb675cb	XP_058969003.1	_		traf2_binding_permissive	Motif		PAGEIID	243	250	1	7					
sequence	hmm	20261001_8fb675cb	XP_058969003.1	_		traf2_binding_permissive	Motif		PTEKS	266	271	1	5					
sequence	hmm	20261001_8fb675cb	XP_058969003.1	_		traf2_binding_permissive	Motif		PTNFE	277	282	1	5					
sequence	hmm	20261001_8fb675cb	XP_058969003.1	_		traf2_binding_permissive	Motif		PPTEENE	370	377	1	7					
sequence	hmm	20261001_8fb675cb	XP_058969003.1	_		traf2_binding_permissive	Motif		PYHESD	380	386	1	6					
sequence	hmm	20261001_8fb675cb	XP_058969003.1	_		traf2_binding_permissive	Motif		PNLNNPA	483	490	1	7					
sequence	hmm	20261001_8fb675cb	XP_058969003.1	_		traf2_binding_permissive	Motif		PVIECG	593	599	1	6					
sequence	hmm	20261001_8fb675cb	XP_058969003.1	_		traf2_binding_permissive	Motif		PVEIT	607	612	1	5					
sequence	hmm	20261001_8fb675cb	XP_058969003.1	_		traf2_binding_permissive	Motif		PPQWE	638	643	1	5					
sequence	hmm	20261001_8fb675cb	XP_058969003.1	_		traf2_binding_permissive	Motif		PTEYS	811	816	1	5					
sequence	hmm	20261001_8fb675cb	XP_058969003.1	_		traf2_binding_permissive	Motif		PRQTG	824	829	1	5					
sequence	hmm	20261001_8fb675cb	XP_058969003.1	_		traf2_binding_permissive	Motif		PPEKNE	856	862	1	6					
sequence	hmm	20261001_8fb675cb	XP_058969004.1	_		traf6_binding_strict	Motif		PSEENE	844	850	1	6					
sequence	hmm	20261001_8fb675cb	XP_058969004.1	_		traf6_binding_permissive	Motif		PCEKTR	108	114	1	6					
sequence	hmm	20261001_8fb675cb	XP_058969004.1	_		traf6_binding_permissive	Motif		PWENGR	165	171	1	6					
sequence	hmm	20261001_8fb675cb	XP_058969004.1	_		traf6_binding_permissive	Motif		PTEKSV	266	272	1	6					
sequence	hmm	20261001_8fb675cb	XP_058969004.1	_		traf6_binding_permissive	Motif		PSESVK	315	321	1	6					
sequence	hmm	20261001_8fb675cb	XP_058969004.1	_		traf6_binding_permissive	Motif		PAQHTL	483	489	1	6					
sequence	hmm	20261001_8fb675cb	XP_058969004.1	_		traf6_binding_permissive	Motif		PFQSSL	490	496	1	6					
sequence	hmm	20261001_8fb675cb	XP_058969004.1	_		traf6_binding_permissive	Motif		PVEITV	595	601	1	6					
sequence	hmm	20261001_8fb675cb	XP_058969004.1	_		traf6_binding_permissive	Motif		PTEYSI	799	805	1	6					
sequence	hmm	20261001_8fb675cb	XP_058969004.1	_		traf6_binding_permissive	Motif		PRQTSR	812	818	1	6					
sequence	hmm	20261001_8fb675cb	XP_058969004.1	_		traf6_binding_permissive	Motif		PSEENE	844	850	1	6					
sequence	hmm	20261001_8fb675cb	XP_058969004.1	_		traf2_binding_strict	Motif		PCEKT	108	113	1	5					
sequence	hmm	20261001_8fb675cb	XP_058969004.1	_		traf2_binding_strict	Motif		PTEKS	266	271	1	5					
sequence	hmm	20261001_8fb675cb	XP_058969004.1	_		traf2_binding_strict	Motif		PAQHT	483	488	1	5					
sequence	hmm	20261001_8fb675cb	XP_058969004.1	_		traf2_binding_strict	Motif		PFQSS	490	495	1	5					
sequence	hmm	20261001_8fb675cb	XP_058969004.1	_		traf2_binding_strict	Motif		PVEIT	595	600	1	5					
sequence	hmm	20261001_8fb675cb	XP_058969004.1	_		traf2_binding_strict	Motif		PTEYS	799	804	1	5					
sequence	hmm	20261001_8fb675cb	XP_058969004.1	_		traf2_binding_strict	Motif		PRQTS	812	817	1	5					
sequence	hmm	20261001_8fb675cb	XP_058969004.1	_		traf2_binding_variant	Motif		PCNST	84	89	1	5					
sequence	hmm	20261001_8fb675cb	XP_058969004.1	_		traf2_binding_variant	Motif		PCEKT	108	113	1	5					
sequence	hmm	20261001_8fb675cb	XP_058969004.1	_		traf2_binding_variant	Motif		PWENG	165	170	1	5					
sequence	hmm	20261001_8fb675cb	XP_058969004.1	_		traf2_binding_variant	Motif		PTEKS	266	271	1	5					
sequence	hmm	20261001_8fb675cb	XP_058969004.1	_		traf2_binding_variant	Motif		PTNFE	277	282	1	5					
sequence	hmm	20261001_8fb675cb	XP_058969004.1	_		traf2_binding_variant	Motif		PAQHT	483	488	1	5					
sequence	hmm	20261001_8fb675cb	XP_058969004.1	_		traf2_binding_variant	Motif		PFQSS	490	495	1	5					
sequence	hmm	20261001_8fb675cb	XP_058969004.1	_		traf2_binding_variant	Motif		PHNVT	587	592	1	5					
sequence	hmm	20261001_8fb675cb	XP_058969004.1	_		traf2_binding_variant	Motif		PVEIT	595	600	1	5					
sequence	hmm	20261001_8fb675cb	XP_058969004.1	_		traf2_binding_variant	Motif		PTEYS	799	804	1	5					
sequence	hmm	20261001_8fb675cb	XP_058969004.1	_		traf2_binding_variant	Motif		PRQTS	812	817	1	5					
sequence	hmm	20261001_8fb675cb	XP_058969004.1	_		traf2_binding_permissive	Motif		PCNSTS	84	90	1	6					
sequence	hmm	20261001_8fb675cb	XP_058969004.1	_		traf2_binding_permissive	Motif		PCEKT	108	113	1	5					
sequence	hmm	20261001_8fb675cb	XP_058969004.1	_		traf2_binding_permissive	Motif		PWENG	165	170	1	5					
sequence	hmm	20261001_8fb675cb	XP_058969004.1	_		traf2_binding_permissive	Motif		PAGEIIS	243	250	1	7					
sequence	hmm	20261001_8fb675cb	XP_058969004.1	_		traf2_binding_permissive	Motif		PTEKS	266	271	1	5					
sequence	hmm	20261001_8fb675cb	XP_058969004.1	_		traf2_binding_permissive	Motif		PTNFE	277	282	1	5					
sequence	hmm	20261001_8fb675cb	XP_058969004.1	_		traf2_binding_permissive	Motif		PSQDVS	370	376	1	6					
sequence	hmm	20261001_8fb675cb	XP_058969004.1	_		traf2_binding_permissive	Motif		PSQDVS	379	385	1	6					
sequence	hmm	20261001_8fb675cb	XP_058969004.1	_		traf2_binding_permissive	Motif		PKKNKG	415	421	1	6					
sequence	hmm	20261001_8fb675cb	XP_058969004.1	_		traf2_binding_permissive	Motif		PNLNNPA	478	485	1	7					
sequence	hmm	20261001_8fb675cb	XP_058969004.1	_		traf2_binding_permissive	Motif		PPFQSS	489	495	1	6					
sequence	hmm	20261001_8fb675cb	XP_058969004.1	_		traf2_binding_permissive	Motif		PVVECG	581	587	1	6					
sequence	hmm	20261001_8fb675cb	XP_058969004.1	_		traf2_binding_permissive	Motif		PHNVT	587	592	1	5					
sequence	hmm	20261001_8fb675cb	XP_058969004.1	_		traf2_binding_permissive	Motif		PVEIT	595	600	1	5					
sequence	hmm	20261001_8fb675cb	XP_058969004.1	_		traf2_binding_permissive	Motif		PTEYS	799	804	1	5					
sequence	hmm	20261001_8fb675cb	XP_058969004.1	_		traf2_binding_permissive	Motif		PRQTS	812	817	1	5					
sequence	hmm	20261001_8fb675cb	XP_058969004.1	_		traf2_binding_permissive	Motif		PSEENET	844	851	1	7					
sequence	hmm	20261001_8fb675cb	XP_067016259.1	_		traf6_binding_permissive	Motif		PCEEGI	82	88	1	6					
sequence	hmm	20261001_8fb675cb	XP_067016259.1	_		traf6_binding_permissive	Motif		PNEETI	106	112	1	6					
sequence	hmm	20261001_8fb675cb	XP_067016259.1	_		traf6_binding_permissive	Motif		PAQSTD	261	267	1	6					
sequence	hmm	20261001_8fb675cb	XP_067016259.1	_		traf2_binding_strict	Motif		PNEET	106	111	1	5					
sequence	hmm	20261001_8fb675cb	XP_067016259.1	_		traf2_binding_strict	Motif		PAQST	261	266	1	5					
sequence	hmm	20261001_8fb675cb	XP_067016259.1	_		traf2_binding_variant	Motif		PCEEG	82	87	1	5					
sequence	hmm	20261001_8fb675cb	XP_067016259.1	_		traf2_binding_variant	Motif		PNEET	106	111	1	5					
sequence	hmm	20261001_8fb675cb	XP_067016259.1	_		traf2_binding_variant	Motif		PAQST	261	266	1	5					
sequence	hmm	20261001_8fb675cb	XP_067016259.1	_		traf2_binding_permissive	Motif		PCEEGIG	82	89	1	7					
sequence	hmm	20261001_8fb675cb	XP_067016259.1	_		traf2_binding_permissive	Motif		PNEET	106	111	1	5					
sequence	hmm	20261001_8fb675cb	XP_067016259.1	_		traf2_binding_permissive	Motif		PAQSTD	261	267	1	6					
sequence	hmm	20261001_8fb675cb	XP_067016259.1	_		traf2_binding_permissive	Motif		PSQLVS	270	276	1	6					
sequence	hmm	20261001_8fb675cb	XP_067016259.1	_		traf2_binding_permissive	Motif		PSEVKS	279	285	1	6					
sequence	hmm	20261001_8fb675cb	XP_067016259.1	_		traf2_binding_permissive	Motif		PHGESDT	292	299	1	7					
sequence	hmm	20261001_8fb675cb	XP_067016260.1	_		traf6_binding_permissive	Motif		PCEEGI	82	88	1	6					
sequence	hmm	20261001_8fb675cb	XP_067016260.1	_		traf6_binding_permissive	Motif		PNEETI	106	112	1	6					
sequence	hmm	20261001_8fb675cb	XP_067016260.1	_		traf2_binding_strict	Motif		PNEET	106	111	1	5					
sequence	hmm	20261001_8fb675cb	XP_067016260.1	_		traf2_binding_variant	Motif		PCEEG	82	87	1	5					
sequence	hmm	20261001_8fb675cb	XP_067016260.1	_		traf2_binding_variant	Motif		PNEET	106	111	1	5					
sequence	hmm	20261001_8fb675cb	XP_067016260.1	_		traf2_binding_permissive	Motif		PCEEGIG	82	89	1	7					
sequence	hmm	20261001_8fb675cb	XP_067016260.1	_		traf2_binding_permissive	Motif		PNEET	106	111	1	5					
sequence	hmm	20261001_8fb675cb	XP_067024906.1	_		traf6_binding_permissive	Motif		PTEAFL	393	399	1	6					
sequence	hmm	20261001_8fb675cb	XP_067024906.1	_		traf2_binding_variant	Motif		PVNVS	262	267	1	5					
sequence	hmm	20261001_8fb675cb	XP_067024906.1	_		traf2_binding_permissive	Motif		PVNVSG	262	268	1	6					
sequence	hmm	20261001_8fb675cb	XP_067024906.1	_		traf2_binding_permissive	Motif		PVDNNEG	321	328	1	7					
sequence	hmm	20261001_8fb675cb	XP_067024907.1	_		traf6_binding_permissive	Motif		PTEAFL	390	396	1	6					
sequence	hmm	20261001_8fb675cb	XP_067024907.1	_		traf2_binding_variant	Motif		PVNVS	259	264	1	5					
sequence	hmm	20261001_8fb675cb	XP_067024907.1	_		traf2_binding_permissive	Motif		PVNVSG	259	265	1	6					
sequence	hmm	20261001_8fb675cb	XP_067024907.1	_		traf2_binding_permissive	Motif		PVDNNEG	318	325	1	7					
sequence	hmm	20261001_8fb675cb	XP_067024908.1	_		traf6_binding_permissive	Motif		PTEAFL	390	396	1	6					
sequence	hmm	20261001_8fb675cb	XP_067024908.1	_		traf2_binding_variant	Motif		PVNVS	259	264	1	5					
sequence	hmm	20261001_8fb675cb	XP_067024908.1	_		traf2_binding_permissive	Motif		PVNVSG	259	265	1	6					
sequence	hmm	20261001_8fb675cb	XP_067024908.1	_		traf2_binding_permissive	Motif		PVDNNEG	318	325	1	7					
sequence	hmm	20261001_8fb675cb	XP_067024909.1	_		traf6_binding_permissive	Motif		PTEAFL	386	392	1	6					
sequence	hmm	20261001_8fb675cb	XP_067024909.1	_		traf2_binding_variant	Motif		PVNVS	255	260	1	5					
sequence	hmm	20261001_8fb675cb	XP_067024909.1	_		traf2_binding_permissive	Motif		PVNVSG	255	261	1	6					
sequence	hmm	20261001_8fb675cb	XP_067024909.1	_		traf2_binding_permissive	Motif		PVDNNEG	314	321	1	7					
sequence	hmm	20261001_8fb675cb	XP_067024911.1	_		traf6_binding_permissive	Motif		PTEAFL	386	392	1	6					
sequence	hmm	20261001_8fb675cb	XP_067024911.1	_		traf2_binding_variant	Motif		PVNVS	255	260	1	5					
sequence	hmm	20261001_8fb675cb	XP_067024911.1	_		traf2_binding_permissive	Motif		PVNVSG	255	261	1	6					
sequence	hmm	20261001_8fb675cb	XP_067024911.1	_		traf2_binding_permissive	Motif		PVDNNEG	314	321	1	7					
sequence	hmm	20261001_8fb675cb	XP_067024912.1	_		traf6_binding_permissive	Motif		PTEAFL	360	366	1	6					
sequence	hmm	20261001_8fb675cb	XP_067024912.1	_		traf2_binding_variant	Motif		PVNVS	229	234	1	5					
sequence	hmm	20261001_8fb675cb	XP_067024912.1	_		traf2_binding_permissive	Motif		PVNVSG	229	235	1	6					
sequence	hmm	20261001_8fb675cb	XP_067024912.1	_		traf2_binding_permissive	Motif		PVDNNEG	288	295	1	7					
sequence	hmm	20261001_8fb675cb	XP_067024913.1	_		traf6_binding_permissive	Motif		PTEAFL	329	335	1	6					
sequence	hmm	20261001_8fb675cb	XP_067024913.1	_		traf2_binding_variant	Motif		PVNVS	198	203	1	5					
sequence	hmm	20261001_8fb675cb	XP_067024913.1	_		traf2_binding_permissive	Motif		PVNVSG	198	204	1	6					
sequence	hmm	20261001_8fb675cb	XP_067024913.1	_		traf2_binding_permissive	Motif		PVDNNEG	257	264	1	7					
sequence	hmm	20261001_8fb675cb	XP_067024914.1	_		traf6_binding_permissive	Motif		PTEAFL	329	335	1	6					
sequence	hmm	20261001_8fb675cb	XP_067024914.1	_		traf2_binding_variant	Motif		PVNVS	198	203	1	5					
sequence	hmm	20261001_8fb675cb	XP_067024914.1	_		traf2_binding_permissive	Motif		PVNVSG	198	204	1	6					
sequence	hmm	20261001_8fb675cb	XP_067024914.1	_		traf2_binding_permissive	Motif		PVDNNEG	257	264	1	7					
sequence	hmm	20261001_8fb675cb	XP_067024915.1	_		traf6_binding_permissive	Motif		PTEAFL	329	335	1	6					
sequence	hmm	20261001_8fb675cb	XP_067024915.1	_		traf2_binding_variant	Motif		PVNVS	198	203	1	5					
sequence	hmm	20261001_8fb675cb	XP_067024915.1	_		traf2_binding_permissive	Motif		PVNVSG	198	204	1	6					
sequence	hmm	20261001_8fb675cb	XP_067024915.1	_		traf2_binding_permissive	Motif		PVDNNEG	257	264	1	7					
sequence	hmm	20261001_8fb675cb	XP_067024916.1	_		traf6_binding_strict	Motif		PRETTE	236	242	1	6					
sequence	hmm	20261001_8fb675cb	XP_067024916.1	_		traf6_binding_permissive	Motif		PRETTE	236	242	1	6					
sequence	hmm	20261001_8fb675cb	XP_067024916.1	_		traf6_binding_permissive	Motif		PTEAFL	381	387	1	6					
sequence	hmm	20261001_8fb675cb	XP_067024916.1	_		traf2_binding_strict	Motif		PRETT	236	241	1	5					
sequence	hmm	20261001_8fb675cb	XP_067024916.1	_		traf2_binding_variant	Motif		PRETT	236	241	1	5					
sequence	hmm	20261001_8fb675cb	XP_067024916.1	_		traf2_binding_variant	Motif		PVNDS	251	256	1	5					
sequence	hmm	20261001_8fb675cb	XP_067024916.1	_		traf2_binding_permissive	Motif		PRETTE	236	242	1	6					
sequence	hmm	20261001_8fb675cb	XP_067024916.1	_		traf2_binding_permissive	Motif		PVNDSG	251	257	1	6					
sequence	hmm	20261001_8fb675cb	XP_067024917.1	_		traf6_binding_strict	Motif		PRETTE	228	234	1	6					
sequence	hmm	20261001_8fb675cb	XP_067024917.1	_		traf6_binding_permissive	Motif		PRETTE	228	234	1	6					
sequence	hmm	20261001_8fb675cb	XP_067024917.1	_		traf6_binding_permissive	Motif		PTEAFL	373	379	1	6					
sequence	hmm	20261001_8fb675cb	XP_067024917.1	_		traf2_binding_strict	Motif		PRETT	228	233	1	5					
sequence	hmm	20261001_8fb675cb	XP_067024917.1	_		traf2_binding_variant	Motif		PRETT	228	233	1	5					
sequence	hmm	20261001_8fb675cb	XP_067024917.1	_		traf2_binding_variant	Motif		PVNDS	243	248	1	5					
sequence	hmm	20261001_8fb675cb	XP_067024917.1	_		traf2_binding_permissive	Motif		PRETTE	228	234	1	6					
sequence	hmm	20261001_8fb675cb	XP_067024917.1	_		traf2_binding_permissive	Motif		PVNDSG	243	249	1	6					
sequence	hmm	20261001_8fb675cb	XP_067024918.1	_		traf6_binding_strict	Motif		PRETTE	196	202	1	6					
sequence	hmm	20261001_8fb675cb	XP_067024918.1	_		traf6_binding_permissive	Motif		PRETTE	196	202	1	6					
sequence	hmm	20261001_8fb675cb	XP_067024918.1	_		traf6_binding_permissive	Motif		PTEAFL	341	347	1	6					
sequence	hmm	20261001_8fb675cb	XP_067024918.1	_		traf2_binding_strict	Motif		PRETT	196	201	1	5					
sequence	hmm	20261001_8fb675cb	XP_067024918.1	_		traf2_binding_variant	Motif		PRETT	196	201	1	5					
sequence	hmm	20261001_8fb675cb	XP_067024918.1	_		traf2_binding_variant	Motif		PVNDS	211	216	1	5					
sequence	hmm	20261001_8fb675cb	XP_067024918.1	_		traf2_binding_permissive	Motif		PRETTE	196	202	1	6					
sequence	hmm	20261001_8fb675cb	XP_067024918.1	_		traf2_binding_permissive	Motif		PVNDSG	211	217	1	6					
sequence	hmm	20261001_8fb675cb	XP_067024922.1	_		traf6_binding_strict	Motif		PVEEGD	257	263	1	6					
sequence	hmm	20261001_8fb675cb	XP_067024922.1	_		traf6_binding_permissive	Motif		PVEEGD	257	263	1	6					
sequence	hmm	20261001_8fb675cb	XP_067024922.1	_		traf2_binding_variant	Motif		PVEEG	257	262	1	5					
sequence	hmm	20261001_8fb675cb	XP_067024922.1	_		traf2_binding_permissive	Motif		PHKETED	191	198	1	7					
sequence	hmm	20261001_8fb675cb	XP_067024922.1	_		traf2_binding_permissive	Motif		PVEEGD	257	263	1	6					
sequence	hmm	20261001_8fb675cb	XP_067024923.1	_		traf6_binding_strict	Motif		PVEEGD	244	250	1	6					
sequence	hmm	20261001_8fb675cb	XP_067024923.1	_		traf6_binding_permissive	Motif		PVEEGD	244	250	1	6					
sequence	hmm	20261001_8fb675cb	XP_067024923.1	_		traf2_binding_variant	Motif		PVEEG	244	249	1	5					
sequence	hmm	20261001_8fb675cb	XP_067024923.1	_		traf2_binding_permissive	Motif		PHKETED	178	185	1	7					
sequence	hmm	20261001_8fb675cb	XP_067024923.1	_		traf2_binding_permissive	Motif		PVEEGD	244	250	1	6					
sequence	hmm	20261001_8fb675cb	XP_067025513.1	_		traf6_binding_permissive	Motif		PCENGH	39	45	1	6					
sequence	hmm	20261001_8fb675cb	XP_067025513.1	_		traf6_binding_permissive	Motif		PCEKGK	119	125	1	6					
sequence	hmm	20261001_8fb675cb	XP_067025513.1	_		traf6_binding_permissive	Motif		PFEASL	212	218	1	6					
sequence	hmm	20261001_8fb675cb	XP_067025513.1	_		traf2_binding_strict	Motif		PFEAS	212	217	1	5					
sequence	hmm	20261001_8fb675cb	XP_067025513.1	_		traf2_binding_variant	Motif		PCENG	39	44	1	5					
sequence	hmm	20261001_8fb675cb	XP_067025513.1	_		traf2_binding_variant	Motif		PCEKG	119	124	1	5					
sequence	hmm	20261001_8fb675cb	XP_067025513.1	_		traf2_binding_variant	Motif		PFEAS	212	217	1	5					
sequence	hmm	20261001_8fb675cb	XP_067025513.1	_		traf2_binding_variant	Motif		PGQEA	299	304	1	5					
sequence	hmm	20261001_8fb675cb	XP_067025513.1	_		traf2_binding_variant	Motif		PCNCS	564	569	1	5					
sequence	hmm	20261001_8fb675cb	XP_067025513.1	_		traf2_binding_permissive	Motif		PCENG	39	44	1	5					
sequence	hmm	20261001_8fb675cb	XP_067025513.1	_		traf2_binding_permissive	Motif		PCEKG	119	124	1	5					
sequence	hmm	20261001_8fb675cb	XP_067025513.1	_		traf2_binding_permissive	Motif		PVTQSMT	200	207	1	7					
sequence	hmm	20261001_8fb675cb	XP_067025513.1	_		traf2_binding_permissive	Motif		PFEAS	212	217	1	5					
sequence	hmm	20261001_8fb675cb	XP_067025513.1	_		traf2_binding_permissive	Motif		PGQEAG	299	305	1	6					
sequence	hmm	20261001_8fb675cb	XP_067025513.1	_		traf2_binding_permissive	Motif		PADERT	351	357	1	6					
sequence	hmm	20261001_8fb675cb	XP_067025513.1	_		traf2_binding_permissive	Motif		PCNCSG	564	570	1	6					
sequence	hmm	20261001_8fb675cb	XP_067025521.1	_		traf6_binding_permissive	Motif		PCENGH	46	52	1	6					
sequence	hmm	20261001_8fb675cb	XP_067025521.1	_		traf6_binding_permissive	Motif		PCEKGK	126	132	1	6					
sequence	hmm	20261001_8fb675cb	XP_067025521.1	_		traf6_binding_permissive	Motif		PFEASL	219	225	1	6					
sequence	hmm	20261001_8fb675cb	XP_067025521.1	_		traf6_binding_permissive	Motif		PREKWK	333	339	1	6					
sequence	hmm	20261001_8fb675cb	XP_067025521.1	_		traf2_binding_strict	Motif		PFEAS	219	224	1	5					
sequence	hmm	20261001_8fb675cb	XP_067025521.1	_		traf2_binding_variant	Motif		PCENG	46	51	1	5					
sequence	hmm	20261001_8fb675cb	XP_067025521.1	_		traf2_binding_variant	Motif		PCEKG	126	131	1	5					
sequence	hmm	20261001_8fb675cb	XP_067025521.1	_		traf2_binding_variant	Motif		PFEAS	219	224	1	5					
sequence	hmm	20261001_8fb675cb	XP_067025521.1	_		traf2_binding_variant	Motif		PGQEA	306	311	1	5					
sequence	hmm	20261001_8fb675cb	XP_067025521.1	_		traf2_binding_permissive	Motif		PCENG	46	51	1	5					
sequence	hmm	20261001_8fb675cb	XP_067025521.1	_		traf2_binding_permissive	Motif		PCEKG	126	131	1	5					
sequence	hmm	20261001_8fb675cb	XP_067025521.1	_		traf2_binding_permissive	Motif		PVTQSMT	207	214	1	7					
sequence	hmm	20261001_8fb675cb	XP_067025521.1	_		traf2_binding_permissive	Motif		PFEAS	219	224	1	5					
sequence	hmm	20261001_8fb675cb	XP_067025521.1	_		traf2_binding_permissive	Motif		PGQEAGS	306	313	1	7					
sequence	hmm	20261001_8fb675cb	XP_067025528.1	_		traf6_binding_permissive	Motif		PCENGH	46	52	1	6					
sequence	hmm	20261001_8fb675cb	XP_067025528.1	_		traf6_binding_permissive	Motif		PCEKGK	126	132	1	6					
sequence	hmm	20261001_8fb675cb	XP_067025528.1	_		traf6_binding_permissive	Motif		PFEASL	219	225	1	6					
sequence	hmm	20261001_8fb675cb	XP_067025528.1	_		traf6_binding_permissive	Motif		PREKWK	308	314	1	6					
sequence	hmm	20261001_8fb675cb	XP_067025528.1	_		traf2_binding_strict	Motif		PFEAS	219	224	1	5					
sequence	hmm	20261001_8fb675cb	XP_067025528.1	_		traf2_binding_variant	Motif		PCENG	46	51	1	5					
sequence	hmm	20261001_8fb675cb	XP_067025528.1	_		traf2_binding_variant	Motif		PCEKG	126	131	1	5					
sequence	hmm	20261001_8fb675cb	XP_067025528.1	_		traf2_binding_variant	Motif		PFEAS	219	224	1	5					
sequence	hmm	20261001_8fb675cb	XP_067025528.1	_		traf2_binding_permissive	Motif		PCENG	46	51	1	5					
sequence	hmm	20261001_8fb675cb	XP_067025528.1	_		traf2_binding_permissive	Motif		PCEKG	126	131	1	5					
sequence	hmm	20261001_8fb675cb	XP_067025528.1	_		traf2_binding_permissive	Motif		PVTQSMT	207	214	1	7					
sequence	hmm	20261001_8fb675cb	XP_067025528.1	_		traf2_binding_permissive	Motif		PFEAS	219	224	1	5					
sequence	hmm	20261001_8fb675cb	XP_067025535.1	_		traf6_binding_permissive	Motif		PCENGH	39	45	1	6					
sequence	hmm	20261001_8fb675cb	XP_067025535.1	_		traf6_binding_permissive	Motif		PCEKGK	119	125	1	6					
sequence	hmm	20261001_8fb675cb	XP_067025535.1	_		traf6_binding_permissive	Motif		PFEASL	212	218	1	6					
sequence	hmm	20261001_8fb675cb	XP_067025535.1	_		traf6_binding_permissive	Motif		PREKWK	301	307	1	6					
sequence	hmm	20261001_8fb675cb	XP_067025535.1	_		traf2_binding_strict	Motif		PFEAS	212	217	1	5					
sequence	hmm	20261001_8fb675cb	XP_067025535.1	_		traf2_binding_variant	Motif		PCENG	39	44	1	5					
sequence	hmm	20261001_8fb675cb	XP_067025535.1	_		traf2_binding_variant	Motif		PCEKG	119	124	1	5					
sequence	hmm	20261001_8fb675cb	XP_067025535.1	_		traf2_binding_variant	Motif		PFEAS	212	217	1	5					
sequence	hmm	20261001_8fb675cb	XP_067025535.1	_		traf2_binding_permissive	Motif		PCENG	39	44	1	5					
sequence	hmm	20261001_8fb675cb	XP_067025535.1	_		traf2_binding_permissive	Motif		PCEKG	119	124	1	5					
sequence	hmm	20261001_8fb675cb	XP_067025535.1	_		traf2_binding_permissive	Motif		PVTQSMT	200	207	1	7					
sequence	hmm	20261001_8fb675cb	XP_067025535.1	_		traf2_binding_permissive	Motif		PFEAS	212	217	1	5					
sequence	hmm	20261001_8fb675cb	XP_067025542.1	_		traf6_binding_permissive	Motif		PCENGH	25	31	1	6					
sequence	hmm	20261001_8fb675cb	XP_067025542.1	_		traf6_binding_permissive	Motif		PCEKGK	105	111	1	6					
sequence	hmm	20261001_8fb675cb	XP_067025542.1	_		traf6_binding_permissive	Motif		PFEASL	198	204	1	6					
sequence	hmm	20261001_8fb675cb	XP_067025542.1	_		traf6_binding_permissive	Motif		PREKWK	312	318	1	6					
sequence	hmm	20261001_8fb675cb	XP_067025542.1	_		traf2_binding_strict	Motif		PFEAS	198	203	1	5					
sequence	hmm	20261001_8fb675cb	XP_067025542.1	_		traf2_binding_variant	Motif		PCENG	25	30	1	5					
sequence	hmm	20261001_8fb675cb	XP_067025542.1	_		traf2_binding_variant	Motif		PCEKG	105	110	1	5					
sequence	hmm	20261001_8fb675cb	XP_067025542.1	_		traf2_binding_variant	Motif		PFEAS	198	203	1	5					
sequence	hmm	20261001_8fb675cb	XP_067025542.1	_		traf2_binding_variant	Motif		PGQEA	285	290	1	5					
sequence	hmm	20261001_8fb675cb	XP_067025542.1	_		traf2_binding_permissive	Motif		PCENG	25	30	1	5					
sequence	hmm	20261001_8fb675cb	XP_067025542.1	_		traf2_binding_permissive	Motif		PCEKG	105	110	1	5					
sequence	hmm	20261001_8fb675cb	XP_067025542.1	_		traf2_binding_permissive	Motif		PVTQSMT	186	193	1	7					
sequence	hmm	20261001_8fb675cb	XP_067025542.1	_		traf2_binding_permissive	Motif		PFEAS	198	203	1	5					
sequence	hmm	20261001_8fb675cb	XP_067025542.1	_		traf2_binding_permissive	Motif		PGQEAGS	285	292	1	7					
sequence	hmm	20261001_8fb675cb	XP_067040105.1	_		traf6_binding_strict	Motif		PLEFQD	399	405	1	6					
sequence	hmm	20261001_8fb675cb	XP_067040105.1	_		traf6_binding_permissive	Motif		PEQKVE	368	374	1	6					
sequence	hmm	20261001_8fb675cb	XP_067040105.1	_		traf6_binding_permissive	Motif		PLEFQD	399	405	1	6					
sequence	hmm	20261001_8fb675cb	XP_067040105.1	_		traf2_binding_permissive	Motif		PKCQND	165	171	1	6					
sequence	hmm	20261001_8fb675cb	XP_067040105.1	_		traf2_binding_permissive	Motif		PEQKVE	368	374	1	6					
sequence	hmm	20261001_8fb675cb	XP_067040105.1	_		traf2_binding_permissive	Motif		PLEFQD	399	405	1	6					
sequence	hmm	20261001_8fb675cb	XP_067040105.1	_		traf2_binding_permissive	Motif		PAGNSD	505	511	1	6					
sequence	hmm	20261001_8fb675cb	XP_067040105.1	_		traf2_binding_permissive	Motif		PFGNYKE	651	658	1	7					
sequence	hmm	20261001_8fb675cb	XP_067040105.1	_		traf2_binding_permissive	Motif		PHEMVT	663	669	1	6					
sequence	hmm	20261001_8fb675cb	XP_067041087.1	_		traf2_binding_variant	Motif		PLQIA	253	258	1	5					
sequence	hmm	20261001_8fb675cb	XP_067041087.1	_		traf2_binding_variant	Motif		PNEIA	306	311	1	5					
sequence	hmm	20261001_8fb675cb	XP_067041087.1	_		traf2_binding_variant	Motif		PDERA	364	369	1	5					
sequence	hmm	20261001_8fb675cb	XP_067041087.1	_		traf2_binding_permissive	Motif		PDKNKT	203	209	1	6					
sequence	hmm	20261001_8fb675cb	XP_067041087.1	_		traf2_binding_permissive	Motif		PLQIA	253	258	1	5					
sequence	hmm	20261001_8fb675cb	XP_067041087.1	_		traf2_binding_permissive	Motif		PNEIAA	306	312	1	6					
sequence	hmm	20261001_8fb675cb	XP_067041087.1	_		traf2_binding_permissive	Motif		PDERAA	364	370	1	6					
sequence	hmm	20261001_8fb675cb	XP_067041087.1	_		traf2_binding_permissive	Motif		PTTQGDG	569	576	1	7					
sequence	hmm	20261001_8fb675cb	XP_067041087.1	_		traf2_binding_permissive	Motif		PVIEEST	628	635	1	7					
sequence	hmm	20261001_8fb675cb	XP_067041087.1	_		traf2_binding_permissive	Motif		PSKELMS	706	713	1	7					
sequence	hmm	20261001_8fb675cb	XP_067041651.1	_		traf6_binding_permissive	Motif		PGQASK	745	751	1	6					
sequence	hmm	20261001_8fb675cb	XP_067041651.1	_		traf2_binding_strict	Motif		PGQAS	745	750	1	5					
sequence	hmm	20261001_8fb675cb	XP_067041651.1	_		traf2_binding_variant	Motif		PCNLT	247	252	1	5					
sequence	hmm	20261001_8fb675cb	XP_067041651.1	_		traf2_binding_variant	Motif		PGQAS	745	750	1	5					
sequence	hmm	20261001_8fb675cb	XP_067041651.1	_		traf2_binding_permissive	Motif		PICQNG	168	174	1	6					
sequence	hmm	20261001_8fb675cb	XP_067041651.1	_		traf2_binding_permissive	Motif		PFPECGS	198	205	1	7					
sequence	hmm	20261001_8fb675cb	XP_067041651.1	_		traf2_binding_permissive	Motif		PCNLT	247	252	1	5					
sequence	hmm	20261001_8fb675cb	XP_067041651.1	_		traf2_binding_permissive	Motif		PVIQFYS	440	447	1	7					
sequence	hmm	20261001_8fb675cb	XP_067041651.1	_		traf2_binding_permissive	Motif		PGQAS	745	750	1	5					
sequence	hmm	20261001_8fb675cb	XP_067041652.1	_		traf6_binding_permissive	Motif		PGQASK	744	750	1	6					
sequence	hmm	20261001_8fb675cb	XP_067041652.1	_		traf2_binding_strict	Motif		PGQAS	744	749	1	5					
sequence	hmm	20261001_8fb675cb	XP_067041652.1	_		traf2_binding_variant	Motif		PCNLT	246	251	1	5					
sequence	hmm	20261001_8fb675cb	XP_067041652.1	_		traf2_binding_variant	Motif		PGQAS	744	749	1	5					
sequence	hmm	20261001_8fb675cb	XP_067041652.1	_		traf2_binding_permissive	Motif		PICQNG	167	173	1	6					
sequence	hmm	20261001_8fb675cb	XP_067041652.1	_		traf2_binding_permissive	Motif		PFPECGS	197	204	1	7					
sequence	hmm	20261001_8fb675cb	XP_067041652.1	_		traf2_binding_permissive	Motif		PCNLT	246	251	1	5					
sequence	hmm	20261001_8fb675cb	XP_067041652.1	_		traf2_binding_permissive	Motif		PVIQFYS	439	446	1	7					
sequence	hmm	20261001_8fb675cb	XP_067041652.1	_		traf2_binding_permissive	Motif		PGQAS	744	749	1	5					
sequence	hmm	20261001_8fb675cb	XP_067041653.1	_		traf6_binding_permissive	Motif		PSEQLL	744	750	1	6					
sequence	hmm	20261001_8fb675cb	XP_067041653.1	_		traf2_binding_variant	Motif		PCNLT	244	249	1	5					
sequence	hmm	20261001_8fb675cb	XP_067041653.1	_		traf2_binding_permissive	Motif		PKCQSD	165	171	1	6					
sequence	hmm	20261001_8fb675cb	XP_067041653.1	_		traf2_binding_permissive	Motif		PFPECGS	195	202	1	7					
sequence	hmm	20261001_8fb675cb	XP_067041653.1	_		traf2_binding_permissive	Motif		PCNLT	244	249	1	5					
sequence	hmm	20261001_8fb675cb	XP_067041653.1	_		traf2_binding_permissive	Motif		PGRNPSE	740	747	1	7					
sequence	hmm	20261001_8fb675cb	XP_067041654.1	_		traf6_binding_permissive	Motif		PSEQLL	744	750	1	6					
sequence	hmm	20261001_8fb675cb	XP_067041654.1	_		traf2_binding_variant	Motif		PCNLT	244	249	1	5					
sequence	hmm	20261001_8fb675cb	XP_067041654.1	_		traf2_binding_permissive	Motif		PKCQSD	165	171	1	6					
sequence	hmm	20261001_8fb675cb	XP_067041654.1	_		traf2_binding_permissive	Motif		PFPECGS	195	202	1	7					
sequence	hmm	20261001_8fb675cb	XP_067041654.1	_		traf2_binding_permissive	Motif		PCNLT	244	249	1	5					
sequence	hmm	20261001_8fb675cb	XP_067041654.1	_		traf2_binding_permissive	Motif		PGRNPSE	740	747	1	7					
sequence	hmm	20261001_8fb675cb	XP_067041655.1	_		traf6_binding_permissive	Motif		PSEQLL	744	750	1	6					
sequence	hmm	20261001_8fb675cb	XP_067041655.1	_		traf2_binding_variant	Motif		PCNLT	244	249	1	5					
sequence	hmm	20261001_8fb675cb	XP_067041655.1	_		traf2_binding_permissive	Motif		PKCQSD	165	171	1	6					
sequence	hmm	20261001_8fb675cb	XP_067041655.1	_		traf2_binding_permissive	Motif		PFPECGS	195	202	1	7					
sequence	hmm	20261001_8fb675cb	XP_067041655.1	_		traf2_binding_permissive	Motif		PCNLT	244	249	1	5					
sequence	hmm	20261001_8fb675cb	XP_067041655.1	_		traf2_binding_permissive	Motif		PGRNPSE	740	747	1	7					
sequence	hmm	20261001_8fb675cb	XP_067041657.1	_		traf6_binding_permissive	Motif		PSEQLL	744	750	1	6					
sequence	hmm	20261001_8fb675cb	XP_067041657.1	_		traf2_binding_variant	Motif		PCNLT	244	249	1	5					
sequence	hmm	20261001_8fb675cb	XP_067041657.1	_		traf2_binding_permissive	Motif		PKCQSD	165	171	1	6					
sequence	hmm	20261001_8fb675cb	XP_067041657.1	_		traf2_binding_permissive	Motif		PFPECGS	195	202	1	7					
sequence	hmm	20261001_8fb675cb	XP_067041657.1	_		traf2_binding_permissive	Motif		PCNLT	244	249	1	5					
sequence	hmm	20261001_8fb675cb	XP_067041657.1	_		traf2_binding_permissive	Motif		PGRNPSE	740	747	1	7					
sequence	hmm	20261001_8fb675cb	XP_067041658.1	_		traf6_binding_permissive	Motif		PEQKVE	368	374	1	6					
sequence	hmm	20261001_8fb675cb	XP_067041658.1	_		traf2_binding_permissive	Motif		PKCQND	165	171	1	6					
sequence	hmm	20261001_8fb675cb	XP_067041658.1	_		traf2_binding_permissive	Motif		PEQKVE	368	374	1	6					
sequence	hmm	20261001_8fb675cb	XP_067041658.1	_		traf2_binding_permissive	Motif		PAGNSD	501	507	1	6					
sequence	hmm	20261001_8fb675cb	XP_067041658.1	_		traf2_binding_permissive	Motif		PFGNYKE	647	654	1	7					
sequence	hmm	20261001_8fb675cb	XP_067041658.1	_		traf2_binding_permissive	Motif		PHQMVT	659	665	1	6					
sequence	hmm	20261001_8fb675cb	XP_067041678.1	_		traf6_binding_permissive	Motif		PTQTTY	421	427	1	6					
sequence	hmm	20261001_8fb675cb	XP_067041678.1	_		traf6_binding_permissive	Motif		PLEYLV	441	447	1	6					
sequence	hmm	20261001_8fb675cb	XP_067041678.1	_		traf2_binding_strict	Motif		PTQTT	421	426	1	5					
sequence	hmm	20261001_8fb675cb	XP_067041678.1	_		traf2_binding_variant	Motif		PTQTT	421	426	1	5					
sequence	hmm	20261001_8fb675cb	XP_067041678.1	_		traf2_binding_permissive	Motif		PPGQQHS	65	72	1	7					
sequence	hmm	20261001_8fb675cb	XP_067041678.1	_		traf2_binding_permissive	Motif		PENTFS	90	96	1	6					
sequence	hmm	20261001_8fb675cb	XP_067041678.1	_		traf2_binding_permissive	Motif		PEERLS	354	360	1	6					
sequence	hmm	20261001_8fb675cb	XP_067041678.1	_		traf2_binding_permissive	Motif		PTQTT	421	426	1	5					
sequence	hmm	20261001_8fb675cb	XP_067041678.1	_		traf2_binding_permissive	Motif		PSNFLD	449	455	1	6					
sequence	hmm	20261001_8fb675cb	XP_067041680.1	_		traf6_binding_strict	Motif		PDETVE	483	489	1	6					
sequence	hmm	20261001_8fb675cb	XP_067041680.1	_		traf6_binding_permissive	Motif		PDETVE	483	489	1	6					
sequence	hmm	20261001_8fb675cb	XP_067041680.1	_		traf2_binding_variant	Motif		PVQRA	324	329	1	5					
sequence	hmm	20261001_8fb675cb	XP_067041680.1	_		traf2_binding_permissive	Motif		PAGQQHS	65	72	1	7					
sequence	hmm	20261001_8fb675cb	XP_067041680.1	_		traf2_binding_permissive	Motif		PENTFS	90	96	1	6					
sequence	hmm	20261001_8fb675cb	XP_067041680.1	_		traf2_binding_permissive	Motif		PKTETIA	281	288	1	7					
sequence	hmm	20261001_8fb675cb	XP_067041680.1	_		traf2_binding_permissive	Motif		PVQRA	324	329	1	5					
sequence	hmm	20261001_8fb675cb	XP_067041680.1	_		traf2_binding_permissive	Motif		PDETVE	483	489	1	6					
sequence	hmm	20261001_8fb675cb	XP_067041690.1	_		traf6_binding_strict	Motif		PAEAGE	282	288	1	6					
sequence	hmm	20261001_8fb675cb	XP_067041690.1	_		traf6_binding_permissive	Motif		PAEAGE	282	288	1	6					
sequence	hmm	20261001_8fb675cb	XP_067041690.1	_		traf2_binding_strict	Motif		PTQTS	213	218	1	5					
sequence	hmm	20261001_8fb675cb	XP_067041690.1	_		traf2_binding_strict	Motif		PMQST	342	347	1	5					
sequence	hmm	20261001_8fb675cb	XP_067041690.1	_		traf2_binding_variant	Motif		PTQTS	213	218	1	5					
sequence	hmm	20261001_8fb675cb	XP_067041690.1	_		traf2_binding_variant	Motif		PAEAG	282	287	1	5					
sequence	hmm	20261001_8fb675cb	XP_067041690.1	_		traf2_binding_variant	Motif		PMQST	342	347	1	5					
sequence	hmm	20261001_8fb675cb	XP_067041690.1	_		traf2_binding_permissive	Motif		PKGQGLS	65	72	1	7					
sequence	hmm	20261001_8fb675cb	XP_067041690.1	_		traf2_binding_permissive	Motif		PTQTSA	213	219	1	6					
sequence	hmm	20261001_8fb675cb	XP_067041690.1	_		traf2_binding_permissive	Motif		PAEAGE	282	288	1	6					
sequence	hmm	20261001_8fb675cb	XP_067041690.1	_		traf2_binding_permissive	Motif		PMQST	342	347	1	5					
sequence	hmm	20261001_8fb675cb	XP_067041690.1	_		traf2_binding_permissive	Motif		PSNELIS	412	419	1	7					
sequence	hmm	20261001_8fb675cb	XP_067041703.1	_		traf6_binding_permissive	Motif		PDQIVW	43	49	1	6					
sequence	hmm	20261001_8fb675cb	XP_067041703.1	_		traf2_binding_variant	Motif		PAESE	286	291	1	5					
sequence	hmm	20261001_8fb675cb	XP_067041703.1	_		traf2_binding_permissive	Motif		PIKQEST	214	221	1	7					
sequence	hmm	20261001_8fb675cb	XP_067041703.1	_		traf2_binding_permissive	Motif		PTTQEDG	225	232	1	7					
sequence	hmm	20261001_8fb675cb	XP_067041703.1	_		traf2_binding_permissive	Motif		PEAQIA	236	242	1	6					
sequence	hmm	20261001_8fb675cb	XP_067041703.1	_		traf2_binding_permissive	Motif		PAESE	286	291	1	5					
sequence	hmm	20261001_8fb675cb	XP_067041703.1	_		traf2_binding_permissive	Motif		PSRELMS	365	372	1	7					
sequence	hmm	20261001_8fb675cb	XP_067041704.1	_		traf6_binding_permissive	Motif		PDQIVW	43	49	1	6					
sequence	hmm	20261001_8fb675cb	XP_067041704.1	_		traf2_binding_variant	Motif		PAESE	286	291	1	5					
sequence	hmm	20261001_8fb675cb	XP_067041704.1	_		traf2_binding_permissive	Motif		PIKQEST	214	221	1	7					
sequence	hmm	20261001_8fb675cb	XP_067041704.1	_		traf2_binding_permissive	Motif		PTTQEDG	225	232	1	7					
sequence	hmm	20261001_8fb675cb	XP_067041704.1	_		traf2_binding_permissive	Motif		PEAQIA	236	242	1	6					
sequence	hmm	20261001_8fb675cb	XP_067041704.1	_		traf2_binding_permissive	Motif		PAESE	286	291	1	5					
sequence	hmm	20261001_8fb675cb	XP_067041704.1	_		traf2_binding_permissive	Motif		PSRELMS	365	372	1	7					
sequence	hmm	20261001_8fb675cb	XP_067041705.1	_		traf6_binding_permissive	Motif		PDQIVW	43	49	1	6					
sequence	hmm	20261001_8fb675cb	XP_067041705.1	_		traf2_binding_variant	Motif		PAESE	286	291	1	5					
sequence	hmm	20261001_8fb675cb	XP_067041705.1	_		traf2_binding_permissive	Motif		PIKQEST	214	221	1	7					
sequence	hmm	20261001_8fb675cb	XP_067041705.1	_		traf2_binding_permissive	Motif		PTTQEDG	225	232	1	7					
sequence	hmm	20261001_8fb675cb	XP_067041705.1	_		traf2_binding_permissive	Motif		PEAQIA	236	242	1	6					
sequence	hmm	20261001_8fb675cb	XP_067041705.1	_		traf2_binding_permissive	Motif		PAESE	286	291	1	5					
sequence	hmm	20261001_8fb675cb	XP_067041705.1	_		traf2_binding_permissive	Motif		PSRELMS	365	372	1	7					
sequence	hmm	20261001_8fb675cb	XP_067041945.1	_		traf6_binding_strict	Motif		PKENGD	265	271	1	6					
sequence	hmm	20261001_8fb675cb	XP_067041945.1	_		traf6_binding_permissive	Motif		PKENGD	265	271	1	6					
sequence	hmm	20261001_8fb675cb	XP_067041945.1	_		traf2_binding_variant	Motif		PKENG	265	270	1	5					
sequence	hmm	20261001_8fb675cb	XP_067041945.1	_		traf2_binding_variant	Motif		PENLT	283	288	1	5					
sequence	hmm	20261001_8fb675cb	XP_067041945.1	_		traf2_binding_permissive	Motif		PKCQDD	165	171	1	6					
sequence	hmm	20261001_8fb675cb	XP_067041945.1	_		traf2_binding_permissive	Motif		PFPECGS	195	202	1	7					
sequence	hmm	20261001_8fb675cb	XP_067041945.1	_		traf2_binding_permissive	Motif		PKENGD	265	271	1	6					
sequence	hmm	20261001_8fb675cb	XP_067041945.1	_		traf2_binding_permissive	Motif		PENLTT	283	289	1	6					
sequence	hmm	20261001_8fb675cb	XP_067041945.1	_		traf2_binding_permissive	Motif		PIPEDPS	305	312	1	7					
sequence	hmm	20261001_8fb675cb	XP_067041953.1	_		traf6_binding_permissive	Motif		PDEVFI	387	393	1	6					
sequence	hmm	20261001_8fb675cb	XP_067041953.1	_		traf2_binding_permissive	Motif		PKCQND	168	174	1	6					
sequence	hmm	20261001_8fb675cb	XP_067041953.1	_		traf2_binding_permissive	Motif		PFPECGS	198	205	1	7					
sequence	hmm	20261001_8fb675cb	XP_067041953.1	_		traf2_binding_permissive	Motif		PHSNFLG	306	313	1	7					
sequence	hmm	20261001_8fb675cb	XP_067041953.1	_		traf2_binding_permissive	Motif		PENFIS	365	371	1	6					
sequence	hmm	20261001_8fb675cb	XP_067041953.1	_		traf2_binding_permissive	Motif		PSGNYND	637	644	1	7					
sequence	hmm	20261001_8fb675cb	XP_067043623.1	_		traf6_binding_permissive	Motif		PIEIRV	188	194	1	6					
sequence	hmm	20261001_8fb675cb	XP_067043623.1	_		traf6_binding_permissive	Motif		PLQATL	790	796	1	6					
sequence	hmm	20261001_8fb675cb	XP_067043623.1	_		traf2_binding_strict	Motif		PLQAT	790	795	1	5					
sequence	hmm	20261001_8fb675cb	XP_067043623.1	_		traf2_binding_variant	Motif		PKNIS	295	300	1	5					
sequence	hmm	20261001_8fb675cb	XP_067043623.1	_		traf2_binding_variant	Motif		PLQAT	790	795	1	5					
sequence	hmm	20261001_8fb675cb	XP_067043623.1	_		traf2_binding_permissive	Motif		PTLQSST	195	202	1	7					
sequence	hmm	20261001_8fb675cb	XP_067043623.1	_		traf2_binding_permissive	Motif		PKNIS	295	300	1	5					
sequence	hmm	20261001_8fb675cb	XP_067043623.1	_		traf2_binding_permissive	Motif		PETNKRT	538	545	1	7					
sequence	hmm	20261001_8fb675cb	XP_067043623.1	_		traf2_binding_permissive	Motif		PASNLIS	655	662	1	7					
sequence	hmm	20261001_8fb675cb	XP_067043623.1	_		traf2_binding_permissive	Motif		PASQIYS	726	733	1	7					
sequence	hmm	20261001_8fb675cb	XP_067043623.1	_		traf2_binding_permissive	Motif		PLQAT	790	795	1	5					
sequence	hmm	20261001_8fb675cb	XP_067043623.1	_		traf2_binding_permissive	Motif		PVTQED	836	842	1	6					
sequence	hmm	20261001_8fb675cb	XP_067043625.1	_		traf6_binding_permissive	Motif		PIEIRV	188	194	1	6					
sequence	hmm	20261001_8fb675cb	XP_067043625.1	_		traf6_binding_permissive	Motif		PLQATL	775	781	1	6					
sequence	hmm	20261001_8fb675cb	XP_067043625.1	_		traf2_binding_strict	Motif		PLQAT	775	780	1	5					
sequence	hmm	20261001_8fb675cb	XP_067043625.1	_		traf2_binding_variant	Motif		PKNIS	295	300	1	5					
sequence	hmm	20261001_8fb675cb	XP_067043625.1	_		traf2_binding_variant	Motif		PLQAT	775	780	1	5					
sequence	hmm	20261001_8fb675cb	XP_067043625.1	_		traf2_binding_permissive	Motif		PTLQSST	195	202	1	7					
sequence	hmm	20261001_8fb675cb	XP_067043625.1	_		traf2_binding_permissive	Motif		PKNIS	295	300	1	5					
sequence	hmm	20261001_8fb675cb	XP_067043625.1	_		traf2_binding_permissive	Motif		PETNKRT	523	530	1	7					
sequence	hmm	20261001_8fb675cb	XP_067043625.1	_		traf2_binding_permissive	Motif		PASNLIS	640	647	1	7					
sequence	hmm	20261001_8fb675cb	XP_067043625.1	_		traf2_binding_permissive	Motif		PASQIYS	711	718	1	7					
sequence	hmm	20261001_8fb675cb	XP_067043625.1	_		traf2_binding_permissive	Motif		PLQAT	775	780	1	5					
sequence	hmm	20261001_8fb675cb	XP_067043625.1	_		traf2_binding_permissive	Motif		PVTQED	821	827	1	6					
sequence	hmm	20261001_8fb675cb	XP_067043939.1	_		traf6_binding_permissive	Motif		PREPSI	292	298	1	6					
sequence	hmm	20261001_8fb675cb	XP_067043939.1	_		traf2_binding_strict	Motif		PEEHS	140	145	1	5					
sequence	hmm	20261001_8fb675cb	XP_067043939.1	_		traf2_binding_strict	Motif		PREPS	292	297	1	5					
sequence	hmm	20261001_8fb675cb	XP_067043939.1	_		traf2_binding_variant	Motif		PEEHS	140	145	1	5					
sequence	hmm	20261001_8fb675cb	XP_067043939.1	_		traf2_binding_variant	Motif		PKNET	271	276	1	5					
sequence	hmm	20261001_8fb675cb	XP_067043939.1	_		traf2_binding_variant	Motif		PREPS	292	297	1	5					
sequence	hmm	20261001_8fb675cb	XP_067043939.1	_		traf2_binding_permissive	Motif		PEEHSS	140	146	1	6					
sequence	hmm	20261001_8fb675cb	XP_067043939.1	_		traf2_binding_permissive	Motif		PFSNPST	240	247	1	7					
sequence	hmm	20261001_8fb675cb	XP_067043939.1	_		traf2_binding_permissive	Motif		PKNET	271	276	1	5					
sequence	hmm	20261001_8fb675cb	XP_067043939.1	_		traf2_binding_permissive	Motif		PREPS	292	297	1	5					
sequence	hmm	20261001_8fb675cb	XP_067043939.1	_		traf2_binding_permissive	Motif		PETNERT	524	531	1	7					
sequence	hmm	20261001_8fb675cb	XP_067043939.1	_		traf2_binding_permissive	Motif		PETNLIS	641	648	1	7					
sequence	hmm	20261001_8fb675cb	XP_067043939.1	_		traf2_binding_permissive	Motif		PASQIYS	712	719	1	7					
sequence	hmm	20261001_8fb675cb	XP_067043939.1	_		traf2_binding_permissive	Motif		PVTEQD	821	827	1	6					
sequence	hmm	20261001_8fb675cb	XP_067043940.1	_		traf6_binding_permissive	Motif		PSQTKE	84	90	1	6					
sequence	hmm	20261001_8fb675cb	XP_067043940.1	_		traf2_binding_strict	Motif		PEEHS	156	161	1	5					
sequence	hmm	20261001_8fb675cb	XP_067043940.1	_		traf2_binding_strict	Motif		PWEPS	306	311	1	5					
sequence	hmm	20261001_8fb675cb	XP_067043940.1	_		traf2_binding_variant	Motif		PEEHS	156	161	1	5					
sequence	hmm	20261001_8fb675cb	XP_067043940.1	_		traf2_binding_variant	Motif		PWEPS	306	311	1	5					
sequence	hmm	20261001_8fb675cb	XP_067043940.1	_		traf2_binding_permissive	Motif		PSQTKE	84	90	1	6					
sequence	hmm	20261001_8fb675cb	XP_067043940.1	_		traf2_binding_permissive	Motif		PEEHSS	156	162	1	6					
sequence	hmm	20261001_8fb675cb	XP_067043940.1	_		traf2_binding_permissive	Motif		PWEPST	306	312	1	6					
sequence	hmm	20261001_8fb675cb	XP_067043940.1	_		traf2_binding_permissive	Motif		PETNERT	525	532	1	7					
sequence	hmm	20261001_8fb675cb	XP_067043940.1	_		traf2_binding_permissive	Motif		PETNLIS	642	649	1	7					
sequence	hmm	20261001_8fb675cb	XP_067043940.1	_		traf2_binding_permissive	Motif		PASQIYS	713	720	1	7					
sequence	hmm	20261001_8fb675cb	XP_067043940.1	_		traf2_binding_permissive	Motif		PVTEQD	822	828	1	6					
sequence	hmm	20261001_8fb675cb	XP_067043941.1	_		traf2_binding_strict	Motif		PEEHS	162	167	1	5					
sequence	hmm	20261001_8fb675cb	XP_067043941.1	_		traf2_binding_variant	Motif		PEEHS	162	167	1	5					
sequence	hmm	20261001_8fb675cb	XP_067043941.1	_		traf2_binding_permissive	Motif		PEEHSS	162	168	1	6					
sequence	hmm	20261001_8fb675cb	XP_067043941.1	_		traf2_binding_permissive	Motif		PFSNPST	228	235	1	7					
sequence	hmm	20261001_8fb675cb	XP_067043941.1	_		traf2_binding_permissive	Motif		PHFEQD	275	281	1	6					
sequence	hmm	20261001_8fb675cb	XP_067043941.1	_		traf2_binding_permissive	Motif		PYSESS	297	303	1	6					
sequence	hmm	20261001_8fb675cb	XP_067043941.1	_		traf2_binding_permissive	Motif		PDVQCMS	418	425	1	7					
sequence	hmm	20261001_8fb675cb	XP_067043941.1	_		traf2_binding_permissive	Motif		PETNERT	486	493	1	7					
sequence	hmm	20261001_8fb675cb	XP_067043941.1	_		traf2_binding_permissive	Motif		PASNLIS	603	610	1	7					
sequence	hmm	20261001_8fb675cb	XP_067043941.1	_		traf2_binding_permissive	Motif		PASQIYS	674	681	1	7					
sequence	hmm	20261001_8fb675cb	XP_067043941.1	_		traf2_binding_permissive	Motif		PIANCST	701	708	1	7					
sequence	hmm	20261001_8fb675cb	XP_067043941.1	_		traf2_binding_permissive	Motif		PVTEQD	783	789	1	6					
sequence	hmm	20261001_8fb675cb	XP_067043942.1	_		traf2_binding_strict	Motif		PEEHS	160	165	1	5					
sequence	hmm	20261001_8fb675cb	XP_067043942.1	_		traf2_binding_variant	Motif		PEEHS	160	165	1	5					
sequence	hmm	20261001_8fb675cb	XP_067043942.1	_		traf2_binding_permissive	Motif		PEEHSS	160	166	1	6					
sequence	hmm	20261001_8fb675cb	XP_067043942.1	_		traf2_binding_permissive	Motif		PFSNPST	226	233	1	7					
sequence	hmm	20261001_8fb675cb	XP_067043942.1	_		traf2_binding_permissive	Motif		PHFEQD	273	279	1	6					
sequence	hmm	20261001_8fb675cb	XP_067043942.1	_		traf2_binding_permissive	Motif		PYSESS	295	301	1	6					
sequence	hmm	20261001_8fb675cb	XP_067043942.1	_		traf2_binding_permissive	Motif		PDVQCMS	416	423	1	7					
sequence	hmm	20261001_8fb675cb	XP_067043942.1	_		traf2_binding_permissive	Motif		PETNERT	484	491	1	7					
sequence	hmm	20261001_8fb675cb	XP_067043942.1	_		traf2_binding_permissive	Motif		PASNLIS	601	608	1	7					
sequence	hmm	20261001_8fb675cb	XP_067043942.1	_		traf2_binding_permissive	Motif		PASQIYS	672	679	1	7					
sequence	hmm	20261001_8fb675cb	XP_067043942.1	_		traf2_binding_permissive	Motif		PIANCST	699	706	1	7					
sequence	hmm	20261001_8fb675cb	XP_067043942.1	_		traf2_binding_permissive	Motif		PVTEQD	781	787	1	6					
sequence	hmm	20261001_8fb675cb	XP_067043943.1	_		traf2_binding_strict	Motif		PEETS	162	167	1	5					
sequence	hmm	20261001_8fb675cb	XP_067043943.1	_		traf2_binding_variant	Motif		PEETS	162	167	1	5					
sequence	hmm	20261001_8fb675cb	XP_067043943.1	_		traf2_binding_permissive	Motif		PEETSA	162	168	1	6					
sequence	hmm	20261001_8fb675cb	XP_067043943.1	_		traf2_binding_permissive	Motif		PFSNPST	193	200	1	7					
sequence	hmm	20261001_8fb675cb	XP_067043943.1	_		traf2_binding_permissive	Motif		PHFEQD	240	246	1	6					
sequence	hmm	20261001_8fb675cb	XP_067043943.1	_		traf2_binding_permissive	Motif		PYSESS	262	268	1	6					
sequence	hmm	20261001_8fb675cb	XP_067043943.1	_		traf2_binding_permissive	Motif		PDVQCMS	383	390	1	7					
sequence	hmm	20261001_8fb675cb	XP_067043943.1	_		traf2_binding_permissive	Motif		PETNERT	451	458	1	7					
sequence	hmm	20261001_8fb675cb	XP_067043943.1	_		traf2_binding_permissive	Motif		PASNLIS	568	575	1	7					
sequence	hmm	20261001_8fb675cb	XP_067043943.1	_		traf2_binding_permissive	Motif		PASQIYS	639	646	1	7					
sequence	hmm	20261001_8fb675cb	XP_067043943.1	_		traf2_binding_permissive	Motif		PIANCST	666	673	1	7					
sequence	hmm	20261001_8fb675cb	XP_067043943.1	_		traf2_binding_permissive	Motif		PVTEQD	748	754	1	6					
sequence	hmm	20261001_8fb675cb	XP_067043944.1	_		traf2_binding_strict	Motif		PEEHS	162	167	1	5					
sequence	hmm	20261001_8fb675cb	XP_067043944.1	_		traf2_binding_variant	Motif		PEEHS	162	167	1	5					
sequence	hmm	20261001_8fb675cb	XP_067043944.1	_		traf2_binding_permissive	Motif		PEEHSS	162	168	1	6					
sequence	hmm	20261001_8fb675cb	XP_067043944.1	_		traf2_binding_permissive	Motif		PFSNPST	228	235	1	7					
sequence	hmm	20261001_8fb675cb	XP_067043944.1	_		traf2_binding_permissive	Motif		PHFEQD	275	281	1	6					
sequence	hmm	20261001_8fb675cb	XP_067043944.1	_		traf2_binding_permissive	Motif		PDVQCMS	374	381	1	7					
sequence	hmm	20261001_8fb675cb	XP_067043944.1	_		traf2_binding_permissive	Motif		PETNERT	442	449	1	7					
sequence	hmm	20261001_8fb675cb	XP_067043944.1	_		traf2_binding_permissive	Motif		PASNLIS	559	566	1	7					
sequence	hmm	20261001_8fb675cb	XP_067043944.1	_		traf2_binding_permissive	Motif		PASQIYS	630	637	1	7					
sequence	hmm	20261001_8fb675cb	XP_067043944.1	_		traf2_binding_permissive	Motif		PIANCST	657	664	1	7					
sequence	hmm	20261001_8fb675cb	XP_067043944.1	_		traf2_binding_permissive	Motif		PVTEQD	739	745	1	6					
sequence	hmm	20261001_8fb675cb	XP_067045412.1	_		traf6_binding_permissive	Motif		PMQQTL	15	21	1	6					
sequence	hmm	20261001_8fb675cb	XP_067045412.1	_		traf2_binding_strict	Motif		PMQQT	15	20	1	5					
sequence	hmm	20261001_8fb675cb	XP_067045412.1	_		traf2_binding_variant	Motif		PMQQT	15	20	1	5					
sequence	hmm	20261001_8fb675cb	XP_067045412.1	_		traf2_binding_permissive	Motif		PMQQTLD	15	22	1	7					
sequence	hmm	20261001_8fb675cb	XP_067045412.1	_		traf2_binding_permissive	Motif		PINCPS	56	62	1	6					
sequence	hmm	20261001_8fb675cb	XP_067045412.1	_		traf2_binding_permissive	Motif		PRCEQCS	78	85	1	7					
sequence	hmm	20261001_8fb675cb	XP_067045412.1	_		traf2_binding_permissive	Motif		PSANEND	261	268	1	7					
sequence	hmm	20261001_8fb675cb	XP_067045412.1	_		traf2_binding_permissive	Motif		PERNERT	464	471	1	7					
sequence	hmm	20261001_8fb675cb	XP_067045412.1	_		traf2_binding_permissive	Motif		PHNWKE	520	526	1	6					
sequence	hmm	20261001_8fb675cb	XP_067045412.1	_		traf2_binding_permissive	Motif		PASNLIS	582	589	1	7					
sequence	hmm	20261001_8fb675cb	XP_067045412.1	_		traf2_binding_permissive	Motif		PASQNYS	652	659	1	7					
sequence	hmm	20261001_8fb675cb	XP_067045412.1	_		traf2_binding_permissive	Motif		PSQTIS	716	722	1	6					
sequence	hmm	20261001_8fb675cb	XP_067045412.1	_		traf2_binding_permissive	Motif		PRANEKS	804	811	1	7					
sequence	hmm	20261001_8fb675cb	XP_067045652.1	_		traf6_binding_permissive	Motif		PTQIAL	85	91	1	6					
sequence	hmm	20261001_8fb675cb	XP_067045652.1	_		traf2_binding_strict	Motif		PDQAT	387	392	1	5					
sequence	hmm	20261001_8fb675cb	XP_067045652.1	_		traf2_binding_variant	Motif		PTQIA	85	90	1	5					
sequence	hmm	20261001_8fb675cb	XP_067045652.1	_		traf2_binding_variant	Motif		PDQAT	387	392	1	5					
sequence	hmm	20261001_8fb675cb	XP_067045652.1	_		traf2_binding_permissive	Motif		PCNNKS	49	55	1	6					
sequence	hmm	20261001_8fb675cb	XP_067045652.1	_		traf2_binding_permissive	Motif		PTQIA	85	90	1	5					
sequence	hmm	20261001_8fb675cb	XP_067045652.1	_		traf2_binding_permissive	Motif		PRGEGVE	123	130	1	7					
sequence	hmm	20261001_8fb675cb	XP_067045652.1	_		traf2_binding_permissive	Motif		PCLEGRT	142	149	1	7					
sequence	hmm	20261001_8fb675cb	XP_067045652.1	_		traf2_binding_permissive	Motif		PCKNCT	158	164	1	6					
sequence	hmm	20261001_8fb675cb	XP_067045652.1	_		traf2_binding_permissive	Motif		PDQAT	387	392	1	5					
sequence	hmm	20261001_8fb675cb	XP_067045654.1	_		traf6_binding_permissive	Motif		PTQIAL	85	91	1	6					
sequence	hmm	20261001_8fb675cb	XP_067045654.1	_		traf2_binding_strict	Motif		PDQAT	375	380	1	5					
sequence	hmm	20261001_8fb675cb	XP_067045654.1	_		traf2_binding_variant	Motif		PTQIA	85	90	1	5					
sequence	hmm	20261001_8fb675cb	XP_067045654.1	_		traf2_binding_variant	Motif		PDQAT	375	380	1	5					
sequence	hmm	20261001_8fb675cb	XP_067045654.1	_		traf2_binding_permissive	Motif		PCNNKS	49	55	1	6					
sequence	hmm	20261001_8fb675cb	XP_067045654.1	_		traf2_binding_permissive	Motif		PTQIA	85	90	1	5					
sequence	hmm	20261001_8fb675cb	XP_067045654.1	_		traf2_binding_permissive	Motif		PRGEGVE	123	130	1	7					
sequence	hmm	20261001_8fb675cb	XP_067045654.1	_		traf2_binding_permissive	Motif		PCLEGRT	142	149	1	7					
sequence	hmm	20261001_8fb675cb	XP_067045654.1	_		traf2_binding_permissive	Motif		PCKNCT	158	164	1	6					
sequence	hmm	20261001_8fb675cb	XP_067045654.1	_		traf2_binding_permissive	Motif		PDQAT	375	380	1	5					
sequence	hmm	20261001_8fb675cb	XP_067045655.1	_		traf6_binding_permissive	Motif		PTQIAL	85	91	1	6					
sequence	hmm	20261001_8fb675cb	XP_067045655.1	_		traf2_binding_strict	Motif		PDQAT	374	379	1	5					
sequence	hmm	20261001_8fb675cb	XP_067045655.1	_		traf2_binding_variant	Motif		PTQIA	85	90	1	5					
sequence	hmm	20261001_8fb675cb	XP_067045655.1	_		traf2_binding_variant	Motif		PDQAT	374	379	1	5					
sequence	hmm	20261001_8fb675cb	XP_067045655.1	_		traf2_binding_permissive	Motif		PCNNKS	49	55	1	6					
sequence	hmm	20261001_8fb675cb	XP_067045655.1	_		traf2_binding_permissive	Motif		PTQIA	85	90	1	5					
sequence	hmm	20261001_8fb675cb	XP_067045655.1	_		traf2_binding_permissive	Motif		PRGEGVE	123	130	1	7					
sequence	hmm	20261001_8fb675cb	XP_067045655.1	_		traf2_binding_permissive	Motif		PCLEGRT	142	149	1	7					
sequence	hmm	20261001_8fb675cb	XP_067045655.1	_		traf2_binding_permissive	Motif		PCKNCT	158	164	1	6					
sequence	hmm	20261001_8fb675cb	XP_067045655.1	_		traf2_binding_permissive	Motif		PDQAT	374	379	1	5					
sequence	hmm	20261001_8fb675cb	XP_067045656.1	_		traf6_binding_permissive	Motif		PTQIAL	107	113	1	6					
sequence	hmm	20261001_8fb675cb	XP_067045656.1	_		traf2_binding_strict	Motif		PDQAT	409	414	1	5					
sequence	hmm	20261001_8fb675cb	XP_067045656.1	_		traf2_binding_variant	Motif		PTQIA	107	112	1	5					
sequence	hmm	20261001_8fb675cb	XP_067045656.1	_		traf2_binding_variant	Motif		PDQAT	409	414	1	5					
sequence	hmm	20261001_8fb675cb	XP_067045656.1	_		traf2_binding_permissive	Motif		PCNNKS	71	77	1	6					
sequence	hmm	20261001_8fb675cb	XP_067045656.1	_		traf2_binding_permissive	Motif		PTQIA	107	112	1	5					
sequence	hmm	20261001_8fb675cb	XP_067045656.1	_		traf2_binding_permissive	Motif		PRGEGVE	145	152	1	7					
sequence	hmm	20261001_8fb675cb	XP_067045656.1	_		traf2_binding_permissive	Motif		PCLEGRT	164	171	1	7					
sequence	hmm	20261001_8fb675cb	XP_067045656.1	_		traf2_binding_permissive	Motif		PCKNCT	180	186	1	6					
sequence	hmm	20261001_8fb675cb	XP_067045656.1	_		traf2_binding_permissive	Motif		PDQAT	409	414	1	5					
sequence	hmm	20261001_8fb675cb	XP_067045665.1	_		traf6_binding_permissive	Motif		PTQIAL	107	113	1	6					
sequence	hmm	20261001_8fb675cb	XP_067045665.1	_		traf2_binding_strict	Motif		PDQAT	397	402	1	5					
sequence	hmm	20261001_8fb675cb	XP_067045665.1	_		traf2_binding_variant	Motif		PTQIA	107	112	1	5					
sequence	hmm	20261001_8fb675cb	XP_067045665.1	_		traf2_binding_variant	Motif		PDQAT	397	402	1	5					
sequence	hmm	20261001_8fb675cb	XP_067045665.1	_		traf2_binding_permissive	Motif		PCNNKS	71	77	1	6					
sequence	hmm	20261001_8fb675cb	XP_067045665.1	_		traf2_binding_permissive	Motif		PTQIA	107	112	1	5					
sequence	hmm	20261001_8fb675cb	XP_067045665.1	_		traf2_binding_permissive	Motif		PRGEGVE	145	152	1	7					
sequence	hmm	20261001_8fb675cb	XP_067045665.1	_		traf2_binding_permissive	Motif		PCLEGRT	164	171	1	7					
sequence	hmm	20261001_8fb675cb	XP_067045665.1	_		traf2_binding_permissive	Motif		PCKNCT	180	186	1	6					
sequence	hmm	20261001_8fb675cb	XP_067045665.1	_		traf2_binding_permissive	Motif		PDQAT	397	402	1	5					
sequence	hmm	20261001_8fb675cb	XP_067045673.1	_		traf6_binding_permissive	Motif		PTQIAL	107	113	1	6					
sequence	hmm	20261001_8fb675cb	XP_067045673.1	_		traf2_binding_strict	Motif		PDQAT	396	401	1	5					
sequence	hmm	20261001_8fb675cb	XP_067045673.1	_		traf2_binding_variant	Motif		PTQIA	107	112	1	5					
sequence	hmm	20261001_8fb675cb	XP_067045673.1	_		traf2_binding_variant	Motif		PDQAT	396	401	1	5					
sequence	hmm	20261001_8fb675cb	XP_067045673.1	_		traf2_binding_permissive	Motif		PCNNKS	71	77	1	6					
sequence	hmm	20261001_8fb675cb	XP_067045673.1	_		traf2_binding_permissive	Motif		PTQIA	107	112	1	5					
sequence	hmm	20261001_8fb675cb	XP_067045673.1	_		traf2_binding_permissive	Motif		PRGEGVE	145	152	1	7					
sequence	hmm	20261001_8fb675cb	XP_067045673.1	_		traf2_binding_permissive	Motif		PCLEGRT	164	171	1	7					
sequence	hmm	20261001_8fb675cb	XP_067045673.1	_		traf2_binding_permissive	Motif		PCKNCT	180	186	1	6					
sequence	hmm	20261001_8fb675cb	XP_067045673.1	_		traf2_binding_permissive	Motif		PDQAT	396	401	1	5					
sequence	hmm	20261001_8fb675cb	XP_067045680.1	_		traf6_binding_permissive	Motif		PTQIAL	89	95	1	6					
sequence	hmm	20261001_8fb675cb	XP_067045680.1	_		traf2_binding_strict	Motif		PDQAT	391	396	1	5					
sequence	hmm	20261001_8fb675cb	XP_067045680.1	_		traf2_binding_variant	Motif		PTQIA	89	94	1	5					
sequence	hmm	20261001_8fb675cb	XP_067045680.1	_		traf2_binding_variant	Motif		PDQAT	391	396	1	5					
sequence	hmm	20261001_8fb675cb	XP_067045680.1	_		traf2_binding_permissive	Motif		PCNNKS	53	59	1	6					
sequence	hmm	20261001_8fb675cb	XP_067045680.1	_		traf2_binding_permissive	Motif		PTQIA	89	94	1	5					
sequence	hmm	20261001_8fb675cb	XP_067045680.1	_		traf2_binding_permissive	Motif		PRGEGVE	127	134	1	7					
sequence	hmm	20261001_8fb675cb	XP_067045680.1	_		traf2_binding_permissive	Motif		PCLEGRT	146	153	1	7					
sequence	hmm	20261001_8fb675cb	XP_067045680.1	_		traf2_binding_permissive	Motif		PCKNCT	162	168	1	6					
sequence	hmm	20261001_8fb675cb	XP_067045680.1	_		traf2_binding_permissive	Motif		PDQAT	391	396	1	5					
sequence	hmm	20261001_8fb675cb	XP_067045689.1	_		traf6_binding_permissive	Motif		PTQIAL	89	95	1	6					
sequence	hmm	20261001_8fb675cb	XP_067045689.1	_		traf2_binding_strict	Motif		PDQAT	391	396	1	5					
sequence	hmm	20261001_8fb675cb	XP_067045689.1	_		traf2_binding_variant	Motif		PTQIA	89	94	1	5					
sequence	hmm	20261001_8fb675cb	XP_067045689.1	_		traf2_binding_variant	Motif		PDQAT	391	396	1	5					
sequence	hmm	20261001_8fb675cb	XP_067045689.1	_		traf2_binding_permissive	Motif		PCNNKS	53	59	1	6					
sequence	hmm	20261001_8fb675cb	XP_067045689.1	_		traf2_binding_permissive	Motif		PTQIA	89	94	1	5					
sequence	hmm	20261001_8fb675cb	XP_067045689.1	_		traf2_binding_permissive	Motif		PRGEGVE	127	134	1	7					
sequence	hmm	20261001_8fb675cb	XP_067045689.1	_		traf2_binding_permissive	Motif		PCLEGRT	146	153	1	7					
sequence	hmm	20261001_8fb675cb	XP_067045689.1	_		traf2_binding_permissive	Motif		PCKNCT	162	168	1	6					
sequence	hmm	20261001_8fb675cb	XP_067045689.1	_		traf2_binding_permissive	Motif		PDQAT	391	396	1	5					
sequence	hmm	20261001_8fb675cb	XP_067045697.1	_		traf6_binding_permissive	Motif		PTQIAL	89	95	1	6					
sequence	hmm	20261001_8fb675cb	XP_067045697.1	_		traf2_binding_strict	Motif		PDQAT	379	384	1	5					
sequence	hmm	20261001_8fb675cb	XP_067045697.1	_		traf2_binding_variant	Motif		PTQIA	89	94	1	5					
sequence	hmm	20261001_8fb675cb	XP_067045697.1	_		traf2_binding_variant	Motif		PDQAT	379	384	1	5					
sequence	hmm	20261001_8fb675cb	XP_067045697.1	_		traf2_binding_permissive	Motif		PCNNKS	53	59	1	6					
sequence	hmm	20261001_8fb675cb	XP_067045697.1	_		traf2_binding_permissive	Motif		PTQIA	89	94	1	5					
sequence	hmm	20261001_8fb675cb	XP_067045697.1	_		traf2_binding_permissive	Motif		PRGEGVE	127	134	1	7					
sequence	hmm	20261001_8fb675cb	XP_067045697.1	_		traf2_binding_permissive	Motif		PCLEGRT	146	153	1	7					
sequence	hmm	20261001_8fb675cb	XP_067045697.1	_		traf2_binding_permissive	Motif		PCKNCT	162	168	1	6					
sequence	hmm	20261001_8fb675cb	XP_067045697.1	_		traf2_binding_permissive	Motif		PDQAT	379	384	1	5					
sequence	hmm	20261001_8fb675cb	XP_067049263.1	_		traf6_binding_permissive	Motif		PTQCER	52	58	1	6					
sequence	hmm	20261001_8fb675cb	XP_067049263.1	_		traf6_binding_permissive	Motif		PGQQMI	121	127	1	6					
sequence	hmm	20261001_8fb675cb	XP_067049263.1	_		traf2_binding_variant	Motif		PTQCE	52	57	1	5					
sequence	hmm	20261001_8fb675cb	XP_067049263.1	_		traf2_binding_variant	Motif		PNEAA	333	338	1	5					
sequence	hmm	20261001_8fb675cb	XP_067049263.1	_		traf2_binding_permissive	Motif		PTQCE	52	57	1	5					
sequence	hmm	20261001_8fb675cb	XP_067049263.1	_		traf2_binding_permissive	Motif		PGNSFT	59	65	1	6					
sequence	hmm	20261001_8fb675cb	XP_067049263.1	_		traf2_binding_permissive	Motif		PNEAA	333	338	1	5					
sequence	hmm	20261001_8fb675cb	XP_067056588.1	_		traf6_binding_permissive	Motif		PGEGEI	33	39	1	6					
sequence	hmm	20261001_8fb675cb	XP_067056588.1	_		traf6_binding_permissive	Motif		PKEENR	297	303	1	6					
sequence	hmm	20261001_8fb675cb	XP_067056588.1	_		traf6_binding_permissive	Motif		PIQPFY	557	563	1	6					
sequence	hmm	20261001_8fb675cb	XP_067056588.1	_		traf2_binding_strict	Motif		PFQPS	510	515	1	5					
sequence	hmm	20261001_8fb675cb	XP_067056588.1	_		traf2_binding_variant	Motif		PGEGE	33	38	1	5					
sequence	hmm	20261001_8fb675cb	XP_067056588.1	_		traf2_binding_variant	Motif		PFQPS	510	515	1	5					
sequence	hmm	20261001_8fb675cb	XP_067056588.1	_		traf2_binding_permissive	Motif		PESEISS	2	9	1	7					
sequence	hmm	20261001_8fb675cb	XP_067056588.1	_		traf2_binding_permissive	Motif		PGEGE	33	38	1	5					
sequence	hmm	20261001_8fb675cb	XP_067056588.1	_		traf2_binding_permissive	Motif		PSCNPG	53	59	1	6					
sequence	hmm	20261001_8fb675cb	XP_067056588.1	_		traf2_binding_permissive	Motif		PSCEKG	202	208	1	6					
sequence	hmm	20261001_8fb675cb	XP_067056588.1	_		traf2_binding_permissive	Motif		PICQNVS	290	297	1	7					
sequence	hmm	20261001_8fb675cb	XP_067056588.1	_		traf2_binding_permissive	Motif		PKEENRD	297	304	1	7					
sequence	hmm	20261001_8fb675cb	XP_067056588.1	_		traf2_binding_permissive	Motif		PTCNRD	362	368	1	6					
sequence	hmm	20261001_8fb675cb	XP_067056588.1	_		traf2_binding_permissive	Motif		PPEIQS	422	428	1	6					
sequence	hmm	20261001_8fb675cb	XP_067056588.1	_		traf2_binding_permissive	Motif		PGCQEPT	485	492	1	7					
sequence	hmm	20261001_8fb675cb	XP_067056588.1	_		traf2_binding_permissive	Motif		PFQPS	510	515	1	5					
sequence	hmm	20261001_8fb675cb	XP_067056589.1	_		traf6_binding_permissive	Motif		PGEGEI	33	39	1	6					
sequence	hmm	20261001_8fb675cb	XP_067056589.1	_		traf6_binding_permissive	Motif		PKEENR	297	303	1	6					
sequence	hmm	20261001_8fb675cb	XP_067056589.1	_		traf6_binding_permissive	Motif		PIQPFY	557	563	1	6					
sequence	hmm	20261001_8fb675cb	XP_067056589.1	_		traf2_binding_strict	Motif		PFQPS	510	515	1	5					
sequence	hmm	20261001_8fb675cb	XP_067056589.1	_		traf2_binding_variant	Motif		PGEGE	33	38	1	5					
sequence	hmm	20261001_8fb675cb	XP_067056589.1	_		traf2_binding_variant	Motif		PFQPS	510	515	1	5					
sequence	hmm	20261001_8fb675cb	XP_067056589.1	_		traf2_binding_permissive	Motif		PESEISS	2	9	1	7					
sequence	hmm	20261001_8fb675cb	XP_067056589.1	_		traf2_binding_permissive	Motif		PGEGE	33	38	1	5					
sequence	hmm	20261001_8fb675cb	XP_067056589.1	_		traf2_binding_permissive	Motif		PSCNPG	53	59	1	6					
sequence	hmm	20261001_8fb675cb	XP_067056589.1	_		traf2_binding_permissive	Motif		PSCEKG	202	208	1	6					
sequence	hmm	20261001_8fb675cb	XP_067056589.1	_		traf2_binding_permissive	Motif		PICQNVS	290	297	1	7					
sequence	hmm	20261001_8fb675cb	XP_067056589.1	_		traf2_binding_permissive	Motif		PKEENRD	297	304	1	7					
sequence	hmm	20261001_8fb675cb	XP_067056589.1	_		traf2_binding_permissive	Motif		PTCNRD	362	368	1	6					
sequence	hmm	20261001_8fb675cb	XP_067056589.1	_		traf2_binding_permissive	Motif		PPEIQS	422	428	1	6					
sequence	hmm	20261001_8fb675cb	XP_067056589.1	_		traf2_binding_permissive	Motif		PGCQEPT	485	492	1	7					
sequence	hmm	20261001_8fb675cb	XP_067056589.1	_		traf2_binding_permissive	Motif		PFQPS	510	515	1	5					
sequence	hmm	20261001_8fb675cb	XP_067056590.1	_		traf6_binding_permissive	Motif		PGEGEI	33	39	1	6					
sequence	hmm	20261001_8fb675cb	XP_067056590.1	_		traf6_binding_permissive	Motif		PKEENR	297	303	1	6					
sequence	hmm	20261001_8fb675cb	XP_067056590.1	_		traf6_binding_permissive	Motif		PIQPFY	557	563	1	6					
sequence	hmm	20261001_8fb675cb	XP_067056590.1	_		traf2_binding_strict	Motif		PFQPS	510	515	1	5					
sequence	hmm	20261001_8fb675cb	XP_067056590.1	_		traf2_binding_variant	Motif		PGEGE	33	38	1	5					
sequence	hmm	20261001_8fb675cb	XP_067056590.1	_		traf2_binding_variant	Motif		PFQPS	510	515	1	5					
sequence	hmm	20261001_8fb675cb	XP_067056590.1	_		traf2_binding_permissive	Motif		PGEGE	33	38	1	5					
sequence	hmm	20261001_8fb675cb	XP_067056590.1	_		traf2_binding_permissive	Motif		PSCNPG	53	59	1	6					
sequence	hmm	20261001_8fb675cb	XP_067056590.1	_		traf2_binding_permissive	Motif		PSCEKG	202	208	1	6					
sequence	hmm	20261001_8fb675cb	XP_067056590.1	_		traf2_binding_permissive	Motif		PICQNVS	290	297	1	7					
sequence	hmm	20261001_8fb675cb	XP_067056590.1	_		traf2_binding_permissive	Motif		PKEENRD	297	304	1	7					
sequence	hmm	20261001_8fb675cb	XP_067056590.1	_		traf2_binding_permissive	Motif		PTCNRD	362	368	1	6					
sequence	hmm	20261001_8fb675cb	XP_067056590.1	_		traf2_binding_permissive	Motif		PPEIQS	422	428	1	6					
sequence	hmm	20261001_8fb675cb	XP_067056590.1	_		traf2_binding_permissive	Motif		PGCQEPT	485	492	1	7					
sequence	hmm	20261001_8fb675cb	XP_067056590.1	_		traf2_binding_permissive	Motif		PFQPS	510	515	1	5					
sequence	hmm	20261001_8fb675cb	XP_067056591.1	_		traf6_binding_permissive	Motif		PGEGEI	33	39	1	6					
sequence	hmm	20261001_8fb675cb	XP_067056591.1	_		traf6_binding_permissive	Motif		PKEENR	297	303	1	6					
sequence	hmm	20261001_8fb675cb	XP_067056591.1	_		traf6_binding_permissive	Motif		PIQPFY	557	563	1	6					
sequence	hmm	20261001_8fb675cb	XP_067056591.1	_		traf2_binding_strict	Motif		PFQPS	510	515	1	5					
sequence	hmm	20261001_8fb675cb	XP_067056591.1	_		traf2_binding_variant	Motif		PGEGE	33	38	1	5					
sequence	hmm	20261001_8fb675cb	XP_067056591.1	_		traf2_binding_variant	Motif		PFQPS	510	515	1	5					
sequence	hmm	20261001_8fb675cb	XP_067056591.1	_		traf2_binding_permissive	Motif		PGEGE	33	38	1	5					
sequence	hmm	20261001_8fb675cb	XP_067056591.1	_		traf2_binding_permissive	Motif		PSCNPG	53	59	1	6					
sequence	hmm	20261001_8fb675cb	XP_067056591.1	_		traf2_binding_permissive	Motif		PSCEKG	202	208	1	6					
sequence	hmm	20261001_8fb675cb	XP_067056591.1	_		traf2_binding_permissive	Motif		PICQNVS	290	297	1	7					
sequence	hmm	20261001_8fb675cb	XP_067056591.1	_		traf2_binding_permissive	Motif		PKEENRD	297	304	1	7					
sequence	hmm	20261001_8fb675cb	XP_067056591.1	_		traf2_binding_permissive	Motif		PTCNRD	362	368	1	6					
sequence	hmm	20261001_8fb675cb	XP_067056591.1	_		traf2_binding_permissive	Motif		PPEIQS	422	428	1	6					
sequence	hmm	20261001_8fb675cb	XP_067056591.1	_		traf2_binding_permissive	Motif		PGCQEPT	485	492	1	7					
sequence	hmm	20261001_8fb675cb	XP_067056591.1	_		traf2_binding_permissive	Motif		PFQPS	510	515	1	5					
sequence	hmm	20261001_8fb675cb	NC_089317.1_K02583_d0de60da	_		traf6_binding_permissive	Motif		PSQTAI	64	70	1	6					
sequence	hmm	20261001_8fb675cb	NC_089317.1_K02583_d0de60da	_		traf2_binding_variant	Motif		PSQTA	64	69	1	5					
sequence	hmm	20261001_8fb675cb	NC_089317.1_K02583_d0de60da	_		traf2_binding_permissive	Motif		PPSQTA	63	69	1	6					
sequence	hmm	20261001_8fb675cb	NC_089317.1_K02583_d0de60da	_		traf2_binding_permissive	Motif		PCTNIS	110	116	1	6					
sequence	hmm	20261001_8fb675cb	NC_089317.1_K02583_d0de60da	_		traf2_binding_permissive	Motif		PCREGT	121	127	1	6					
sequence	hmm	20261001_8fb675cb	NC_089317.1_K02583_d0de60da	_		traf2_binding_permissive	Motif		PVEKVT	183	189	1	6					
sequence	hmm	20261001_8fb675cb	NC_089325.1_K02583_b0a7abe2	_		traf2_binding_variant	Motif		PTNST	297	302	1	5					
sequence	hmm	20261001_8fb675cb	NC_089325.1_K02583_b0a7abe2	_		traf2_binding_permissive	Motif		PCSECCG	92	99	1	7					
sequence	hmm	20261001_8fb675cb	NC_089325.1_K02583_b0a7abe2	_		traf2_binding_permissive	Motif		PSGEQES	213	220	1	7					
sequence	hmm	20261001_8fb675cb	NC_089325.1_K02583_b0a7abe2	_		traf2_binding_permissive	Motif		PTNST	297	302	1	5					
sequence	hmm	20261001_8fb675cb	XP_058940027.2	_		traf2_binding_permissive	Motif		PRTNGDT	191	198	1	7					
sequence	hmm	20261001_8fb675cb	XP_058940028.2	_		traf2_binding_permissive	Motif		PRTNGDT	191	198	1	7					
sequence	hmm	20261001_8fb675cb	XP_058940030.2	_		traf2_binding_permissive	Motif		PRTNGDT	183	190	1	7					
sequence	hmm	20261001_8fb675cb	XP_058941069.2	_		traf2_binding_permissive	Motif		PTSQHGT	236	243	1	7					
sequence	hmm	20261001_8fb675cb	XP_058941071.2	_		traf6_binding_permissive	Motif		PSQYKK	26	32	1	6					
sequence	hmm	20261001_8fb675cb	XP_058941071.2	_		traf6_binding_permissive	Motif		PTQHWV	60	66	1	6					
sequence	hmm	20261001_8fb675cb	XP_058941071.2	_		traf2_binding_strict	Motif		PGQQS	52	57	1	5					
sequence	hmm	20261001_8fb675cb	XP_058941071.2	_		traf2_binding_strict	Motif		PCEPT	57	62	1	5					
sequence	hmm	20261001_8fb675cb	XP_058941071.2	_		traf2_binding_variant	Motif		PGQQS	52	57	1	5					
sequence	hmm	20261001_8fb675cb	XP_058941071.2	_		traf2_binding_variant	Motif		PCEPT	57	62	1	5					
sequence	hmm	20261001_8fb675cb	XP_058941071.2	_		traf2_binding_permissive	Motif		PGQQS	52	57	1	5					
sequence	hmm	20261001_8fb675cb	XP_058941071.2	_		traf2_binding_permissive	Motif		PCEPT	57	62	1	5					
sequence	hmm	20261001_8fb675cb	XP_058941071.2	_		traf2_binding_permissive	Motif		PPGQGLS	81	88	1	7					
sequence	hmm	20261001_8fb675cb	XP_058941078.2	_		traf6_binding_permissive	Motif		PEQIIW	54	60	1	6					
sequence	hmm	20261001_8fb675cb	XP_058941078.2	_		traf2_binding_permissive	Motif		PCSECCG	158	165	1	7					
sequence	hmm	20261001_8fb675cb	XP_058941078.2	_		traf2_binding_permissive	Motif		PSGEQES	279	286	1	7					
sequence	hmm	20261001_8fb675cb	XP_058941078.2	_		traf2_binding_permissive	Motif		PIPQSQD	336	343	1	7					
sequence	hmm	20261001_8fb675cb	XP_058941078.2	_		traf2_binding_permissive	Motif		PSHELMD	423	430	1	7					
sequence	hmm	20261001_8fb675cb	XP_058941097.2	_		traf6_binding_permissive	Motif		PSEKLL	453	459	1	6					
sequence	hmm	20261001_8fb675cb	XP_058947656.2	_		traf6_binding_strict	Motif		PTEFKY	494	500	1	6					
sequence	hmm	20261001_8fb675cb	XP_058947656.2	_		traf6_binding_permissive	Motif		PKELKR	404	410	1	6					
sequence	hmm	20261001_8fb675cb	XP_058947656.2	_		traf6_binding_permissive	Motif		PTEFKY	494	500	1	6					
sequence	hmm	20261001_8fb675cb	XP_058947656.2	_		traf2_binding_permissive	Motif		PSWQNMA	2	9	1	7					
sequence	hmm	20261001_8fb675cb	XP_058947656.2	_		traf2_binding_permissive	Motif		PPETYT	50	56	1	6					
sequence	hmm	20261001_8fb675cb	XP_058947656.2	_		traf2_binding_permissive	Motif		PGKEPSA	74	81	1	7					
sequence	hmm	20261001_8fb675cb	XP_058947656.2	_		traf2_binding_permissive	Motif		PIKNIKE	280	287	1	7					
sequence	hmm	20261001_8fb675cb	XP_058947658.2	_		traf6_binding_strict	Motif		PTEFKY	493	499	1	6					
sequence	hmm	20261001_8fb675cb	XP_058947658.2	_		traf6_binding_permissive	Motif		PKELKR	403	409	1	6					
sequence	hmm	20261001_8fb675cb	XP_058947658.2	_		traf6_binding_permissive	Motif		PTEFKY	493	499	1	6					
sequence	hmm	20261001_8fb675cb	XP_058947658.2	_		traf2_binding_permissive	Motif		PSWQNMA	2	9	1	7					
sequence	hmm	20261001_8fb675cb	XP_058947658.2	_		traf2_binding_permissive	Motif		PPETYT	49	55	1	6					
sequence	hmm	20261001_8fb675cb	XP_058947658.2	_		traf2_binding_permissive	Motif		PGKEPSA	73	80	1	7					
sequence	hmm	20261001_8fb675cb	XP_058947658.2	_		traf2_binding_permissive	Motif		PIKNIKE	279	286	1	7					
sequence	hmm	20261001_8fb675cb	XP_058949501.2	_		traf6_binding_permissive	Motif		PIENLL	366	372	1	6					
sequence	hmm	20261001_8fb675cb	XP_058949501.2	_		traf2_binding_variant	Motif		PNNTT	173	178	1	5					
sequence	hmm	20261001_8fb675cb	XP_058949501.2	_		traf2_binding_variant	Motif		PAQPE	240	245	1	5					
sequence	hmm	20261001_8fb675cb	XP_058949501.2	_		traf2_binding_variant	Motif		PRNEA	409	414	1	5					
sequence	hmm	20261001_8fb675cb	XP_058949501.2	_		traf2_binding_permissive	Motif		PNNTT	173	178	1	5					
sequence	hmm	20261001_8fb675cb	XP_058949501.2	_		traf2_binding_permissive	Motif		PKLEES	189	195	1	6					
sequence	hmm	20261001_8fb675cb	XP_058949501.2	_		traf2_binding_permissive	Motif		PREENS	199	205	1	6					
sequence	hmm	20261001_8fb675cb	XP_058949501.2	_		traf2_binding_permissive	Motif		PAQPEG	240	246	1	6					
sequence	hmm	20261001_8fb675cb	XP_058949501.2	_		traf2_binding_permissive	Motif		PRHELE	284	290	1	6					
sequence	hmm	20261001_8fb675cb	XP_058949501.2	_		traf2_binding_permissive	Motif		PRNEADS	409	416	1	7					
sequence	hmm	20261001_8fb675cb	XP_058949502.2	_		traf6_binding_permissive	Motif		PIENLL	356	362	1	6					
sequence	hmm	20261001_8fb675cb	XP_058949502.2	_		traf2_binding_variant	Motif		PNNTT	163	168	1	5					
sequence	hmm	20261001_8fb675cb	XP_058949502.2	_		traf2_binding_variant	Motif		PAQPE	230	235	1	5					
sequence	hmm	20261001_8fb675cb	XP_058949502.2	_		traf2_binding_variant	Motif		PRNEA	399	404	1	5					
sequence	hmm	20261001_8fb675cb	XP_058949502.2	_		traf2_binding_permissive	Motif		PNNTT	163	168	1	5					
sequence	hmm	20261001_8fb675cb	XP_058949502.2	_		traf2_binding_permissive	Motif		PKLEES	179	185	1	6					
sequence	hmm	20261001_8fb675cb	XP_058949502.2	_		traf2_binding_permissive	Motif		PREENS	189	195	1	6					
sequence	hmm	20261001_8fb675cb	XP_058949502.2	_		traf2_binding_permissive	Motif		PAQPEG	230	236	1	6					
sequence	hmm	20261001_8fb675cb	XP_058949502.2	_		traf2_binding_permissive	Motif		PRHELE	274	280	1	6					
sequence	hmm	20261001_8fb675cb	XP_058949502.2	_		traf2_binding_permissive	Motif		PRNEADS	399	406	1	7					
sequence	hmm	20261001_8fb675cb	XP_058949882.2	_		traf6_binding_strict	Motif		PFEIAY	719	725	1	6					
sequence	hmm	20261001_8fb675cb	XP_058949882.2	_		traf6_binding_permissive	Motif		PCEKTK	115	121	1	6					
sequence	hmm	20261001_8fb675cb	XP_058949882.2	_		traf6_binding_permissive	Motif		PSENTI	449	455	1	6					
sequence	hmm	20261001_8fb675cb	XP_058949882.2	_		traf6_binding_permissive	Motif		PVEITV	554	560	1	6					
sequence	hmm	20261001_8fb675cb	XP_058949882.2	_		traf6_binding_permissive	Motif		PFEIAY	719	725	1	6					
sequence	hmm	20261001_8fb675cb	XP_058949882.2	_		traf6_binding_permissive	Motif		PTEKNV	740	746	1	6					
sequence	hmm	20261001_8fb675cb	XP_058949882.2	_		traf2_binding_strict	Motif		PCEKT	115	120	1	5					
sequence	hmm	20261001_8fb675cb	XP_058949882.2	_		traf2_binding_strict	Motif		PSENT	449	454	1	5					
sequence	hmm	20261001_8fb675cb	XP_058949882.2	_		traf2_binding_strict	Motif		PVEIT	554	559	1	5					
sequence	hmm	20261001_8fb675cb	XP_058949882.2	_		traf2_binding_variant	Motif		PCEKT	115	120	1	5					
sequence	hmm	20261001_8fb675cb	XP_058949882.2	_		traf2_binding_variant	Motif		PQEKG	313	318	1	5					
sequence	hmm	20261001_8fb675cb	XP_058949882.2	_		traf2_binding_variant	Motif		PSENT	449	454	1	5					
sequence	hmm	20261001_8fb675cb	XP_058949882.2	_		traf2_binding_variant	Motif		PVEIT	554	559	1	5					
sequence	hmm	20261001_8fb675cb	XP_058949882.2	_		traf2_binding_variant	Motif		PFEIA	719	724	1	5					
sequence	hmm	20261001_8fb675cb	XP_058949882.2	_		traf2_binding_variant	Motif		PSNDA	786	791	1	5					
sequence	hmm	20261001_8fb675cb	XP_058949882.2	_		traf2_binding_permissive	Motif		PCEKT	115	120	1	5					
sequence	hmm	20261001_8fb675cb	XP_058949882.2	_		traf2_binding_permissive	Motif		PQTEKT	241	247	1	6					
sequence	hmm	20261001_8fb675cb	XP_058949882.2	_		traf2_binding_permissive	Motif		PQEKGG	313	319	1	6					
sequence	hmm	20261001_8fb675cb	XP_058949882.2	_		traf2_binding_permissive	Motif		PEPNSA	339	345	1	6					
sequence	hmm	20261001_8fb675cb	XP_058949882.2	_		traf2_binding_permissive	Motif		PSENT	449	454	1	5					
sequence	hmm	20261001_8fb675cb	XP_058949882.2	_		traf2_binding_permissive	Motif		PVIECG	540	546	1	6					
sequence	hmm	20261001_8fb675cb	XP_058949882.2	_		traf2_binding_permissive	Motif		PVEIT	554	559	1	5					
sequence	hmm	20261001_8fb675cb	XP_058949882.2	_		traf2_binding_permissive	Motif		PFEIA	719	724	1	5					
sequence	hmm	20261001_8fb675cb	XP_058949882.2	_		traf2_binding_permissive	Motif		PSNDAS	786	792	1	6					
sequence	hmm	20261001_8fb675cb	XP_058957092.2	_		traf6_binding_permissive	Motif		PDEVTI	93	99	1	6					
sequence	hmm	20261001_8fb675cb	XP_058957092.2	_		traf6_binding_permissive	Motif		PLELQI	468	474	1	6					
sequence	hmm	20261001_8fb675cb	XP_058957092.2	_		traf2_binding_strict	Motif		PDEVT	93	98	1	5					
sequence	hmm	20261001_8fb675cb	XP_058957092.2	_		traf2_binding_strict	Motif		PKQHS	401	406	1	5					
sequence	hmm	20261001_8fb675cb	XP_058957092.2	_		traf2_binding_variant	Motif		PDEVT	93	98	1	5					
sequence	hmm	20261001_8fb675cb	XP_058957092.2	_		traf2_binding_variant	Motif		PKQHS	401	406	1	5					
sequence	hmm	20261001_8fb675cb	XP_058957092.2	_		traf2_binding_permissive	Motif		PDGNIA	34	40	1	6					
sequence	hmm	20261001_8fb675cb	XP_058957092.2	_		traf2_binding_permissive	Motif		PGSEVT	48	54	1	6					
sequence	hmm	20261001_8fb675cb	XP_058957092.2	_		traf2_binding_permissive	Motif		PDEVT	93	98	1	5					
sequence	hmm	20261001_8fb675cb	XP_058957092.2	_		traf2_binding_permissive	Motif		PRTQSCS	151	158	1	7					
sequence	hmm	20261001_8fb675cb	XP_058957092.2	_		traf2_binding_permissive	Motif		PKQHS	401	406	1	5					
sequence	hmm	20261001_8fb675cb	XP_058957092.2	_		traf2_binding_permissive	Motif		PKSNHVS	516	523	1	7					
sequence	hmm	20261001_8fb675cb	XP_058957137.2	_		traf2_binding_permissive	Motif		PKGQSEE	198	205	1	7					
sequence	hmm	20261001_8fb675cb	XP_058957137.2	_		traf2_binding_permissive	Motif		PSRQLLE	391	398	1	7					
sequence	hmm	20261001_8fb675cb	XP_058957183.2	_		traf6_binding_strict	Motif		PKEVLE	707	713	1	6					
sequence	hmm	20261001_8fb675cb	XP_058957183.2	_		traf6_binding_permissive	Motif		PCEPGK	69	75	1	6					
sequence	hmm	20261001_8fb675cb	XP_058957183.2	_		traf6_binding_permissive	Motif		PLQPGE	432	438	1	6					
sequence	hmm	20261001_8fb675cb	XP_058957183.2	_		traf6_binding_permissive	Motif		PVQVRI	456	462	1	6					
sequence	hmm	20261001_8fb675cb	XP_058957183.2	_		traf6_binding_permissive	Motif		PMEGWI	596	602	1	6					
sequence	hmm	20261001_8fb675cb	XP_058957183.2	_		traf6_binding_permissive	Motif		PKEVLE	707	713	1	6					
sequence	hmm	20261001_8fb675cb	XP_058957183.2	_		traf2_binding_variant	Motif		PCEPG	69	74	1	5					
sequence	hmm	20261001_8fb675cb	XP_058957183.2	_		traf2_binding_variant	Motif		PNNDS	78	83	1	5					
sequence	hmm	20261001_8fb675cb	XP_058957183.2	_		traf2_binding_variant	Motif		PCNLT	250	255	1	5					
sequence	hmm	20261001_8fb675cb	XP_058957183.2	_		traf2_binding_variant	Motif		PLQPG	432	437	1	5					
sequence	hmm	20261001_8fb675cb	XP_058957183.2	_		traf2_binding_permissive	Motif		PCEPG	69	74	1	5					
sequence	hmm	20261001_8fb675cb	XP_058957183.2	_		traf2_binding_permissive	Motif		PNNDSS	78	84	1	6					
sequence	hmm	20261001_8fb675cb	XP_058957183.2	_		traf2_binding_permissive	Motif		PCNLT	250	255	1	5					
sequence	hmm	20261001_8fb675cb	XP_058957183.2	_		traf2_binding_permissive	Motif		PRSELIT	377	384	1	7					
sequence	hmm	20261001_8fb675cb	XP_058957183.2	_		traf2_binding_permissive	Motif		PLQPGE	432	438	1	6					
sequence	hmm	20261001_8fb675cb	XP_058957183.2	_		traf2_binding_permissive	Motif		PKEVLE	707	713	1	6					
sequence	hmm	20261001_8fb675cb	XP_058957843.2	_		traf6_binding_permissive	Motif		PGQDHK	207	213	1	6					
sequence	hmm	20261001_8fb675cb	XP_058957843.2	_		traf6_binding_permissive	Motif		PTECLL	401	407	1	6					
sequence	hmm	20261001_8fb675cb	XP_058957843.2	_		traf2_binding_permissive	Motif		PNGEIVD	38	45	1	7					
sequence	hmm	20261001_8fb675cb	XP_058957843.2	_		traf2_binding_permissive	Motif		PIGQGLS	52	59	1	7					
sequence	hmm	20261001_8fb675cb	XP_058957843.2	_		traf2_binding_permissive	Motif		PRDEEST	250	257	1	7					
sequence	hmm	20261001_8fb675cb	XP_058957843.2	_		traf2_binding_permissive	Motif		PTDNNIS	310	317	1	7					
sequence	hmm	20261001_8fb675cb	XP_058957844.2	_		traf6_binding_permissive	Motif		PGQDHK	207	213	1	6					
sequence	hmm	20261001_8fb675cb	XP_058957844.2	_		traf6_binding_permissive	Motif		PTECLL	401	407	1	6					
sequence	hmm	20261001_8fb675cb	XP_058957844.2	_		traf2_binding_permissive	Motif		PNGEIVD	38	45	1	7					
sequence	hmm	20261001_8fb675cb	XP_058957844.2	_		traf2_binding_permissive	Motif		PIGQGLS	52	59	1	7					
sequence	hmm	20261001_8fb675cb	XP_058957844.2	_		traf2_binding_permissive	Motif		PRDEEST	250	257	1	7					
sequence	hmm	20261001_8fb675cb	XP_058957844.2	_		traf2_binding_permissive	Motif		PTDNNIS	310	317	1	7					
sequence	hmm	20261001_8fb675cb	XP_058957845.2	_		traf6_binding_permissive	Motif		PGQDHK	207	213	1	6					
sequence	hmm	20261001_8fb675cb	XP_058957845.2	_		traf6_binding_permissive	Motif		PTECLL	401	407	1	6					
sequence	hmm	20261001_8fb675cb	XP_058957845.2	_		traf2_binding_permissive	Motif		PNGEIVD	38	45	1	7					
sequence	hmm	20261001_8fb675cb	XP_058957845.2	_		traf2_binding_permissive	Motif		PIGQGLS	52	59	1	7					
sequence	hmm	20261001_8fb675cb	XP_058957845.2	_		traf2_binding_permissive	Motif		PRDEEST	250	257	1	7					
sequence	hmm	20261001_8fb675cb	XP_058957845.2	_		traf2_binding_permissive	Motif		PTDNNIS	310	317	1	7					
sequence	hmm	20261001_8fb675cb	XP_058957850.2	_		traf6_binding_permissive	Motif		PNEETI	104	110	1	6					
sequence	hmm	20261001_8fb675cb	XP_058957850.2	_		traf2_binding_strict	Motif		PNEET	104	109	1	5					
sequence	hmm	20261001_8fb675cb	XP_058957850.2	_		traf2_binding_variant	Motif		PVQVA	26	31	1	5					
sequence	hmm	20261001_8fb675cb	XP_058957850.2	_		traf2_binding_variant	Motif		PNEET	104	109	1	5					
sequence	hmm	20261001_8fb675cb	XP_058957850.2	_		traf2_binding_variant	Motif		PTQAD	259	264	1	5					
sequence	hmm	20261001_8fb675cb	XP_058957850.2	_		traf2_binding_permissive	Motif		PVQVA	26	31	1	5					
sequence	hmm	20261001_8fb675cb	XP_058957850.2	_		traf2_binding_permissive	Motif		PCPECPE	52	59	1	7					
sequence	hmm	20261001_8fb675cb	XP_058957850.2	_		traf2_binding_permissive	Motif		PNEETIS	104	111	1	7					
sequence	hmm	20261001_8fb675cb	XP_058957850.2	_		traf2_binding_permissive	Motif		PTQAD	259	264	1	5					
sequence	hmm	20261001_8fb675cb	XP_058957851.2	_		traf6_binding_permissive	Motif		PNEETI	104	110	1	6					
sequence	hmm	20261001_8fb675cb	XP_058957851.2	_		traf2_binding_strict	Motif		PNEET	104	109	1	5					
sequence	hmm	20261001_8fb675cb	XP_058957851.2	_		traf2_binding_variant	Motif		PVQVA	26	31	1	5					
sequence	hmm	20261001_8fb675cb	XP_058957851.2	_		traf2_binding_variant	Motif		PNEET	104	109	1	5					
sequence	hmm	20261001_8fb675cb	XP_058957851.2	_		traf2_binding_variant	Motif		PTQAD	259	264	1	5					
sequence	hmm	20261001_8fb675cb	XP_058957851.2	_		traf2_binding_permissive	Motif		PVQVA	26	31	1	5					
sequence	hmm	20261001_8fb675cb	XP_058957851.2	_		traf2_binding_permissive	Motif		PCPECPE	52	59	1	7					
sequence	hmm	20261001_8fb675cb	XP_058957851.2	_		traf2_binding_permissive	Motif		PNEETIS	104	111	1	7					
sequence	hmm	20261001_8fb675cb	XP_058957851.2	_		traf2_binding_permissive	Motif		PTQAD	259	264	1	5					
sequence	hmm	20261001_8fb675cb	XP_058968047.2	_		traf6_binding_permissive	Motif		PIENLL	428	434	1	6					
sequence	hmm	20261001_8fb675cb	XP_058968047.2	_		traf2_binding_variant	Motif		PPQPE	297	302	1	5					
sequence	hmm	20261001_8fb675cb	XP_058968047.2	_		traf2_binding_permissive	Motif		PKCNATT	187	194	1	7					
sequence	hmm	20261001_8fb675cb	XP_058968047.2	_		traf2_binding_permissive	Motif		PKRELS	210	216	1	6					
sequence	hmm	20261001_8fb675cb	XP_058968047.2	_		traf2_binding_permissive	Motif		PREENS	257	263	1	6					
sequence	hmm	20261001_8fb675cb	XP_058968047.2	_		traf2_binding_permissive	Motif		PPQPEG	297	303	1	6					
sequence	hmm	20261001_8fb675cb	XP_058968047.2	_		traf2_binding_permissive	Motif		PRHELE	348	354	1	6					
sequence	hmm	20261001_8fb675cb	XP_058968047.2	_		traf2_binding_permissive	Motif		PSSEEVS	366	373	1	7					
sequence	hmm	20261001_8fb675cb	XP_058968047.2	_		traf2_binding_permissive	Motif		PENTVE	531	537	1	6					
sequence	hmm	20261001_8fb675cb	XP_058968048.2	_		traf6_binding_permissive	Motif		PIENLL	419	425	1	6					
sequence	hmm	20261001_8fb675cb	XP_058968048.2	_		traf2_binding_variant	Motif		PPQPE	288	293	1	5					
sequence	hmm	20261001_8fb675cb	XP_058968048.2	_		traf2_binding_permissive	Motif		PKCNATT	178	185	1	7					
sequence	hmm	20261001_8fb675cb	XP_058968048.2	_		traf2_binding_permissive	Motif		PKRELS	201	207	1	6					
sequence	hmm	20261001_8fb675cb	XP_058968048.2	_		traf2_binding_permissive	Motif		PREENS	248	254	1	6					
sequence	hmm	20261001_8fb675cb	XP_058968048.2	_		traf2_binding_permissive	Motif		PPQPEG	288	294	1	6					
sequence	hmm	20261001_8fb675cb	XP_058968048.2	_		traf2_binding_permissive	Motif		PRHELE	339	345	1	6					
sequence	hmm	20261001_8fb675cb	XP_058968048.2	_		traf2_binding_permissive	Motif		PSSEEVS	357	364	1	7					
sequence	hmm	20261001_8fb675cb	XP_058968048.2	_		traf2_binding_permissive	Motif		PENTVE	522	528	1	6					
sequence	hmm	20261001_8fb675cb	XP_058968049.2	_		traf6_binding_permissive	Motif		PIENLL	415	421	1	6					
sequence	hmm	20261001_8fb675cb	XP_058968049.2	_		traf2_binding_variant	Motif		PPQPE	284	289	1	5					
sequence	hmm	20261001_8fb675cb	XP_058968049.2	_		traf2_binding_permissive	Motif		PKCNATT	174	181	1	7					
sequence	hmm	20261001_8fb675cb	XP_058968049.2	_		traf2_binding_permissive	Motif		PKRELS	197	203	1	6					
sequence	hmm	20261001_8fb675cb	XP_058968049.2	_		traf2_binding_permissive	Motif		PREENS	244	250	1	6					
sequence	hmm	20261001_8fb675cb	XP_058968049.2	_		traf2_binding_permissive	Motif		PPQPEG	284	290	1	6					
sequence	hmm	20261001_8fb675cb	XP_058968049.2	_		traf2_binding_permissive	Motif		PRHELE	335	341	1	6					
sequence	hmm	20261001_8fb675cb	XP_058968049.2	_		traf2_binding_permissive	Motif		PSSEEVS	353	360	1	7					
sequence	hmm	20261001_8fb675cb	XP_058968049.2	_		traf2_binding_permissive	Motif		PENTVE	518	524	1	6					
sequence	hmm	20261001_8fb675cb	XP_058968368.2	_		traf6_binding_permissive	Motif		PAERVL	681	687	1	6					
sequence	hmm	20261001_8fb675cb	XP_058968368.2	_		traf2_binding_permissive	Motif		PGEEHT	46	52	1	6					
sequence	hmm	20261001_8fb675cb	XP_058968368.2	_		traf2_binding_permissive	Motif		PRCQSCS	85	92	1	7					
sequence	hmm	20261001_8fb675cb	XP_058968368.2	_		traf2_binding_permissive	Motif		PPEPKS	169	175	1	6					
sequence	hmm	20261001_8fb675cb	XP_058968368.2	_		traf2_binding_permissive	Motif		PAAQSS	279	285	1	6					
sequence	hmm	20261001_8fb675cb	XP_058968368.2	_		traf2_binding_permissive	Motif		PQGQSTD	432	439	1	7					
sequence	hmm	20261001_8fb675cb	XP_058968368.2	_		traf2_binding_permissive	Motif		PAKQNKG	511	518	1	7					
sequence	hmm	20261001_8fb675cb	XP_058968368.2	_		traf2_binding_permissive	Motif		PTEAVA	555	561	1	6					
sequence	hmm	20261001_8fb675cb	XP_058968605.2	_		traf6_binding_permissive	Motif		PDQFWD	23	29	1	6					
sequence	hmm	20261001_8fb675cb	XP_058968605.2	_		traf6_binding_permissive	Motif		PCQEVK	49	55	1	6					
sequence	hmm	20261001_8fb675cb	XP_058968605.2	_		traf2_binding_strict	Motif		PSERS	108	113	1	5					
sequence	hmm	20261001_8fb675cb	XP_058968605.2	_		traf2_binding_strict	Motif		PREAT	265	270	1	5					
sequence	hmm	20261001_8fb675cb	XP_058968605.2	_		traf2_binding_variant	Motif		PSERS	108	113	1	5					
sequence	hmm	20261001_8fb675cb	XP_058968605.2	_		traf2_binding_variant	Motif		PANIT	225	230	1	5					
sequence	hmm	20261001_8fb675cb	XP_058968605.2	_		traf2_binding_variant	Motif		PREAT	265	270	1	5					
sequence	hmm	20261001_8fb675cb	XP_058968605.2	_		traf2_binding_permissive	Motif		PPDQFWD	22	29	1	7					
sequence	hmm	20261001_8fb675cb	XP_058968605.2	_		traf2_binding_permissive	Motif		PCQEVKD	49	56	1	7					
sequence	hmm	20261001_8fb675cb	XP_058968605.2	_		traf2_binding_permissive	Motif		PSERS	108	113	1	5					
sequence	hmm	20261001_8fb675cb	XP_058968605.2	_		traf2_binding_permissive	Motif		PANITE	225	231	1	6					
sequence	hmm	20261001_8fb675cb	XP_058968605.2	_		traf2_binding_permissive	Motif		PREAT	265	270	1	5					
sequence	hmm	20261001_8fb675cb	XP_058969004.2	_		traf6_binding_strict	Motif		PSEENE	879	885	1	6					
sequence	hmm	20261001_8fb675cb	XP_058969004.2	_		traf6_binding_permissive	Motif		PCEKTR	108	114	1	6					
sequence	hmm	20261001_8fb675cb	XP_058969004.2	_		traf6_binding_permissive	Motif		PWENGR	165	171	1	6					
sequence	hmm	20261001_8fb675cb	XP_058969004.2	_		traf6_binding_permissive	Motif		PTEKSV	304	310	1	6					
sequence	hmm	20261001_8fb675cb	XP_058969004.2	_		traf6_binding_permissive	Motif		PSESVK	353	359	1	6					
sequence	hmm	20261001_8fb675cb	XP_058969004.2	_		traf6_binding_permissive	Motif		PAQHTL	521	527	1	6					
sequence	hmm	20261001_8fb675cb	XP_058969004.2	_		traf6_binding_permissive	Motif		PVEITV	633	639	1	6					
sequence	hmm	20261001_8fb675cb	XP_058969004.2	_		traf6_binding_permissive	Motif		PTEYSI	834	840	1	6					
sequence	hmm	20261001_8fb675cb	XP_058969004.2	_		traf6_binding_permissive	Motif		PRQTSR	847	853	1	6					
sequence	hmm	20261001_8fb675cb	XP_058969004.2	_		traf6_binding_permissive	Motif		PSEENE	879	885	1	6					
sequence	hmm	20261001_8fb675cb	XP_058969004.2	_		traf2_binding_strict	Motif		PCEKT	108	113	1	5					
sequence	hmm	20261001_8fb675cb	XP_058969004.2	_		traf2_binding_strict	Motif		PTEKS	304	309	1	5					
sequence	hmm	20261001_8fb675cb	XP_058969004.2	_		traf2_binding_strict	Motif		PAQHT	521	526	1	5					
sequence	hmm	20261001_8fb675cb	XP_058969004.2	_		traf2_binding_strict	Motif		PVEIT	633	638	1	5					
sequence	hmm	20261001_8fb675cb	XP_058969004.2	_		traf2_binding_strict	Motif		PTEYS	834	839	1	5					
sequence	hmm	20261001_8fb675cb	XP_058969004.2	_		traf2_binding_strict	Motif		PRQTS	847	852	1	5					
sequence	hmm	20261001_8fb675cb	XP_058969004.2	_		traf2_binding_variant	Motif		PCNST	84	89	1	5					
sequence	hmm	20261001_8fb675cb	XP_058969004.2	_		traf2_binding_variant	Motif		PCEKT	108	113	1	5					
sequence	hmm	20261001_8fb675cb	XP_058969004.2	_		traf2_binding_variant	Motif		PWENG	165	170	1	5					
sequence	hmm	20261001_8fb675cb	XP_058969004.2	_		traf2_binding_variant	Motif		PTEKS	304	309	1	5					
sequence	hmm	20261001_8fb675cb	XP_058969004.2	_		traf2_binding_variant	Motif		PTNFE	315	320	1	5					
sequence	hmm	20261001_8fb675cb	XP_058969004.2	_		traf2_binding_variant	Motif		PAQHT	521	526	1	5					
sequence	hmm	20261001_8fb675cb	XP_058969004.2	_		traf2_binding_variant	Motif		PHNVT	625	630	1	5					
sequence	hmm	20261001_8fb675cb	XP_058969004.2	_		traf2_binding_variant	Motif		PVEIT	633	638	1	5					
sequence	hmm	20261001_8fb675cb	XP_058969004.2	_		traf2_binding_variant	Motif		PTEYS	834	839	1	5					
sequence	hmm	20261001_8fb675cb	XP_058969004.2	_		traf2_binding_variant	Motif		PRQTS	847	852	1	5					
sequence	hmm	20261001_8fb675cb	XP_058969004.2	_		traf2_binding_permissive	Motif		PCNSTS	84	90	1	6					
sequence	hmm	20261001_8fb675cb	XP_058969004.2	_		traf2_binding_permissive	Motif		PCEKT	108	113	1	5					
sequence	hmm	20261001_8fb675cb	XP_058969004.2	_		traf2_binding_permissive	Motif		PWENG	165	170	1	5					
sequence	hmm	20261001_8fb675cb	XP_058969004.2	_		traf2_binding_permissive	Motif		PAGEIIS	281	288	1	7					
sequence	hmm	20261001_8fb675cb	XP_058969004.2	_		traf2_binding_permissive	Motif		PTEKS	304	309	1	5					
sequence	hmm	20261001_8fb675cb	XP_058969004.2	_		traf2_binding_permissive	Motif		PTNFE	315	320	1	5					
sequence	hmm	20261001_8fb675cb	XP_058969004.2	_		traf2_binding_permissive	Motif		PSQDVS	408	414	1	6					
sequence	hmm	20261001_8fb675cb	XP_058969004.2	_		traf2_binding_permissive	Motif		PSQDVS	417	423	1	6					
sequence	hmm	20261001_8fb675cb	XP_058969004.2	_		traf2_binding_permissive	Motif		PKKNKG	453	459	1	6					
sequence	hmm	20261001_8fb675cb	XP_058969004.2	_		traf2_binding_permissive	Motif		PNLNNPA	516	523	1	7					
sequence	hmm	20261001_8fb675cb	XP_058969004.2	_		traf2_binding_permissive	Motif		PVVECG	619	625	1	6					
sequence	hmm	20261001_8fb675cb	XP_058969004.2	_		traf2_binding_permissive	Motif		PHNVT	625	630	1	5					
sequence	hmm	20261001_8fb675cb	XP_058969004.2	_		traf2_binding_permissive	Motif		PVEIT	633	638	1	5					
sequence	hmm	20261001_8fb675cb	XP_058969004.2	_		traf2_binding_permissive	Motif		PSVQIYT	790	797	1	7					
sequence	hmm	20261001_8fb675cb	XP_058969004.2	_		traf2_binding_permissive	Motif		PTEYS	834	839	1	5					
sequence	hmm	20261001_8fb675cb	XP_058969004.2	_		traf2_binding_permissive	Motif		PRQTS	847	852	1	5					
sequence	hmm	20261001_8fb675cb	XP_058969004.2	_		traf2_binding_permissive	Motif		PSEENE	879	885	1	6					
sequence	hmm	20261001_8fb675cb	XP_066016958.1	_		traf6_binding_strict	Motif		PSESTE	385	391	1	6					
sequence	hmm	20261001_8fb675cb	XP_066016958.1	_		traf6_binding_permissive	Motif		PNEIMV	93	99	1	6					
sequence	hmm	20261001_8fb675cb	XP_066016958.1	_		traf6_binding_permissive	Motif		PSESTE	385	391	1	6					
sequence	hmm	20261001_8fb675cb	XP_066016958.1	_		traf6_binding_permissive	Motif		PLELQI	478	484	1	6					
sequence	hmm	20261001_8fb675cb	XP_066016958.1	_		traf2_binding_strict	Motif		PSEST	385	390	1	5					
sequence	hmm	20261001_8fb675cb	XP_066016958.1	_		traf2_binding_variant	Motif		PSEST	385	390	1	5					
sequence	hmm	20261001_8fb675cb	XP_066016958.1	_		traf2_binding_permissive	Motif		PCGNKIS	55	62	1	7					
sequence	hmm	20261001_8fb675cb	XP_066016958.1	_		traf2_binding_permissive	Motif		PRTQACS	151	158	1	7					
sequence	hmm	20261001_8fb675cb	XP_066016958.1	_		traf2_binding_permissive	Motif		PFLNNLE	367	374	1	7					
sequence	hmm	20261001_8fb675cb	XP_066016958.1	_		traf2_binding_permissive	Motif		PSESTE	385	391	1	6					
sequence	hmm	20261001_8fb675cb	XP_066016958.1	_		traf2_binding_permissive	Motif		PKSNHVS	524	531	1	7					
sequence	hmm	20261001_8fb675cb	XP_066017039.1	_		traf6_binding_strict	Motif		PKEDDD	428	434	1	6					
sequence	hmm	20261001_8fb675cb	XP_066017039.1	_		traf6_binding_permissive	Motif		PKEDDD	428	434	1	6					
sequence	hmm	20261001_8fb675cb	XP_066017039.1	_		traf6_binding_permissive	Motif		PAELDV	521	527	1	6					
sequence	hmm	20261001_8fb675cb	XP_066017039.1	_		traf2_binding_variant	Motif		PHEIA	96	101	1	5					
sequence	hmm	20261001_8fb675cb	XP_066017039.1	_		traf2_binding_variant	Motif		PKEDD	428	433	1	5					
sequence	hmm	20261001_8fb675cb	XP_066017039.1	_		traf2_binding_variant	Motif		PAELD	521	526	1	5					
sequence	hmm	20261001_8fb675cb	XP_066017039.1	_		traf2_binding_permissive	Motif		PHEIAS	96	102	1	6					
sequence	hmm	20261001_8fb675cb	XP_066017039.1	_		traf2_binding_permissive	Motif		PKEDDD	428	434	1	6					
sequence	hmm	20261001_8fb675cb	XP_066017039.1	_		traf2_binding_permissive	Motif		PAELD	521	526	1	5					
sequence	hmm	20261001_8fb675cb	XP_066017040.1	_		traf6_binding_strict	Motif		PKEDDD	428	434	1	6					
sequence	hmm	20261001_8fb675cb	XP_066017040.1	_		traf6_binding_permissive	Motif		PKEDDD	428	434	1	6					
sequence	hmm	20261001_8fb675cb	XP_066017040.1	_		traf6_binding_permissive	Motif		PAELDV	521	527	1	6					
sequence	hmm	20261001_8fb675cb	XP_066017040.1	_		traf2_binding_variant	Motif		PHEIA	96	101	1	5					
sequence	hmm	20261001_8fb675cb	XP_066017040.1	_		traf2_binding_variant	Motif		PKEDD	428	433	1	5					
sequence	hmm	20261001_8fb675cb	XP_066017040.1	_		traf2_binding_variant	Motif		PAELD	521	526	1	5					
sequence	hmm	20261001_8fb675cb	XP_066017040.1	_		traf2_binding_permissive	Motif		PHEIAS	96	102	1	6					
sequence	hmm	20261001_8fb675cb	XP_066017040.1	_		traf2_binding_permissive	Motif		PKEDDD	428	434	1	6					
sequence	hmm	20261001_8fb675cb	XP_066017040.1	_		traf2_binding_permissive	Motif		PAELD	521	526	1	5					
sequence	hmm	20261001_8fb675cb	XP_066017172.1	_		traf6_binding_permissive	Motif		PTEYWV	59	65	1	6					
sequence	hmm	20261001_8fb675cb	XP_066017172.1	_		traf2_binding_permissive	Motif		PEGQGLS	80	87	1	7					
sequence	hmm	20261001_8fb675cb	XP_066017173.1	_		traf6_binding_permissive	Motif		PTEYWV	59	65	1	6					
sequence	hmm	20261001_8fb675cb	XP_066017173.1	_		traf2_binding_permissive	Motif		PEGQGLS	80	87	1	7					
sequence	hmm	20261001_8fb675cb	XP_066017177.1	_		traf2_binding_permissive	Motif		PKGQSEE	198	205	1	7					
sequence	hmm	20261001_8fb675cb	XP_066017177.1	_		traf2_binding_permissive	Motif		PSRQLLE	391	398	1	7					
sequence	hmm	20261001_8fb675cb	XP_066017237.1	_		traf6_binding_permissive	Motif		PTEYWV	59	65	1	6					
sequence	hmm	20261001_8fb675cb	XP_066017237.1	_		traf2_binding_permissive	Motif		PEGQGLS	80	87	1	7					
sequence	hmm	20261001_8fb675cb	XP_066017238.1	_		traf6_binding_permissive	Motif		PTEYWV	59	65	1	6					
sequence	hmm	20261001_8fb675cb	XP_066017238.1	_		traf2_binding_permissive	Motif		PEGQGLS	80	87	1	7					
sequence	hmm	20261001_8fb675cb	XP_066017266.1	_		traf6_binding_permissive	Motif		PAERVL	622	628	1	6					
sequence	hmm	20261001_8fb675cb	XP_066017266.1	_		traf2_binding_permissive	Motif		PRCQSCS	26	33	1	7					
sequence	hmm	20261001_8fb675cb	XP_066017266.1	_		traf2_binding_permissive	Motif		PPEPKS	110	116	1	6					
sequence	hmm	20261001_8fb675cb	XP_066017266.1	_		traf2_binding_permissive	Motif		PAAQSS	220	226	1	6					
sequence	hmm	20261001_8fb675cb	XP_066017266.1	_		traf2_binding_permissive	Motif		PQGQSTD	373	380	1	7					
sequence	hmm	20261001_8fb675cb	XP_066017266.1	_		traf2_binding_permissive	Motif		PAKQNKG	452	459	1	7					
sequence	hmm	20261001_8fb675cb	XP_066017266.1	_		traf2_binding_permissive	Motif		PTEAVA	496	502	1	6					
sequence	hmm	20261001_8fb675cb	XP_066017353.1	_		traf2_binding_permissive	Motif		PKGQSEE	186	193	1	7					
sequence	hmm	20261001_8fb675cb	XP_066017353.1	_		traf2_binding_permissive	Motif		PSRQLLE	379	386	1	7					
sequence	hmm	20261001_8fb675cb	XP_066017431.1	_		traf6_binding_permissive	Motif		PCELGR	74	80	1	6					
sequence	hmm	20261001_8fb675cb	XP_066017431.1	_		traf6_binding_permissive	Motif		PVQESE	287	293	1	6					
sequence	hmm	20261001_8fb675cb	XP_066017431.1	_		traf6_binding_permissive	Motif		PAETKV	304	310	1	6					
sequence	hmm	20261001_8fb675cb	XP_066017431.1	_		traf2_binding_strict	Motif		PVQES	287	292	1	5					
sequence	hmm	20261001_8fb675cb	XP_066017431.1	_		traf2_binding_variant	Motif		PCELG	74	79	1	5					
sequence	hmm	20261001_8fb675cb	XP_066017431.1	_		traf2_binding_variant	Motif		PVQES	287	292	1	5					
sequence	hmm	20261001_8fb675cb	XP_066017431.1	_		traf2_binding_permissive	Motif		PGNSIT	28	34	1	6					
sequence	hmm	20261001_8fb675cb	XP_066017431.1	_		traf2_binding_permissive	Motif		PAGQGLS	51	58	1	7					
sequence	hmm	20261001_8fb675cb	XP_066017431.1	_		traf2_binding_permissive	Motif		PCELG	74	79	1	5					
sequence	hmm	20261001_8fb675cb	XP_066017431.1	_		traf2_binding_permissive	Motif		PECQVPG	147	154	1	7					
sequence	hmm	20261001_8fb675cb	XP_066017431.1	_		traf2_binding_permissive	Motif		PVTEHS	204	210	1	6					
sequence	hmm	20261001_8fb675cb	XP_066017431.1	_		traf2_binding_permissive	Motif		PVQESE	287	293	1	6					
sequence	hmm	20261001_8fb675cb	XP_066017431.1	_		traf2_binding_permissive	Motif		PETQLPA	299	306	1	7					
sequence	hmm	20261001_8fb675cb	XP_066017432.1	_		traf6_binding_permissive	Motif		PCELGR	74	80	1	6					
sequence	hmm	20261001_8fb675cb	XP_066017432.1	_		traf6_binding_permissive	Motif		PVQEKE	269	275	1	6					
sequence	hmm	20261001_8fb675cb	XP_066017432.1	_		traf6_binding_permissive	Motif		PAEAKV	286	292	1	6					
sequence	hmm	20261001_8fb675cb	XP_066017432.1	_		traf2_binding_variant	Motif		PCELG	74	79	1	5					
sequence	hmm	20261001_8fb675cb	XP_066017432.1	_		traf2_binding_permissive	Motif		PGNSIT	28	34	1	6					
sequence	hmm	20261001_8fb675cb	XP_066017432.1	_		traf2_binding_permissive	Motif		PAGQGLS	51	58	1	7					
sequence	hmm	20261001_8fb675cb	XP_066017432.1	_		traf2_binding_permissive	Motif		PCELG	74	79	1	5					
sequence	hmm	20261001_8fb675cb	XP_066017432.1	_		traf2_binding_permissive	Motif		PECQVPG	147	154	1	7					
sequence	hmm	20261001_8fb675cb	XP_066017432.1	_		traf2_binding_permissive	Motif		PVQEKE	269	275	1	6					
sequence	hmm	20261001_8fb675cb	XP_066017549.1	_		traf6_binding_permissive	Motif		PCELGR	74	80	1	6					
sequence	hmm	20261001_8fb675cb	XP_066017549.1	_		traf6_binding_permissive	Motif		PVQESE	287	293	1	6					
sequence	hmm	20261001_8fb675cb	XP_066017549.1	_		traf6_binding_permissive	Motif		PAETKV	304	310	1	6					
sequence	hmm	20261001_8fb675cb	XP_066017549.1	_		traf2_binding_strict	Motif		PVQES	287	292	1	5					
sequence	hmm	20261001_8fb675cb	XP_066017549.1	_		traf2_binding_variant	Motif		PCELG	74	79	1	5					
sequence	hmm	20261001_8fb675cb	XP_066017549.1	_		traf2_binding_variant	Motif		PGNND	259	264	1	5					
sequence	hmm	20261001_8fb675cb	XP_066017549.1	_		traf2_binding_variant	Motif		PVQES	287	292	1	5					
sequence	hmm	20261001_8fb675cb	XP_066017549.1	_		traf2_binding_permissive	Motif		PGNSIT	28	34	1	6					
sequence	hmm	20261001_8fb675cb	XP_066017549.1	_		traf2_binding_permissive	Motif		PAAQGLS	51	58	1	7					
sequence	hmm	20261001_8fb675cb	XP_066017549.1	_		traf2_binding_permissive	Motif		PCELG	74	79	1	5					
sequence	hmm	20261001_8fb675cb	XP_066017549.1	_		traf2_binding_permissive	Motif		PECQVPG	147	154	1	7					
sequence	hmm	20261001_8fb675cb	XP_066017549.1	_		traf2_binding_permissive	Motif		PGNNDVE	259	266	1	7					
sequence	hmm	20261001_8fb675cb	XP_066017549.1	_		traf2_binding_permissive	Motif		PVQESE	287	293	1	6					
sequence	hmm	20261001_8fb675cb	XP_066017549.1	_		traf2_binding_permissive	Motif		PETQLPA	299	306	1	7					
sequence	hmm	20261001_8fb675cb	XP_066017730.1	_		traf6_binding_permissive	Motif		PDEYPI	27	33	1	6					
sequence	hmm	20261001_8fb675cb	XP_066017730.1	_		traf6_binding_permissive	Motif		PCESGK	71	77	1	6					
sequence	hmm	20261001_8fb675cb	XP_066017730.1	_		traf2_binding_variant	Motif		PCESG	71	76	1	5					
sequence	hmm	20261001_8fb675cb	XP_066017730.1	_		traf2_binding_variant	Motif		PCNST	101	106	1	5					
sequence	hmm	20261001_8fb675cb	XP_066017730.1	_		traf2_binding_permissive	Motif		PCESG	71	76	1	5					
sequence	hmm	20261001_8fb675cb	XP_066017730.1	_		traf2_binding_permissive	Motif		PCNSTS	101	107	1	6					
sequence	hmm	20261001_8fb675cb	XP_066017730.1	_		traf2_binding_permissive	Motif		PESQYNA	243	250	1	7					
sequence	hmm	20261001_8fb675cb	XP_066017730.1	_		traf2_binding_permissive	Motif		PEKNNEA	457	464	1	7					
sequence	hmm	20261001_8fb675cb	XP_066017799.1	_		traf6_binding_permissive	Motif		PEQGIK	228	234	1	6					
sequence	hmm	20261001_8fb675cb	XP_066017799.1	_		traf6_binding_permissive	Motif		PTQSGK	259	265	1	6					
sequence	hmm	20261001_8fb675cb	XP_066017799.1	_		traf6_binding_permissive	Motif		PAELIV	397	403	1	6					
sequence	hmm	20261001_8fb675cb	XP_066017799.1	_		traf2_binding_variant	Motif		PVNET	66	71	1	5					
sequence	hmm	20261001_8fb675cb	XP_066017799.1	_		traf2_binding_variant	Motif		PTQSG	259	264	1	5					
sequence	hmm	20261001_8fb675cb	XP_066017799.1	_		traf2_binding_permissive	Motif		PVNET	66	71	1	5					
sequence	hmm	20261001_8fb675cb	XP_066017799.1	_		traf2_binding_permissive	Motif		PTQSG	259	264	1	5					
sequence	hmm	20261001_8fb675cb	XP_066017799.1	_		traf2_binding_permissive	Motif		PGTQVMD	461	468	1	7					
sequence	hmm	20261001_8fb675cb	XP_066017799.1	_		traf2_binding_permissive	Motif		PDLQVYS	474	481	1	7					
sequence	hmm	20261001_8fb675cb	XP_066022024.1	_		traf6_binding_strict	Motif		PTEFKY	494	500	1	6					
sequence	hmm	20261001_8fb675cb	XP_066022024.1	_		traf6_binding_permissive	Motif		PKELKR	404	410	1	6					
sequence	hmm	20261001_8fb675cb	XP_066022024.1	_		traf6_binding_permissive	Motif		PTEFKY	494	500	1	6					
sequence	hmm	20261001_8fb675cb	XP_066022024.1	_		traf2_binding_permissive	Motif		PSWQNMA	2	9	1	7					
sequence	hmm	20261001_8fb675cb	XP_066022024.1	_		traf2_binding_permissive	Motif		PPETYT	50	56	1	6					
sequence	hmm	20261001_8fb675cb	XP_066022024.1	_		traf2_binding_permissive	Motif		PGKEPSA	74	81	1	7					
sequence	hmm	20261001_8fb675cb	XP_066022024.1	_		traf2_binding_permissive	Motif		PIKNIKE	280	287	1	7					
sequence	hmm	20261001_8fb675cb	XP_066024898.1	_		traf6_binding_strict	Motif		PQEMEE	258	264	1	6					
sequence	hmm	20261001_8fb675cb	XP_066024898.1	_		traf6_binding_permissive	Motif		PSQTAI	80	86	1	6					
sequence	hmm	20261001_8fb675cb	XP_066024898.1	_		traf6_binding_permissive	Motif		PQEMEE	258	264	1	6					
sequence	hmm	20261001_8fb675cb	XP_066024898.1	_		traf2_binding_variant	Motif		PSQTA	80	85	1	5					
sequence	hmm	20261001_8fb675cb	XP_066024898.1	_		traf2_binding_variant	Motif		PTNAG	202	207	1	5					
sequence	hmm	20261001_8fb675cb	XP_066024898.1	_		traf2_binding_variant	Motif		PQEME	258	263	1	5					
sequence	hmm	20261001_8fb675cb	XP_066024898.1	_		traf2_binding_permissive	Motif		PPSQTA	79	85	1	6					
sequence	hmm	20261001_8fb675cb	XP_066024898.1	_		traf2_binding_permissive	Motif		PCTNIS	126	132	1	6					
sequence	hmm	20261001_8fb675cb	XP_066024898.1	_		traf2_binding_permissive	Motif		PCREGT	137	143	1	6					
sequence	hmm	20261001_8fb675cb	XP_066024898.1	_		traf2_binding_permissive	Motif		PTNAG	202	207	1	5					
sequence	hmm	20261001_8fb675cb	XP_066024898.1	_		traf2_binding_permissive	Motif		PVEKVT	211	217	1	6					
sequence	hmm	20261001_8fb675cb	XP_066024898.1	_		traf2_binding_permissive	Motif		PQEMEE	258	264	1	6					
sequence	hmm	20261001_8fb675cb	XP_066024904.1	_		traf6_binding_permissive	Motif		PSEHRV	271	277	1	6					
sequence	hmm	20261001_8fb675cb	XP_066024904.1	_		traf2_binding_variant	Motif		PLNNG	260	265	1	5					
sequence	hmm	20261001_8fb675cb	XP_066024904.1	_		traf2_binding_permissive	Motif		PAGQGLS	53	60	1	7					
sequence	hmm	20261001_8fb675cb	XP_066024904.1	_		traf2_binding_permissive	Motif		PCKQGMT	76	83	1	7					
sequence	hmm	20261001_8fb675cb	XP_066024904.1	_		traf2_binding_permissive	Motif		PPLNNG	259	265	1	6					
sequence	hmm	20261001_8fb675cb	XP_066024905.1	_		traf6_binding_permissive	Motif		PSEHRV	271	277	1	6					
sequence	hmm	20261001_8fb675cb	XP_066024905.1	_		traf2_binding_variant	Motif		PLNNG	260	265	1	5					
sequence	hmm	20261001_8fb675cb	XP_066024905.1	_		traf2_binding_permissive	Motif		PAGQGLS	53	60	1	7					
sequence	hmm	20261001_8fb675cb	XP_066024905.1	_		traf2_binding_permissive	Motif		PCKQGMT	76	83	1	7					
sequence	hmm	20261001_8fb675cb	XP_066024905.1	_		traf2_binding_permissive	Motif		PPLNNG	259	265	1	6					
sequence	hmm	20261001_8fb675cb	XP_066025362.1	_		traf6_binding_strict	Motif		PCEKAD	252	258	1	6					
sequence	hmm	20261001_8fb675cb	XP_066025362.1	_		traf6_binding_permissive	Motif		PCEKAD	252	258	1	6					
sequence	hmm	20261001_8fb675cb	XP_066025362.1	_		traf2_binding_variant	Motif		PCEKA	252	257	1	5					
sequence	hmm	20261001_8fb675cb	XP_066025362.1	_		traf2_binding_permissive	Motif		PGNNIT	28	34	1	6					
sequence	hmm	20261001_8fb675cb	XP_066025362.1	_		traf2_binding_permissive	Motif		PAGQGLS	51	58	1	7					
sequence	hmm	20261001_8fb675cb	XP_066025362.1	_		traf2_binding_permissive	Motif		PCKQGMT	74	81	1	7					
sequence	hmm	20261001_8fb675cb	XP_066025362.1	_		traf2_binding_permissive	Motif		PLSNGA	217	223	1	6					
sequence	hmm	20261001_8fb675cb	XP_066025362.1	_		traf2_binding_permissive	Motif		PCEKAD	252	258	1	6					
sequence	hmm	20261001_8fb675cb	XP_066026686.1	_		traf6_binding_strict	Motif		PSEENE	879	885	1	6					
sequence	hmm	20261001_8fb675cb	XP_066026686.1	_		traf6_binding_permissive	Motif		PCEKTR	108	114	1	6					
sequence	hmm	20261001_8fb675cb	XP_066026686.1	_		traf6_binding_permissive	Motif		PWENGR	165	171	1	6					
sequence	hmm	20261001_8fb675cb	XP_066026686.1	_		traf6_binding_permissive	Motif		PTEKSV	304	310	1	6					
sequence	hmm	20261001_8fb675cb	XP_066026686.1	_		traf6_binding_permissive	Motif		PSESVK	353	359	1	6					
sequence	hmm	20261001_8fb675cb	XP_066026686.1	_		traf6_binding_permissive	Motif		PAQHTL	521	527	1	6					
sequence	hmm	20261001_8fb675cb	XP_066026686.1	_		traf6_binding_permissive	Motif		PVEITV	633	639	1	6					
sequence	hmm	20261001_8fb675cb	XP_066026686.1	_		traf6_binding_permissive	Motif		PTEYSI	834	840	1	6					
sequence	hmm	20261001_8fb675cb	XP_066026686.1	_		traf6_binding_permissive	Motif		PRQTSR	847	853	1	6					
sequence	hmm	20261001_8fb675cb	XP_066026686.1	_		traf6_binding_permissive	Motif		PSEENE	879	885	1	6					
sequence	hmm	20261001_8fb675cb	XP_066026686.1	_		traf2_binding_strict	Motif		PCEKT	108	113	1	5					
sequence	hmm	20261001_8fb675cb	XP_066026686.1	_		traf2_binding_strict	Motif		PTEKS	304	309	1	5					
sequence	hmm	20261001_8fb675cb	XP_066026686.1	_		traf2_binding_strict	Motif		PAQHT	521	526	1	5					
sequence	hmm	20261001_8fb675cb	XP_066026686.1	_		traf2_binding_strict	Motif		PVEIT	633	638	1	5					
sequence	hmm	20261001_8fb675cb	XP_066026686.1	_		traf2_binding_strict	Motif		PTEYS	834	839	1	5					
sequence	hmm	20261001_8fb675cb	XP_066026686.1	_		traf2_binding_strict	Motif		PRQTS	847	852	1	5					
sequence	hmm	20261001_8fb675cb	XP_066026686.1	_		traf2_binding_variant	Motif		PCNST	84	89	1	5					
sequence	hmm	20261001_8fb675cb	XP_066026686.1	_		traf2_binding_variant	Motif		PCEKT	108	113	1	5					
sequence	hmm	20261001_8fb675cb	XP_066026686.1	_		traf2_binding_variant	Motif		PWENG	165	170	1	5					
sequence	hmm	20261001_8fb675cb	XP_066026686.1	_		traf2_binding_variant	Motif		PTEKS	304	309	1	5					
sequence	hmm	20261001_8fb675cb	XP_066026686.1	_		traf2_binding_variant	Motif		PTNFE	315	320	1	5					
sequence	hmm	20261001_8fb675cb	XP_066026686.1	_		traf2_binding_variant	Motif		PAQHT	521	526	1	5					
sequence	hmm	20261001_8fb675cb	XP_066026686.1	_		traf2_binding_variant	Motif		PHNVT	625	630	1	5					
sequence	hmm	20261001_8fb675cb	XP_066026686.1	_		traf2_binding_variant	Motif		PVEIT	633	638	1	5					
sequence	hmm	20261001_8fb675cb	XP_066026686.1	_		traf2_binding_variant	Motif		PTEYS	834	839	1	5					
sequence	hmm	20261001_8fb675cb	XP_066026686.1	_		traf2_binding_variant	Motif		PRQTS	847	852	1	5					
sequence	hmm	20261001_8fb675cb	XP_066026686.1	_		traf2_binding_permissive	Motif		PCNSTS	84	90	1	6					
sequence	hmm	20261001_8fb675cb	XP_066026686.1	_		traf2_binding_permissive	Motif		PCEKT	108	113	1	5					
sequence	hmm	20261001_8fb675cb	XP_066026686.1	_		traf2_binding_permissive	Motif		PWENG	165	170	1	5					
sequence	hmm	20261001_8fb675cb	XP_066026686.1	_		traf2_binding_permissive	Motif		PAGEIIS	281	288	1	7					
sequence	hmm	20261001_8fb675cb	XP_066026686.1	_		traf2_binding_permissive	Motif		PTEKS	304	309	1	5					
sequence	hmm	20261001_8fb675cb	XP_066026686.1	_		traf2_binding_permissive	Motif		PTNFE	315	320	1	5					
sequence	hmm	20261001_8fb675cb	XP_066026686.1	_		traf2_binding_permissive	Motif		PSQDVS	408	414	1	6					
sequence	hmm	20261001_8fb675cb	XP_066026686.1	_		traf2_binding_permissive	Motif		PSQDVS	417	423	1	6					
sequence	hmm	20261001_8fb675cb	XP_066026686.1	_		traf2_binding_permissive	Motif		PKKNKG	453	459	1	6					
sequence	hmm	20261001_8fb675cb	XP_066026686.1	_		traf2_binding_permissive	Motif		PNLNNPA	516	523	1	7					
sequence	hmm	20261001_8fb675cb	XP_066026686.1	_		traf2_binding_permissive	Motif		PVVECG	619	625	1	6					
sequence	hmm	20261001_8fb675cb	XP_066026686.1	_		traf2_binding_permissive	Motif		PHNVT	625	630	1	5					
sequence	hmm	20261001_8fb675cb	XP_066026686.1	_		traf2_binding_permissive	Motif		PVEIT	633	638	1	5					
sequence	hmm	20261001_8fb675cb	XP_066026686.1	_		traf2_binding_permissive	Motif		PSVQIYT	790	797	1	7					
sequence	hmm	20261001_8fb675cb	XP_066026686.1	_		traf2_binding_permissive	Motif		PTEYS	834	839	1	5					
sequence	hmm	20261001_8fb675cb	XP_066026686.1	_		traf2_binding_permissive	Motif		PRQTS	847	852	1	5					
sequence	hmm	20261001_8fb675cb	XP_066026686.1	_		traf2_binding_permissive	Motif		PSEENE	879	885	1	6					
sequence	hmm	20261001_8fb675cb	XP_066026687.1	_		traf6_binding_strict	Motif		PSEENE	879	885	1	6					
sequence	hmm	20261001_8fb675cb	XP_066026687.1	_		traf6_binding_permissive	Motif		PCEKTR	108	114	1	6					
sequence	hmm	20261001_8fb675cb	XP_066026687.1	_		traf6_binding_permissive	Motif		PWENGR	165	171	1	6					
sequence	hmm	20261001_8fb675cb	XP_066026687.1	_		traf6_binding_permissive	Motif		PTEKSV	304	310	1	6					
sequence	hmm	20261001_8fb675cb	XP_066026687.1	_		traf6_binding_permissive	Motif		PSESVK	353	359	1	6					
sequence	hmm	20261001_8fb675cb	XP_066026687.1	_		traf6_binding_permissive	Motif		PAQHTL	521	527	1	6					
sequence	hmm	20261001_8fb675cb	XP_066026687.1	_		traf6_binding_permissive	Motif		PVEITV	633	639	1	6					
sequence	hmm	20261001_8fb675cb	XP_066026687.1	_		traf6_binding_permissive	Motif		PTEYSI	834	840	1	6					
sequence	hmm	20261001_8fb675cb	XP_066026687.1	_		traf6_binding_permissive	Motif		PRQTSR	847	853	1	6					
sequence	hmm	20261001_8fb675cb	XP_066026687.1	_		traf6_binding_permissive	Motif		PSEENE	879	885	1	6					
sequence	hmm	20261001_8fb675cb	XP_066026687.1	_		traf2_binding_strict	Motif		PCEKT	108	113	1	5					
sequence	hmm	20261001_8fb675cb	XP_066026687.1	_		traf2_binding_strict	Motif		PTEKS	304	309	1	5					
sequence	hmm	20261001_8fb675cb	XP_066026687.1	_		traf2_binding_strict	Motif		PAQHT	521	526	1	5					
sequence	hmm	20261001_8fb675cb	XP_066026687.1	_		traf2_binding_strict	Motif		PVEIT	633	638	1	5					
sequence	hmm	20261001_8fb675cb	XP_066026687.1	_		traf2_binding_strict	Motif		PTEYS	834	839	1	5					
sequence	hmm	20261001_8fb675cb	XP_066026687.1	_		traf2_binding_strict	Motif		PRQTS	847	852	1	5					
sequence	hmm	20261001_8fb675cb	XP_066026687.1	_		traf2_binding_variant	Motif		PCNST	84	89	1	5					
sequence	hmm	20261001_8fb675cb	XP_066026687.1	_		traf2_binding_variant	Motif		PCEKT	108	113	1	5					
sequence	hmm	20261001_8fb675cb	XP_066026687.1	_		traf2_binding_variant	Motif		PWENG	165	170	1	5					
sequence	hmm	20261001_8fb675cb	XP_066026687.1	_		traf2_binding_variant	Motif		PTEKS	304	309	1	5					
sequence	hmm	20261001_8fb675cb	XP_066026687.1	_		traf2_binding_variant	Motif		PTNFE	315	320	1	5					
sequence	hmm	20261001_8fb675cb	XP_066026687.1	_		traf2_binding_variant	Motif		PAQHT	521	526	1	5					
sequence	hmm	20261001_8fb675cb	XP_066026687.1	_		traf2_binding_variant	Motif		PHNVT	625	630	1	5					
sequence	hmm	20261001_8fb675cb	XP_066026687.1	_		traf2_binding_variant	Motif		PVEIT	633	638	1	5					
sequence	hmm	20261001_8fb675cb	XP_066026687.1	_		traf2_binding_variant	Motif		PTEYS	834	839	1	5					
sequence	hmm	20261001_8fb675cb	XP_066026687.1	_		traf2_binding_variant	Motif		PRQTS	847	852	1	5					
sequence	hmm	20261001_8fb675cb	XP_066026687.1	_		traf2_binding_permissive	Motif		PCNSTS	84	90	1	6					
sequence	hmm	20261001_8fb675cb	XP_066026687.1	_		traf2_binding_permissive	Motif		PCEKT	108	113	1	5					
sequence	hmm	20261001_8fb675cb	XP_066026687.1	_		traf2_binding_permissive	Motif		PWENG	165	170	1	5					
sequence	hmm	20261001_8fb675cb	XP_066026687.1	_		traf2_binding_permissive	Motif		PAGEIIS	281	288	1	7					
sequence	hmm	20261001_8fb675cb	XP_066026687.1	_		traf2_binding_permissive	Motif		PTEKS	304	309	1	5					
sequence	hmm	20261001_8fb675cb	XP_066026687.1	_		traf2_binding_permissive	Motif		PTNFE	315	320	1	5					
sequence	hmm	20261001_8fb675cb	XP_066026687.1	_		traf2_binding_permissive	Motif		PSQDVS	408	414	1	6					
sequence	hmm	20261001_8fb675cb	XP_066026687.1	_		traf2_binding_permissive	Motif		PSQDVS	417	423	1	6					
sequence	hmm	20261001_8fb675cb	XP_066026687.1	_		traf2_binding_permissive	Motif		PKKNKG	453	459	1	6					
sequence	hmm	20261001_8fb675cb	XP_066026687.1	_		traf2_binding_permissive	Motif		PNLNNPA	516	523	1	7					
sequence	hmm	20261001_8fb675cb	XP_066026687.1	_		traf2_binding_permissive	Motif		PVVECG	619	625	1	6					
sequence	hmm	20261001_8fb675cb	XP_066026687.1	_		traf2_binding_permissive	Motif		PHNVT	625	630	1	5					
sequence	hmm	20261001_8fb675cb	XP_066026687.1	_		traf2_binding_permissive	Motif		PVEIT	633	638	1	5					
sequence	hmm	20261001_8fb675cb	XP_066026687.1	_		traf2_binding_permissive	Motif		PSVQIYT	790	797	1	7					
sequence	hmm	20261001_8fb675cb	XP_066026687.1	_		traf2_binding_permissive	Motif		PTEYS	834	839	1	5					
sequence	hmm	20261001_8fb675cb	XP_066026687.1	_		traf2_binding_permissive	Motif		PRQTS	847	852	1	5					
sequence	hmm	20261001_8fb675cb	XP_066026687.1	_		traf2_binding_permissive	Motif		PSEENE	879	885	1	6					
sequence	hmm	20261001_8fb675cb	XP_066026688.1	_		traf6_binding_strict	Motif		PSEENE	871	877	1	6					
sequence	hmm	20261001_8fb675cb	XP_066026688.1	_		traf6_binding_permissive	Motif		PCEKTR	100	106	1	6					
sequence	hmm	20261001_8fb675cb	XP_066026688.1	_		traf6_binding_permissive	Motif		PWENGR	157	163	1	6					
sequence	hmm	20261001_8fb675cb	XP_066026688.1	_		traf6_binding_permissive	Motif		PTEKSV	296	302	1	6					
sequence	hmm	20261001_8fb675cb	XP_066026688.1	_		traf6_binding_permissive	Motif		PSESVK	345	351	1	6					
sequence	hmm	20261001_8fb675cb	XP_066026688.1	_		traf6_binding_permissive	Motif		PAQHTL	513	519	1	6					
sequence	hmm	20261001_8fb675cb	XP_066026688.1	_		traf6_binding_permissive	Motif		PVEITV	625	631	1	6					
sequence	hmm	20261001_8fb675cb	XP_066026688.1	_		traf6_binding_permissive	Motif		PTEYSI	826	832	1	6					
sequence	hmm	20261001_8fb675cb	XP_066026688.1	_		traf6_binding_permissive	Motif		PRQTSR	839	845	1	6					
sequence	hmm	20261001_8fb675cb	XP_066026688.1	_		traf6_binding_permissive	Motif		PSEENE	871	877	1	6					
sequence	hmm	20261001_8fb675cb	XP_066026688.1	_		traf2_binding_strict	Motif		PCEKT	100	105	1	5					
sequence	hmm	20261001_8fb675cb	XP_066026688.1	_		traf2_binding_strict	Motif		PTEKS	296	301	1	5					
sequence	hmm	20261001_8fb675cb	XP_066026688.1	_		traf2_binding_strict	Motif		PAQHT	513	518	1	5					
sequence	hmm	20261001_8fb675cb	XP_066026688.1	_		traf2_binding_strict	Motif		PVEIT	625	630	1	5					
sequence	hmm	20261001_8fb675cb	XP_066026688.1	_		traf2_binding_strict	Motif		PTEYS	826	831	1	5					
sequence	hmm	20261001_8fb675cb	XP_066026688.1	_		traf2_binding_strict	Motif		PRQTS	839	844	1	5					
sequence	hmm	20261001_8fb675cb	XP_066026688.1	_		traf2_binding_variant	Motif		PCNST	76	81	1	5					
sequence	hmm	20261001_8fb675cb	XP_066026688.1	_		traf2_binding_variant	Motif		PCEKT	100	105	1	5					
sequence	hmm	20261001_8fb675cb	XP_066026688.1	_		traf2_binding_variant	Motif		PWENG	157	162	1	5					
sequence	hmm	20261001_8fb675cb	XP_066026688.1	_		traf2_binding_variant	Motif		PTEKS	296	301	1	5					
sequence	hmm	20261001_8fb675cb	XP_066026688.1	_		traf2_binding_variant	Motif		PTNFE	307	312	1	5					
sequence	hmm	20261001_8fb675cb	XP_066026688.1	_		traf2_binding_variant	Motif		PAQHT	513	518	1	5					
sequence	hmm	20261001_8fb675cb	XP_066026688.1	_		traf2_binding_variant	Motif		PHNVT	617	622	1	5					
sequence	hmm	20261001_8fb675cb	XP_066026688.1	_		traf2_binding_variant	Motif		PVEIT	625	630	1	5					
sequence	hmm	20261001_8fb675cb	XP_066026688.1	_		traf2_binding_variant	Motif		PTEYS	826	831	1	5					
sequence	hmm	20261001_8fb675cb	XP_066026688.1	_		traf2_binding_variant	Motif		PRQTS	839	844	1	5					
sequence	hmm	20261001_8fb675cb	XP_066026688.1	_		traf2_binding_permissive	Motif		PCNSTS	76	82	1	6					
sequence	hmm	20261001_8fb675cb	XP_066026688.1	_		traf2_binding_permissive	Motif		PCEKT	100	105	1	5					
sequence	hmm	20261001_8fb675cb	XP_066026688.1	_		traf2_binding_permissive	Motif		PWENG	157	162	1	5					
sequence	hmm	20261001_8fb675cb	XP_066026688.1	_		traf2_binding_permissive	Motif		PAGEIIS	273	280	1	7					
sequence	hmm	20261001_8fb675cb	XP_066026688.1	_		traf2_binding_permissive	Motif		PTEKS	296	301	1	5					
sequence	hmm	20261001_8fb675cb	XP_066026688.1	_		traf2_binding_permissive	Motif		PTNFE	307	312	1	5					
sequence	hmm	20261001_8fb675cb	XP_066026688.1	_		traf2_binding_permissive	Motif		PSQDVS	400	406	1	6					
sequence	hmm	20261001_8fb675cb	XP_066026688.1	_		traf2_binding_permissive	Motif		PSQDVS	409	415	1	6					
sequence	hmm	20261001_8fb675cb	XP_066026688.1	_		traf2_binding_permissive	Motif		PKKNKG	445	451	1	6					
sequence	hmm	20261001_8fb675cb	XP_066026688.1	_		traf2_binding_permissive	Motif		PNLNNPA	508	515	1	7					
sequence	hmm	20261001_8fb675cb	XP_066026688.1	_		traf2_binding_permissive	Motif		PVVECG	611	617	1	6					
sequence	hmm	20261001_8fb675cb	XP_066026688.1	_		traf2_binding_permissive	Motif		PHNVT	617	622	1	5					
sequence	hmm	20261001_8fb675cb	XP_066026688.1	_		traf2_binding_permissive	Motif		PVEIT	625	630	1	5					
sequence	hmm	20261001_8fb675cb	XP_066026688.1	_		traf2_binding_permissive	Motif		PSVQIYT	782	789	1	7					
sequence	hmm	20261001_8fb675cb	XP_066026688.1	_		traf2_binding_permissive	Motif		PTEYS	826	831	1	5					
sequence	hmm	20261001_8fb675cb	XP_066026688.1	_		traf2_binding_permissive	Motif		PRQTS	839	844	1	5					
sequence	hmm	20261001_8fb675cb	XP_066026688.1	_		traf2_binding_permissive	Motif		PSEENE	871	877	1	6					
sequence	hmm	20261001_8fb675cb	XP_066026689.1	_		traf6_binding_strict	Motif		PKERIF	152	158	1	6					
sequence	hmm	20261001_8fb675cb	XP_066026689.1	_		traf6_binding_strict	Motif		PPEENE	848	854	1	6					
sequence	hmm	20261001_8fb675cb	XP_066026689.1	_		traf6_binding_permissive	Motif		PKERIF	152	158	1	6					
sequence	hmm	20261001_8fb675cb	XP_066026689.1	_		traf6_binding_permissive	Motif		PWENGR	165	171	1	6					
sequence	hmm	20261001_8fb675cb	XP_066026689.1	_		traf6_binding_permissive	Motif		PTEKSV	266	272	1	6					
sequence	hmm	20261001_8fb675cb	XP_066026689.1	_		traf6_binding_permissive	Motif		PSESVK	315	321	1	6					
sequence	hmm	20261001_8fb675cb	XP_066026689.1	_		traf6_binding_permissive	Motif		PSQGVF	384	390	1	6					
sequence	hmm	20261001_8fb675cb	XP_066026689.1	_		traf6_binding_permissive	Motif		PAQHTL	487	493	1	6					
sequence	hmm	20261001_8fb675cb	XP_066026689.1	_		traf6_binding_permissive	Motif		PLQNNL	494	500	1	6					
sequence	hmm	20261001_8fb675cb	XP_066026689.1	_		traf6_binding_permissive	Motif		PVEITV	599	605	1	6					
sequence	hmm	20261001_8fb675cb	XP_066026689.1	_		traf6_binding_permissive	Motif		PPQWEK	630	636	1	6					
sequence	hmm	20261001_8fb675cb	XP_066026689.1	_		traf6_binding_permissive	Motif		PRQTGR	816	822	1	6					
sequence	hmm	20261001_8fb675cb	XP_066026689.1	_		traf6_binding_permissive	Motif		PPEENE	848	854	1	6					
sequence	hmm	20261001_8fb675cb	XP_066026689.1	_		traf2_binding_strict	Motif		PTEKS	266	271	1	5					
sequence	hmm	20261001_8fb675cb	XP_066026689.1	_		traf2_binding_strict	Motif		PAQHT	487	492	1	5					
sequence	hmm	20261001_8fb675cb	XP_066026689.1	_		traf2_binding_strict	Motif		PVEIT	599	604	1	5					
sequence	hmm	20261001_8fb675cb	XP_066026689.1	_		traf2_binding_variant	Motif		PWENG	165	170	1	5					
sequence	hmm	20261001_8fb675cb	XP_066026689.1	_		traf2_binding_variant	Motif		PTEKS	266	271	1	5					
sequence	hmm	20261001_8fb675cb	XP_066026689.1	_		traf2_binding_variant	Motif		PAQHT	487	492	1	5					
sequence	hmm	20261001_8fb675cb	XP_066026689.1	_		traf2_binding_variant	Motif		PHNVT	591	596	1	5					
sequence	hmm	20261001_8fb675cb	XP_066026689.1	_		traf2_binding_variant	Motif		PVEIT	599	604	1	5					
sequence	hmm	20261001_8fb675cb	XP_066026689.1	_		traf2_binding_variant	Motif		PPQWE	630	635	1	5					
sequence	hmm	20261001_8fb675cb	XP_066026689.1	_		traf2_binding_variant	Motif		PRQTG	816	821	1	5					
sequence	hmm	20261001_8fb675cb	XP_066026689.1	_		traf2_binding_variant	Motif		PEENE	849	854	1	5					
sequence	hmm	20261001_8fb675cb	XP_066026689.1	_		traf2_binding_permissive	Motif		PWENG	165	170	1	5					
sequence	hmm	20261001_8fb675cb	XP_066026689.1	_		traf2_binding_permissive	Motif		PQHQRA	175	181	1	6					
sequence	hmm	20261001_8fb675cb	XP_066026689.1	_		traf2_binding_permissive	Motif		PTEKS	266	271	1	5					
sequence	hmm	20261001_8fb675cb	XP_066026689.1	_		traf2_binding_permissive	Motif		PSREPRD	290	297	1	7					
sequence	hmm	20261001_8fb675cb	XP_066026689.1	_		traf2_binding_permissive	Motif		PNLNNPA	482	489	1	7					
sequence	hmm	20261001_8fb675cb	XP_066026689.1	_		traf2_binding_permissive	Motif		PVVECG	585	591	1	6					
sequence	hmm	20261001_8fb675cb	XP_066026689.1	_		traf2_binding_permissive	Motif		PHNVT	591	596	1	5					
sequence	hmm	20261001_8fb675cb	XP_066026689.1	_		traf2_binding_permissive	Motif		PVEIT	599	604	1	5					
sequence	hmm	20261001_8fb675cb	XP_066026689.1	_		traf2_binding_permissive	Motif		PPQWE	630	635	1	5					
sequence	hmm	20261001_8fb675cb	XP_066026689.1	_		traf2_binding_permissive	Motif		PRQTG	816	821	1	5					
sequence	hmm	20261001_8fb675cb	XP_066026689.1	_		traf2_binding_permissive	Motif		PPEENE	848	854	1	6					
sequence	hmm	20261001_8fb675cb	XP_066027285.1	_		traf6_binding_strict	Motif		PTEENE	371	377	1	6					
sequence	hmm	20261001_8fb675cb	XP_066027285.1	_		traf6_binding_strict	Motif		PSEQKY	757	763	1	6					
sequence	hmm	20261001_8fb675cb	XP_066027285.1	_		traf6_binding_strict	Motif		PSEENE	849	855	1	6					
sequence	hmm	20261001_8fb675cb	XP_066027285.1	_		traf6_binding_permissive	Motif		PCEKTR	108	114	1	6					
sequence	hmm	20261001_8fb675cb	XP_066027285.1	_		traf6_binding_permissive	Motif		PWENGR	165	171	1	6					
sequence	hmm	20261001_8fb675cb	XP_066027285.1	_		traf6_binding_permissive	Motif		PTEKSV	266	272	1	6					
sequence	hmm	20261001_8fb675cb	XP_066027285.1	_		traf6_binding_permissive	Motif		PTEENE	371	377	1	6					
sequence	hmm	20261001_8fb675cb	XP_066027285.1	_		traf6_binding_permissive	Motif		PAQDTL	488	494	1	6					
sequence	hmm	20261001_8fb675cb	XP_066027285.1	_		traf6_binding_permissive	Motif		PVEITV	600	606	1	6					
sequence	hmm	20261001_8fb675cb	XP_066027285.1	_		traf6_binding_permissive	Motif		PLQWEK	631	637	1	6					
sequence	hmm	20261001_8fb675cb	XP_066027285.1	_		traf6_binding_permissive	Motif		PSEQKY	757	763	1	6					
sequence	hmm	20261001_8fb675cb	XP_066027285.1	_		traf6_binding_permissive	Motif		PTEYSI	804	810	1	6					
sequence	hmm	20261001_8fb675cb	XP_066027285.1	_		traf6_binding_permissive	Motif		PRQTSR	817	823	1	6					
sequence	hmm	20261001_8fb675cb	XP_066027285.1	_		traf6_binding_permissive	Motif		PSEENE	849	855	1	6					
sequence	hmm	20261001_8fb675cb	XP_066027285.1	_		traf2_binding_strict	Motif		PCEKT	108	113	1	5					
sequence	hmm	20261001_8fb675cb	XP_066027285.1	_		traf2_binding_strict	Motif		PTEKS	266	271	1	5					
sequence	hmm	20261001_8fb675cb	XP_066027285.1	_		traf2_binding_strict	Motif		PAQDT	488	493	1	5					
sequence	hmm	20261001_8fb675cb	XP_066027285.1	_		traf2_binding_strict	Motif		PVEIT	600	605	1	5					
sequence	hmm	20261001_8fb675cb	XP_066027285.1	_		traf2_binding_strict	Motif		PTEYS	804	809	1	5					
sequence	hmm	20261001_8fb675cb	XP_066027285.1	_		traf2_binding_strict	Motif		PRQTS	817	822	1	5					
sequence	hmm	20261001_8fb675cb	XP_066027285.1	_		traf2_binding_variant	Motif		PCNST	84	89	1	5					
sequence	hmm	20261001_8fb675cb	XP_066027285.1	_		traf2_binding_variant	Motif		PCEKT	108	113	1	5					
sequence	hmm	20261001_8fb675cb	XP_066027285.1	_		traf2_binding_variant	Motif		PWENG	165	170	1	5					
sequence	hmm	20261001_8fb675cb	XP_066027285.1	_		traf2_binding_variant	Motif		PTEKS	266	271	1	5					
sequence	hmm	20261001_8fb675cb	XP_066027285.1	_		traf2_binding_variant	Motif		PTNFE	277	282	1	5					
sequence	hmm	20261001_8fb675cb	XP_066027285.1	_		traf2_binding_variant	Motif		PAQDT	488	493	1	5					
sequence	hmm	20261001_8fb675cb	XP_066027285.1	_		traf2_binding_variant	Motif		PHNVT	592	597	1	5					
sequence	hmm	20261001_8fb675cb	XP_066027285.1	_		traf2_binding_variant	Motif		PVEIT	600	605	1	5					
sequence	hmm	20261001_8fb675cb	XP_066027285.1	_		traf2_binding_variant	Motif		PLQWE	631	636	1	5					
sequence	hmm	20261001_8fb675cb	XP_066027285.1	_		traf2_binding_variant	Motif		PTEYS	804	809	1	5					
sequence	hmm	20261001_8fb675cb	XP_066027285.1	_		traf2_binding_variant	Motif		PRQTS	817	822	1	5					
sequence	hmm	20261001_8fb675cb	XP_066027285.1	_		traf2_binding_permissive	Motif		PCNSTS	84	90	1	6					
sequence	hmm	20261001_8fb675cb	XP_066027285.1	_		traf2_binding_permissive	Motif		PCEKT	108	113	1	5					
sequence	hmm	20261001_8fb675cb	XP_066027285.1	_		traf2_binding_permissive	Motif		PWENG	165	170	1	5					
sequence	hmm	20261001_8fb675cb	XP_066027285.1	_		traf2_binding_permissive	Motif		PSVNPT	196	202	1	6					
sequence	hmm	20261001_8fb675cb	XP_066027285.1	_		traf2_binding_permissive	Motif		PAGEIID	243	250	1	7					
sequence	hmm	20261001_8fb675cb	XP_066027285.1	_		traf2_binding_permissive	Motif		PTEKS	266	271	1	5					
sequence	hmm	20261001_8fb675cb	XP_066027285.1	_		traf2_binding_permissive	Motif		PTNFE	277	282	1	5					
sequence	hmm	20261001_8fb675cb	XP_066027285.1	_		traf2_binding_permissive	Motif		PPTEENE	370	377	1	7					
sequence	hmm	20261001_8fb675cb	XP_066027285.1	_		traf2_binding_permissive	Motif		PYHESD	380	386	1	6					
sequence	hmm	20261001_8fb675cb	XP_066027285.1	_		traf2_binding_permissive	Motif		PNLNNPA	483	490	1	7					
sequence	hmm	20261001_8fb675cb	XP_066027285.1	_		traf2_binding_permissive	Motif		PVVECG	586	592	1	6					
sequence	hmm	20261001_8fb675cb	XP_066027285.1	_		traf2_binding_permissive	Motif		PHNVT	592	597	1	5					
sequence	hmm	20261001_8fb675cb	XP_066027285.1	_		traf2_binding_permissive	Motif		PVEIT	600	605	1	5					
sequence	hmm	20261001_8fb675cb	XP_066027285.1	_		traf2_binding_permissive	Motif		PLQWE	631	636	1	5					
sequence	hmm	20261001_8fb675cb	XP_066027285.1	_		traf2_binding_permissive	Motif		PTEYS	804	809	1	5					
sequence	hmm	20261001_8fb675cb	XP_066027285.1	_		traf2_binding_permissive	Motif		PRQTS	817	822	1	5					
sequence	hmm	20261001_8fb675cb	XP_066027285.1	_		traf2_binding_permissive	Motif		PSEENE	849	855	1	6					
sequence	hmm	20261001_8fb675cb	XP_066030393.1	_		traf6_binding_permissive	Motif		PIENLL	366	372	1	6					
sequence	hmm	20261001_8fb675cb	XP_066030393.1	_		traf2_binding_variant	Motif		PNNTT	173	178	1	5					
sequence	hmm	20261001_8fb675cb	XP_066030393.1	_		traf2_binding_variant	Motif		PAQPE	240	245	1	5					
sequence	hmm	20261001_8fb675cb	XP_066030393.1	_		traf2_binding_variant	Motif		PRNEA	409	414	1	5					
sequence	hmm	20261001_8fb675cb	XP_066030393.1	_		traf2_binding_permissive	Motif		PNNTT	173	178	1	5					
sequence	hmm	20261001_8fb675cb	XP_066030393.1	_		traf2_binding_permissive	Motif		PKLEES	189	195	1	6					
sequence	hmm	20261001_8fb675cb	XP_066030393.1	_		traf2_binding_permissive	Motif		PREENS	199	205	1	6					
sequence	hmm	20261001_8fb675cb	XP_066030393.1	_		traf2_binding_permissive	Motif		PAQPEG	240	246	1	6					
sequence	hmm	20261001_8fb675cb	XP_066030393.1	_		traf2_binding_permissive	Motif		PRHELE	284	290	1	6					
sequence	hmm	20261001_8fb675cb	XP_066030393.1	_		traf2_binding_permissive	Motif		PRNEADS	409	416	1	7					
sequence	hmm	20261001_8fb675cb	XP_066030394.1	_		traf6_binding_permissive	Motif		PIENLL	358	364	1	6					
sequence	hmm	20261001_8fb675cb	XP_066030394.1	_		traf2_binding_variant	Motif		PNNTT	165	170	1	5					
sequence	hmm	20261001_8fb675cb	XP_066030394.1	_		traf2_binding_variant	Motif		PAQPE	232	237	1	5					
sequence	hmm	20261001_8fb675cb	XP_066030394.1	_		traf2_binding_variant	Motif		PRNEA	401	406	1	5					
sequence	hmm	20261001_8fb675cb	XP_066030394.1	_		traf2_binding_permissive	Motif		PNNTT	165	170	1	5					
sequence	hmm	20261001_8fb675cb	XP_066030394.1	_		traf2_binding_permissive	Motif		PKLEES	181	187	1	6					
sequence	hmm	20261001_8fb675cb	XP_066030394.1	_		traf2_binding_permissive	Motif		PREENS	191	197	1	6					
sequence	hmm	20261001_8fb675cb	XP_066030394.1	_		traf2_binding_permissive	Motif		PAQPEG	232	238	1	6					
sequence	hmm	20261001_8fb675cb	XP_066030394.1	_		traf2_binding_permissive	Motif		PRHELE	276	282	1	6					
sequence	hmm	20261001_8fb675cb	XP_066030394.1	_		traf2_binding_permissive	Motif		PRNEADS	401	408	1	7					
sequence	hmm	20261001_8fb675cb	XP_066030395.1	_		traf6_binding_permissive	Motif		PIENLL	357	363	1	6					
sequence	hmm	20261001_8fb675cb	XP_066030395.1	_		traf2_binding_variant	Motif		PNNTT	164	169	1	5					
sequence	hmm	20261001_8fb675cb	XP_066030395.1	_		traf2_binding_variant	Motif		PAQPE	231	236	1	5					
sequence	hmm	20261001_8fb675cb	XP_066030395.1	_		traf2_binding_variant	Motif		PRNEA	400	405	1	5					
sequence	hmm	20261001_8fb675cb	XP_066030395.1	_		traf2_binding_permissive	Motif		PNNTT	164	169	1	5					
sequence	hmm	20261001_8fb675cb	XP_066030395.1	_		traf2_binding_permissive	Motif		PKLEES	180	186	1	6					
sequence	hmm	20261001_8fb675cb	XP_066030395.1	_		traf2_binding_permissive	Motif		PREENS	190	196	1	6					
sequence	hmm	20261001_8fb675cb	XP_066030395.1	_		traf2_binding_permissive	Motif		PAQPEG	231	237	1	6					
sequence	hmm	20261001_8fb675cb	XP_066030395.1	_		traf2_binding_permissive	Motif		PRHELE	275	281	1	6					
sequence	hmm	20261001_8fb675cb	XP_066030395.1	_		traf2_binding_permissive	Motif		PRNEADS	400	407	1	7					
sequence	hmm	20261001_8fb675cb	XP_066030396.1	_		traf6_binding_permissive	Motif		PIENLL	356	362	1	6					
sequence	hmm	20261001_8fb675cb	XP_066030396.1	_		traf2_binding_variant	Motif		PNNTT	163	168	1	5					
sequence	hmm	20261001_8fb675cb	XP_066030396.1	_		traf2_binding_variant	Motif		PAQPE	230	235	1	5					
sequence	hmm	20261001_8fb675cb	XP_066030396.1	_		traf2_binding_variant	Motif		PRNEA	399	404	1	5					
sequence	hmm	20261001_8fb675cb	XP_066030396.1	_		traf2_binding_permissive	Motif		PNNTT	163	168	1	5					
sequence	hmm	20261001_8fb675cb	XP_066030396.1	_		traf2_binding_permissive	Motif		PKLEES	179	185	1	6					
sequence	hmm	20261001_8fb675cb	XP_066030396.1	_		traf2_binding_permissive	Motif		PREENS	189	195	1	6					
sequence	hmm	20261001_8fb675cb	XP_066030396.1	_		traf2_binding_permissive	Motif		PAQPEG	230	236	1	6					
sequence	hmm	20261001_8fb675cb	XP_066030396.1	_		traf2_binding_permissive	Motif		PRHELE	274	280	1	6					
sequence	hmm	20261001_8fb675cb	XP_066030396.1	_		traf2_binding_permissive	Motif		PRNEADS	399	406	1	7					
sequence	hmm	20261001_8fb675cb	XP_066030397.1	_		traf6_binding_permissive	Motif		PIENLL	345	351	1	6					
sequence	hmm	20261001_8fb675cb	XP_066030397.1	_		traf2_binding_variant	Motif		PNNTT	152	157	1	5					
sequence	hmm	20261001_8fb675cb	XP_066030397.1	_		traf2_binding_variant	Motif		PAQPE	219	224	1	5					
sequence	hmm	20261001_8fb675cb	XP_066030397.1	_		traf2_binding_variant	Motif		PRNEA	388	393	1	5					
sequence	hmm	20261001_8fb675cb	XP_066030397.1	_		traf2_binding_permissive	Motif		PNNTT	152	157	1	5					
sequence	hmm	20261001_8fb675cb	XP_066030397.1	_		traf2_binding_permissive	Motif		PKLEES	168	174	1	6					
sequence	hmm	20261001_8fb675cb	XP_066030397.1	_		traf2_binding_permissive	Motif		PREENS	178	184	1	6					
sequence	hmm	20261001_8fb675cb	XP_066030397.1	_		traf2_binding_permissive	Motif		PAQPEG	219	225	1	6					
sequence	hmm	20261001_8fb675cb	XP_066030397.1	_		traf2_binding_permissive	Motif		PRHELE	263	269	1	6					
sequence	hmm	20261001_8fb675cb	XP_066030397.1	_		traf2_binding_permissive	Motif		PRNEADS	388	395	1	7					
sequence	hmm	20261001_8fb675cb	XP_066030398.1	_		traf2_binding_permissive	Motif		PCSETED	54	61	1	7					
sequence	hmm	20261001_8fb675cb	XP_066030398.1	_		traf2_binding_permissive	Motif		PCIEGYD	65	72	1	7					
sequence	hmm	20261001_8fb675cb	XP_066030398.1	_		traf2_binding_permissive	Motif		PPECNG	106	112	1	6					
sequence	hmm	20261001_8fb675cb	XP_066030398.1	_		traf2_binding_permissive	Motif		PKTERLS	203	210	1	7					
sequence	hmm	20261001_8fb675cb	XP_066030399.1	_		traf2_binding_permissive	Motif		PCSETED	54	61	1	7					
sequence	hmm	20261001_8fb675cb	XP_066030399.1	_		traf2_binding_permissive	Motif		PCIEGYD	65	72	1	7					
sequence	hmm	20261001_8fb675cb	XP_066030399.1	_		traf2_binding_permissive	Motif		PPECNG	106	112	1	6					
sequence	hmm	20261001_8fb675cb	XP_066030399.1	_		traf2_binding_permissive	Motif		PKTERLS	203	210	1	7					
sequence	hmm	20261001_8fb675cb	XP_066030400.1	_		traf2_binding_permissive	Motif		PCSETED	48	55	1	7					
sequence	hmm	20261001_8fb675cb	XP_066030400.1	_		traf2_binding_permissive	Motif		PCIEGYD	59	66	1	7					
sequence	hmm	20261001_8fb675cb	XP_066030400.1	_		traf2_binding_permissive	Motif		PPECNG	100	106	1	6					
sequence	hmm	20261001_8fb675cb	XP_066030400.1	_		traf2_binding_permissive	Motif		PKTERLS	197	204	1	7					
sequence	hmm	20261001_8fb675cb	XP_066030401.1	_		traf2_binding_permissive	Motif		PCSETED	48	55	1	7					
sequence	hmm	20261001_8fb675cb	XP_066030401.1	_		traf2_binding_permissive	Motif		PCIEGYD	59	66	1	7					
sequence	hmm	20261001_8fb675cb	XP_066030401.1	_		traf2_binding_permissive	Motif		PPECNG	100	106	1	6					
sequence	hmm	20261001_8fb675cb	XP_066030401.1	_		traf2_binding_permissive	Motif		PKTERLS	197	204	1	7					
sequence	hmm	20261001_8fb675cb	XP_066030402.1	_		traf2_binding_permissive	Motif		PCSETED	40	47	1	7					
sequence	hmm	20261001_8fb675cb	XP_066030402.1	_		traf2_binding_permissive	Motif		PCIEGYD	51	58	1	7					
sequence	hmm	20261001_8fb675cb	XP_066030402.1	_		traf2_binding_permissive	Motif		PPECNG	92	98	1	6					
sequence	hmm	20261001_8fb675cb	XP_066030402.1	_		traf2_binding_permissive	Motif		PKTERLS	189	196	1	7					
sequence	hmm	20261001_8fb675cb	XP_068717472.1	_		traf6_binding_permissive	Motif		PTEHDI	291	297	1	6					
sequence	hmm	20261001_8fb675cb	XP_068717472.1	_		traf6_binding_permissive	Motif		PPQQGI	463	469	1	6					
sequence	hmm	20261001_8fb675cb	XP_068717472.1	_		traf6_binding_permissive	Motif		PAQTAL	780	786	1	6					
sequence	hmm	20261001_8fb675cb	XP_068717472.1	_		traf2_binding_variant	Motif		PEEPA	45	50	1	5					
sequence	hmm	20261001_8fb675cb	XP_068717472.1	_		traf2_binding_variant	Motif		PCETG	53	58	1	5					
sequence	hmm	20261001_8fb675cb	XP_068717472.1	_		traf2_binding_variant	Motif		PTEHD	291	296	1	5					
sequence	hmm	20261001_8fb675cb	XP_068717472.1	_		traf2_binding_variant	Motif		PDEIG	311	316	1	5					
sequence	hmm	20261001_8fb675cb	XP_068717472.1	_		traf2_binding_variant	Motif		PPQQG	463	468	1	5					
sequence	hmm	20261001_8fb675cb	XP_068717472.1	_		traf2_binding_variant	Motif		PWNWE	586	591	1	5					
sequence	hmm	20261001_8fb675cb	XP_068717472.1	_		traf2_binding_variant	Motif		PAQTA	780	785	1	5					
sequence	hmm	20261001_8fb675cb	XP_068717472.1	_		traf2_binding_permissive	Motif		PPEEPAG	44	51	1	7					
sequence	hmm	20261001_8fb675cb	XP_068717472.1	_		traf2_binding_permissive	Motif		PCETGT	53	59	1	6					
sequence	hmm	20261001_8fb675cb	XP_068717472.1	_		traf2_binding_permissive	Motif		PRRNTTG	161	168	1	7					
sequence	hmm	20261001_8fb675cb	XP_068717472.1	_		traf2_binding_permissive	Motif		PTNSVD	199	205	1	6					
sequence	hmm	20261001_8fb675cb	XP_068717472.1	_		traf2_binding_permissive	Motif		PASNPYT	240	247	1	7					
sequence	hmm	20261001_8fb675cb	XP_068717472.1	_		traf2_binding_permissive	Motif		PTEHD	291	296	1	5					
sequence	hmm	20261001_8fb675cb	XP_068717472.1	_		traf2_binding_permissive	Motif		PDEIGS	311	317	1	6					
sequence	hmm	20261001_8fb675cb	XP_068717472.1	_		traf2_binding_permissive	Motif		PPQQGIA	463	470	1	7					
sequence	hmm	20261001_8fb675cb	XP_068717472.1	_		traf2_binding_permissive	Motif		PDSNVS	493	499	1	6					
sequence	hmm	20261001_8fb675cb	XP_068717472.1	_		traf2_binding_permissive	Motif		PWNWE	586	591	1	5					
sequence	hmm	20261001_8fb675cb	XP_068717472.1	_		traf2_binding_permissive	Motif		PSSNLIS	645	652	1	7					
sequence	hmm	20261001_8fb675cb	XP_068717472.1	_		traf2_binding_permissive	Motif		PAQTA	780	785	1	5					
sequence	hmm	20261001_8fb675cb	XP_068717472.1	_		traf2_binding_permissive	Motif		PISENSS	945	952	1	7					
sequence	hmm	20261001_8fb675cb	XP_068717473.1	_		traf6_binding_permissive	Motif		PTEHDI	291	297	1	6					
sequence	hmm	20261001_8fb675cb	XP_068717473.1	_		traf6_binding_permissive	Motif		PPQQGI	462	468	1	6					
sequence	hmm	20261001_8fb675cb	XP_068717473.1	_		traf6_binding_permissive	Motif		PAQTAL	779	785	1	6					
sequence	hmm	20261001_8fb675cb	XP_068717473.1	_		traf2_binding_variant	Motif		PEEPA	45	50	1	5					
sequence	hmm	20261001_8fb675cb	XP_068717473.1	_		traf2_binding_variant	Motif		PCETG	53	58	1	5					
sequence	hmm	20261001_8fb675cb	XP_068717473.1	_		traf2_binding_variant	Motif		PTEHD	291	296	1	5					
sequence	hmm	20261001_8fb675cb	XP_068717473.1	_		traf2_binding_variant	Motif		PDEIG	311	316	1	5					
sequence	hmm	20261001_8fb675cb	XP_068717473.1	_		traf2_binding_variant	Motif		PPQQG	462	467	1	5					
sequence	hmm	20261001_8fb675cb	XP_068717473.1	_		traf2_binding_variant	Motif		PWNWE	585	590	1	5					
sequence	hmm	20261001_8fb675cb	XP_068717473.1	_		traf2_binding_variant	Motif		PAQTA	779	784	1	5					
sequence	hmm	20261001_8fb675cb	XP_068717473.1	_		traf2_binding_permissive	Motif		PPEEPAG	44	51	1	7					
sequence	hmm	20261001_8fb675cb	XP_068717473.1	_		traf2_binding_permissive	Motif		PCETGT	53	59	1	6					
sequence	hmm	20261001_8fb675cb	XP_068717473.1	_		traf2_binding_permissive	Motif		PRRNTTG	161	168	1	7					
sequence	hmm	20261001_8fb675cb	XP_068717473.1	_		traf2_binding_permissive	Motif		PTNSVD	199	205	1	6					
sequence	hmm	20261001_8fb675cb	XP_068717473.1	_		traf2_binding_permissive	Motif		PASNPYT	240	247	1	7					
sequence	hmm	20261001_8fb675cb	XP_068717473.1	_		traf2_binding_permissive	Motif		PTEHD	291	296	1	5					
sequence	hmm	20261001_8fb675cb	XP_068717473.1	_		traf2_binding_permissive	Motif		PDEIGS	311	317	1	6					
sequence	hmm	20261001_8fb675cb	XP_068717473.1	_		traf2_binding_permissive	Motif		PPQQGIA	462	469	1	7					
sequence	hmm	20261001_8fb675cb	XP_068717473.1	_		traf2_binding_permissive	Motif		PDSNVS	492	498	1	6					
sequence	hmm	20261001_8fb675cb	XP_068717473.1	_		traf2_binding_permissive	Motif		PWNWE	585	590	1	5					
sequence	hmm	20261001_8fb675cb	XP_068717473.1	_		traf2_binding_permissive	Motif		PSSNLIS	644	651	1	7					
sequence	hmm	20261001_8fb675cb	XP_068717473.1	_		traf2_binding_permissive	Motif		PAQTA	779	784	1	5					
sequence	hmm	20261001_8fb675cb	XP_068717473.1	_		traf2_binding_permissive	Motif		PISENSS	944	951	1	7					
sequence	hmm	20261001_8fb675cb	XP_068717474.1	_		traf6_binding_permissive	Motif		PTEHDI	291	297	1	6					
sequence	hmm	20261001_8fb675cb	XP_068717474.1	_		traf6_binding_permissive	Motif		PPQQGI	463	469	1	6					
sequence	hmm	20261001_8fb675cb	XP_068717474.1	_		traf6_binding_permissive	Motif		PAQTAL	780	786	1	6					
sequence	hmm	20261001_8fb675cb	XP_068717474.1	_		traf2_binding_variant	Motif		PEEPA	45	50	1	5					
sequence	hmm	20261001_8fb675cb	XP_068717474.1	_		traf2_binding_variant	Motif		PCETG	53	58	1	5					
sequence	hmm	20261001_8fb675cb	XP_068717474.1	_		traf2_binding_variant	Motif		PTEHD	291	296	1	5					
sequence	hmm	20261001_8fb675cb	XP_068717474.1	_		traf2_binding_variant	Motif		PDEIG	311	316	1	5					
sequence	hmm	20261001_8fb675cb	XP_068717474.1	_		traf2_binding_variant	Motif		PPQQG	463	468	1	5					
sequence	hmm	20261001_8fb675cb	XP_068717474.1	_		traf2_binding_variant	Motif		PWNWE	586	591	1	5					
sequence	hmm	20261001_8fb675cb	XP_068717474.1	_		traf2_binding_variant	Motif		PAQTA	780	785	1	5					
sequence	hmm	20261001_8fb675cb	XP_068717474.1	_		traf2_binding_permissive	Motif		PPEEPAG	44	51	1	7					
sequence	hmm	20261001_8fb675cb	XP_068717474.1	_		traf2_binding_permissive	Motif		PCETGT	53	59	1	6					
sequence	hmm	20261001_8fb675cb	XP_068717474.1	_		traf2_binding_permissive	Motif		PRRNTTG	161	168	1	7					
sequence	hmm	20261001_8fb675cb	XP_068717474.1	_		traf2_binding_permissive	Motif		PTNSVD	199	205	1	6					
sequence	hmm	20261001_8fb675cb	XP_068717474.1	_		traf2_binding_permissive	Motif		PASNPYT	240	247	1	7					
sequence	hmm	20261001_8fb675cb	XP_068717474.1	_		traf2_binding_permissive	Motif		PTEHD	291	296	1	5					
sequence	hmm	20261001_8fb675cb	XP_068717474.1	_		traf2_binding_permissive	Motif		PDEIGS	311	317	1	6					
sequence	hmm	20261001_8fb675cb	XP_068717474.1	_		traf2_binding_permissive	Motif		PPQQGIA	463	470	1	7					
sequence	hmm	20261001_8fb675cb	XP_068717474.1	_		traf2_binding_permissive	Motif		PDSNVS	493	499	1	6					
sequence	hmm	20261001_8fb675cb	XP_068717474.1	_		traf2_binding_permissive	Motif		PWNWE	586	591	1	5					
sequence	hmm	20261001_8fb675cb	XP_068717474.1	_		traf2_binding_permissive	Motif		PSSNLIS	645	652	1	7					
sequence	hmm	20261001_8fb675cb	XP_068717474.1	_		traf2_binding_permissive	Motif		PAQTA	780	785	1	5					
sequence	hmm	20261001_8fb675cb	XP_068717474.1	_		traf2_binding_permissive	Motif		PISENSS	922	929	1	7					
sequence	hmm	20261001_8fb675cb	XP_068718142.1	_		traf6_binding_strict	Motif		PPETSE	615	621	1	6					
sequence	hmm	20261001_8fb675cb	XP_068718142.1	_		traf6_binding_permissive	Motif		PEQIRW	43	49	1	6					
sequence	hmm	20261001_8fb675cb	XP_068718142.1	_		traf6_binding_permissive	Motif		PPETSE	615	621	1	6					
sequence	hmm	20261001_8fb675cb	XP_068718142.1	_		traf6_binding_permissive	Motif		PLQMAH	798	804	1	6					
sequence	hmm	20261001_8fb675cb	XP_068718142.1	_		traf2_binding_strict	Motif		PPETS	615	620	1	5					
sequence	hmm	20261001_8fb675cb	XP_068718142.1	_		traf2_binding_variant	Motif		PENID	442	447	1	5					
sequence	hmm	20261001_8fb675cb	XP_068718142.1	_		traf2_binding_variant	Motif		PPETS	615	620	1	5					
sequence	hmm	20261001_8fb675cb	XP_068718142.1	_		traf2_binding_variant	Motif		PLQMA	798	803	1	5					
sequence	hmm	20261001_8fb675cb	XP_068718142.1	_		traf2_binding_permissive	Motif		PANQPT	226	232	1	6					
sequence	hmm	20261001_8fb675cb	XP_068718142.1	_		traf2_binding_permissive	Motif		PLETIA	316	322	1	6					
sequence	hmm	20261001_8fb675cb	XP_068718142.1	_		traf2_binding_permissive	Motif		PENID	442	447	1	5					
sequence	hmm	20261001_8fb675cb	XP_068718142.1	_		traf2_binding_permissive	Motif		PPETSE	615	621	1	6					
sequence	hmm	20261001_8fb675cb	XP_068718142.1	_		traf2_binding_permissive	Motif		PLQMA	798	803	1	5					
sequence	hmm	20261001_8fb675cb	XP_068718142.1	_		traf2_binding_permissive	Motif		PLCELAE	883	890	1	7					
sequence	hmm	20261001_8fb675cb	XP_068718143.1	_		traf6_binding_strict	Motif		PPETSE	615	621	1	6					
sequence	hmm	20261001_8fb675cb	XP_068718143.1	_		traf6_binding_permissive	Motif		PEQIRW	43	49	1	6					
sequence	hmm	20261001_8fb675cb	XP_068718143.1	_		traf6_binding_permissive	Motif		PPETSE	615	621	1	6					
sequence	hmm	20261001_8fb675cb	XP_068718143.1	_		traf6_binding_permissive	Motif		PLQMAH	796	802	1	6					
sequence	hmm	20261001_8fb675cb	XP_068718143.1	_		traf2_binding_strict	Motif		PPETS	615	620	1	5					
sequence	hmm	20261001_8fb675cb	XP_068718143.1	_		traf2_binding_variant	Motif		PENID	442	447	1	5					
sequence	hmm	20261001_8fb675cb	XP_068718143.1	_		traf2_binding_variant	Motif		PPETS	615	620	1	5					
sequence	hmm	20261001_8fb675cb	XP_068718143.1	_		traf2_binding_variant	Motif		PLQMA	796	801	1	5					
sequence	hmm	20261001_8fb675cb	XP_068718143.1	_		traf2_binding_permissive	Motif		PANQPT	226	232	1	6					
sequence	hmm	20261001_8fb675cb	XP_068718143.1	_		traf2_binding_permissive	Motif		PLETIA	316	322	1	6					
sequence	hmm	20261001_8fb675cb	XP_068718143.1	_		traf2_binding_permissive	Motif		PENID	442	447	1	5					
sequence	hmm	20261001_8fb675cb	XP_068718143.1	_		traf2_binding_permissive	Motif		PPETSE	615	621	1	6					
sequence	hmm	20261001_8fb675cb	XP_068718143.1	_		traf2_binding_permissive	Motif		PLQMA	796	801	1	5					
sequence	hmm	20261001_8fb675cb	XP_068718143.1	_		traf2_binding_permissive	Motif		PLCELAE	881	888	1	7					
sequence	hmm	20261001_8fb675cb	XP_068718144.1	_		traf6_binding_permissive	Motif		PVEMIH	696	702	1	6					
sequence	hmm	20261001_8fb675cb	XP_068718144.1	_		traf6_binding_permissive	Motif		PTEVLL	745	751	1	6					
sequence	hmm	20261001_8fb675cb	XP_068718144.1	_		traf2_binding_permissive	Motif		PKCQTD	166	172	1	6					
sequence	hmm	20261001_8fb675cb	XP_068718144.1	_		traf2_binding_permissive	Motif		PFPECGS	197	204	1	7					
sequence	hmm	20261001_8fb675cb	XP_068718144.1	_		traf2_binding_permissive	Motif		PVDEAES	367	374	1	7					
sequence	hmm	20261001_8fb675cb	XP_068718145.1	_		traf6_binding_permissive	Motif		PVEMIH	695	701	1	6					
sequence	hmm	20261001_8fb675cb	XP_068718145.1	_		traf6_binding_permissive	Motif		PTEVLL	744	750	1	6					
sequence	hmm	20261001_8fb675cb	XP_068718145.1	_		traf2_binding_permissive	Motif		PKCQTD	166	172	1	6					
sequence	hmm	20261001_8fb675cb	XP_068718145.1	_		traf2_binding_permissive	Motif		PFPECGS	197	204	1	7					
sequence	hmm	20261001_8fb675cb	XP_068718145.1	_		traf2_binding_permissive	Motif		PVDEES	367	373	1	6					
sequence	hmm	20261001_8fb675cb	XP_068718146.1	_		traf6_binding_strict	Motif		PNEIVE	117	123	1	6					
sequence	hmm	20261001_8fb675cb	XP_068718146.1	_		traf6_binding_permissive	Motif		PNEIVE	117	123	1	6					
sequence	hmm	20261001_8fb675cb	XP_068718146.1	_		traf6_binding_permissive	Motif		PDQEVI	259	265	1	6					
sequence	hmm	20261001_8fb675cb	XP_068718146.1	_		traf2_binding_permissive	Motif		PNEIVE	117	123	1	6					
sequence	hmm	20261001_8fb675cb	XP_068718146.1	_		traf2_binding_permissive	Motif		PTAERKT	677	684	1	7					
sequence	hmm	20261001_8fb675cb	XP_068718147.1	_		traf6_binding_strict	Motif		PNEIVE	117	123	1	6					
sequence	hmm	20261001_8fb675cb	XP_068718147.1	_		traf6_binding_permissive	Motif		PNEIVE	117	123	1	6					
sequence	hmm	20261001_8fb675cb	XP_068718147.1	_		traf6_binding_permissive	Motif		PDQEVI	259	265	1	6					
sequence	hmm	20261001_8fb675cb	XP_068718147.1	_		traf2_binding_permissive	Motif		PNEIVE	117	123	1	6					
sequence	hmm	20261001_8fb675cb	XP_068718147.1	_		traf2_binding_permissive	Motif		PTAERKT	677	684	1	7					
sequence	hmm	20261001_8fb675cb	XP_068718148.1	_		traf6_binding_strict	Motif		PNEIVE	90	96	1	6					
sequence	hmm	20261001_8fb675cb	XP_068718148.1	_		traf6_binding_permissive	Motif		PNEIVE	90	96	1	6					
sequence	hmm	20261001_8fb675cb	XP_068718148.1	_		traf6_binding_permissive	Motif		PDQEVI	232	238	1	6					
sequence	hmm	20261001_8fb675cb	XP_068718148.1	_		traf2_binding_permissive	Motif		PNEIVE	90	96	1	6					
sequence	hmm	20261001_8fb675cb	XP_068718148.1	_		traf2_binding_permissive	Motif		PTAERKT	650	657	1	7					
sequence	hmm	20261001_8fb675cb	XP_068718149.1	_		traf6_binding_strict	Motif		PNEIVE	90	96	1	6					
sequence	hmm	20261001_8fb675cb	XP_068718149.1	_		traf6_binding_permissive	Motif		PNEIVE	90	96	1	6					
sequence	hmm	20261001_8fb675cb	XP_068718149.1	_		traf6_binding_permissive	Motif		PDQEVI	232	238	1	6					
sequence	hmm	20261001_8fb675cb	XP_068718149.1	_		traf2_binding_permissive	Motif		PNEIVE	90	96	1	6					
sequence	hmm	20261001_8fb675cb	XP_068718149.1	_		traf2_binding_permissive	Motif		PTAERKT	650	657	1	7					
sequence	hmm	20261001_8fb675cb	XP_068718150.1	_		traf6_binding_strict	Motif		PNEIVE	54	60	1	6					
sequence	hmm	20261001_8fb675cb	XP_068718150.1	_		traf6_binding_permissive	Motif		PNEIVE	54	60	1	6					
sequence	hmm	20261001_8fb675cb	XP_068718150.1	_		traf6_binding_permissive	Motif		PDQEVI	196	202	1	6					
sequence	hmm	20261001_8fb675cb	XP_068718150.1	_		traf2_binding_permissive	Motif		PNEIVE	54	60	1	6					
sequence	hmm	20261001_8fb675cb	XP_068718150.1	_		traf2_binding_permissive	Motif		PTAERKT	614	621	1	7					
sequence	hmm	20261001_8fb675cb	XP_068718152.1	_		traf6_binding_strict	Motif		PTEIVE	93	99	1	6					
sequence	hmm	20261001_8fb675cb	XP_068718152.1	_		traf6_binding_permissive	Motif		PTEIVE	93	99	1	6					
sequence	hmm	20261001_8fb675cb	XP_068718152.1	_		traf6_binding_permissive	Motif		PDQEVI	235	241	1	6					
sequence	hmm	20261001_8fb675cb	XP_068718152.1	_		traf2_binding_permissive	Motif		PTEIVE	93	99	1	6					
sequence	hmm	20261001_8fb675cb	XP_068718152.1	_		traf2_binding_permissive	Motif		PCSECVE	129	136	1	7					
sequence	hmm	20261001_8fb675cb	XP_068718152.1	_		traf2_binding_permissive	Motif		PRDQICG	150	157	1	7					
sequence	hmm	20261001_8fb675cb	XP_068718153.1	_		traf2_binding_strict	Motif		PVQSS	372	377	1	5					
sequence	hmm	20261001_8fb675cb	XP_068718153.1	_		traf2_binding_variant	Motif		PVQSS	372	377	1	5					
sequence	hmm	20261001_8fb675cb	XP_068718153.1	_		traf2_binding_permissive	Motif		PRGQGLS	65	72	1	7					
sequence	hmm	20261001_8fb675cb	XP_068718153.1	_		traf2_binding_permissive	Motif		PVQSSS	372	378	1	6					
sequence	hmm	20261001_8fb675cb	XP_068718154.1	_		traf2_binding_strict	Motif		PVQSS	371	376	1	5					
sequence	hmm	20261001_8fb675cb	XP_068718154.1	_		traf2_binding_variant	Motif		PVQSS	371	376	1	5					
sequence	hmm	20261001_8fb675cb	XP_068718154.1	_		traf2_binding_permissive	Motif		PRGQGLS	65	72	1	7					
sequence	hmm	20261001_8fb675cb	XP_068718154.1	_		traf2_binding_permissive	Motif		PVQSSS	371	377	1	6					
sequence	hmm	20261001_8fb675cb	XP_068718155.1	_		traf2_binding_strict	Motif		PVQTT	352	357	1	5					
sequence	hmm	20261001_8fb675cb	XP_068718155.1	_		traf2_binding_variant	Motif		PVQTT	352	357	1	5					
sequence	hmm	20261001_8fb675cb	XP_068718155.1	_		traf2_binding_permissive	Motif		PQGQGLS	63	70	1	7					
sequence	hmm	20261001_8fb675cb	XP_068718155.1	_		traf2_binding_permissive	Motif		PFEKNG	233	239	1	6					
sequence	hmm	20261001_8fb675cb	XP_068718155.1	_		traf2_binding_permissive	Motif		PLLEKE	346	352	1	6					
sequence	hmm	20261001_8fb675cb	XP_068718155.1	_		traf2_binding_permissive	Motif		PVQTT	352	357	1	5					
sequence	hmm	20261001_8fb675cb	XP_068718156.1	_		traf2_binding_strict	Motif		PVQST	346	351	1	5					
sequence	hmm	20261001_8fb675cb	XP_068718156.1	_		traf2_binding_variant	Motif		PVQST	346	351	1	5					
sequence	hmm	20261001_8fb675cb	XP_068718156.1	_		traf2_binding_permissive	Motif		PRGQGLS	61	68	1	7					
sequence	hmm	20261001_8fb675cb	XP_068718156.1	_		traf2_binding_permissive	Motif		PTSNNNA	196	203	1	7					
sequence	hmm	20261001_8fb675cb	XP_068718156.1	_		traf2_binding_permissive	Motif		PSQKIG	229	235	1	6					
sequence	hmm	20261001_8fb675cb	XP_068718156.1	_		traf2_binding_permissive	Motif		PVQSTS	346	352	1	6					
sequence	hmm	20261001_8fb675cb	XP_068718157.1	_		traf2_binding_strict	Motif		PVQST	345	350	1	5					
sequence	hmm	20261001_8fb675cb	XP_068718157.1	_		traf2_binding_variant	Motif		PVQST	345	350	1	5					
sequence	hmm	20261001_8fb675cb	XP_068718157.1	_		traf2_binding_permissive	Motif		PRGQGLS	61	68	1	7					
sequence	hmm	20261001_8fb675cb	XP_068718157.1	_		traf2_binding_permissive	Motif		PTSNNNA	196	203	1	7					
sequence	hmm	20261001_8fb675cb	XP_068718157.1	_		traf2_binding_permissive	Motif		PSQKIG	229	235	1	6					
sequence	hmm	20261001_8fb675cb	XP_068718157.1	_		traf2_binding_permissive	Motif		PVQSTS	345	351	1	6					
sequence	hmm	20261001_8fb675cb	XP_068718158.1	_		traf2_binding_strict	Motif		PVQTT	349	354	1	5					
sequence	hmm	20261001_8fb675cb	XP_068718158.1	_		traf2_binding_variant	Motif		PVQTT	349	354	1	5					
sequence	hmm	20261001_8fb675cb	XP_068718158.1	_		traf2_binding_permissive	Motif		PRGQGLS	63	70	1	7					
sequence	hmm	20261001_8fb675cb	XP_068718158.1	_		traf2_binding_permissive	Motif		PSNSQS	215	221	1	6					
sequence	hmm	20261001_8fb675cb	XP_068718158.1	_		traf2_binding_permissive	Motif		PFERNG	233	239	1	6					
sequence	hmm	20261001_8fb675cb	XP_068718158.1	_		traf2_binding_permissive	Motif		PLLEKE	343	349	1	6					
sequence	hmm	20261001_8fb675cb	XP_068718158.1	_		traf2_binding_permissive	Motif		PVQTT	349	354	1	5					
sequence	hmm	20261001_8fb675cb	XP_068718160.1	_		traf2_binding_strict	Motif		PVQSS	342	347	1	5					
sequence	hmm	20261001_8fb675cb	XP_068718160.1	_		traf2_binding_variant	Motif		PVQSS	342	347	1	5					
sequence	hmm	20261001_8fb675cb	XP_068718160.1	_		traf2_binding_permissive	Motif		PVQSSS	342	348	1	6					
sequence	hmm	20261001_8fb675cb	XP_068718161.1	_		traf2_binding_strict	Motif		PVQSS	340	345	1	5					
sequence	hmm	20261001_8fb675cb	XP_068718161.1	_		traf2_binding_variant	Motif		PVQSS	340	345	1	5					
sequence	hmm	20261001_8fb675cb	XP_068718161.1	_		traf2_binding_permissive	Motif		PVQSSS	340	346	1	6					
sequence	hmm	20261001_8fb675cb	XP_068718162.1	_		traf6_binding_permissive	Motif		PEQIRW	43	49	1	6					
sequence	hmm	20261001_8fb675cb	XP_068718162.1	_		traf2_binding_permissive	Motif		PPANQPT	226	233	1	7					
sequence	hmm	20261001_8fb675cb	XP_068718162.1	_		traf2_binding_permissive	Motif		PLETIA	317	323	1	6					
sequence	hmm	20261001_8fb675cb	XP_068718172.1	_		traf6_binding_strict	Motif		PKEIND	284	290	1	6					
sequence	hmm	20261001_8fb675cb	XP_068718172.1	_		traf6_binding_permissive	Motif		PSQQTV	259	265	1	6					
sequence	hmm	20261001_8fb675cb	XP_068718172.1	_		traf6_binding_permissive	Motif		PKEIND	284	290	1	6					
sequence	hmm	20261001_8fb675cb	XP_068718172.1	_		traf2_binding_strict	Motif		PSQQT	259	264	1	5					
sequence	hmm	20261001_8fb675cb	XP_068718172.1	_		traf2_binding_variant	Motif		PCNKT	134	139	1	5					
sequence	hmm	20261001_8fb675cb	XP_068718172.1	_		traf2_binding_variant	Motif		PSQQT	259	264	1	5					
sequence	hmm	20261001_8fb675cb	XP_068718172.1	_		traf2_binding_permissive	Motif		PPGQGLS	79	86	1	7					
sequence	hmm	20261001_8fb675cb	XP_068718172.1	_		traf2_binding_permissive	Motif		PGESYS	106	112	1	6					
sequence	hmm	20261001_8fb675cb	XP_068718172.1	_		traf2_binding_permissive	Motif		PCNKTT	134	140	1	6					
sequence	hmm	20261001_8fb675cb	XP_068718172.1	_		traf2_binding_permissive	Motif		PSPQAET	203	210	1	7					
sequence	hmm	20261001_8fb675cb	XP_068718172.1	_		traf2_binding_permissive	Motif		PSPQTET	230	237	1	7					
sequence	hmm	20261001_8fb675cb	XP_068718172.1	_		traf2_binding_permissive	Motif		PSQQTVT	259	266	1	7					
sequence	hmm	20261001_8fb675cb	XP_068718172.1	_		traf2_binding_permissive	Motif		PKEIND	284	290	1	6					
sequence	hmm	20261001_8fb675cb	XP_068718173.1	_		traf6_binding_strict	Motif		PKEIND	268	274	1	6					
sequence	hmm	20261001_8fb675cb	XP_068718173.1	_		traf6_binding_permissive	Motif		PSQQTV	243	249	1	6					
sequence	hmm	20261001_8fb675cb	XP_068718173.1	_		traf6_binding_permissive	Motif		PKEIND	268	274	1	6					
sequence	hmm	20261001_8fb675cb	XP_068718173.1	_		traf2_binding_strict	Motif		PSQQT	243	248	1	5					
sequence	hmm	20261001_8fb675cb	XP_068718173.1	_		traf2_binding_variant	Motif		PCNKT	118	123	1	5					
sequence	hmm	20261001_8fb675cb	XP_068718173.1	_		traf2_binding_variant	Motif		PSQQT	243	248	1	5					
sequence	hmm	20261001_8fb675cb	XP_068718173.1	_		traf2_binding_permissive	Motif		PPGQGLS	63	70	1	7					
sequence	hmm	20261001_8fb675cb	XP_068718173.1	_		traf2_binding_permissive	Motif		PGESYS	90	96	1	6					
sequence	hmm	20261001_8fb675cb	XP_068718173.1	_		traf2_binding_permissive	Motif		PCNKTT	118	124	1	6					
sequence	hmm	20261001_8fb675cb	XP_068718173.1	_		traf2_binding_permissive	Motif		PSPQAET	187	194	1	7					
sequence	hmm	20261001_8fb675cb	XP_068718173.1	_		traf2_binding_permissive	Motif		PSPQTET	214	221	1	7					
sequence	hmm	20261001_8fb675cb	XP_068718173.1	_		traf2_binding_permissive	Motif		PSQQTVT	243	250	1	7					
sequence	hmm	20261001_8fb675cb	XP_068718173.1	_		traf2_binding_permissive	Motif		PKEIND	268	274	1	6					
sequence	hmm	20261001_8fb675cb	XP_068718176.1	_		traf6_binding_permissive	Motif		PEQIRW	43	49	1	6					
sequence	hmm	20261001_8fb675cb	XP_068718176.1	_		traf2_binding_permissive	Motif		PANQPT	226	232	1	6					
sequence	hmm	20261001_8fb675cb	XP_068718176.1	_		traf2_binding_permissive	Motif		PLETIA	316	322	1	6					
sequence	hmm	20261001_8fb675cb	XP_068718177.1	_		traf6_binding_permissive	Motif		PEQIRW	43	49	1	6					
sequence	hmm	20261001_8fb675cb	XP_068718177.1	_		traf2_binding_permissive	Motif		PANQPT	226	232	1	6					
sequence	hmm	20261001_8fb675cb	XP_068718177.1	_		traf2_binding_permissive	Motif		PLETIA	316	322	1	6					
sequence	hmm	20261001_8fb675cb	XP_068718178.1	_		traf2_binding_permissive	Motif		PRGQGLS	63	70	1	7					
sequence	hmm	20261001_8fb675cb	XP_068718178.1	_		traf2_binding_permissive	Motif		PSNFQS	215	221	1	6					
sequence	hmm	20261001_8fb675cb	XP_068718178.1	_		traf2_binding_permissive	Motif		PFEKNG	233	239	1	6					
sequence	hmm	20261001_8fb675cb	XP_068718670.1	_		traf6_binding_permissive	Motif		PEQIRW	53	59	1	6					
sequence	hmm	20261001_8fb675cb	XP_068718670.1	_		traf6_binding_permissive	Motif		PRQQSD	253	259	1	6					
sequence	hmm	20261001_8fb675cb	XP_068718670.1	_		traf2_binding_strict	Motif		PRQQS	253	258	1	5					
sequence	hmm	20261001_8fb675cb	XP_068718670.1	_		traf2_binding_variant	Motif		PANQA	237	242	1	5					
sequence	hmm	20261001_8fb675cb	XP_068718670.1	_		traf2_binding_variant	Motif		PRQQS	253	258	1	5					
sequence	hmm	20261001_8fb675cb	XP_068718670.1	_		traf2_binding_permissive	Motif		PANQAT	237	243	1	6					
sequence	hmm	20261001_8fb675cb	XP_068718670.1	_		traf2_binding_permissive	Motif		PPRQQSD	252	259	1	7					
sequence	hmm	20261001_8fb675cb	XP_068718670.1	_		traf2_binding_permissive	Motif		PLETIA	321	327	1	6					
sequence	hmm	20261001_8fb675cb	XP_068719280.1	_		traf6_binding_permissive	Motif		PCENGK	73	79	1	6					
sequence	hmm	20261001_8fb675cb	XP_068719280.1	_		traf2_binding_variant	Motif		PPNIS	66	71	1	5					
sequence	hmm	20261001_8fb675cb	XP_068719280.1	_		traf2_binding_variant	Motif		PCENG	73	78	1	5					
sequence	hmm	20261001_8fb675cb	XP_068719280.1	_		traf2_binding_permissive	Motif		PPNIS	66	71	1	5					
sequence	hmm	20261001_8fb675cb	XP_068719280.1	_		traf2_binding_permissive	Motif		PCENGKT	73	80	1	7					
sequence	hmm	20261001_8fb675cb	XP_068719280.1	_		traf2_binding_permissive	Motif		PGKEVID	508	515	1	7					
sequence	hmm	20261001_8fb675cb	XP_068719282.1	_		traf6_binding_permissive	Motif		PCENGK	73	79	1	6					
sequence	hmm	20261001_8fb675cb	XP_068719282.1	_		traf2_binding_variant	Motif		PPNIS	66	71	1	5					
sequence	hmm	20261001_8fb675cb	XP_068719282.1	_		traf2_binding_variant	Motif		PCENG	73	78	1	5					
sequence	hmm	20261001_8fb675cb	XP_068719282.1	_		traf2_binding_permissive	Motif		PPNIS	66	71	1	5					
sequence	hmm	20261001_8fb675cb	XP_068719282.1	_		traf2_binding_permissive	Motif		PCENGKT	73	80	1	7					
sequence	hmm	20261001_8fb675cb	XP_068719282.1	_		traf2_binding_permissive	Motif		PGKEVID	508	515	1	7					
sequence	hmm	20261001_8fb675cb	XP_068719283.1	_		traf6_binding_permissive	Motif		PCENGK	73	79	1	6					
sequence	hmm	20261001_8fb675cb	XP_068719283.1	_		traf2_binding_variant	Motif		PPNIS	66	71	1	5					
sequence	hmm	20261001_8fb675cb	XP_068719283.1	_		traf2_binding_variant	Motif		PCENG	73	78	1	5					
sequence	hmm	20261001_8fb675cb	XP_068719283.1	_		traf2_binding_permissive	Motif		PPNIS	66	71	1	5					
sequence	hmm	20261001_8fb675cb	XP_068719283.1	_		traf2_binding_permissive	Motif		PCENGKT	73	80	1	7					
sequence	hmm	20261001_8fb675cb	XP_068719283.1	_		traf2_binding_permissive	Motif		PGKEVID	508	515	1	7					
sequence	hmm	20261001_8fb675cb	XP_068719545.1	_		traf6_binding_permissive	Motif		PEQIRW	42	48	1	6					
sequence	hmm	20261001_8fb675cb	XP_068719545.1	_		traf6_binding_permissive	Motif		PSEASI	229	235	1	6					
sequence	hmm	20261001_8fb675cb	XP_068719545.1	_		traf6_binding_permissive	Motif		PSEASI	397	403	1	6					
sequence	hmm	20261001_8fb675cb	XP_068719545.1	_		traf6_binding_permissive	Motif		PVQLTL	490	496	1	6					
sequence	hmm	20261001_8fb675cb	XP_068719545.1	_		traf2_binding_strict	Motif		PSEAS	229	234	1	5					
sequence	hmm	20261001_8fb675cb	XP_068719545.1	_		traf2_binding_strict	Motif		PSEAS	397	402	1	5					
sequence	hmm	20261001_8fb675cb	XP_068719545.1	_		traf2_binding_strict	Motif		PVQLT	490	495	1	5					
sequence	hmm	20261001_8fb675cb	XP_068719545.1	_		traf2_binding_variant	Motif		PVNET	197	202	1	5					
sequence	hmm	20261001_8fb675cb	XP_068719545.1	_		traf2_binding_variant	Motif		PSEAS	229	234	1	5					
sequence	hmm	20261001_8fb675cb	XP_068719545.1	_		traf2_binding_variant	Motif		PSEAS	397	402	1	5					
sequence	hmm	20261001_8fb675cb	XP_068719545.1	_		traf2_binding_variant	Motif		PVQLT	490	495	1	5					
sequence	hmm	20261001_8fb675cb	XP_068719545.1	_		traf2_binding_variant	Motif		PRNGS	548	553	1	5					
sequence	hmm	20261001_8fb675cb	XP_068719545.1	_		traf2_binding_permissive	Motif		PCYEKHT	176	183	1	7					
sequence	hmm	20261001_8fb675cb	XP_068719545.1	_		traf2_binding_permissive	Motif		PVNETST	197	204	1	7					
sequence	hmm	20261001_8fb675cb	XP_068719545.1	_		traf2_binding_permissive	Motif		PPVNQPT	222	229	1	7					
sequence	hmm	20261001_8fb675cb	XP_068719545.1	_		traf2_binding_permissive	Motif		PSEAS	229	234	1	5					
sequence	hmm	20261001_8fb675cb	XP_068719545.1	_		traf2_binding_permissive	Motif		PRWQESD	238	245	1	7					
sequence	hmm	20261001_8fb675cb	XP_068719545.1	_		traf2_binding_permissive	Motif		PLEPIA	307	313	1	6					
sequence	hmm	20261001_8fb675cb	XP_068719545.1	_		traf2_binding_permissive	Motif		PPVNQPT	390	397	1	7					
sequence	hmm	20261001_8fb675cb	XP_068719545.1	_		traf2_binding_permissive	Motif		PSEAS	397	402	1	5					
sequence	hmm	20261001_8fb675cb	XP_068719545.1	_		traf2_binding_permissive	Motif		PGRQDS	406	412	1	6					
sequence	hmm	20261001_8fb675cb	XP_068719545.1	_		traf2_binding_permissive	Motif		PLEPIA	475	481	1	6					
sequence	hmm	20261001_8fb675cb	XP_068719545.1	_		traf2_binding_permissive	Motif		PVQLT	490	495	1	5					
sequence	hmm	20261001_8fb675cb	XP_068719545.1	_		traf2_binding_permissive	Motif		PRNGS	548	553	1	5					
sequence	hmm	20261001_8fb675cb	XP_068719596.1	_		traf6_binding_strict	Motif		PKEVIY	391	397	1	6					
sequence	hmm	20261001_8fb675cb	XP_068719596.1	_		traf6_binding_permissive	Motif		PYESRK	265	271	1	6					
sequence	hmm	20261001_8fb675cb	XP_068719596.1	_		traf6_binding_permissive	Motif		PNESRR	326	332	1	6					
sequence	hmm	20261001_8fb675cb	XP_068719596.1	_		traf6_binding_permissive	Motif		PKEVIY	391	397	1	6					
sequence	hmm	20261001_8fb675cb	XP_068719596.1	_		traf6_binding_permissive	Motif		PGEEVI	512	518	1	6					
sequence	hmm	20261001_8fb675cb	XP_068719596.1	_		traf2_binding_strict	Motif		PEEKS	406	411	1	5					
sequence	hmm	20261001_8fb675cb	XP_068719596.1	_		traf2_binding_variant	Motif		PPQVE	66	71	1	5					
sequence	hmm	20261001_8fb675cb	XP_068719596.1	_		traf2_binding_variant	Motif		PEEKS	406	411	1	5					
sequence	hmm	20261001_8fb675cb	XP_068719596.1	_		traf2_binding_permissive	Motif		PPQVE	66	71	1	5					
sequence	hmm	20261001_8fb675cb	XP_068719596.1	_		traf2_binding_permissive	Motif		PDKQCG	161	167	1	6					
sequence	hmm	20261001_8fb675cb	XP_068719596.1	_		traf2_binding_permissive	Motif		PEEKS	406	411	1	5					
sequence	hmm	20261001_8fb675cb	XP_068719596.1	_		traf2_binding_permissive	Motif		PGEEVID	512	519	1	7					
sequence	hmm	20261001_8fb675cb	XP_068719597.1	_		traf6_binding_strict	Motif		PKEVIY	391	397	1	6					
sequence	hmm	20261001_8fb675cb	XP_068719597.1	_		traf6_binding_permissive	Motif		PYESRK	265	271	1	6					
sequence	hmm	20261001_8fb675cb	XP_068719597.1	_		traf6_binding_permissive	Motif		PNESRR	326	332	1	6					
sequence	hmm	20261001_8fb675cb	XP_068719597.1	_		traf6_binding_permissive	Motif		PKEVIY	391	397	1	6					
sequence	hmm	20261001_8fb675cb	XP_068719597.1	_		traf6_binding_permissive	Motif		PGEEVI	512	518	1	6					
sequence	hmm	20261001_8fb675cb	XP_068719597.1	_		traf2_binding_strict	Motif		PEEKS	406	411	1	5					
sequence	hmm	20261001_8fb675cb	XP_068719597.1	_		traf2_binding_variant	Motif		PPQVE	66	71	1	5					
sequence	hmm	20261001_8fb675cb	XP_068719597.1	_		traf2_binding_variant	Motif		PEEKS	406	411	1	5					
sequence	hmm	20261001_8fb675cb	XP_068719597.1	_		traf2_binding_permissive	Motif		PPQVE	66	71	1	5					
sequence	hmm	20261001_8fb675cb	XP_068719597.1	_		traf2_binding_permissive	Motif		PDKQCG	161	167	1	6					
sequence	hmm	20261001_8fb675cb	XP_068719597.1	_		traf2_binding_permissive	Motif		PEEKS	406	411	1	5					
sequence	hmm	20261001_8fb675cb	XP_068719597.1	_		traf2_binding_permissive	Motif		PGEEVID	512	519	1	7					
sequence	hmm	20261001_8fb675cb	XP_068719689.1	_		traf6_binding_permissive	Motif		PCQPGV	67	73	1	6					
sequence	hmm	20261001_8fb675cb	XP_068719689.1	_		traf6_binding_permissive	Motif		PNQGLK	357	363	1	6					
sequence	hmm	20261001_8fb675cb	XP_068719689.1	_		traf2_binding_variant	Motif		PCQPG	67	72	1	5					
sequence	hmm	20261001_8fb675cb	XP_068719689.1	_		traf2_binding_variant	Motif		PSQKE	237	242	1	5					
sequence	hmm	20261001_8fb675cb	XP_068719689.1	_		traf2_binding_variant	Motif		PPNQG	356	361	1	5					
sequence	hmm	20261001_8fb675cb	XP_068719689.1	_		traf2_binding_permissive	Motif		PCQPG	67	72	1	5					
sequence	hmm	20261001_8fb675cb	XP_068719689.1	_		traf2_binding_permissive	Motif		PSREVTE	167	174	1	7					
sequence	hmm	20261001_8fb675cb	XP_068719689.1	_		traf2_binding_permissive	Motif		PSQKE	237	242	1	5					
sequence	hmm	20261001_8fb675cb	XP_068719689.1	_		traf2_binding_permissive	Motif		PPNQG	356	361	1	5					
sequence	hmm	20261001_8fb675cb	XP_068720297.1	_		traf6_binding_strict	Motif		PNEDPD	407	413	1	6					
sequence	hmm	20261001_8fb675cb	XP_068720297.1	_		traf6_binding_permissive	Motif		PNEDPD	407	413	1	6					
sequence	hmm	20261001_8fb675cb	XP_068720297.1	_		traf2_binding_strict	Motif		PEEKS	511	516	1	5					
sequence	hmm	20261001_8fb675cb	XP_068720297.1	_		traf2_binding_variant	Motif		PTNEG	256	261	1	5					
sequence	hmm	20261001_8fb675cb	XP_068720297.1	_		traf2_binding_variant	Motif		PEEKS	511	516	1	5					
sequence	hmm	20261001_8fb675cb	XP_068720297.1	_		traf2_binding_permissive	Motif		PPTNEGS	255	262	1	7					
sequence	hmm	20261001_8fb675cb	XP_068720297.1	_		traf2_binding_permissive	Motif		PGREGAE	368	375	1	7					
sequence	hmm	20261001_8fb675cb	XP_068720297.1	_		traf2_binding_permissive	Motif		PLPNED	405	411	1	6					
sequence	hmm	20261001_8fb675cb	XP_068720297.1	_		traf2_binding_permissive	Motif		PDQPLG	459	465	1	6					
sequence	hmm	20261001_8fb675cb	XP_068720297.1	_		traf2_binding_permissive	Motif		PQTQKQT	476	483	1	7					
sequence	hmm	20261001_8fb675cb	XP_068720297.1	_		traf2_binding_permissive	Motif		PEEKSS	511	517	1	6					
sequence	hmm	20261001_8fb675cb	XP_068721786.1	_		traf6_binding_strict	Motif		PYEVEE	368	374	1	6					
sequence	hmm	20261001_8fb675cb	XP_068721786.1	_		traf6_binding_permissive	Motif		PFQEKL	350	356	1	6					
sequence	hmm	20261001_8fb675cb	XP_068721786.1	_		traf6_binding_permissive	Motif		PYEVEE	368	374	1	6					
sequence	hmm	20261001_8fb675cb	XP_068721786.1	_		traf2_binding_variant	Motif		PYEVE	368	373	1	5					
sequence	hmm	20261001_8fb675cb	XP_068721786.1	_		traf2_binding_permissive	Motif		PCGNRKE	96	103	1	7					
sequence	hmm	20261001_8fb675cb	XP_068721786.1	_		traf2_binding_permissive	Motif		PYEVEE	368	374	1	6					
sequence	hmm	20261001_8fb675cb	XP_068722288.1	_		traf6_binding_permissive	Motif		PNEETI	109	115	1	6					
sequence	hmm	20261001_8fb675cb	XP_068722288.1	_		traf2_binding_strict	Motif		PNEET	109	114	1	5					
sequence	hmm	20261001_8fb675cb	XP_068722288.1	_		traf2_binding_variant	Motif		PNEET	109	114	1	5					
sequence	hmm	20261001_8fb675cb	XP_068722288.1	_		traf2_binding_permissive	Motif		PNEETIS	109	116	1	7					
sequence	hmm	20261001_8fb675cb	XP_068722288.1	_		traf2_binding_permissive	Motif		PDVNETT	182	189	1	7					
sequence	hmm	20261001_8fb675cb	XP_068722299.1	_		traf6_binding_permissive	Motif		PNEETI	109	115	1	6					
sequence	hmm	20261001_8fb675cb	XP_068722299.1	_		traf2_binding_strict	Motif		PNEET	109	114	1	5					
sequence	hmm	20261001_8fb675cb	XP_068722299.1	_		traf2_binding_variant	Motif		PNEET	109	114	1	5					
sequence	hmm	20261001_8fb675cb	XP_068722299.1	_		traf2_binding_permissive	Motif		PNEETIS	109	116	1	7					
sequence	hmm	20261001_8fb675cb	XP_068722299.1	_		traf2_binding_permissive	Motif		PDVNETT	182	189	1	7					
sequence	hmm	20261001_8fb675cb	XP_068722702.1	_		traf2_binding_permissive	Motif		PKCQND	164	170	1	6					
sequence	hmm	20261001_8fb675cb	XP_068722702.1	_		traf2_binding_permissive	Motif		PGSNFT	248	254	1	6					
sequence	hmm	20261001_8fb675cb	XP_068722702.1	_		traf2_binding_permissive	Motif		PSGNNNG	288	295	1	7					
sequence	hmm	20261001_8fb675cb	XP_068725763.1	_		traf6_binding_permissive	Motif		PGEQIR	43	49	1	6					
sequence	hmm	20261001_8fb675cb	XP_068725763.1	_		traf2_binding_permissive	Motif		PGEQIRD	43	50	1	7					
sequence	hmm	20261001_8fb675cb	XP_068725763.1	_		traf2_binding_permissive	Motif		PTQHNT	158	164	1	6					
sequence	hmm	20261001_8fb675cb	XP_068725763.1	_		traf2_binding_permissive	Motif		PNFNKAT	171	178	1	7					
sequence	hmm	20261001_8fb675cb	XP_068728531.1	_		traf6_binding_permissive	Motif		PAQSTK	204	210	1	6					
sequence	hmm	20261001_8fb675cb	XP_068728531.1	_		traf6_binding_permissive	Motif		PFEVSL	216	222	1	6					
sequence	hmm	20261001_8fb675cb	XP_068728531.1	_		traf2_binding_strict	Motif		PPQTT	180	185	1	5					
sequence	hmm	20261001_8fb675cb	XP_068728531.1	_		traf2_binding_strict	Motif		PAQST	204	209	1	5					
sequence	hmm	20261001_8fb675cb	XP_068728531.1	_		traf2_binding_strict	Motif		PFEVS	216	221	1	5					
sequence	hmm	20261001_8fb675cb	XP_068728531.1	_		traf2_binding_variant	Motif		PPQTT	180	185	1	5					
sequence	hmm	20261001_8fb675cb	XP_068728531.1	_		traf2_binding_variant	Motif		PAQST	204	209	1	5					
sequence	hmm	20261001_8fb675cb	XP_068728531.1	_		traf2_binding_variant	Motif		PFEVS	216	221	1	5					
sequence	hmm	20261001_8fb675cb	XP_068728531.1	_		traf2_binding_variant	Motif		PGQDE	303	308	1	5					
sequence	hmm	20261001_8fb675cb	XP_068728531.1	_		traf2_binding_permissive	Motif		PKGEFIT	26	33	1	7					
sequence	hmm	20261001_8fb675cb	XP_068728531.1	_		traf2_binding_permissive	Motif		PCPNGT	39	45	1	6					
sequence	hmm	20261001_8fb675cb	XP_068728531.1	_		traf2_binding_permissive	Motif		PPPQTTA	179	186	1	7					
sequence	hmm	20261001_8fb675cb	XP_068728531.1	_		traf2_binding_permissive	Motif		PAQST	204	209	1	5					
sequence	hmm	20261001_8fb675cb	XP_068728531.1	_		traf2_binding_permissive	Motif		PFEVS	216	221	1	5					
sequence	hmm	20261001_8fb675cb	XP_068728531.1	_		traf2_binding_permissive	Motif		PENHYT	268	274	1	6					
sequence	hmm	20261001_8fb675cb	XP_068728531.1	_		traf2_binding_permissive	Motif		PRCNHD	293	299	1	6					
sequence	hmm	20261001_8fb675cb	XP_068728531.1	_		traf2_binding_permissive	Motif		PGQDEG	303	309	1	6					
sequence	hmm	20261001_8fb675cb	XP_068728531.1	_		traf2_binding_permissive	Motif		PADEQT	355	361	1	6					
sequence	hmm	20261001_8fb675cb	XP_068728532.1	_		traf6_binding_permissive	Motif		PAQSTK	204	210	1	6					
sequence	hmm	20261001_8fb675cb	XP_068728532.1	_		traf6_binding_permissive	Motif		PFEVSL	216	222	1	6					
sequence	hmm	20261001_8fb675cb	XP_068728532.1	_		traf2_binding_strict	Motif		PPQTT	180	185	1	5					
sequence	hmm	20261001_8fb675cb	XP_068728532.1	_		traf2_binding_strict	Motif		PAQST	204	209	1	5					
sequence	hmm	20261001_8fb675cb	XP_068728532.1	_		traf2_binding_strict	Motif		PFEVS	216	221	1	5					
sequence	hmm	20261001_8fb675cb	XP_068728532.1	_		traf2_binding_variant	Motif		PPQTT	180	185	1	5					
sequence	hmm	20261001_8fb675cb	XP_068728532.1	_		traf2_binding_variant	Motif		PAQST	204	209	1	5					
sequence	hmm	20261001_8fb675cb	XP_068728532.1	_		traf2_binding_variant	Motif		PFEVS	216	221	1	5					
sequence	hmm	20261001_8fb675cb	XP_068728532.1	_		traf2_binding_variant	Motif		PGQDE	303	308	1	5					
sequence	hmm	20261001_8fb675cb	XP_068728532.1	_		traf2_binding_permissive	Motif		PKGEFIT	26	33	1	7					
sequence	hmm	20261001_8fb675cb	XP_068728532.1	_		traf2_binding_permissive	Motif		PCPNGT	39	45	1	6					
sequence	hmm	20261001_8fb675cb	XP_068728532.1	_		traf2_binding_permissive	Motif		PPPQTTA	179	186	1	7					
sequence	hmm	20261001_8fb675cb	XP_068728532.1	_		traf2_binding_permissive	Motif		PAQST	204	209	1	5					
sequence	hmm	20261001_8fb675cb	XP_068728532.1	_		traf2_binding_permissive	Motif		PFEVS	216	221	1	5					
sequence	hmm	20261001_8fb675cb	XP_068728532.1	_		traf2_binding_permissive	Motif		PENHYT	268	274	1	6					
sequence	hmm	20261001_8fb675cb	XP_068728532.1	_		traf2_binding_permissive	Motif		PRCNHD	293	299	1	6					
sequence	hmm	20261001_8fb675cb	XP_068728532.1	_		traf2_binding_permissive	Motif		PGQDEG	303	309	1	6					
sequence	hmm	20261001_8fb675cb	XP_068728532.1	_		traf2_binding_permissive	Motif		PADEQT	355	361	1	6					
sequence	hmm	20261001_8fb675cb	XP_068728533.1	_		traf6_binding_permissive	Motif		PAQSTK	204	210	1	6					
sequence	hmm	20261001_8fb675cb	XP_068728533.1	_		traf6_binding_permissive	Motif		PFEVSL	216	222	1	6					
sequence	hmm	20261001_8fb675cb	XP_068728533.1	_		traf2_binding_strict	Motif		PPQTT	180	185	1	5					
sequence	hmm	20261001_8fb675cb	XP_068728533.1	_		traf2_binding_strict	Motif		PAQST	204	209	1	5					
sequence	hmm	20261001_8fb675cb	XP_068728533.1	_		traf2_binding_strict	Motif		PFEVS	216	221	1	5					
sequence	hmm	20261001_8fb675cb	XP_068728533.1	_		traf2_binding_variant	Motif		PPQTT	180	185	1	5					
sequence	hmm	20261001_8fb675cb	XP_068728533.1	_		traf2_binding_variant	Motif		PAQST	204	209	1	5					
sequence	hmm	20261001_8fb675cb	XP_068728533.1	_		traf2_binding_variant	Motif		PFEVS	216	221	1	5					
sequence	hmm	20261001_8fb675cb	XP_068728533.1	_		traf2_binding_variant	Motif		PGQDE	303	308	1	5					
sequence	hmm	20261001_8fb675cb	XP_068728533.1	_		traf2_binding_permissive	Motif		PKGEFIT	26	33	1	7					
sequence	hmm	20261001_8fb675cb	XP_068728533.1	_		traf2_binding_permissive	Motif		PCPNGT	39	45	1	6					
sequence	hmm	20261001_8fb675cb	XP_068728533.1	_		traf2_binding_permissive	Motif		PPPQTTA	179	186	1	7					
sequence	hmm	20261001_8fb675cb	XP_068728533.1	_		traf2_binding_permissive	Motif		PAQST	204	209	1	5					
sequence	hmm	20261001_8fb675cb	XP_068728533.1	_		traf2_binding_permissive	Motif		PFEVS	216	221	1	5					
sequence	hmm	20261001_8fb675cb	XP_068728533.1	_		traf2_binding_permissive	Motif		PENHYT	268	274	1	6					
sequence	hmm	20261001_8fb675cb	XP_068728533.1	_		traf2_binding_permissive	Motif		PRCNHD	293	299	1	6					
sequence	hmm	20261001_8fb675cb	XP_068728533.1	_		traf2_binding_permissive	Motif		PGQDEG	303	309	1	6					
sequence	hmm	20261001_8fb675cb	XP_068728533.1	_		traf2_binding_permissive	Motif		PADEQT	355	361	1	6					
sequence	hmm	20261001_8fb675cb	XP_068728534.1	_		traf6_binding_permissive	Motif		PAQSTK	204	210	1	6					
sequence	hmm	20261001_8fb675cb	XP_068728534.1	_		traf6_binding_permissive	Motif		PFEVSL	216	222	1	6					
sequence	hmm	20261001_8fb675cb	XP_068728534.1	_		traf6_binding_permissive	Motif		PREKWK	305	311	1	6					
sequence	hmm	20261001_8fb675cb	XP_068728534.1	_		traf2_binding_strict	Motif		PPQTT	180	185	1	5					
sequence	hmm	20261001_8fb675cb	XP_068728534.1	_		traf2_binding_strict	Motif		PAQST	204	209	1	5					
sequence	hmm	20261001_8fb675cb	XP_068728534.1	_		traf2_binding_strict	Motif		PFEVS	216	221	1	5					
sequence	hmm	20261001_8fb675cb	XP_068728534.1	_		traf2_binding_variant	Motif		PPQTT	180	185	1	5					
sequence	hmm	20261001_8fb675cb	XP_068728534.1	_		traf2_binding_variant	Motif		PAQST	204	209	1	5					
sequence	hmm	20261001_8fb675cb	XP_068728534.1	_		traf2_binding_variant	Motif		PFEVS	216	221	1	5					
sequence	hmm	20261001_8fb675cb	XP_068728534.1	_		traf2_binding_permissive	Motif		PKGEFIT	26	33	1	7					
sequence	hmm	20261001_8fb675cb	XP_068728534.1	_		traf2_binding_permissive	Motif		PCPNGT	39	45	1	6					
sequence	hmm	20261001_8fb675cb	XP_068728534.1	_		traf2_binding_permissive	Motif		PPPQTTA	179	186	1	7					
sequence	hmm	20261001_8fb675cb	XP_068728534.1	_		traf2_binding_permissive	Motif		PAQST	204	209	1	5					
sequence	hmm	20261001_8fb675cb	XP_068728534.1	_		traf2_binding_permissive	Motif		PFEVS	216	221	1	5					
sequence	hmm	20261001_8fb675cb	XP_068728534.1	_		traf2_binding_permissive	Motif		PENHYT	268	274	1	6					
sequence	hmm	20261001_8fb675cb	XP_068732231.1	_		traf6_binding_permissive	Motif		PTQIAV	91	97	1	6					
sequence	hmm	20261001_8fb675cb	XP_068732231.1	_		traf2_binding_strict	Motif		PPEET	279	284	1	5					
sequence	hmm	20261001_8fb675cb	XP_068732231.1	_		traf2_binding_strict	Motif		PDQAT	395	400	1	5					
sequence	hmm	20261001_8fb675cb	XP_068732231.1	_		traf2_binding_variant	Motif		PCNES	55	60	1	5					
sequence	hmm	20261001_8fb675cb	XP_068732231.1	_		traf2_binding_variant	Motif		PTQIA	91	96	1	5					
sequence	hmm	20261001_8fb675cb	XP_068732231.1	_		traf2_binding_variant	Motif		PPEET	279	284	1	5					
sequence	hmm	20261001_8fb675cb	XP_068732231.1	_		traf2_binding_variant	Motif		PDQAT	395	400	1	5					
sequence	hmm	20261001_8fb675cb	XP_068732231.1	_		traf2_binding_permissive	Motif		PCNESTG	55	62	1	7					
sequence	hmm	20261001_8fb675cb	XP_068732231.1	_		traf2_binding_permissive	Motif		PTQIA	91	96	1	5					
sequence	hmm	20261001_8fb675cb	XP_068732231.1	_		traf2_binding_permissive	Motif		PCTQCRG	167	174	1	7					
sequence	hmm	20261001_8fb675cb	XP_068732231.1	_		traf2_binding_permissive	Motif		PLSEVTT	212	219	1	7					
sequence	hmm	20261001_8fb675cb	XP_068732231.1	_		traf2_binding_permissive	Motif		PPEETA	279	285	1	6					
sequence	hmm	20261001_8fb675cb	XP_068732231.1	_		traf2_binding_permissive	Motif		PDQAT	395	400	1	5					
sequence	hmm	20261001_8fb675cb	XP_068732232.1	_		traf6_binding_permissive	Motif		PTQIAV	85	91	1	6					
sequence	hmm	20261001_8fb675cb	XP_068732232.1	_		traf2_binding_strict	Motif		PPEET	273	278	1	5					
sequence	hmm	20261001_8fb675cb	XP_068732232.1	_		traf2_binding_strict	Motif		PDQAT	389	394	1	5					
sequence	hmm	20261001_8fb675cb	XP_068732232.1	_		traf2_binding_variant	Motif		PCNES	49	54	1	5					
sequence	hmm	20261001_8fb675cb	XP_068732232.1	_		traf2_binding_variant	Motif		PTQIA	85	90	1	5					
sequence	hmm	20261001_8fb675cb	XP_068732232.1	_		traf2_binding_variant	Motif		PPEET	273	278	1	5					
sequence	hmm	20261001_8fb675cb	XP_068732232.1	_		traf2_binding_variant	Motif		PDQAT	389	394	1	5					
sequence	hmm	20261001_8fb675cb	XP_068732232.1	_		traf2_binding_permissive	Motif		PCNESTG	49	56	1	7					
sequence	hmm	20261001_8fb675cb	XP_068732232.1	_		traf2_binding_permissive	Motif		PTQIA	85	90	1	5					
sequence	hmm	20261001_8fb675cb	XP_068732232.1	_		traf2_binding_permissive	Motif		PCTQCRG	161	168	1	7					
sequence	hmm	20261001_8fb675cb	XP_068732232.1	_		traf2_binding_permissive	Motif		PLSEVTT	206	213	1	7					
sequence	hmm	20261001_8fb675cb	XP_068732232.1	_		traf2_binding_permissive	Motif		PPEETA	273	279	1	6					
sequence	hmm	20261001_8fb675cb	XP_068732232.1	_		traf2_binding_permissive	Motif		PDQAT	389	394	1	5					
sequence	hmm	20261001_8fb675cb	XP_068732233.1	_		traf6_binding_permissive	Motif		PTQIAV	91	97	1	6					
sequence	hmm	20261001_8fb675cb	XP_068732233.1	_		traf2_binding_strict	Motif		PDQAT	378	383	1	5					
sequence	hmm	20261001_8fb675cb	XP_068732233.1	_		traf2_binding_variant	Motif		PCNES	55	60	1	5					
sequence	hmm	20261001_8fb675cb	XP_068732233.1	_		traf2_binding_variant	Motif		PTQIA	91	96	1	5					
sequence	hmm	20261001_8fb675cb	XP_068732233.1	_		traf2_binding_variant	Motif		PDQAT	378	383	1	5					
sequence	hmm	20261001_8fb675cb	XP_068732233.1	_		traf2_binding_permissive	Motif		PCNESTG	55	62	1	7					
sequence	hmm	20261001_8fb675cb	XP_068732233.1	_		traf2_binding_permissive	Motif		PTQIA	91	96	1	5					
sequence	hmm	20261001_8fb675cb	XP_068732233.1	_		traf2_binding_permissive	Motif		PCTQCRG	167	174	1	7					
sequence	hmm	20261001_8fb675cb	XP_068732233.1	_		traf2_binding_permissive	Motif		PLSEVTT	212	219	1	7					
sequence	hmm	20261001_8fb675cb	XP_068732233.1	_		traf2_binding_permissive	Motif		PDQAT	378	383	1	5					
sequence	hmm	20261001_8fb675cb	XP_068732234.1	_		traf6_binding_permissive	Motif		PTQIAV	85	91	1	6					
sequence	hmm	20261001_8fb675cb	XP_068732234.1	_		traf2_binding_strict	Motif		PDQAT	372	377	1	5					
sequence	hmm	20261001_8fb675cb	XP_068732234.1	_		traf2_binding_variant	Motif		PCNES	49	54	1	5					
sequence	hmm	20261001_8fb675cb	XP_068732234.1	_		traf2_binding_variant	Motif		PTQIA	85	90	1	5					
sequence	hmm	20261001_8fb675cb	XP_068732234.1	_		traf2_binding_variant	Motif		PDQAT	372	377	1	5					
sequence	hmm	20261001_8fb675cb	XP_068732234.1	_		traf2_binding_permissive	Motif		PCNESTG	49	56	1	7					
sequence	hmm	20261001_8fb675cb	XP_068732234.1	_		traf2_binding_permissive	Motif		PTQIA	85	90	1	5					
sequence	hmm	20261001_8fb675cb	XP_068732234.1	_		traf2_binding_permissive	Motif		PCTQCRG	161	168	1	7					
sequence	hmm	20261001_8fb675cb	XP_068732234.1	_		traf2_binding_permissive	Motif		PLSEVTT	206	213	1	7					
sequence	hmm	20261001_8fb675cb	XP_068732234.1	_		traf2_binding_permissive	Motif		PDQAT	372	377	1	5					
sequence	hmm	20261001_8fb675cb	XP_068753835.1	_		traf2_binding_strict	Motif		PNQFT	22	27	1	5					
sequence	hmm	20261001_8fb675cb	XP_068753835.1	_		traf2_binding_variant	Motif		PNQFT	22	27	1	5					
sequence	hmm	20261001_8fb675cb	XP_068753835.1	_		traf2_binding_permissive	Motif		PNQFTS	22	28	1	6					
sequence	hmm	20261001_8fb675cb	XP_068753835.1	_		traf2_binding_permissive	Motif		PNKEVT	68	74	1	6					
sequence	hmm	20261001_8fb675cb	XP_068761210.1	_		traf6_binding_permissive	Motif		PTEHDV	154	160	1	6					
sequence	hmm	20261001_8fb675cb	XP_068761210.1	_		traf6_binding_permissive	Motif		PPQQGI	308	314	1	6					
sequence	hmm	20261001_8fb675cb	XP_068761210.1	_		traf6_binding_permissive	Motif		PPQSVY	625	631	1	6					
sequence	hmm	20261001_8fb675cb	XP_068761210.1	_		traf2_binding_variant	Motif		PEEPA	48	53	1	5					
sequence	hmm	20261001_8fb675cb	XP_068761210.1	_		traf2_binding_variant	Motif		PTEHD	154	159	1	5					
sequence	hmm	20261001_8fb675cb	XP_068761210.1	_		traf2_binding_variant	Motif		PPQQG	308	313	1	5					
sequence	hmm	20261001_8fb675cb	XP_068761210.1	_		traf2_binding_variant	Motif		PWNWE	431	436	1	5					
sequence	hmm	20261001_8fb675cb	XP_068761210.1	_		traf2_binding_variant	Motif		PENSS	782	787	1	5					
sequence	hmm	20261001_8fb675cb	XP_068761210.1	_		traf2_binding_permissive	Motif		PPEEPAG	47	54	1	7					
sequence	hmm	20261001_8fb675cb	XP_068761210.1	_		traf2_binding_permissive	Motif		PCKNGT	56	62	1	6					
sequence	hmm	20261001_8fb675cb	XP_068761210.1	_		traf2_binding_permissive	Motif		PTEHD	154	159	1	5					
sequence	hmm	20261001_8fb675cb	XP_068761210.1	_		traf2_binding_permissive	Motif		PPQQGIA	308	315	1	7					
sequence	hmm	20261001_8fb675cb	XP_068761210.1	_		traf2_binding_permissive	Motif		PDSNVS	338	344	1	6					
sequence	hmm	20261001_8fb675cb	XP_068761210.1	_		traf2_binding_permissive	Motif		PWNWE	431	436	1	5					
sequence	hmm	20261001_8fb675cb	XP_068761210.1	_		traf2_binding_permissive	Motif		PSSNLIS	490	497	1	7					
sequence	hmm	20261001_8fb675cb	XP_068761210.1	_		traf2_binding_permissive	Motif		PGNNFPA	521	528	1	7					
sequence	hmm	20261001_8fb675cb	XP_068761210.1	_		traf2_binding_permissive	Motif		PAVQNYT	561	568	1	7					
sequence	hmm	20261001_8fb675cb	XP_068761210.1	_		traf2_binding_permissive	Motif		PENSS	782	787	1	5					
sequence	hmm	20261001_8fb675cb	XP_068761211.1	_		traf6_binding_permissive	Motif		PTEHDV	154	160	1	6					
sequence	hmm	20261001_8fb675cb	XP_068761211.1	_		traf6_binding_permissive	Motif		PPQQGI	307	313	1	6					
sequence	hmm	20261001_8fb675cb	XP_068761211.1	_		traf6_binding_permissive	Motif		PPQSVY	624	630	1	6					
sequence	hmm	20261001_8fb675cb	XP_068761211.1	_		traf2_binding_variant	Motif		PEEPA	48	53	1	5					
sequence	hmm	20261001_8fb675cb	XP_068761211.1	_		traf2_binding_variant	Motif		PTEHD	154	159	1	5					
sequence	hmm	20261001_8fb675cb	XP_068761211.1	_		traf2_binding_variant	Motif		PPQQG	307	312	1	5					
sequence	hmm	20261001_8fb675cb	XP_068761211.1	_		traf2_binding_variant	Motif		PWNWE	430	435	1	5					
sequence	hmm	20261001_8fb675cb	XP_068761211.1	_		traf2_binding_variant	Motif		PENSS	781	786	1	5					
sequence	hmm	20261001_8fb675cb	XP_068761211.1	_		traf2_binding_permissive	Motif		PPEEPAG	47	54	1	7					
sequence	hmm	20261001_8fb675cb	XP_068761211.1	_		traf2_binding_permissive	Motif		PCKNGT	56	62	1	6					
sequence	hmm	20261001_8fb675cb	XP_068761211.1	_		traf2_binding_permissive	Motif		PTEHD	154	159	1	5					
sequence	hmm	20261001_8fb675cb	XP_068761211.1	_		traf2_binding_permissive	Motif		PPQQGIA	307	314	1	7					
sequence	hmm	20261001_8fb675cb	XP_068761211.1	_		traf2_binding_permissive	Motif		PDSNVS	337	343	1	6					
sequence	hmm	20261001_8fb675cb	XP_068761211.1	_		traf2_binding_permissive	Motif		PWNWE	430	435	1	5					
sequence	hmm	20261001_8fb675cb	XP_068761211.1	_		traf2_binding_permissive	Motif		PSSNLIS	489	496	1	7					
sequence	hmm	20261001_8fb675cb	XP_068761211.1	_		traf2_binding_permissive	Motif		PGNNFPA	520	527	1	7					
sequence	hmm	20261001_8fb675cb	XP_068761211.1	_		traf2_binding_permissive	Motif		PAVQNYT	560	567	1	7					
sequence	hmm	20261001_8fb675cb	XP_068761211.1	_		traf2_binding_permissive	Motif		PENSS	781	786	1	5					
sequence	hmm	20261001_8fb675cb	XP_068761212.1	_		traf6_binding_permissive	Motif		PTEHDV	154	160	1	6					
sequence	hmm	20261001_8fb675cb	XP_068761212.1	_		traf6_binding_permissive	Motif		PPQQGI	308	314	1	6					
sequence	hmm	20261001_8fb675cb	XP_068761212.1	_		traf2_binding_variant	Motif		PEEPA	48	53	1	5					
sequence	hmm	20261001_8fb675cb	XP_068761212.1	_		traf2_binding_variant	Motif		PTEHD	154	159	1	5					
sequence	hmm	20261001_8fb675cb	XP_068761212.1	_		traf2_binding_variant	Motif		PPQQG	308	313	1	5					
sequence	hmm	20261001_8fb675cb	XP_068761212.1	_		traf2_binding_variant	Motif		PWNWE	431	436	1	5					
sequence	hmm	20261001_8fb675cb	XP_068761212.1	_		traf2_binding_variant	Motif		PENSS	781	786	1	5					
sequence	hmm	20261001_8fb675cb	XP_068761212.1	_		traf2_binding_permissive	Motif		PPEEPAG	47	54	1	7					
sequence	hmm	20261001_8fb675cb	XP_068761212.1	_		traf2_binding_permissive	Motif		PCKNGT	56	62	1	6					
sequence	hmm	20261001_8fb675cb	XP_068761212.1	_		traf2_binding_permissive	Motif		PTEHD	154	159	1	5					
sequence	hmm	20261001_8fb675cb	XP_068761212.1	_		traf2_binding_permissive	Motif		PPQQGIA	308	315	1	7					
sequence	hmm	20261001_8fb675cb	XP_068761212.1	_		traf2_binding_permissive	Motif		PDSNVS	338	344	1	6					
sequence	hmm	20261001_8fb675cb	XP_068761212.1	_		traf2_binding_permissive	Motif		PWNWE	431	436	1	5					
sequence	hmm	20261001_8fb675cb	XP_068761212.1	_		traf2_binding_permissive	Motif		PSSNLIS	490	497	1	7					
sequence	hmm	20261001_8fb675cb	XP_068761212.1	_		traf2_binding_permissive	Motif		PGNNFPA	521	528	1	7					
sequence	hmm	20261001_8fb675cb	XP_068761212.1	_		traf2_binding_permissive	Motif		PAVQNYT	561	568	1	7					
sequence	hmm	20261001_8fb675cb	XP_068761212.1	_		traf2_binding_permissive	Motif		PENSS	781	786	1	5					
sequence	hmm	20261001_8fb675cb	XP_068673354.1	_		traf6_binding_permissive	Motif		PIQTLL	223	229	1	6					
sequence	hmm	20261001_8fb675cb	XP_068673354.1	_		traf6_binding_permissive	Motif		PTQAFL	259	265	1	6					
sequence	hmm	20261001_8fb675cb	XP_068673354.1	_		traf6_binding_permissive	Motif		PAQDHE	300	306	1	6					
sequence	hmm	20261001_8fb675cb	XP_068673354.1	_		traf2_binding_permissive	Motif		PIHEAAG	184	191	1	7					
sequence	hmm	20261001_8fb675cb	XP_068673354.1	_		traf2_binding_permissive	Motif		PAQDHE	300	306	1	6					
sequence	hmm	20261001_8fb675cb	XP_068673355.1	_		traf6_binding_permissive	Motif		PIQTLL	223	229	1	6					
sequence	hmm	20261001_8fb675cb	XP_068673355.1	_		traf6_binding_permissive	Motif		PTQAFL	259	265	1	6					
sequence	hmm	20261001_8fb675cb	XP_068673355.1	_		traf6_binding_permissive	Motif		PAQDHE	300	306	1	6					
sequence	hmm	20261001_8fb675cb	XP_068673355.1	_		traf2_binding_permissive	Motif		PIHEAAG	184	191	1	7					
sequence	hmm	20261001_8fb675cb	XP_068673355.1	_		traf2_binding_permissive	Motif		PAQDHE	300	306	1	6					
sequence	hmm	20261001_8fb675cb	XP_068673356.1	_		traf6_binding_permissive	Motif		PIQTLL	202	208	1	6					
sequence	hmm	20261001_8fb675cb	XP_068673356.1	_		traf6_binding_permissive	Motif		PTQAFL	238	244	1	6					
sequence	hmm	20261001_8fb675cb	XP_068673356.1	_		traf6_binding_permissive	Motif		PAQDHE	279	285	1	6					
sequence	hmm	20261001_8fb675cb	XP_068673356.1	_		traf2_binding_permissive	Motif		PIHEAAG	184	191	1	7					
sequence	hmm	20261001_8fb675cb	XP_068673356.1	_		traf2_binding_permissive	Motif		PAQDHE	279	285	1	6					
sequence	hmm	20261001_8fb675cb	XP_068673357.1	_		traf6_binding_permissive	Motif		PIQTLL	201	207	1	6					
sequence	hmm	20261001_8fb675cb	XP_068673357.1	_		traf6_binding_permissive	Motif		PTQAFL	237	243	1	6					
sequence	hmm	20261001_8fb675cb	XP_068673357.1	_		traf6_binding_permissive	Motif		PAQDHE	278	284	1	6					
sequence	hmm	20261001_8fb675cb	XP_068673357.1	_		traf2_binding_permissive	Motif		PIHEAAG	184	191	1	7					
sequence	hmm	20261001_8fb675cb	XP_068673357.1	_		traf2_binding_permissive	Motif		PAQDHE	278	284	1	6					
sequence	hmm	20261001_8fb675cb	XP_068673358.1	_		traf6_binding_permissive	Motif		PIQTLL	223	229	1	6					
sequence	hmm	20261001_8fb675cb	XP_068673358.1	_		traf6_binding_permissive	Motif		PAQDHE	266	272	1	6					
sequence	hmm	20261001_8fb675cb	XP_068673358.1	_		traf2_binding_permissive	Motif		PIHEAAG	184	191	1	7					
sequence	hmm	20261001_8fb675cb	XP_068673358.1	_		traf2_binding_permissive	Motif		PAQDHE	266	272	1	6					
sequence	hmm	20261001_8fb675cb	XP_068673359.1	_		traf6_binding_permissive	Motif		PIQTLL	202	208	1	6					
sequence	hmm	20261001_8fb675cb	XP_068673359.1	_		traf6_binding_permissive	Motif		PAQDHE	245	251	1	6					
sequence	hmm	20261001_8fb675cb	XP_068673359.1	_		traf2_binding_permissive	Motif		PIHEAAG	184	191	1	7					
sequence	hmm	20261001_8fb675cb	XP_068673359.1	_		traf2_binding_permissive	Motif		PAQDHE	245	251	1	6					
sequence	hmm	20261001_8fb675cb	XP_068673360.1	_		traf6_binding_permissive	Motif		PIQTLL	201	207	1	6					
sequence	hmm	20261001_8fb675cb	XP_068673360.1	_		traf6_binding_permissive	Motif		PAQDHE	244	250	1	6					
sequence	hmm	20261001_8fb675cb	XP_068673360.1	_		traf2_binding_permissive	Motif		PIHEAAG	184	191	1	7					
sequence	hmm	20261001_8fb675cb	XP_068673360.1	_		traf2_binding_permissive	Motif		PAQDHE	244	250	1	6					
sequence	hmm	20261001_8fb675cb	XP_068673816.1	_		traf6_binding_permissive	Motif		PTEHDI	291	297	1	6					
sequence	hmm	20261001_8fb675cb	XP_068673816.1	_		traf6_binding_permissive	Motif		PPQQGI	464	470	1	6					
sequence	hmm	20261001_8fb675cb	XP_068673816.1	_		traf6_binding_permissive	Motif		PAQTAL	781	787	1	6					
sequence	hmm	20261001_8fb675cb	XP_068673816.1	_		traf2_binding_variant	Motif		PEEPA	45	50	1	5					
sequence	hmm	20261001_8fb675cb	XP_068673816.1	_		traf2_binding_variant	Motif		PCETG	53	58	1	5					
sequence	hmm	20261001_8fb675cb	XP_068673816.1	_		traf2_binding_variant	Motif		PTEHD	291	296	1	5					
sequence	hmm	20261001_8fb675cb	XP_068673816.1	_		traf2_binding_variant	Motif		PDEIG	311	316	1	5					
sequence	hmm	20261001_8fb675cb	XP_068673816.1	_		traf2_binding_variant	Motif		PPQQG	464	469	1	5					
sequence	hmm	20261001_8fb675cb	XP_068673816.1	_		traf2_binding_variant	Motif		PWNWE	587	592	1	5					
sequence	hmm	20261001_8fb675cb	XP_068673816.1	_		traf2_binding_variant	Motif		PAQTA	781	786	1	5					
sequence	hmm	20261001_8fb675cb	XP_068673816.1	_		traf2_binding_permissive	Motif		PPEEPAG	44	51	1	7					
sequence	hmm	20261001_8fb675cb	XP_068673816.1	_		traf2_binding_permissive	Motif		PCETGT	53	59	1	6					
sequence	hmm	20261001_8fb675cb	XP_068673816.1	_		traf2_binding_permissive	Motif		PRRNTTG	161	168	1	7					
sequence	hmm	20261001_8fb675cb	XP_068673816.1	_		traf2_binding_permissive	Motif		PTNSVD	199	205	1	6					
sequence	hmm	20261001_8fb675cb	XP_068673816.1	_		traf2_binding_permissive	Motif		PASNPYT	240	247	1	7					
sequence	hmm	20261001_8fb675cb	XP_068673816.1	_		traf2_binding_permissive	Motif		PTEHD	291	296	1	5					
sequence	hmm	20261001_8fb675cb	XP_068673816.1	_		traf2_binding_permissive	Motif		PDEIGS	311	317	1	6					
sequence	hmm	20261001_8fb675cb	XP_068673816.1	_		traf2_binding_permissive	Motif		PPQQGIA	464	471	1	7					
sequence	hmm	20261001_8fb675cb	XP_068673816.1	_		traf2_binding_permissive	Motif		PDSNVS	494	500	1	6					
sequence	hmm	20261001_8fb675cb	XP_068673816.1	_		traf2_binding_permissive	Motif		PWNWE	587	592	1	5					
sequence	hmm	20261001_8fb675cb	XP_068673816.1	_		traf2_binding_permissive	Motif		PSSNLIS	646	653	1	7					
sequence	hmm	20261001_8fb675cb	XP_068673816.1	_		traf2_binding_permissive	Motif		PAQTA	781	786	1	5					
sequence	hmm	20261001_8fb675cb	XP_068673816.1	_		traf2_binding_permissive	Motif		PISENSS	946	953	1	7					
sequence	hmm	20261001_8fb675cb	XP_068673817.1	_		traf6_binding_permissive	Motif		PTEHDI	291	297	1	6					
sequence	hmm	20261001_8fb675cb	XP_068673817.1	_		traf6_binding_permissive	Motif		PPQQGI	464	470	1	6					
sequence	hmm	20261001_8fb675cb	XP_068673817.1	_		traf6_binding_permissive	Motif		PAQTAL	781	787	1	6					
sequence	hmm	20261001_8fb675cb	XP_068673817.1	_		traf2_binding_variant	Motif		PEEPA	45	50	1	5					
sequence	hmm	20261001_8fb675cb	XP_068673817.1	_		traf2_binding_variant	Motif		PCETG	53	58	1	5					
sequence	hmm	20261001_8fb675cb	XP_068673817.1	_		traf2_binding_variant	Motif		PTEHD	291	296	1	5					
sequence	hmm	20261001_8fb675cb	XP_068673817.1	_		traf2_binding_variant	Motif		PDEIG	311	316	1	5					
sequence	hmm	20261001_8fb675cb	XP_068673817.1	_		traf2_binding_variant	Motif		PPQQG	464	469	1	5					
sequence	hmm	20261001_8fb675cb	XP_068673817.1	_		traf2_binding_variant	Motif		PWNWE	587	592	1	5					
sequence	hmm	20261001_8fb675cb	XP_068673817.1	_		traf2_binding_variant	Motif		PAQTA	781	786	1	5					
sequence	hmm	20261001_8fb675cb	XP_068673817.1	_		traf2_binding_variant	Motif		PENSS	948	953	1	5					
sequence	hmm	20261001_8fb675cb	XP_068673817.1	_		traf2_binding_permissive	Motif		PPEEPAG	44	51	1	7					
sequence	hmm	20261001_8fb675cb	XP_068673817.1	_		traf2_binding_permissive	Motif		PCETGT	53	59	1	6					
sequence	hmm	20261001_8fb675cb	XP_068673817.1	_		traf2_binding_permissive	Motif		PRRNTTG	161	168	1	7					
sequence	hmm	20261001_8fb675cb	XP_068673817.1	_		traf2_binding_permissive	Motif		PTNSVD	199	205	1	6					
sequence	hmm	20261001_8fb675cb	XP_068673817.1	_		traf2_binding_permissive	Motif		PASNPYT	240	247	1	7					
sequence	hmm	20261001_8fb675cb	XP_068673817.1	_		traf2_binding_permissive	Motif		PTEHD	291	296	1	5					
sequence	hmm	20261001_8fb675cb	XP_068673817.1	_		traf2_binding_permissive	Motif		PDEIGS	311	317	1	6					
sequence	hmm	20261001_8fb675cb	XP_068673817.1	_		traf2_binding_permissive	Motif		PPQQGIA	464	471	1	7					
sequence	hmm	20261001_8fb675cb	XP_068673817.1	_		traf2_binding_permissive	Motif		PDSNVS	494	500	1	6					
sequence	hmm	20261001_8fb675cb	XP_068673817.1	_		traf2_binding_permissive	Motif		PWNWE	587	592	1	5					
sequence	hmm	20261001_8fb675cb	XP_068673817.1	_		traf2_binding_permissive	Motif		PSSNLIS	646	653	1	7					
sequence	hmm	20261001_8fb675cb	XP_068673817.1	_		traf2_binding_permissive	Motif		PAQTA	781	786	1	5					
sequence	hmm	20261001_8fb675cb	XP_068673817.1	_		traf2_binding_permissive	Motif		PENSS	948	953	1	5					
sequence	hmm	20261001_8fb675cb	XP_068673818.1	_		traf6_binding_permissive	Motif		PTEHDI	291	297	1	6					
sequence	hmm	20261001_8fb675cb	XP_068673818.1	_		traf6_binding_permissive	Motif		PPQQGI	463	469	1	6					
sequence	hmm	20261001_8fb675cb	XP_068673818.1	_		traf6_binding_permissive	Motif		PAQTAL	780	786	1	6					
sequence	hmm	20261001_8fb675cb	XP_068673818.1	_		traf2_binding_variant	Motif		PEEPA	45	50	1	5					
sequence	hmm	20261001_8fb675cb	XP_068673818.1	_		traf2_binding_variant	Motif		PCETG	53	58	1	5					
sequence	hmm	20261001_8fb675cb	XP_068673818.1	_		traf2_binding_variant	Motif		PTEHD	291	296	1	5					
sequence	hmm	20261001_8fb675cb	XP_068673818.1	_		traf2_binding_variant	Motif		PDEIG	311	316	1	5					
sequence	hmm	20261001_8fb675cb	XP_068673818.1	_		traf2_binding_variant	Motif		PPQQG	463	468	1	5					
sequence	hmm	20261001_8fb675cb	XP_068673818.1	_		traf2_binding_variant	Motif		PWNWE	586	591	1	5					
sequence	hmm	20261001_8fb675cb	XP_068673818.1	_		traf2_binding_variant	Motif		PAQTA	780	785	1	5					
sequence	hmm	20261001_8fb675cb	XP_068673818.1	_		traf2_binding_permissive	Motif		PPEEPAG	44	51	1	7					
sequence	hmm	20261001_8fb675cb	XP_068673818.1	_		traf2_binding_permissive	Motif		PCETGT	53	59	1	6					
sequence	hmm	20261001_8fb675cb	XP_068673818.1	_		traf2_binding_permissive	Motif		PRRNTTG	161	168	1	7					
sequence	hmm	20261001_8fb675cb	XP_068673818.1	_		traf2_binding_permissive	Motif		PTNSVD	199	205	1	6					
sequence	hmm	20261001_8fb675cb	XP_068673818.1	_		traf2_binding_permissive	Motif		PASNPYT	240	247	1	7					
sequence	hmm	20261001_8fb675cb	XP_068673818.1	_		traf2_binding_permissive	Motif		PTEHD	291	296	1	5					
sequence	hmm	20261001_8fb675cb	XP_068673818.1	_		traf2_binding_permissive	Motif		PDEIGS	311	317	1	6					
sequence	hmm	20261001_8fb675cb	XP_068673818.1	_		traf2_binding_permissive	Motif		PPQQGIA	463	470	1	7					
sequence	hmm	20261001_8fb675cb	XP_068673818.1	_		traf2_binding_permissive	Motif		PDSNVS	493	499	1	6					
sequence	hmm	20261001_8fb675cb	XP_068673818.1	_		traf2_binding_permissive	Motif		PWNWE	586	591	1	5					
sequence	hmm	20261001_8fb675cb	XP_068673818.1	_		traf2_binding_permissive	Motif		PSSNLIS	645	652	1	7					
sequence	hmm	20261001_8fb675cb	XP_068673818.1	_		traf2_binding_permissive	Motif		PAQTA	780	785	1	5					
sequence	hmm	20261001_8fb675cb	XP_068673818.1	_		traf2_binding_permissive	Motif		PISENSS	945	952	1	7					
sequence	hmm	20261001_8fb675cb	XP_068673819.1	_		traf6_binding_permissive	Motif		PTEHDI	291	297	1	6					
sequence	hmm	20261001_8fb675cb	XP_068673819.1	_		traf6_binding_permissive	Motif		PPQQGI	464	470	1	6					
sequence	hmm	20261001_8fb675cb	XP_068673819.1	_		traf6_binding_permissive	Motif		PAQTAL	781	787	1	6					
sequence	hmm	20261001_8fb675cb	XP_068673819.1	_		traf2_binding_variant	Motif		PEEPA	45	50	1	5					
sequence	hmm	20261001_8fb675cb	XP_068673819.1	_		traf2_binding_variant	Motif		PCETG	53	58	1	5					
sequence	hmm	20261001_8fb675cb	XP_068673819.1	_		traf2_binding_variant	Motif		PTEHD	291	296	1	5					
sequence	hmm	20261001_8fb675cb	XP_068673819.1	_		traf2_binding_variant	Motif		PDEIG	311	316	1	5					
sequence	hmm	20261001_8fb675cb	XP_068673819.1	_		traf2_binding_variant	Motif		PPQQG	464	469	1	5					
sequence	hmm	20261001_8fb675cb	XP_068673819.1	_		traf2_binding_variant	Motif		PWNWE	587	592	1	5					
sequence	hmm	20261001_8fb675cb	XP_068673819.1	_		traf2_binding_variant	Motif		PAQTA	781	786	1	5					
sequence	hmm	20261001_8fb675cb	XP_068673819.1	_		traf2_binding_permissive	Motif		PPEEPAG	44	51	1	7					
sequence	hmm	20261001_8fb675cb	XP_068673819.1	_		traf2_binding_permissive	Motif		PCETGT	53	59	1	6					
sequence	hmm	20261001_8fb675cb	XP_068673819.1	_		traf2_binding_permissive	Motif		PRRNTTG	161	168	1	7					
sequence	hmm	20261001_8fb675cb	XP_068673819.1	_		traf2_binding_permissive	Motif		PTNSVD	199	205	1	6					
sequence	hmm	20261001_8fb675cb	XP_068673819.1	_		traf2_binding_permissive	Motif		PASNPYT	240	247	1	7					
sequence	hmm	20261001_8fb675cb	XP_068673819.1	_		traf2_binding_permissive	Motif		PTEHD	291	296	1	5					
sequence	hmm	20261001_8fb675cb	XP_068673819.1	_		traf2_binding_permissive	Motif		PDEIGS	311	317	1	6					
sequence	hmm	20261001_8fb675cb	XP_068673819.1	_		traf2_binding_permissive	Motif		PPQQGIA	464	471	1	7					
sequence	hmm	20261001_8fb675cb	XP_068673819.1	_		traf2_binding_permissive	Motif		PDSNVS	494	500	1	6					
sequence	hmm	20261001_8fb675cb	XP_068673819.1	_		traf2_binding_permissive	Motif		PWNWE	587	592	1	5					
sequence	hmm	20261001_8fb675cb	XP_068673819.1	_		traf2_binding_permissive	Motif		PSSNLIS	646	653	1	7					
sequence	hmm	20261001_8fb675cb	XP_068673819.1	_		traf2_binding_permissive	Motif		PAQTA	781	786	1	5					
sequence	hmm	20261001_8fb675cb	XP_068673819.1	_		traf2_binding_permissive	Motif		PISENSS	923	930	1	7					
sequence	hmm	20261001_8fb675cb	XP_068673820.1	_		traf6_binding_permissive	Motif		PTEHDV	154	160	1	6					
sequence	hmm	20261001_8fb675cb	XP_068673820.1	_		traf6_binding_permissive	Motif		PPQQGI	319	325	1	6					
sequence	hmm	20261001_8fb675cb	XP_068673820.1	_		traf2_binding_variant	Motif		PEEPA	48	53	1	5					
sequence	hmm	20261001_8fb675cb	XP_068673820.1	_		traf2_binding_variant	Motif		PTEHD	154	159	1	5					
sequence	hmm	20261001_8fb675cb	XP_068673820.1	_		traf2_binding_variant	Motif		PPQQG	319	324	1	5					
sequence	hmm	20261001_8fb675cb	XP_068673820.1	_		traf2_binding_variant	Motif		PWNWE	442	447	1	5					
sequence	hmm	20261001_8fb675cb	XP_068673820.1	_		traf2_binding_variant	Motif		PENSS	792	797	1	5					
sequence	hmm	20261001_8fb675cb	XP_068673820.1	_		traf2_binding_permissive	Motif		PPEEPAG	47	54	1	7					
sequence	hmm	20261001_8fb675cb	XP_068673820.1	_		traf2_binding_permissive	Motif		PCKNGT	56	62	1	6					
sequence	hmm	20261001_8fb675cb	XP_068673820.1	_		traf2_binding_permissive	Motif		PTEHD	154	159	1	5					
sequence	hmm	20261001_8fb675cb	XP_068673820.1	_		traf2_binding_permissive	Motif		PPQQGIA	319	326	1	7					
sequence	hmm	20261001_8fb675cb	XP_068673820.1	_		traf2_binding_permissive	Motif		PDSNVS	349	355	1	6					
sequence	hmm	20261001_8fb675cb	XP_068673820.1	_		traf2_binding_permissive	Motif		PWNWE	442	447	1	5					
sequence	hmm	20261001_8fb675cb	XP_068673820.1	_		traf2_binding_permissive	Motif		PSSNLIS	501	508	1	7					
sequence	hmm	20261001_8fb675cb	XP_068673820.1	_		traf2_binding_permissive	Motif		PGNNFPA	532	539	1	7					
sequence	hmm	20261001_8fb675cb	XP_068673820.1	_		traf2_binding_permissive	Motif		PAVQNYT	572	579	1	7					
sequence	hmm	20261001_8fb675cb	XP_068673820.1	_		traf2_binding_permissive	Motif		PENSS	792	797	1	5					
sequence	hmm	20261001_8fb675cb	XP_068673822.1	_		traf6_binding_permissive	Motif		PTEHDV	154	160	1	6					
sequence	hmm	20261001_8fb675cb	XP_068673822.1	_		traf6_binding_permissive	Motif		PPQQGI	318	324	1	6					
sequence	hmm	20261001_8fb675cb	XP_068673822.1	_		traf2_binding_variant	Motif		PEEPA	48	53	1	5					
sequence	hmm	20261001_8fb675cb	XP_068673822.1	_		traf2_binding_variant	Motif		PTEHD	154	159	1	5					
sequence	hmm	20261001_8fb675cb	XP_068673822.1	_		traf2_binding_variant	Motif		PPQQG	318	323	1	5					
sequence	hmm	20261001_8fb675cb	XP_068673822.1	_		traf2_binding_variant	Motif		PWNWE	441	446	1	5					
sequence	hmm	20261001_8fb675cb	XP_068673822.1	_		traf2_binding_variant	Motif		PENSS	791	796	1	5					
sequence	hmm	20261001_8fb675cb	XP_068673822.1	_		traf2_binding_permissive	Motif		PPEEPAG	47	54	1	7					
sequence	hmm	20261001_8fb675cb	XP_068673822.1	_		traf2_binding_permissive	Motif		PCKNGT	56	62	1	6					
sequence	hmm	20261001_8fb675cb	XP_068673822.1	_		traf2_binding_permissive	Motif		PTEHD	154	159	1	5					
sequence	hmm	20261001_8fb675cb	XP_068673822.1	_		traf2_binding_permissive	Motif		PPQQGIA	318	325	1	7					
sequence	hmm	20261001_8fb675cb	XP_068673822.1	_		traf2_binding_permissive	Motif		PDSNVS	348	354	1	6					
sequence	hmm	20261001_8fb675cb	XP_068673822.1	_		traf2_binding_permissive	Motif		PWNWE	441	446	1	5					
sequence	hmm	20261001_8fb675cb	XP_068673822.1	_		traf2_binding_permissive	Motif		PSSNLIS	500	507	1	7					
sequence	hmm	20261001_8fb675cb	XP_068673822.1	_		traf2_binding_permissive	Motif		PGNNFPA	531	538	1	7					
sequence	hmm	20261001_8fb675cb	XP_068673822.1	_		traf2_binding_permissive	Motif		PAVQNYT	571	578	1	7					
sequence	hmm	20261001_8fb675cb	XP_068673822.1	_		traf2_binding_permissive	Motif		PENSS	791	796	1	5					
sequence	hmm	20261001_8fb675cb	XP_068673823.1	_		traf6_binding_permissive	Motif		PTEHDV	285	291	1	6					
sequence	hmm	20261001_8fb675cb	XP_068673823.1	_		traf6_binding_permissive	Motif		PPQKGI	456	462	1	6					
sequence	hmm	20261001_8fb675cb	XP_068673823.1	_		traf6_binding_permissive	Motif		PPQSVY	773	779	1	6					
sequence	hmm	20261001_8fb675cb	XP_068673823.1	_		traf2_binding_variant	Motif		PEEPA	48	53	1	5					
sequence	hmm	20261001_8fb675cb	XP_068673823.1	_		traf2_binding_variant	Motif		PTEHD	285	290	1	5					
sequence	hmm	20261001_8fb675cb	XP_068673823.1	_		traf2_binding_variant	Motif		PDEIG	305	310	1	5					
sequence	hmm	20261001_8fb675cb	XP_068673823.1	_		traf2_binding_variant	Motif		PPQKG	456	461	1	5					
sequence	hmm	20261001_8fb675cb	XP_068673823.1	_		traf2_binding_variant	Motif		PWNWE	579	584	1	5					
sequence	hmm	20261001_8fb675cb	XP_068673823.1	_		traf2_binding_variant	Motif		PENSS	906	911	1	5					
sequence	hmm	20261001_8fb675cb	XP_068673823.1	_		traf2_binding_permissive	Motif		PPEEPAG	47	54	1	7					
sequence	hmm	20261001_8fb675cb	XP_068673823.1	_		traf2_binding_permissive	Motif		PCKNGT	56	62	1	6					
sequence	hmm	20261001_8fb675cb	XP_068673823.1	_		traf2_binding_permissive	Motif		PRRNTTG	161	168	1	7					
sequence	hmm	20261001_8fb675cb	XP_068673823.1	_		traf2_binding_permissive	Motif		PTEHD	285	290	1	5					
sequence	hmm	20261001_8fb675cb	XP_068673823.1	_		traf2_binding_permissive	Motif		PDEIGS	305	311	1	6					
sequence	hmm	20261001_8fb675cb	XP_068673823.1	_		traf2_binding_permissive	Motif		PPQKG	456	461	1	5					
sequence	hmm	20261001_8fb675cb	XP_068673823.1	_		traf2_binding_permissive	Motif		PDSNVS	486	492	1	6					
sequence	hmm	20261001_8fb675cb	XP_068673823.1	_		traf2_binding_permissive	Motif		PWNWE	579	584	1	5					
sequence	hmm	20261001_8fb675cb	XP_068673823.1	_		traf2_binding_permissive	Motif		PSSNLIS	638	645	1	7					
sequence	hmm	20261001_8fb675cb	XP_068673823.1	_		traf2_binding_permissive	Motif		PASQNYT	709	716	1	7					
sequence	hmm	20261001_8fb675cb	XP_068673823.1	_		traf2_binding_permissive	Motif		PENSS	906	911	1	5					
sequence	hmm	20261001_8fb675cb	XP_068673824.1	_		traf6_binding_permissive	Motif		PTEHDV	285	291	1	6					
sequence	hmm	20261001_8fb675cb	XP_068673824.1	_		traf6_binding_permissive	Motif		PPQKGI	456	462	1	6					
sequence	hmm	20261001_8fb675cb	XP_068673824.1	_		traf2_binding_variant	Motif		PEEPA	48	53	1	5					
sequence	hmm	20261001_8fb675cb	XP_068673824.1	_		traf2_binding_variant	Motif		PTEHD	285	290	1	5					
sequence	hmm	20261001_8fb675cb	XP_068673824.1	_		traf2_binding_variant	Motif		PDEIG	305	310	1	5					
sequence	hmm	20261001_8fb675cb	XP_068673824.1	_		traf2_binding_variant	Motif		PPQKG	456	461	1	5					
sequence	hmm	20261001_8fb675cb	XP_068673824.1	_		traf2_binding_variant	Motif		PWNWE	579	584	1	5					
sequence	hmm	20261001_8fb675cb	XP_068673824.1	_		traf2_binding_permissive	Motif		PPEEPAG	47	54	1	7					
sequence	hmm	20261001_8fb675cb	XP_068673824.1	_		traf2_binding_permissive	Motif		PCKNGT	56	62	1	6					
sequence	hmm	20261001_8fb675cb	XP_068673824.1	_		traf2_binding_permissive	Motif		PRRNTTG	161	168	1	7					
sequence	hmm	20261001_8fb675cb	XP_068673824.1	_		traf2_binding_permissive	Motif		PTEHD	285	290	1	5					
sequence	hmm	20261001_8fb675cb	XP_068673824.1	_		traf2_binding_permissive	Motif		PDEIGS	305	311	1	6					
sequence	hmm	20261001_8fb675cb	XP_068673824.1	_		traf2_binding_permissive	Motif		PPQKG	456	461	1	5					
sequence	hmm	20261001_8fb675cb	XP_068673824.1	_		traf2_binding_permissive	Motif		PDSNVS	486	492	1	6					
sequence	hmm	20261001_8fb675cb	XP_068673824.1	_		traf2_binding_permissive	Motif		PWNWE	579	584	1	5					
sequence	hmm	20261001_8fb675cb	XP_068673824.1	_		traf2_binding_permissive	Motif		PSSNLIS	638	645	1	7					
sequence	hmm	20261001_8fb675cb	XP_068673824.1	_		traf2_binding_permissive	Motif		PASQNYT	709	716	1	7					
sequence	hmm	20261001_8fb675cb	XP_068673824.1	_		traf2_binding_permissive	Motif		PPQCIT	773	779	1	6					
sequence	hmm	20261001_8fb675cb	XP_068673825.1	_		traf6_binding_permissive	Motif		PTEHDV	285	291	1	6					
sequence	hmm	20261001_8fb675cb	XP_068673825.1	_		traf6_binding_permissive	Motif		PPQKGI	456	462	1	6					
sequence	hmm	20261001_8fb675cb	XP_068673825.1	_		traf2_binding_variant	Motif		PEEPA	48	53	1	5					
sequence	hmm	20261001_8fb675cb	XP_068673825.1	_		traf2_binding_variant	Motif		PTEHD	285	290	1	5					
sequence	hmm	20261001_8fb675cb	XP_068673825.1	_		traf2_binding_variant	Motif		PDEIG	305	310	1	5					
sequence	hmm	20261001_8fb675cb	XP_068673825.1	_		traf2_binding_variant	Motif		PPQKG	456	461	1	5					
sequence	hmm	20261001_8fb675cb	XP_068673825.1	_		traf2_binding_variant	Motif		PWNWE	579	584	1	5					
sequence	hmm	20261001_8fb675cb	XP_068673825.1	_		traf2_binding_permissive	Motif		PPEEPAG	47	54	1	7					
sequence	hmm	20261001_8fb675cb	XP_068673825.1	_		traf2_binding_permissive	Motif		PCKNGT	56	62	1	6					
sequence	hmm	20261001_8fb675cb	XP_068673825.1	_		traf2_binding_permissive	Motif		PRRNTTG	161	168	1	7					
sequence	hmm	20261001_8fb675cb	XP_068673825.1	_		traf2_binding_permissive	Motif		PTEHD	285	290	1	5					
sequence	hmm	20261001_8fb675cb	XP_068673825.1	_		traf2_binding_permissive	Motif		PDEIGS	305	311	1	6					
sequence	hmm	20261001_8fb675cb	XP_068673825.1	_		traf2_binding_permissive	Motif		PPQKG	456	461	1	5					
sequence	hmm	20261001_8fb675cb	XP_068673825.1	_		traf2_binding_permissive	Motif		PDSNVS	486	492	1	6					
sequence	hmm	20261001_8fb675cb	XP_068673825.1	_		traf2_binding_permissive	Motif		PWNWE	579	584	1	5					
sequence	hmm	20261001_8fb675cb	XP_068673825.1	_		traf2_binding_permissive	Motif		PSSNLIS	638	645	1	7					
sequence	hmm	20261001_8fb675cb	XP_068673825.1	_		traf2_binding_permissive	Motif		PASQNYT	709	716	1	7					
sequence	hmm	20261001_8fb675cb	XP_068681672.1	_		traf6_binding_permissive	Motif		PAQSTK	204	210	1	6					
sequence	hmm	20261001_8fb675cb	XP_068681672.1	_		traf6_binding_permissive	Motif		PFEVSL	216	222	1	6					
sequence	hmm	20261001_8fb675cb	XP_068681672.1	_		traf2_binding_strict	Motif		PPQTT	180	185	1	5					
sequence	hmm	20261001_8fb675cb	XP_068681672.1	_		traf2_binding_strict	Motif		PAQST	204	209	1	5					
sequence	hmm	20261001_8fb675cb	XP_068681672.1	_		traf2_binding_strict	Motif		PFEVS	216	221	1	5					
sequence	hmm	20261001_8fb675cb	XP_068681672.1	_		traf2_binding_variant	Motif		PPQTT	180	185	1	5					
sequence	hmm	20261001_8fb675cb	XP_068681672.1	_		traf2_binding_variant	Motif		PAQST	204	209	1	5					
sequence	hmm	20261001_8fb675cb	XP_068681672.1	_		traf2_binding_variant	Motif		PFEVS	216	221	1	5					
sequence	hmm	20261001_8fb675cb	XP_068681672.1	_		traf2_binding_variant	Motif		PGQDE	303	308	1	5					
sequence	hmm	20261001_8fb675cb	XP_068681672.1	_		traf2_binding_permissive	Motif		PKGEFIT	26	33	1	7					
sequence	hmm	20261001_8fb675cb	XP_068681672.1	_		traf2_binding_permissive	Motif		PCPNGT	39	45	1	6					
sequence	hmm	20261001_8fb675cb	XP_068681672.1	_		traf2_binding_permissive	Motif		PPPQTTA	179	186	1	7					
sequence	hmm	20261001_8fb675cb	XP_068681672.1	_		traf2_binding_permissive	Motif		PAQST	204	209	1	5					
sequence	hmm	20261001_8fb675cb	XP_068681672.1	_		traf2_binding_permissive	Motif		PFEVS	216	221	1	5					
sequence	hmm	20261001_8fb675cb	XP_068681672.1	_		traf2_binding_permissive	Motif		PENHYT	268	274	1	6					
sequence	hmm	20261001_8fb675cb	XP_068681672.1	_		traf2_binding_permissive	Motif		PRCNHD	293	299	1	6					
sequence	hmm	20261001_8fb675cb	XP_068681672.1	_		traf2_binding_permissive	Motif		PGQDEG	303	309	1	6					
sequence	hmm	20261001_8fb675cb	XP_068681672.1	_		traf2_binding_permissive	Motif		PADEQT	355	361	1	6					
sequence	hmm	20261001_8fb675cb	XP_068681673.1	_		traf6_binding_permissive	Motif		PAQSTK	204	210	1	6					
sequence	hmm	20261001_8fb675cb	XP_068681673.1	_		traf6_binding_permissive	Motif		PFEVSL	216	222	1	6					
sequence	hmm	20261001_8fb675cb	XP_068681673.1	_		traf2_binding_strict	Motif		PPQTT	180	185	1	5					
sequence	hmm	20261001_8fb675cb	XP_068681673.1	_		traf2_binding_strict	Motif		PAQST	204	209	1	5					
sequence	hmm	20261001_8fb675cb	XP_068681673.1	_		traf2_binding_strict	Motif		PFEVS	216	221	1	5					
sequence	hmm	20261001_8fb675cb	XP_068681673.1	_		traf2_binding_variant	Motif		PPQTT	180	185	1	5					
sequence	hmm	20261001_8fb675cb	XP_068681673.1	_		traf2_binding_variant	Motif		PAQST	204	209	1	5					
sequence	hmm	20261001_8fb675cb	XP_068681673.1	_		traf2_binding_variant	Motif		PFEVS	216	221	1	5					
sequence	hmm	20261001_8fb675cb	XP_068681673.1	_		traf2_binding_variant	Motif		PGQDE	303	308	1	5					
sequence	hmm	20261001_8fb675cb	XP_068681673.1	_		traf2_binding_permissive	Motif		PKGEFIT	26	33	1	7					
sequence	hmm	20261001_8fb675cb	XP_068681673.1	_		traf2_binding_permissive	Motif		PCPNGT	39	45	1	6					
sequence	hmm	20261001_8fb675cb	XP_068681673.1	_		traf2_binding_permissive	Motif		PPPQTTA	179	186	1	7					
sequence	hmm	20261001_8fb675cb	XP_068681673.1	_		traf2_binding_permissive	Motif		PAQST	204	209	1	5					
sequence	hmm	20261001_8fb675cb	XP_068681673.1	_		traf2_binding_permissive	Motif		PFEVS	216	221	1	5					
sequence	hmm	20261001_8fb675cb	XP_068681673.1	_		traf2_binding_permissive	Motif		PENHYT	268	274	1	6					
sequence	hmm	20261001_8fb675cb	XP_068681673.1	_		traf2_binding_permissive	Motif		PRCNHD	293	299	1	6					
sequence	hmm	20261001_8fb675cb	XP_068681673.1	_		traf2_binding_permissive	Motif		PGQDEG	303	309	1	6					
sequence	hmm	20261001_8fb675cb	XP_068681673.1	_		traf2_binding_permissive	Motif		PADEQT	355	361	1	6					
sequence	hmm	20261001_8fb675cb	XP_068681674.1	_		traf6_binding_permissive	Motif		PAQSTK	204	210	1	6					
sequence	hmm	20261001_8fb675cb	XP_068681674.1	_		traf6_binding_permissive	Motif		PFEVSL	216	222	1	6					
sequence	hmm	20261001_8fb675cb	XP_068681674.1	_		traf6_binding_permissive	Motif		PREKWK	305	311	1	6					
sequence	hmm	20261001_8fb675cb	XP_068681674.1	_		traf2_binding_strict	Motif		PPQTT	180	185	1	5					
sequence	hmm	20261001_8fb675cb	XP_068681674.1	_		traf2_binding_strict	Motif		PAQST	204	209	1	5					
sequence	hmm	20261001_8fb675cb	XP_068681674.1	_		traf2_binding_strict	Motif		PFEVS	216	221	1	5					
sequence	hmm	20261001_8fb675cb	XP_068681674.1	_		traf2_binding_variant	Motif		PPQTT	180	185	1	5					
sequence	hmm	20261001_8fb675cb	XP_068681674.1	_		traf2_binding_variant	Motif		PAQST	204	209	1	5					
sequence	hmm	20261001_8fb675cb	XP_068681674.1	_		traf2_binding_variant	Motif		PFEVS	216	221	1	5					
sequence	hmm	20261001_8fb675cb	XP_068681674.1	_		traf2_binding_permissive	Motif		PKGEFIT	26	33	1	7					
sequence	hmm	20261001_8fb675cb	XP_068681674.1	_		traf2_binding_permissive	Motif		PCPNGT	39	45	1	6					
sequence	hmm	20261001_8fb675cb	XP_068681674.1	_		traf2_binding_permissive	Motif		PPPQTTA	179	186	1	7					
sequence	hmm	20261001_8fb675cb	XP_068681674.1	_		traf2_binding_permissive	Motif		PAQST	204	209	1	5					
sequence	hmm	20261001_8fb675cb	XP_068681674.1	_		traf2_binding_permissive	Motif		PFEVS	216	221	1	5					
sequence	hmm	20261001_8fb675cb	XP_068681674.1	_		traf2_binding_permissive	Motif		PENHYT	268	274	1	6					
sequence	hmm	20261001_8fb675cb	XP_068686061.1	_		traf6_binding_permissive	Motif		PTQIAL	91	97	1	6					
sequence	hmm	20261001_8fb675cb	XP_068686061.1	_		traf2_binding_strict	Motif		PSEET	278	283	1	5					
sequence	hmm	20261001_8fb675cb	XP_068686061.1	_		traf2_binding_strict	Motif		PDQAT	394	399	1	5					
sequence	hmm	20261001_8fb675cb	XP_068686061.1	_		traf2_binding_variant	Motif		PCNES	55	60	1	5					
sequence	hmm	20261001_8fb675cb	XP_068686061.1	_		traf2_binding_variant	Motif		PTQIA	91	96	1	5					
sequence	hmm	20261001_8fb675cb	XP_068686061.1	_		traf2_binding_variant	Motif		PSEET	278	283	1	5					
sequence	hmm	20261001_8fb675cb	XP_068686061.1	_		traf2_binding_variant	Motif		PDQAT	394	399	1	5					
sequence	hmm	20261001_8fb675cb	XP_068686061.1	_		traf2_binding_permissive	Motif		PCNESTG	55	62	1	7					
sequence	hmm	20261001_8fb675cb	XP_068686061.1	_		traf2_binding_permissive	Motif		PTQIA	91	96	1	5					
sequence	hmm	20261001_8fb675cb	XP_068686061.1	_		traf2_binding_permissive	Motif		PCTQCRG	167	174	1	7					
sequence	hmm	20261001_8fb675cb	XP_068686061.1	_		traf2_binding_permissive	Motif		PLSEVTT	212	219	1	7					
sequence	hmm	20261001_8fb675cb	XP_068686061.1	_		traf2_binding_permissive	Motif		PSEETA	278	284	1	6					
sequence	hmm	20261001_8fb675cb	XP_068686061.1	_		traf2_binding_permissive	Motif		PDQAT	394	399	1	5					
sequence	hmm	20261001_8fb675cb	XP_068686062.1	_		traf6_binding_permissive	Motif		PTQIAL	85	91	1	6					
sequence	hmm	20261001_8fb675cb	XP_068686062.1	_		traf2_binding_strict	Motif		PSEET	272	277	1	5					
sequence	hmm	20261001_8fb675cb	XP_068686062.1	_		traf2_binding_strict	Motif		PDQAT	388	393	1	5					
sequence	hmm	20261001_8fb675cb	XP_068686062.1	_		traf2_binding_variant	Motif		PCNES	49	54	1	5					
sequence	hmm	20261001_8fb675cb	XP_068686062.1	_		traf2_binding_variant	Motif		PTQIA	85	90	1	5					
sequence	hmm	20261001_8fb675cb	XP_068686062.1	_		traf2_binding_variant	Motif		PSEET	272	277	1	5					
sequence	hmm	20261001_8fb675cb	XP_068686062.1	_		traf2_binding_variant	Motif		PDQAT	388	393	1	5					
sequence	hmm	20261001_8fb675cb	XP_068686062.1	_		traf2_binding_permissive	Motif		PCNESTG	49	56	1	7					
sequence	hmm	20261001_8fb675cb	XP_068686062.1	_		traf2_binding_permissive	Motif		PTQIA	85	90	1	5					
sequence	hmm	20261001_8fb675cb	XP_068686062.1	_		traf2_binding_permissive	Motif		PCTQCRG	161	168	1	7					
sequence	hmm	20261001_8fb675cb	XP_068686062.1	_		traf2_binding_permissive	Motif		PLSEVTT	206	213	1	7					
sequence	hmm	20261001_8fb675cb	XP_068686062.1	_		traf2_binding_permissive	Motif		PSEETA	272	278	1	6					
sequence	hmm	20261001_8fb675cb	XP_068686062.1	_		traf2_binding_permissive	Motif		PDQAT	388	393	1	5					
sequence	hmm	20261001_8fb675cb	XP_068686063.1	_		traf6_binding_permissive	Motif		PTQIAL	91	97	1	6					
sequence	hmm	20261001_8fb675cb	XP_068686063.1	_		traf2_binding_strict	Motif		PDQAT	377	382	1	5					
sequence	hmm	20261001_8fb675cb	XP_068686063.1	_		traf2_binding_variant	Motif		PCNES	55	60	1	5					
sequence	hmm	20261001_8fb675cb	XP_068686063.1	_		traf2_binding_variant	Motif		PTQIA	91	96	1	5					
sequence	hmm	20261001_8fb675cb	XP_068686063.1	_		traf2_binding_variant	Motif		PDQAT	377	382	1	5					
sequence	hmm	20261001_8fb675cb	XP_068686063.1	_		traf2_binding_permissive	Motif		PCNESTG	55	62	1	7					
sequence	hmm	20261001_8fb675cb	XP_068686063.1	_		traf2_binding_permissive	Motif		PTQIA	91	96	1	5					
sequence	hmm	20261001_8fb675cb	XP_068686063.1	_		traf2_binding_permissive	Motif		PCTQCRG	167	174	1	7					
sequence	hmm	20261001_8fb675cb	XP_068686063.1	_		traf2_binding_permissive	Motif		PLSEVTT	212	219	1	7					
sequence	hmm	20261001_8fb675cb	XP_068686063.1	_		traf2_binding_permissive	Motif		PDQAT	377	382	1	5					
sequence	hmm	20261001_8fb675cb	XP_068686064.1	_		traf6_binding_permissive	Motif		PTQIAL	85	91	1	6					
sequence	hmm	20261001_8fb675cb	XP_068686064.1	_		traf2_binding_strict	Motif		PDQAT	371	376	1	5					
sequence	hmm	20261001_8fb675cb	XP_068686064.1	_		traf2_binding_variant	Motif		PCNES	49	54	1	5					
sequence	hmm	20261001_8fb675cb	XP_068686064.1	_		traf2_binding_variant	Motif		PTQIA	85	90	1	5					
sequence	hmm	20261001_8fb675cb	XP_068686064.1	_		traf2_binding_variant	Motif		PDQAT	371	376	1	5					
sequence	hmm	20261001_8fb675cb	XP_068686064.1	_		traf2_binding_permissive	Motif		PCNESTG	49	56	1	7					
sequence	hmm	20261001_8fb675cb	XP_068686064.1	_		traf2_binding_permissive	Motif		PTQIA	85	90	1	5					
sequence	hmm	20261001_8fb675cb	XP_068686064.1	_		traf2_binding_permissive	Motif		PCTQCRG	161	168	1	7					
sequence	hmm	20261001_8fb675cb	XP_068686064.1	_		traf2_binding_permissive	Motif		PLSEVTT	206	213	1	7					
sequence	hmm	20261001_8fb675cb	XP_068686064.1	_		traf2_binding_permissive	Motif		PDQAT	371	376	1	5					
sequence	hmm	20261001_8fb675cb	XP_068689545.1	_		traf6_binding_permissive	Motif		PNEETI	109	115	1	6					
sequence	hmm	20261001_8fb675cb	XP_068689545.1	_		traf2_binding_strict	Motif		PNEET	109	114	1	5					
sequence	hmm	20261001_8fb675cb	XP_068689545.1	_		traf2_binding_variant	Motif		PNEET	109	114	1	5					
sequence	hmm	20261001_8fb675cb	XP_068689545.1	_		traf2_binding_permissive	Motif		PNEETIS	109	116	1	7					
sequence	hmm	20261001_8fb675cb	XP_068689545.1	_		traf2_binding_permissive	Motif		PDVNETT	182	189	1	7					
sequence	hmm	20261001_8fb675cb	XP_068689546.1	_		traf6_binding_permissive	Motif		PNEETI	109	115	1	6					
sequence	hmm	20261001_8fb675cb	XP_068689546.1	_		traf2_binding_strict	Motif		PNEET	109	114	1	5					
sequence	hmm	20261001_8fb675cb	XP_068689546.1	_		traf2_binding_variant	Motif		PNEET	109	114	1	5					
sequence	hmm	20261001_8fb675cb	XP_068689546.1	_		traf2_binding_permissive	Motif		PNEETIS	109	116	1	7					
sequence	hmm	20261001_8fb675cb	XP_068689546.1	_		traf2_binding_permissive	Motif		PDVNETT	182	189	1	7					
sequence	hmm	20261001_8fb675cb	XP_068690058.1	_		traf6_binding_permissive	Motif		PNEETI	146	152	1	6					
sequence	hmm	20261001_8fb675cb	XP_068690058.1	_		traf2_binding_strict	Motif		PNEET	146	151	1	5					
sequence	hmm	20261001_8fb675cb	XP_068690058.1	_		traf2_binding_variant	Motif		PNEET	146	151	1	5					
sequence	hmm	20261001_8fb675cb	XP_068690058.1	_		traf2_binding_permissive	Motif		PNEETIS	146	153	1	7					
sequence	hmm	20261001_8fb675cb	XP_068690058.1	_		traf2_binding_permissive	Motif		PHVNEAT	219	226	1	7					
sequence	hmm	20261001_8fb675cb	XP_068690058.1	_		traf2_binding_permissive	Motif		PSQEQS	300	306	1	6					
sequence	hmm	20261001_8fb675cb	XP_068690586.1	_		traf6_binding_permissive	Motif		PNEETI	109	115	1	6					
sequence	hmm	20261001_8fb675cb	XP_068690586.1	_		traf2_binding_strict	Motif		PNEET	109	114	1	5					
sequence	hmm	20261001_8fb675cb	XP_068690586.1	_		traf2_binding_variant	Motif		PNEET	109	114	1	5					
sequence	hmm	20261001_8fb675cb	XP_068690586.1	_		traf2_binding_permissive	Motif		PNEETIS	109	116	1	7					
sequence	hmm	20261001_8fb675cb	XP_068690586.1	_		traf2_binding_permissive	Motif		PNVNETT	182	189	1	7					
sequence	hmm	20261001_8fb675cb	XP_068690587.1	_		traf6_binding_permissive	Motif		PNEETI	109	115	1	6					
sequence	hmm	20261001_8fb675cb	XP_068690587.1	_		traf2_binding_strict	Motif		PNEET	109	114	1	5					
sequence	hmm	20261001_8fb675cb	XP_068690587.1	_		traf2_binding_variant	Motif		PNEET	109	114	1	5					
sequence	hmm	20261001_8fb675cb	XP_068690587.1	_		traf2_binding_permissive	Motif		PNEETIS	109	116	1	7					
sequence	hmm	20261001_8fb675cb	XP_068690587.1	_		traf2_binding_permissive	Motif		PNVNETT	182	189	1	7					
sequence	hmm	20261001_8fb675cb	XP_068694590.1	_		traf6_binding_permissive	Motif		PNEETI	102	108	1	6					
sequence	hmm	20261001_8fb675cb	XP_068694590.1	_		traf2_binding_strict	Motif		PNEET	102	107	1	5					
sequence	hmm	20261001_8fb675cb	XP_068694590.1	_		traf2_binding_variant	Motif		PNEET	102	107	1	5					
sequence	hmm	20261001_8fb675cb	XP_068694590.1	_		traf2_binding_permissive	Motif		PNEETIS	102	109	1	7					
sequence	hmm	20261001_8fb675cb	XP_068694600.1	_		traf6_binding_permissive	Motif		PNEETI	117	123	1	6					
sequence	hmm	20261001_8fb675cb	XP_068694600.1	_		traf2_binding_strict	Motif		PNEET	117	122	1	5					
sequence	hmm	20261001_8fb675cb	XP_068694600.1	_		traf2_binding_variant	Motif		PNEET	117	122	1	5					
sequence	hmm	20261001_8fb675cb	XP_068694600.1	_		traf2_binding_permissive	Motif		PNEETIS	117	124	1	7					
sequence	hmm	20261001_8fb675cb	XP_068694600.1	_		traf2_binding_permissive	Motif		PDVNETT	190	197	1	7					
sequence	hmm	20261001_8fb675cb	XP_068694601.1	_		traf6_binding_permissive	Motif		PNEETI	108	114	1	6					
sequence	hmm	20261001_8fb675cb	XP_068694601.1	_		traf2_binding_strict	Motif		PNEET	108	113	1	5					
sequence	hmm	20261001_8fb675cb	XP_068694601.1	_		traf2_binding_variant	Motif		PNEET	108	113	1	5					
sequence	hmm	20261001_8fb675cb	XP_068694601.1	_		traf2_binding_permissive	Motif		PNEETIS	108	115	1	7					
sequence	hmm	20261001_8fb675cb	XP_068694601.1	_		traf2_binding_permissive	Motif		PDVNETT	181	188	1	7					
sequence	hmm	20261001_8fb675cb	XP_068694603.1	_		traf6_binding_permissive	Motif		PNEETI	108	114	1	6					
sequence	hmm	20261001_8fb675cb	XP_068694603.1	_		traf2_binding_strict	Motif		PNEET	108	113	1	5					
sequence	hmm	20261001_8fb675cb	XP_068694603.1	_		traf2_binding_variant	Motif		PNEET	108	113	1	5					
sequence	hmm	20261001_8fb675cb	XP_068694603.1	_		traf2_binding_permissive	Motif		PNEETIS	108	115	1	7					
sequence	hmm	20261001_8fb675cb	XP_068694603.1	_		traf2_binding_permissive	Motif		PDVNETT	181	188	1	7					
sequence	hmm	20261001_8fb675cb	XP_068694604.1	_		traf6_binding_permissive	Motif		PNEETI	108	114	1	6					
sequence	hmm	20261001_8fb675cb	XP_068694604.1	_		traf2_binding_strict	Motif		PNEET	108	113	1	5					
sequence	hmm	20261001_8fb675cb	XP_068694604.1	_		traf2_binding_variant	Motif		PNEET	108	113	1	5					
sequence	hmm	20261001_8fb675cb	XP_068694604.1	_		traf2_binding_permissive	Motif		PNEETIS	108	115	1	7					
sequence	hmm	20261001_8fb675cb	XP_068694604.1	_		traf2_binding_permissive	Motif		PDVNETT	181	188	1	7					
sequence	hmm	20261001_8fb675cb	XP_068697811.1	_		traf6_binding_permissive	Motif		PNEETI	83	89	1	6					
sequence	hmm	20261001_8fb675cb	XP_068697811.1	_		traf2_binding_strict	Motif		PNEET	83	88	1	5					
sequence	hmm	20261001_8fb675cb	XP_068697811.1	_		traf2_binding_variant	Motif		PNEET	83	88	1	5					
sequence	hmm	20261001_8fb675cb	XP_068697811.1	_		traf2_binding_permissive	Motif		PNEETIS	83	90	1	7					
sequence	hmm	20261001_8fb675cb	XP_068697811.1	_		traf2_binding_permissive	Motif		PHVNEAT	156	163	1	7					
sequence	hmm	20261001_8fb675cb	XP_068700204.1	_		traf6_binding_permissive	Motif		PFQKVK	193	199	1	6					
sequence	hmm	20261001_8fb675cb	XP_068700204.1	_		traf2_binding_strict	Motif		PNQFT	22	27	1	5					
sequence	hmm	20261001_8fb675cb	XP_068700204.1	_		traf2_binding_variant	Motif		PNQFT	22	27	1	5					
sequence	hmm	20261001_8fb675cb	XP_068700204.1	_		traf2_binding_permissive	Motif		PNQFTS	22	28	1	6					
sequence	hmm	20261001_8fb675cb	XP_068700204.1	_		traf2_binding_permissive	Motif		PNKEVT	68	74	1	6					
sequence	hmm	20261001_8fb675cb	XP_068701051.1	_		traf6_binding_permissive	Motif		PEQIRW	53	59	1	6					
sequence	hmm	20261001_8fb675cb	XP_068701051.1	_		traf6_binding_permissive	Motif		PRQQSD	253	259	1	6					
sequence	hmm	20261001_8fb675cb	XP_068701051.1	_		traf2_binding_strict	Motif		PRQQS	253	258	1	5					
sequence	hmm	20261001_8fb675cb	XP_068701051.1	_		traf2_binding_variant	Motif		PANQA	237	242	1	5					
sequence	hmm	20261001_8fb675cb	XP_068701051.1	_		traf2_binding_variant	Motif		PRQQS	253	258	1	5					
sequence	hmm	20261001_8fb675cb	XP_068701051.1	_		traf2_binding_permissive	Motif		PANQAT	237	243	1	6					
sequence	hmm	20261001_8fb675cb	XP_068701051.1	_		traf2_binding_permissive	Motif		PPRQQSD	252	259	1	7					
sequence	hmm	20261001_8fb675cb	XP_068701051.1	_		traf2_binding_permissive	Motif		PLETIA	321	327	1	6					
sequence	hmm	20261001_8fb675cb	XP_068701052.1	_		traf6_binding_permissive	Motif		PEQIRW	13	19	1	6					
sequence	hmm	20261001_8fb675cb	XP_068701052.1	_		traf6_binding_permissive	Motif		PRQQSD	213	219	1	6					
sequence	hmm	20261001_8fb675cb	XP_068701052.1	_		traf2_binding_strict	Motif		PRQQS	213	218	1	5					
sequence	hmm	20261001_8fb675cb	XP_068701052.1	_		traf2_binding_variant	Motif		PANQA	197	202	1	5					
sequence	hmm	20261001_8fb675cb	XP_068701052.1	_		traf2_binding_variant	Motif		PRQQS	213	218	1	5					
sequence	hmm	20261001_8fb675cb	XP_068701052.1	_		traf2_binding_permissive	Motif		PANQAT	197	203	1	6					
sequence	hmm	20261001_8fb675cb	XP_068701052.1	_		traf2_binding_permissive	Motif		PPRQQSD	212	219	1	7					
sequence	hmm	20261001_8fb675cb	XP_068701052.1	_		traf2_binding_permissive	Motif		PLETIA	281	287	1	6					
sequence	hmm	20261001_8fb675cb	XP_068702623.1	_		traf6_binding_permissive	Motif		PCENGK	73	79	1	6					
sequence	hmm	20261001_8fb675cb	XP_068702623.1	_		traf2_binding_variant	Motif		PPNIS	66	71	1	5					
sequence	hmm	20261001_8fb675cb	XP_068702623.1	_		traf2_binding_variant	Motif		PCENG	73	78	1	5					
sequence	hmm	20261001_8fb675cb	XP_068702623.1	_		traf2_binding_permissive	Motif		PPNIS	66	71	1	5					
sequence	hmm	20261001_8fb675cb	XP_068702623.1	_		traf2_binding_permissive	Motif		PCENGKT	73	80	1	7					
sequence	hmm	20261001_8fb675cb	XP_068702623.1	_		traf2_binding_permissive	Motif		PKRERKE	287	294	1	7					
sequence	hmm	20261001_8fb675cb	XP_068702623.1	_		traf2_binding_permissive	Motif		PGKEVID	575	582	1	7					
sequence	hmm	20261001_8fb675cb	XP_068702624.1	_		traf6_binding_permissive	Motif		PCENGK	73	79	1	6					
sequence	hmm	20261001_8fb675cb	XP_068702624.1	_		traf2_binding_variant	Motif		PPNIS	66	71	1	5					
sequence	hmm	20261001_8fb675cb	XP_068702624.1	_		traf2_binding_variant	Motif		PCENG	73	78	1	5					
sequence	hmm	20261001_8fb675cb	XP_068702624.1	_		traf2_binding_permissive	Motif		PPNIS	66	71	1	5					
sequence	hmm	20261001_8fb675cb	XP_068702624.1	_		traf2_binding_permissive	Motif		PCENGKT	73	80	1	7					
sequence	hmm	20261001_8fb675cb	XP_068702624.1	_		traf2_binding_permissive	Motif		PKRERKE	287	294	1	7					
sequence	hmm	20261001_8fb675cb	XP_068702624.1	_		traf2_binding_permissive	Motif		PGKEVID	575	582	1	7					
sequence	hmm	20261001_8fb675cb	XP_068702625.1	_		traf6_binding_strict	Motif		PEEDPD	297	303	1	6					
sequence	hmm	20261001_8fb675cb	XP_068702625.1	_		traf6_binding_strict	Motif		PDEDSD	411	417	1	6					
sequence	hmm	20261001_8fb675cb	XP_068702625.1	_		traf6_binding_permissive	Motif		PEEDPD	297	303	1	6					
sequence	hmm	20261001_8fb675cb	XP_068702625.1	_		traf6_binding_permissive	Motif		PDEDSD	411	417	1	6					
sequence	hmm	20261001_8fb675cb	XP_068702625.1	_		traf6_binding_permissive	Motif		PSQDTD	456	462	1	6					
sequence	hmm	20261001_8fb675cb	XP_068702625.1	_		traf6_binding_permissive	Motif		PGEEVI	613	619	1	6					
sequence	hmm	20261001_8fb675cb	XP_068702625.1	_		traf2_binding_strict	Motif		PDEDS	411	416	1	5					
sequence	hmm	20261001_8fb675cb	XP_068702625.1	_		traf2_binding_strict	Motif		PSQDT	456	461	1	5					
sequence	hmm	20261001_8fb675cb	XP_068702625.1	_		traf2_binding_strict	Motif		PEEKS	512	517	1	5					
sequence	hmm	20261001_8fb675cb	XP_068702625.1	_		traf2_binding_variant	Motif		PGNRA	227	232	1	5					
sequence	hmm	20261001_8fb675cb	XP_068702625.1	_		traf2_binding_variant	Motif		PDEDS	411	416	1	5					
sequence	hmm	20261001_8fb675cb	XP_068702625.1	_		traf2_binding_variant	Motif		PNNQS	450	455	1	5					
sequence	hmm	20261001_8fb675cb	XP_068702625.1	_		traf2_binding_variant	Motif		PSQDT	456	461	1	5					
sequence	hmm	20261001_8fb675cb	XP_068702625.1	_		traf2_binding_variant	Motif		PEEKS	512	517	1	5					
sequence	hmm	20261001_8fb675cb	XP_068702625.1	_		traf2_binding_variant	Motif		PNNVG	662	667	1	5					
sequence	hmm	20261001_8fb675cb	XP_068702625.1	_		traf2_binding_permissive	Motif		PGNRA	227	232	1	5					
sequence	hmm	20261001_8fb675cb	XP_068702625.1	_		traf2_binding_permissive	Motif		PATNDGS	238	245	1	7					
sequence	hmm	20261001_8fb675cb	XP_068702625.1	_		traf2_binding_permissive	Motif		PEEDPD	297	303	1	6					
sequence	hmm	20261001_8fb675cb	XP_068702625.1	_		traf2_binding_permissive	Motif		PDEDSD	411	417	1	6					
sequence	hmm	20261001_8fb675cb	XP_068702625.1	_		traf2_binding_permissive	Motif		PEPNNQS	448	455	1	7					
sequence	hmm	20261001_8fb675cb	XP_068702625.1	_		traf2_binding_permissive	Motif		PSQDTD	456	462	1	6					
sequence	hmm	20261001_8fb675cb	XP_068702625.1	_		traf2_binding_permissive	Motif		PEEKS	512	517	1	5					
sequence	hmm	20261001_8fb675cb	XP_068702625.1	_		traf2_binding_permissive	Motif		PGEEVIE	613	620	1	7					
sequence	hmm	20261001_8fb675cb	XP_068702625.1	_		traf2_binding_permissive	Motif		PNNVG	662	667	1	5					
sequence	hmm	20261001_8fb675cb	XP_068702626.1	_		traf6_binding_strict	Motif		PEEDPD	297	303	1	6					
sequence	hmm	20261001_8fb675cb	XP_068702626.1	_		traf6_binding_strict	Motif		PDEDSD	408	414	1	6					
sequence	hmm	20261001_8fb675cb	XP_068702626.1	_		traf6_binding_permissive	Motif		PEEDPD	297	303	1	6					
sequence	hmm	20261001_8fb675cb	XP_068702626.1	_		traf6_binding_permissive	Motif		PDEDSD	408	414	1	6					
sequence	hmm	20261001_8fb675cb	XP_068702626.1	_		traf6_binding_permissive	Motif		PSQDTD	453	459	1	6					
sequence	hmm	20261001_8fb675cb	XP_068702626.1	_		traf6_binding_permissive	Motif		PGEEVI	610	616	1	6					
sequence	hmm	20261001_8fb675cb	XP_068702626.1	_		traf2_binding_strict	Motif		PDEDS	408	413	1	5					
sequence	hmm	20261001_8fb675cb	XP_068702626.1	_		traf2_binding_strict	Motif		PSQDT	453	458	1	5					
sequence	hmm	20261001_8fb675cb	XP_068702626.1	_		traf2_binding_strict	Motif		PEEKS	509	514	1	5					
sequence	hmm	20261001_8fb675cb	XP_068702626.1	_		traf2_binding_variant	Motif		PGNRA	227	232	1	5					
sequence	hmm	20261001_8fb675cb	XP_068702626.1	_		traf2_binding_variant	Motif		PDEDS	408	413	1	5					
sequence	hmm	20261001_8fb675cb	XP_068702626.1	_		traf2_binding_variant	Motif		PNNQS	447	452	1	5					
sequence	hmm	20261001_8fb675cb	XP_068702626.1	_		traf2_binding_variant	Motif		PSQDT	453	458	1	5					
sequence	hmm	20261001_8fb675cb	XP_068702626.1	_		traf2_binding_variant	Motif		PEEKS	509	514	1	5					
sequence	hmm	20261001_8fb675cb	XP_068702626.1	_		traf2_binding_variant	Motif		PNNVG	659	664	1	5					
sequence	hmm	20261001_8fb675cb	XP_068702626.1	_		traf2_binding_permissive	Motif		PGNRA	227	232	1	5					
sequence	hmm	20261001_8fb675cb	XP_068702626.1	_		traf2_binding_permissive	Motif		PATNDGS	238	245	1	7					
sequence	hmm	20261001_8fb675cb	XP_068702626.1	_		traf2_binding_permissive	Motif		PEEDPD	297	303	1	6					
sequence	hmm	20261001_8fb675cb	XP_068702626.1	_		traf2_binding_permissive	Motif		PQANNST	304	311	1	7					
sequence	hmm	20261001_8fb675cb	XP_068702626.1	_		traf2_binding_permissive	Motif		PDEDSD	408	414	1	6					
sequence	hmm	20261001_8fb675cb	XP_068702626.1	_		traf2_binding_permissive	Motif		PEPNNQS	445	452	1	7					
sequence	hmm	20261001_8fb675cb	XP_068702626.1	_		traf2_binding_permissive	Motif		PSQDTD	453	459	1	6					
sequence	hmm	20261001_8fb675cb	XP_068702626.1	_		traf2_binding_permissive	Motif		PEEKS	509	514	1	5					
sequence	hmm	20261001_8fb675cb	XP_068702626.1	_		traf2_binding_permissive	Motif		PGEEVIE	610	617	1	7					
sequence	hmm	20261001_8fb675cb	XP_068702626.1	_		traf2_binding_permissive	Motif		PNNVG	659	664	1	5					
sequence	hmm	20261001_8fb675cb	XP_068702628.1	_		traf6_binding_strict	Motif		PEEDPD	297	303	1	6					
sequence	hmm	20261001_8fb675cb	XP_068702628.1	_		traf6_binding_strict	Motif		PDEDSD	408	414	1	6					
sequence	hmm	20261001_8fb675cb	XP_068702628.1	_		traf6_binding_permissive	Motif		PEEDPD	297	303	1	6					
sequence	hmm	20261001_8fb675cb	XP_068702628.1	_		traf6_binding_permissive	Motif		PDEDSD	408	414	1	6					
sequence	hmm	20261001_8fb675cb	XP_068702628.1	_		traf6_binding_permissive	Motif		PSQDTD	453	459	1	6					
sequence	hmm	20261001_8fb675cb	XP_068702628.1	_		traf6_binding_permissive	Motif		PGEEVI	610	616	1	6					
sequence	hmm	20261001_8fb675cb	XP_068702628.1	_		traf2_binding_strict	Motif		PDEDS	408	413	1	5					
sequence	hmm	20261001_8fb675cb	XP_068702628.1	_		traf2_binding_strict	Motif		PSQDT	453	458	1	5					
sequence	hmm	20261001_8fb675cb	XP_068702628.1	_		traf2_binding_strict	Motif		PEEKS	509	514	1	5					
sequence	hmm	20261001_8fb675cb	XP_068702628.1	_		traf2_binding_variant	Motif		PGNRA	227	232	1	5					
sequence	hmm	20261001_8fb675cb	XP_068702628.1	_		traf2_binding_variant	Motif		PDEDS	408	413	1	5					
sequence	hmm	20261001_8fb675cb	XP_068702628.1	_		traf2_binding_variant	Motif		PNNQS	447	452	1	5					
sequence	hmm	20261001_8fb675cb	XP_068702628.1	_		traf2_binding_variant	Motif		PSQDT	453	458	1	5					
sequence	hmm	20261001_8fb675cb	XP_068702628.1	_		traf2_binding_variant	Motif		PEEKS	509	514	1	5					
sequence	hmm	20261001_8fb675cb	XP_068702628.1	_		traf2_binding_variant	Motif		PNNVG	659	664	1	5					
sequence	hmm	20261001_8fb675cb	XP_068702628.1	_		traf2_binding_permissive	Motif		PGNRA	227	232	1	5					
sequence	hmm	20261001_8fb675cb	XP_068702628.1	_		traf2_binding_permissive	Motif		PATNDGS	238	245	1	7					
sequence	hmm	20261001_8fb675cb	XP_068702628.1	_		traf2_binding_permissive	Motif		PEEDPD	297	303	1	6					
sequence	hmm	20261001_8fb675cb	XP_068702628.1	_		traf2_binding_permissive	Motif		PDEDSD	408	414	1	6					
sequence	hmm	20261001_8fb675cb	XP_068702628.1	_		traf2_binding_permissive	Motif		PEPNNQS	445	452	1	7					
sequence	hmm	20261001_8fb675cb	XP_068702628.1	_		traf2_binding_permissive	Motif		PSQDTD	453	459	1	6					
sequence	hmm	20261001_8fb675cb	XP_068702628.1	_		traf2_binding_permissive	Motif		PEEKS	509	514	1	5					
sequence	hmm	20261001_8fb675cb	XP_068702628.1	_		traf2_binding_permissive	Motif		PGEEVIE	610	617	1	7					
sequence	hmm	20261001_8fb675cb	XP_068702628.1	_		traf2_binding_permissive	Motif		PNNVG	659	664	1	5					
sequence	hmm	20261001_8fb675cb	XP_068702629.1	_		traf6_binding_strict	Motif		PEEDPD	297	303	1	6					
sequence	hmm	20261001_8fb675cb	XP_068702629.1	_		traf6_binding_strict	Motif		PDEDSD	405	411	1	6					
sequence	hmm	20261001_8fb675cb	XP_068702629.1	_		traf6_binding_permissive	Motif		PEEDPD	297	303	1	6					
sequence	hmm	20261001_8fb675cb	XP_068702629.1	_		traf6_binding_permissive	Motif		PDEDSD	405	411	1	6					
sequence	hmm	20261001_8fb675cb	XP_068702629.1	_		traf6_binding_permissive	Motif		PSQDTD	450	456	1	6					
sequence	hmm	20261001_8fb675cb	XP_068702629.1	_		traf6_binding_permissive	Motif		PGEEVI	607	613	1	6					
sequence	hmm	20261001_8fb675cb	XP_068702629.1	_		traf2_binding_strict	Motif		PDEDS	405	410	1	5					
sequence	hmm	20261001_8fb675cb	XP_068702629.1	_		traf2_binding_strict	Motif		PSQDT	450	455	1	5					
sequence	hmm	20261001_8fb675cb	XP_068702629.1	_		traf2_binding_strict	Motif		PEEKS	506	511	1	5					
sequence	hmm	20261001_8fb675cb	XP_068702629.1	_		traf2_binding_variant	Motif		PGNRA	227	232	1	5					
sequence	hmm	20261001_8fb675cb	XP_068702629.1	_		traf2_binding_variant	Motif		PDEDS	405	410	1	5					
sequence	hmm	20261001_8fb675cb	XP_068702629.1	_		traf2_binding_variant	Motif		PNNQS	444	449	1	5					
sequence	hmm	20261001_8fb675cb	XP_068702629.1	_		traf2_binding_variant	Motif		PSQDT	450	455	1	5					
sequence	hmm	20261001_8fb675cb	XP_068702629.1	_		traf2_binding_variant	Motif		PEEKS	506	511	1	5					
sequence	hmm	20261001_8fb675cb	XP_068702629.1	_		traf2_binding_variant	Motif		PNNVG	656	661	1	5					
sequence	hmm	20261001_8fb675cb	XP_068702629.1	_		traf2_binding_permissive	Motif		PGNRA	227	232	1	5					
sequence	hmm	20261001_8fb675cb	XP_068702629.1	_		traf2_binding_permissive	Motif		PATNDGS	238	245	1	7					
sequence	hmm	20261001_8fb675cb	XP_068702629.1	_		traf2_binding_permissive	Motif		PEEDPD	297	303	1	6					
sequence	hmm	20261001_8fb675cb	XP_068702629.1	_		traf2_binding_permissive	Motif		PQANNST	304	311	1	7					
sequence	hmm	20261001_8fb675cb	XP_068702629.1	_		traf2_binding_permissive	Motif		PDEDSD	405	411	1	6					
sequence	hmm	20261001_8fb675cb	XP_068702629.1	_		traf2_binding_permissive	Motif		PEPNNQS	442	449	1	7					
sequence	hmm	20261001_8fb675cb	XP_068702629.1	_		traf2_binding_permissive	Motif		PSQDTD	450	456	1	6					
sequence	hmm	20261001_8fb675cb	XP_068702629.1	_		traf2_binding_permissive	Motif		PEEKS	506	511	1	5					
sequence	hmm	20261001_8fb675cb	XP_068702629.1	_		traf2_binding_permissive	Motif		PGEEVIE	607	614	1	7					
sequence	hmm	20261001_8fb675cb	XP_068702629.1	_		traf2_binding_permissive	Motif		PNNVG	656	661	1	5					
sequence	hmm	20261001_8fb675cb	XP_068702630.1	_		traf6_binding_strict	Motif		PEEDPD	297	303	1	6					
sequence	hmm	20261001_8fb675cb	XP_068702630.1	_		traf6_binding_strict	Motif		PDEDSD	411	417	1	6					
sequence	hmm	20261001_8fb675cb	XP_068702630.1	_		traf6_binding_permissive	Motif		PEEDPD	297	303	1	6					
sequence	hmm	20261001_8fb675cb	XP_068702630.1	_		traf6_binding_permissive	Motif		PDEDSD	411	417	1	6					
sequence	hmm	20261001_8fb675cb	XP_068702630.1	_		traf6_binding_permissive	Motif		PSQDTD	456	462	1	6					
sequence	hmm	20261001_8fb675cb	XP_068702630.1	_		traf6_binding_permissive	Motif		PGEEVI	602	608	1	6					
sequence	hmm	20261001_8fb675cb	XP_068702630.1	_		traf2_binding_strict	Motif		PDEDS	411	416	1	5					
sequence	hmm	20261001_8fb675cb	XP_068702630.1	_		traf2_binding_strict	Motif		PSQDT	456	461	1	5					
sequence	hmm	20261001_8fb675cb	XP_068702630.1	_		traf2_binding_strict	Motif		PEEKS	501	506	1	5					
sequence	hmm	20261001_8fb675cb	XP_068702630.1	_		traf2_binding_variant	Motif		PGNRA	227	232	1	5					
sequence	hmm	20261001_8fb675cb	XP_068702630.1	_		traf2_binding_variant	Motif		PDEDS	411	416	1	5					
sequence	hmm	20261001_8fb675cb	XP_068702630.1	_		traf2_binding_variant	Motif		PNNQS	450	455	1	5					
sequence	hmm	20261001_8fb675cb	XP_068702630.1	_		traf2_binding_variant	Motif		PSQDT	456	461	1	5					
sequence	hmm	20261001_8fb675cb	XP_068702630.1	_		traf2_binding_variant	Motif		PEEKS	501	506	1	5					
sequence	hmm	20261001_8fb675cb	XP_068702630.1	_		traf2_binding_variant	Motif		PNNVG	651	656	1	5					
sequence	hmm	20261001_8fb675cb	XP_068702630.1	_		traf2_binding_permissive	Motif		PGNRA	227	232	1	5					
sequence	hmm	20261001_8fb675cb	XP_068702630.1	_		traf2_binding_permissive	Motif		PATNDGS	238	245	1	7					
sequence	hmm	20261001_8fb675cb	XP_068702630.1	_		traf2_binding_permissive	Motif		PEEDPD	297	303	1	6					
sequence	hmm	20261001_8fb675cb	XP_068702630.1	_		traf2_binding_permissive	Motif		PDEDSD	411	417	1	6					
sequence	hmm	20261001_8fb675cb	XP_068702630.1	_		traf2_binding_permissive	Motif		PEPNNQS	448	455	1	7					
sequence	hmm	20261001_8fb675cb	XP_068702630.1	_		traf2_binding_permissive	Motif		PSQDTD	456	462	1	6					
sequence	hmm	20261001_8fb675cb	XP_068702630.1	_		traf2_binding_permissive	Motif		PEEKS	501	506	1	5					
sequence	hmm	20261001_8fb675cb	XP_068702630.1	_		traf2_binding_permissive	Motif		PGEEVIE	602	609	1	7					
sequence	hmm	20261001_8fb675cb	XP_068702630.1	_		traf2_binding_permissive	Motif		PNNVG	651	656	1	5					
sequence	hmm	20261001_8fb675cb	XP_068702633.1	_		traf6_binding_strict	Motif		PKEVIY	391	397	1	6					
sequence	hmm	20261001_8fb675cb	XP_068702633.1	_		traf6_binding_permissive	Motif		PYESRK	265	271	1	6					
sequence	hmm	20261001_8fb675cb	XP_068702633.1	_		traf6_binding_permissive	Motif		PNESRR	326	332	1	6					
sequence	hmm	20261001_8fb675cb	XP_068702633.1	_		traf6_binding_permissive	Motif		PKEVIY	391	397	1	6					
sequence	hmm	20261001_8fb675cb	XP_068702633.1	_		traf6_binding_permissive	Motif		PGEEVI	512	518	1	6					
sequence	hmm	20261001_8fb675cb	XP_068702633.1	_		traf2_binding_strict	Motif		PEEKS	406	411	1	5					
sequence	hmm	20261001_8fb675cb	XP_068702633.1	_		traf2_binding_variant	Motif		PPQVE	66	71	1	5					
sequence	hmm	20261001_8fb675cb	XP_068702633.1	_		traf2_binding_variant	Motif		PEEKS	406	411	1	5					
sequence	hmm	20261001_8fb675cb	XP_068702633.1	_		traf2_binding_permissive	Motif		PPQVE	66	71	1	5					
sequence	hmm	20261001_8fb675cb	XP_068702633.1	_		traf2_binding_permissive	Motif		PDKQCG	161	167	1	6					
sequence	hmm	20261001_8fb675cb	XP_068702633.1	_		traf2_binding_permissive	Motif		PEEKS	406	411	1	5					
sequence	hmm	20261001_8fb675cb	XP_068702633.1	_		traf2_binding_permissive	Motif		PGEEVID	512	519	1	7					
sequence	hmm	20261001_8fb675cb	XP_068702634.1	_		traf6_binding_strict	Motif		PKEVIY	391	397	1	6					
sequence	hmm	20261001_8fb675cb	XP_068702634.1	_		traf6_binding_permissive	Motif		PYESRK	265	271	1	6					
sequence	hmm	20261001_8fb675cb	XP_068702634.1	_		traf6_binding_permissive	Motif		PNESRR	326	332	1	6					
sequence	hmm	20261001_8fb675cb	XP_068702634.1	_		traf6_binding_permissive	Motif		PKEVIY	391	397	1	6					
sequence	hmm	20261001_8fb675cb	XP_068702634.1	_		traf6_binding_permissive	Motif		PGEEVI	512	518	1	6					
sequence	hmm	20261001_8fb675cb	XP_068702634.1	_		traf2_binding_strict	Motif		PEEKS	406	411	1	5					
sequence	hmm	20261001_8fb675cb	XP_068702634.1	_		traf2_binding_variant	Motif		PPQVE	66	71	1	5					
sequence	hmm	20261001_8fb675cb	XP_068702634.1	_		traf2_binding_variant	Motif		PEEKS	406	411	1	5					
sequence	hmm	20261001_8fb675cb	XP_068702634.1	_		traf2_binding_permissive	Motif		PPQVE	66	71	1	5					
sequence	hmm	20261001_8fb675cb	XP_068702634.1	_		traf2_binding_permissive	Motif		PDKQCG	161	167	1	6					
sequence	hmm	20261001_8fb675cb	XP_068702634.1	_		traf2_binding_permissive	Motif		PEEKS	406	411	1	5					
sequence	hmm	20261001_8fb675cb	XP_068702634.1	_		traf2_binding_permissive	Motif		PGEEVID	512	519	1	7					
sequence	hmm	20261001_8fb675cb	XP_068702735.1	_		traf6_binding_strict	Motif		PNEIVE	94	100	1	6					
sequence	hmm	20261001_8fb675cb	XP_068702735.1	_		traf6_binding_permissive	Motif		PNEIVE	94	100	1	6					
sequence	hmm	20261001_8fb675cb	XP_068702735.1	_		traf6_binding_permissive	Motif		PGQEVI	236	242	1	6					
sequence	hmm	20261001_8fb675cb	XP_068702735.1	_		traf2_binding_variant	Motif		PFNTS	62	67	1	5					
sequence	hmm	20261001_8fb675cb	XP_068702735.1	_		traf2_binding_permissive	Motif		PPFNTSE	61	68	1	7					
sequence	hmm	20261001_8fb675cb	XP_068702735.1	_		traf2_binding_permissive	Motif		PNEIVE	94	100	1	6					
sequence	hmm	20261001_8fb675cb	XP_068702735.1	_		traf2_binding_permissive	Motif		PCSECVE	130	137	1	7					
sequence	hmm	20261001_8fb675cb	XP_068702735.1	_		traf2_binding_permissive	Motif		PRSQICG	151	158	1	7					
sequence	hmm	20261001_8fb675cb	XP_068702735.1	_		traf2_binding_permissive	Motif		PTAEGKT	653	660	1	7					
sequence	hmm	20261001_8fb675cb	XP_068702736.1	_		traf6_binding_strict	Motif		PNEIVE	54	60	1	6					
sequence	hmm	20261001_8fb675cb	XP_068702736.1	_		traf6_binding_permissive	Motif		PNEIVE	54	60	1	6					
sequence	hmm	20261001_8fb675cb	XP_068702736.1	_		traf6_binding_permissive	Motif		PGQEVI	196	202	1	6					
sequence	hmm	20261001_8fb675cb	XP_068702736.1	_		traf2_binding_variant	Motif		PFNTS	22	27	1	5					
sequence	hmm	20261001_8fb675cb	XP_068702736.1	_		traf2_binding_permissive	Motif		PPFNTSE	21	28	1	7					
sequence	hmm	20261001_8fb675cb	XP_068702736.1	_		traf2_binding_permissive	Motif		PNEIVE	54	60	1	6					
sequence	hmm	20261001_8fb675cb	XP_068702736.1	_		traf2_binding_permissive	Motif		PCSECVE	90	97	1	7					
sequence	hmm	20261001_8fb675cb	XP_068702736.1	_		traf2_binding_permissive	Motif		PRSQICG	111	118	1	7					
sequence	hmm	20261001_8fb675cb	XP_068702736.1	_		traf2_binding_permissive	Motif		PTAEGKT	613	620	1	7					
sequence	hmm	20261001_8fb675cb	XP_068702737.1	_		traf6_binding_strict	Motif		PNEIVE	93	99	1	6					
sequence	hmm	20261001_8fb675cb	XP_068702737.1	_		traf6_binding_permissive	Motif		PNEIVE	93	99	1	6					
sequence	hmm	20261001_8fb675cb	XP_068702737.1	_		traf6_binding_permissive	Motif		PGQDVI	235	241	1	6					
sequence	hmm	20261001_8fb675cb	XP_068702737.1	_		traf2_binding_permissive	Motif		PNEIVE	93	99	1	6					
sequence	hmm	20261001_8fb675cb	XP_068702737.1	_		traf2_binding_permissive	Motif		PTAERKT	651	658	1	7					
sequence	hmm	20261001_8fb675cb	XP_068702757.1	_		traf6_binding_strict	Motif		PPETSE	615	621	1	6					
sequence	hmm	20261001_8fb675cb	XP_068702757.1	_		traf6_binding_permissive	Motif		PEQIRW	43	49	1	6					
sequence	hmm	20261001_8fb675cb	XP_068702757.1	_		traf6_binding_permissive	Motif		PPETSE	615	621	1	6					
sequence	hmm	20261001_8fb675cb	XP_068702757.1	_		traf6_binding_permissive	Motif		PLQMAH	798	804	1	6					
sequence	hmm	20261001_8fb675cb	XP_068702757.1	_		traf2_binding_strict	Motif		PPETS	615	620	1	5					
sequence	hmm	20261001_8fb675cb	XP_068702757.1	_		traf2_binding_variant	Motif		PENID	442	447	1	5					
sequence	hmm	20261001_8fb675cb	XP_068702757.1	_		traf2_binding_variant	Motif		PPETS	615	620	1	5					
sequence	hmm	20261001_8fb675cb	XP_068702757.1	_		traf2_binding_variant	Motif		PLQMA	798	803	1	5					
sequence	hmm	20261001_8fb675cb	XP_068702757.1	_		traf2_binding_permissive	Motif		PANQPT	226	232	1	6					
sequence	hmm	20261001_8fb675cb	XP_068702757.1	_		traf2_binding_permissive	Motif		PLETIA	316	322	1	6					
sequence	hmm	20261001_8fb675cb	XP_068702757.1	_		traf2_binding_permissive	Motif		PENID	442	447	1	5					
sequence	hmm	20261001_8fb675cb	XP_068702757.1	_		traf2_binding_permissive	Motif		PPETSE	615	621	1	6					
sequence	hmm	20261001_8fb675cb	XP_068702757.1	_		traf2_binding_permissive	Motif		PLQMA	798	803	1	5					
sequence	hmm	20261001_8fb675cb	XP_068702757.1	_		traf2_binding_permissive	Motif		PLCELAE	883	890	1	7					
sequence	hmm	20261001_8fb675cb	XP_068702758.1	_		traf6_binding_strict	Motif		PCELGD	65	71	1	6					
sequence	hmm	20261001_8fb675cb	XP_068702758.1	_		traf6_binding_permissive	Motif		PSELKI	56	62	1	6					
sequence	hmm	20261001_8fb675cb	XP_068702758.1	_		traf6_binding_permissive	Motif		PCELGD	65	71	1	6					
sequence	hmm	20261001_8fb675cb	XP_068702758.1	_		traf6_binding_permissive	Motif		PVEMIH	693	699	1	6					
sequence	hmm	20261001_8fb675cb	XP_068702758.1	_		traf6_binding_permissive	Motif		PTEGFL	737	743	1	6					
sequence	hmm	20261001_8fb675cb	XP_068702758.1	_		traf2_binding_variant	Motif		PCELG	65	70	1	5					
sequence	hmm	20261001_8fb675cb	XP_068702758.1	_		traf2_binding_permissive	Motif		PCELGD	65	71	1	6					
sequence	hmm	20261001_8fb675cb	XP_068702758.1	_		traf2_binding_permissive	Motif		PKCQTD	160	166	1	6					
sequence	hmm	20261001_8fb675cb	XP_068702758.1	_		traf2_binding_permissive	Motif		PFPECGS	190	197	1	7					
sequence	hmm	20261001_8fb675cb	XP_068702758.1	_		traf2_binding_permissive	Motif		PITNNG	678	684	1	6					
sequence	hmm	20261001_8fb675cb	XP_068702759.1	_		traf6_binding_strict	Motif		PCELGD	65	71	1	6					
sequence	hmm	20261001_8fb675cb	XP_068702759.1	_		traf6_binding_permissive	Motif		PSELKI	56	62	1	6					
sequence	hmm	20261001_8fb675cb	XP_068702759.1	_		traf6_binding_permissive	Motif		PCELGD	65	71	1	6					
sequence	hmm	20261001_8fb675cb	XP_068702759.1	_		traf6_binding_permissive	Motif		PVEMIH	693	699	1	6					
sequence	hmm	20261001_8fb675cb	XP_068702759.1	_		traf6_binding_permissive	Motif		PTEGFL	737	743	1	6					
sequence	hmm	20261001_8fb675cb	XP_068702759.1	_		traf2_binding_variant	Motif		PCELG	65	70	1	5					
sequence	hmm	20261001_8fb675cb	XP_068702759.1	_		traf2_binding_permissive	Motif		PCELGD	65	71	1	6					
sequence	hmm	20261001_8fb675cb	XP_068702759.1	_		traf2_binding_permissive	Motif		PKCQTD	160	166	1	6					
sequence	hmm	20261001_8fb675cb	XP_068702759.1	_		traf2_binding_permissive	Motif		PFPECGS	190	197	1	7					
sequence	hmm	20261001_8fb675cb	XP_068702759.1	_		traf2_binding_permissive	Motif		PITNNG	678	684	1	6					
sequence	hmm	20261001_8fb675cb	XP_068702760.1	_		traf6_binding_strict	Motif		PCELGD	65	71	1	6					
sequence	hmm	20261001_8fb675cb	XP_068702760.1	_		traf6_binding_permissive	Motif		PSELKI	56	62	1	6					
sequence	hmm	20261001_8fb675cb	XP_068702760.1	_		traf6_binding_permissive	Motif		PCELGD	65	71	1	6					
sequence	hmm	20261001_8fb675cb	XP_068702760.1	_		traf6_binding_permissive	Motif		PVEMIH	693	699	1	6					
sequence	hmm	20261001_8fb675cb	XP_068702760.1	_		traf6_binding_permissive	Motif		PTEGFL	737	743	1	6					
sequence	hmm	20261001_8fb675cb	XP_068702760.1	_		traf2_binding_variant	Motif		PCELG	65	70	1	5					
sequence	hmm	20261001_8fb675cb	XP_068702760.1	_		traf2_binding_permissive	Motif		PCELGD	65	71	1	6					
sequence	hmm	20261001_8fb675cb	XP_068702760.1	_		traf2_binding_permissive	Motif		PKCQTD	160	166	1	6					
sequence	hmm	20261001_8fb675cb	XP_068702760.1	_		traf2_binding_permissive	Motif		PFPECGS	190	197	1	7					
sequence	hmm	20261001_8fb675cb	XP_068702760.1	_		traf2_binding_permissive	Motif		PITNNG	678	684	1	6					
sequence	hmm	20261001_8fb675cb	XP_068702761.1	_		traf6_binding_strict	Motif		PCELGD	65	71	1	6					
sequence	hmm	20261001_8fb675cb	XP_068702761.1	_		traf6_binding_permissive	Motif		PSELKI	56	62	1	6					
sequence	hmm	20261001_8fb675cb	XP_068702761.1	_		traf6_binding_permissive	Motif		PCELGD	65	71	1	6					
sequence	hmm	20261001_8fb675cb	XP_068702761.1	_		traf6_binding_permissive	Motif		PVEMIH	693	699	1	6					
sequence	hmm	20261001_8fb675cb	XP_068702761.1	_		traf6_binding_permissive	Motif		PTEGFL	737	743	1	6					
sequence	hmm	20261001_8fb675cb	XP_068702761.1	_		traf2_binding_variant	Motif		PCELG	65	70	1	5					
sequence	hmm	20261001_8fb675cb	XP_068702761.1	_		traf2_binding_permissive	Motif		PCELGD	65	71	1	6					
sequence	hmm	20261001_8fb675cb	XP_068702761.1	_		traf2_binding_permissive	Motif		PKCQTD	160	166	1	6					
sequence	hmm	20261001_8fb675cb	XP_068702761.1	_		traf2_binding_permissive	Motif		PFPECGS	190	197	1	7					
sequence	hmm	20261001_8fb675cb	XP_068702761.1	_		traf2_binding_permissive	Motif		PITNNG	678	684	1	6					
sequence	hmm	20261001_8fb675cb	XP_068702766.1	_		traf2_binding_strict	Motif		PVQSS	367	372	1	5					
sequence	hmm	20261001_8fb675cb	XP_068702766.1	_		traf2_binding_variant	Motif		PVQSS	367	372	1	5					
sequence	hmm	20261001_8fb675cb	XP_068702766.1	_		traf2_binding_permissive	Motif		PRGQGLS	65	72	1	7					
sequence	hmm	20261001_8fb675cb	XP_068702766.1	_		traf2_binding_permissive	Motif		PVQSSS	367	373	1	6					
sequence	hmm	20261001_8fb675cb	XP_068702767.1	_		traf2_binding_strict	Motif		PVQSS	366	371	1	5					
sequence	hmm	20261001_8fb675cb	XP_068702767.1	_		traf2_binding_variant	Motif		PVQSS	366	371	1	5					
sequence	hmm	20261001_8fb675cb	XP_068702767.1	_		traf2_binding_permissive	Motif		PRGQGLS	65	72	1	7					
sequence	hmm	20261001_8fb675cb	XP_068702767.1	_		traf2_binding_permissive	Motif		PVQSSS	366	372	1	6					
sequence	hmm	20261001_8fb675cb	XP_068702769.1	_		traf2_binding_strict	Motif		PVQST	346	351	1	5					
sequence	hmm	20261001_8fb675cb	XP_068702769.1	_		traf2_binding_variant	Motif		PVQST	346	351	1	5					
sequence	hmm	20261001_8fb675cb	XP_068702769.1	_		traf2_binding_permissive	Motif		PRGQGLS	61	68	1	7					
sequence	hmm	20261001_8fb675cb	XP_068702769.1	_		traf2_binding_permissive	Motif		PTSNNNA	196	203	1	7					
sequence	hmm	20261001_8fb675cb	XP_068702769.1	_		traf2_binding_permissive	Motif		PSQKIG	229	235	1	6					
sequence	hmm	20261001_8fb675cb	XP_068702769.1	_		traf2_binding_permissive	Motif		PVQSTS	346	352	1	6					
sequence	hmm	20261001_8fb675cb	XP_068702770.1	_		traf2_binding_strict	Motif		PVQST	345	350	1	5					
sequence	hmm	20261001_8fb675cb	XP_068702770.1	_		traf2_binding_variant	Motif		PVQST	345	350	1	5					
sequence	hmm	20261001_8fb675cb	XP_068702770.1	_		traf2_binding_permissive	Motif		PRGQGLS	61	68	1	7					
sequence	hmm	20261001_8fb675cb	XP_068702770.1	_		traf2_binding_permissive	Motif		PTSNNNA	196	203	1	7					
sequence	hmm	20261001_8fb675cb	XP_068702770.1	_		traf2_binding_permissive	Motif		PSQKIG	229	235	1	6					
sequence	hmm	20261001_8fb675cb	XP_068702770.1	_		traf2_binding_permissive	Motif		PVQSTS	345	351	1	6					
sequence	hmm	20261001_8fb675cb	XP_068702772.1	_		traf6_binding_permissive	Motif		PEQIRW	43	49	1	6					
sequence	hmm	20261001_8fb675cb	XP_068702772.1	_		traf2_binding_permissive	Motif		PPANQPT	226	233	1	7					
sequence	hmm	20261001_8fb675cb	XP_068702772.1	_		traf2_binding_permissive	Motif		PLETIA	317	323	1	6					
sequence	hmm	20261001_8fb675cb	XP_068702774.1	_		traf6_binding_permissive	Motif		PCQPGV	67	73	1	6					
sequence	hmm	20261001_8fb675cb	XP_068702774.1	_		traf2_binding_variant	Motif		PCQPG	67	72	1	5					
sequence	hmm	20261001_8fb675cb	XP_068702774.1	_		traf2_binding_variant	Motif		PSQKE	235	240	1	5					
sequence	hmm	20261001_8fb675cb	XP_068702774.1	_		traf2_binding_permissive	Motif		PCQPG	67	72	1	5					
sequence	hmm	20261001_8fb675cb	XP_068702774.1	_		traf2_binding_permissive	Motif		PSREVTE	167	174	1	7					
sequence	hmm	20261001_8fb675cb	XP_068702774.1	_		traf2_binding_permissive	Motif		PSQKE	235	240	1	5					
sequence	hmm	20261001_8fb675cb	XP_068702777.1	_		traf6_binding_permissive	Motif		PEQIRW	53	59	1	6					
sequence	hmm	20261001_8fb675cb	XP_068702777.1	_		traf6_binding_permissive	Motif		PSEASI	240	246	1	6					
sequence	hmm	20261001_8fb675cb	XP_068702777.1	_		traf6_binding_permissive	Motif		PAQLNL	333	339	1	6					
sequence	hmm	20261001_8fb675cb	XP_068702777.1	_		traf2_binding_strict	Motif		PSEAS	240	245	1	5					
sequence	hmm	20261001_8fb675cb	XP_068702777.1	_		traf2_binding_variant	Motif		PVNET	208	213	1	5					
sequence	hmm	20261001_8fb675cb	XP_068702777.1	_		traf2_binding_variant	Motif		PSEAS	240	245	1	5					
sequence	hmm	20261001_8fb675cb	XP_068702777.1	_		traf2_binding_permissive	Motif		PCYEKHT	187	194	1	7					
sequence	hmm	20261001_8fb675cb	XP_068702777.1	_		traf2_binding_permissive	Motif		PVNETST	208	215	1	7					
sequence	hmm	20261001_8fb675cb	XP_068702777.1	_		traf2_binding_permissive	Motif		PPVNQPT	233	240	1	7					
sequence	hmm	20261001_8fb675cb	XP_068702777.1	_		traf2_binding_permissive	Motif		PSEAS	240	245	1	5					
sequence	hmm	20261001_8fb675cb	XP_068702777.1	_		traf2_binding_permissive	Motif		PRWQESD	249	256	1	7					
sequence	hmm	20261001_8fb675cb	XP_068702777.1	_		traf2_binding_permissive	Motif		PLEPIA	318	324	1	6					
sequence	hmm	20261001_8fb675cb	XP_068702778.1	_		traf6_binding_permissive	Motif		PEQIRW	27	33	1	6					
sequence	hmm	20261001_8fb675cb	XP_068702778.1	_		traf6_binding_permissive	Motif		PSEASI	214	220	1	6					
sequence	hmm	20261001_8fb675cb	XP_068702778.1	_		traf6_binding_permissive	Motif		PAQLNL	307	313	1	6					
sequence	hmm	20261001_8fb675cb	XP_068702778.1	_		traf2_binding_strict	Motif		PSEAS	214	219	1	5					
sequence	hmm	20261001_8fb675cb	XP_068702778.1	_		traf2_binding_variant	Motif		PVNET	182	187	1	5					
sequence	hmm	20261001_8fb675cb	XP_068702778.1	_		traf2_binding_variant	Motif		PSEAS	214	219	1	5					
sequence	hmm	20261001_8fb675cb	XP_068702778.1	_		traf2_binding_permissive	Motif		PCYEKHT	161	168	1	7					
sequence	hmm	20261001_8fb675cb	XP_068702778.1	_		traf2_binding_permissive	Motif		PVNETST	182	189	1	7					
sequence	hmm	20261001_8fb675cb	XP_068702778.1	_		traf2_binding_permissive	Motif		PPVNQPT	207	214	1	7					
sequence	hmm	20261001_8fb675cb	XP_068702778.1	_		traf2_binding_permissive	Motif		PSEAS	214	219	1	5					
sequence	hmm	20261001_8fb675cb	XP_068702778.1	_		traf2_binding_permissive	Motif		PRWQESD	223	230	1	7					
sequence	hmm	20261001_8fb675cb	XP_068702778.1	_		traf2_binding_permissive	Motif		PLEPIA	292	298	1	6					
sequence	hmm	20261001_8fb675cb	XP_068703904.1	_		traf6_binding_permissive	Motif		PEQIRW	45	51	1	6					
sequence	hmm	20261001_8fb675cb	XP_068703904.1	_		traf6_binding_permissive	Motif		PSEASI	234	240	1	6					
sequence	hmm	20261001_8fb675cb	XP_068703904.1	_		traf6_binding_permissive	Motif		PVQLTL	327	333	1	6					
sequence	hmm	20261001_8fb675cb	XP_068703904.1	_		traf6_binding_permissive	Motif		PEQIRW	447	453	1	6					
sequence	hmm	20261001_8fb675cb	XP_068703904.1	_		traf6_binding_permissive	Motif		PSEASI	636	642	1	6					
sequence	hmm	20261001_8fb675cb	XP_068703904.1	_		traf6_binding_permissive	Motif		PVQLTL	729	735	1	6					
sequence	hmm	20261001_8fb675cb	XP_068703904.1	_		traf2_binding_strict	Motif		PSEAS	234	239	1	5					
sequence	hmm	20261001_8fb675cb	XP_068703904.1	_		traf2_binding_strict	Motif		PVQLT	327	332	1	5					
sequence	hmm	20261001_8fb675cb	XP_068703904.1	_		traf2_binding_strict	Motif		PSEAS	636	641	1	5					
sequence	hmm	20261001_8fb675cb	XP_068703904.1	_		traf2_binding_strict	Motif		PVQLT	729	734	1	5					
sequence	hmm	20261001_8fb675cb	XP_068703904.1	_		traf2_binding_variant	Motif		PSEAS	234	239	1	5					
sequence	hmm	20261001_8fb675cb	XP_068703904.1	_		traf2_binding_variant	Motif		PVQLT	327	332	1	5					
sequence	hmm	20261001_8fb675cb	XP_068703904.1	_		traf2_binding_variant	Motif		PSEAS	636	641	1	5					
sequence	hmm	20261001_8fb675cb	XP_068703904.1	_		traf2_binding_variant	Motif		PVQLT	729	734	1	5					
sequence	hmm	20261001_8fb675cb	XP_068703904.1	_		traf2_binding_permissive	Motif		PPVNQPT	227	234	1	7					
sequence	hmm	20261001_8fb675cb	XP_068703904.1	_		traf2_binding_permissive	Motif		PSEAS	234	239	1	5					
sequence	hmm	20261001_8fb675cb	XP_068703904.1	_		traf2_binding_permissive	Motif		PGRQDS	243	249	1	6					
sequence	hmm	20261001_8fb675cb	XP_068703904.1	_		traf2_binding_permissive	Motif		PLEPIA	312	318	1	6					
sequence	hmm	20261001_8fb675cb	XP_068703904.1	_		traf2_binding_permissive	Motif		PVQLT	327	332	1	5					
sequence	hmm	20261001_8fb675cb	XP_068703904.1	_		traf2_binding_permissive	Motif		PPVNQPT	629	636	1	7					
sequence	hmm	20261001_8fb675cb	XP_068703904.1	_		traf2_binding_permissive	Motif		PSEAS	636	641	1	5					
sequence	hmm	20261001_8fb675cb	XP_068703904.1	_		traf2_binding_permissive	Motif		PGRQDS	645	651	1	6					
sequence	hmm	20261001_8fb675cb	XP_068703904.1	_		traf2_binding_permissive	Motif		PLEPIA	714	720	1	6					
sequence	hmm	20261001_8fb675cb	XP_068703904.1	_		traf2_binding_permissive	Motif		PVQLT	729	734	1	5					
sequence	hmm	20261001_8fb675cb	XP_068714631.1	_		traf6_binding_permissive	Motif		PTEAFL	326	332	1	6					
sequence	hmm	20261001_8fb675cb	XP_068714632.1	_		traf6_binding_permissive	Motif		PTEAFL	305	311	1	6					
sequence	hmm	20261001_8fb675cb	XP_068714633.1	_		traf6_binding_permissive	Motif		PTEAFL	301	307	1	6					
sequence	hmm	20261001_8fb675cb	XP_068714634.1	_		traf6_binding_permissive	Motif		PTEAFL	300	306	1	6					
sequence	hmm	20261001_8fb675cb	XP_068714635.1	_		traf6_binding_permissive	Motif		PTEAFL	300	306	1	6					
sequence	hmm	20261001_8fb675cb	XP_068714636.1	_		traf6_binding_permissive	Motif		PTEAFL	300	306	1	6					
sequence	hmm	20261001_8fb675cb	XP_068714637.1	_		traf6_binding_permissive	Motif		PTEAFL	300	306	1	6					
sequence	hmm	20261001_8fb675cb	XP_068714638.1	_		traf6_binding_permissive	Motif		PTEAFL	300	306	1	6					
sequence	hmm	20261001_8fb675cb	XP_068714639.1	_		traf6_binding_permissive	Motif		PTEAFL	299	305	1	6					
sequence	hmm	20261001_8fb675cb	XP_068714641.1	_		traf6_binding_permissive	Motif		PTEAFL	287	293	1	6					
sequence	hmm	20261001_8fb675cb	NC_064042.1_K02583_f44f9d2f	_		traf2_binding_strict	Motif		PLQST	318	323	1	5					
sequence	hmm	20261001_8fb675cb	NC_064042.1_K02583_f44f9d2f	_		traf2_binding_variant	Motif		PCEAG	121	126	1	5					
sequence	hmm	20261001_8fb675cb	NC_064042.1_K02583_f44f9d2f	_		traf2_binding_variant	Motif		PLQST	318	323	1	5					
sequence	hmm	20261001_8fb675cb	NC_064042.1_K02583_f44f9d2f	_		traf2_binding_permissive	Motif		PCEAGT	121	127	1	6					
sequence	hmm	20261001_8fb675cb	NC_064042.1_K02583_f44f9d2f	_		traf2_binding_permissive	Motif		PLQST	318	323	1	5					
sequence	hmm	20261001_8fb675cb	XP_001625762.3	_		traf2_binding_strict	Motif		PLQST	366	371	1	5					
sequence	hmm	20261001_8fb675cb	XP_001625762.3	_		traf2_binding_variant	Motif		PCEAG	152	157	1	5					
sequence	hmm	20261001_8fb675cb	XP_001625762.3	_		traf2_binding_variant	Motif		PLQST	366	371	1	5					
sequence	hmm	20261001_8fb675cb	XP_001625762.3	_		traf2_binding_permissive	Motif		PCEAGT	152	158	1	6					
sequence	hmm	20261001_8fb675cb	XP_001625762.3	_		traf2_binding_permissive	Motif		PGTNHT	210	216	1	6					
sequence	hmm	20261001_8fb675cb	XP_001625762.3	_		traf2_binding_permissive	Motif		PDVEENT	259	266	1	7					
sequence	hmm	20261001_8fb675cb	XP_001625762.3	_		traf2_binding_permissive	Motif		PMVEEQA	278	285	1	7					
sequence	hmm	20261001_8fb675cb	XP_001625762.3	_		traf2_binding_permissive	Motif		PLQST	366	371	1	5					
sequence	hmm	20261001_8fb675cb	XP_001637776.2	_		traf2_binding_variant	Motif		PANHS	209	214	1	5					
sequence	hmm	20261001_8fb675cb	XP_001637776.2	_		traf2_binding_permissive	Motif		PTCQVG	190	196	1	6					
sequence	hmm	20261001_8fb675cb	XP_001637776.2	_		traf2_binding_permissive	Motif		PANHS	209	214	1	5					
sequence	hmm	20261001_8fb675cb	XP_001637776.2	_		traf2_binding_permissive	Motif		PKKQCS	299	305	1	6					
sequence	hmm	20261001_8fb675cb	XP_001637776.2	_		traf2_binding_permissive	Motif		PHEFYG	408	414	1	6					
sequence	hmm	20261001_8fb675cb	XP_001637776.2	_		traf2_binding_permissive	Motif		PTLNEHE	436	443	1	7					
sequence	hmm	20261001_8fb675cb	XP_001637776.2	_		traf2_binding_permissive	Motif		PGNEPVD	546	553	1	7					
sequence	hmm	20261001_8fb675cb	XP_001637776.2	_		traf2_binding_permissive	Motif		PGCEEPA	767	774	1	7					
sequence	hmm	20261001_8fb675cb	XP_032233730.2	_		traf6_binding_permissive	Motif		PMQQIR	264	270	1	6					
sequence	hmm	20261001_8fb675cb	XP_032233730.2	_		traf2_binding_permissive	Motif		PCTESQD	43	50	1	7					
sequence	hmm	20261001_8fb675cb	XP_032233731.2	_		traf6_binding_permissive	Motif		PMQQIR	264	270	1	6					
sequence	hmm	20261001_8fb675cb	XP_032233731.2	_		traf2_binding_permissive	Motif		PCTESQD	43	50	1	7					
sequence	hmm	20261001_8fb675cb	XP_032237546.2	_		traf2_binding_strict	Motif		PGEES	56	61	1	5					
sequence	hmm	20261001_8fb675cb	XP_032237546.2	_		traf2_binding_variant	Motif		PGEES	56	61	1	5					
sequence	hmm	20261001_8fb675cb	XP_032237546.2	_		traf2_binding_permissive	Motif		PGEESS	56	62	1	6					
sequence	hmm	20261001_8fb675cb	XP_032237546.2	_		traf2_binding_permissive	Motif		PCKEGT	78	84	1	6					
sequence	hmm	20261001_8fb675cb	XP_032237546.2	_		traf2_binding_permissive	Motif		PVSQTPT	226	233	1	7					
sequence	hmm	20261001_8fb675cb	XP_032237546.2	_		traf2_binding_permissive	Motif		PTTQLQS	235	242	1	7					
sequence	hmm	20261001_8fb675cb	XP_032237546.2	_		traf2_binding_permissive	Motif		PFLQRDT	288	295	1	7					
sequence	hmm	20261001_8fb675cb	XP_032237547.2	_		traf2_binding_strict	Motif		PGEES	56	61	1	5					
sequence	hmm	20261001_8fb675cb	XP_032237547.2	_		traf2_binding_variant	Motif		PGEES	56	61	1	5					
sequence	hmm	20261001_8fb675cb	XP_032237547.2	_		traf2_binding_permissive	Motif		PGEESS	56	62	1	6					
sequence	hmm	20261001_8fb675cb	XP_032237547.2	_		traf2_binding_permissive	Motif		PCKEGT	78	84	1	6					
sequence	hmm	20261001_8fb675cb	XP_032237547.2	_		traf2_binding_permissive	Motif		PVSQTPT	226	233	1	7					
sequence	hmm	20261001_8fb675cb	XP_032237547.2	_		traf2_binding_permissive	Motif		PTTQLQS	235	242	1	7					
sequence	hmm	20261001_8fb675cb	XP_032237547.2	_		traf2_binding_permissive	Motif		PFLQRDT	288	295	1	7					
sequence	hmm	20261001_8fb675cb	XP_048580903.1	_		traf6_binding_permissive	Motif		PMQQIR	264	270	1	6					
sequence	hmm	20261001_8fb675cb	XP_048580903.1	_		traf2_binding_permissive	Motif		PCTESQD	43	50	1	7					
sequence	hmm	20261001_8fb675cb	XP_048585870.1	_		traf6_binding_permissive	Motif		PTEPSL	229	235	1	6					
sequence	hmm	20261001_8fb675cb	XP_048585870.1	_		traf2_binding_strict	Motif		PTEPS	229	234	1	5					
sequence	hmm	20261001_8fb675cb	XP_048585870.1	_		traf2_binding_variant	Motif		PTEPS	229	234	1	5					
sequence	hmm	20261001_8fb675cb	XP_048585870.1	_		traf2_binding_permissive	Motif		PAGQTVS	156	163	1	7					
sequence	hmm	20261001_8fb675cb	XP_048585870.1	_		traf2_binding_permissive	Motif		PTEPS	229	234	1	5					
sequence	hmm	20261001_8fb675cb	XP_048585870.1	_		traf2_binding_permissive	Motif		PLVQSGS	300	307	1	7					
sequence	hmm	20261001_8fb675cb	XP_048585871.1	_		traf6_binding_permissive	Motif		PTEPSL	226	232	1	6					
sequence	hmm	20261001_8fb675cb	XP_048585871.1	_		traf2_binding_strict	Motif		PTEPS	226	231	1	5					
sequence	hmm	20261001_8fb675cb	XP_048585871.1	_		traf2_binding_variant	Motif		PTEPS	226	231	1	5					
sequence	hmm	20261001_8fb675cb	XP_048585871.1	_		traf2_binding_permissive	Motif		PAGQTVS	153	160	1	7					
sequence	hmm	20261001_8fb675cb	XP_048585871.1	_		traf2_binding_permissive	Motif		PTEPS	226	231	1	5					
sequence	hmm	20261001_8fb675cb	XP_048585871.1	_		traf2_binding_permissive	Motif		PLVQSGS	297	304	1	7					
sequence	hmm	20261001_8fb675cb	XP_048587947.1	_		traf2_binding_strict	Motif		PLQST	391	396	1	5					
sequence	hmm	20261001_8fb675cb	XP_048587947.1	_		traf2_binding_variant	Motif		PCEAG	158	163	1	5					
sequence	hmm	20261001_8fb675cb	XP_048587947.1	_		traf2_binding_variant	Motif		PLQST	391	396	1	5					
sequence	hmm	20261001_8fb675cb	XP_048587947.1	_		traf2_binding_permissive	Motif		PCEAGT	158	164	1	6					
sequence	hmm	20261001_8fb675cb	XP_048587947.1	_		traf2_binding_permissive	Motif		PGTNHT	235	241	1	6					
sequence	hmm	20261001_8fb675cb	XP_048587947.1	_		traf2_binding_permissive	Motif		PDVEENT	284	291	1	7					
sequence	hmm	20261001_8fb675cb	XP_048587947.1	_		traf2_binding_permissive	Motif		PMVEEQA	303	310	1	7					
sequence	hmm	20261001_8fb675cb	XP_048587947.1	_		traf2_binding_permissive	Motif		PLQST	391	396	1	5					
sequence	hmm	20261001_8fb675cb	XP_048587948.1	_		traf2_binding_strict	Motif		PLQST	385	390	1	5					
sequence	hmm	20261001_8fb675cb	XP_048587948.1	_		traf2_binding_variant	Motif		PCEAG	152	157	1	5					
sequence	hmm	20261001_8fb675cb	XP_048587948.1	_		traf2_binding_variant	Motif		PLQST	385	390	1	5					
sequence	hmm	20261001_8fb675cb	XP_048587948.1	_		traf2_binding_permissive	Motif		PCEAGT	152	158	1	6					
sequence	hmm	20261001_8fb675cb	XP_048587948.1	_		traf2_binding_permissive	Motif		PGTNHT	229	235	1	6					
sequence	hmm	20261001_8fb675cb	XP_048587948.1	_		traf2_binding_permissive	Motif		PDVEENT	278	285	1	7					
sequence	hmm	20261001_8fb675cb	XP_048587948.1	_		traf2_binding_permissive	Motif		PMVEEQA	297	304	1	7					
sequence	hmm	20261001_8fb675cb	XP_048587948.1	_		traf2_binding_permissive	Motif		PLQST	385	390	1	5					
sequence	hmm	20261001_8fb675cb	XP_048587949.1	_		traf2_binding_strict	Motif		PLQST	372	377	1	5					
sequence	hmm	20261001_8fb675cb	XP_048587949.1	_		traf2_binding_variant	Motif		PCEAG	158	163	1	5					
sequence	hmm	20261001_8fb675cb	XP_048587949.1	_		traf2_binding_variant	Motif		PLQST	372	377	1	5					
sequence	hmm	20261001_8fb675cb	XP_048587949.1	_		traf2_binding_permissive	Motif		PCEAGT	158	164	1	6					
sequence	hmm	20261001_8fb675cb	XP_048587949.1	_		traf2_binding_permissive	Motif		PGTNHT	216	222	1	6					
sequence	hmm	20261001_8fb675cb	XP_048587949.1	_		traf2_binding_permissive	Motif		PDVEENT	265	272	1	7					
sequence	hmm	20261001_8fb675cb	XP_048587949.1	_		traf2_binding_permissive	Motif		PMVEEQA	284	291	1	7					
sequence	hmm	20261001_8fb675cb	XP_048587949.1	_		traf2_binding_permissive	Motif		PLQST	372	377	1	5					
sequence	hmm	20261001_8fb675cb	XP_048587950.1	_		traf2_binding_variant	Motif		PCEAG	158	163	1	5					
sequence	hmm	20261001_8fb675cb	XP_048587950.1	_		traf2_binding_permissive	Motif		PCEAGT	158	164	1	6					
sequence	hmm	20261001_8fb675cb	XP_048587950.1	_		traf2_binding_permissive	Motif		PGTNHT	235	241	1	6					
sequence	hmm	20261001_8fb675cb	XP_048587950.1	_		traf2_binding_permissive	Motif		PDVEENT	284	291	1	7					
sequence	hmm	20261001_8fb675cb	XP_048587950.1	_		traf2_binding_permissive	Motif		PMVEEQA	303	310	1	7					
sequence	hmm	20261001_8fb675cb	XP_048589859.1	_		traf2_binding_variant	Motif		PANHS	209	214	1	5					
sequence	hmm	20261001_8fb675cb	XP_048589859.1	_		traf2_binding_permissive	Motif		PTCQVG	190	196	1	6					
sequence	hmm	20261001_8fb675cb	XP_048589859.1	_		traf2_binding_permissive	Motif		PANHS	209	214	1	5					
sequence	hmm	20261001_8fb675cb	XP_048589859.1	_		traf2_binding_permissive	Motif		PKKQCS	299	305	1	6					
sequence	hmm	20261001_8fb675cb	XP_048589859.1	_		traf2_binding_permissive	Motif		PHEFYG	362	368	1	6					
sequence	hmm	20261001_8fb675cb	XP_048589859.1	_		traf2_binding_permissive	Motif		PTLNEHE	390	397	1	7					
sequence	hmm	20261001_8fb675cb	XP_048589859.1	_		traf2_binding_permissive	Motif		PGNEPVD	500	507	1	7					
sequence	hmm	20261001_8fb675cb	XP_048589859.1	_		traf2_binding_permissive	Motif		PGCEEPA	721	728	1	7					
sequence	hmm	20261001_8fb675cb	XP_073229152.1	_		traf6_binding_permissive	Motif		PAEKFL	363	369	1	6					
sequence	hmm	20261001_8fb675cb	XP_073229152.1	_		traf2_binding_strict	Motif		PEERT	244	249	1	5					
sequence	hmm	20261001_8fb675cb	XP_073229152.1	_		traf2_binding_variant	Motif		PEERT	244	249	1	5					
sequence	hmm	20261001_8fb675cb	XP_073229152.1	_		traf2_binding_permissive	Motif		PDPEERT	242	249	1	7					
sequence	hmm	20261001_8fb675cb	XP_073229152.1	_		traf2_binding_permissive	Motif		PLMQQHG	304	311	1	7					
sequence	hmm	20261001_8fb675cb	XP_073229153.1	_		traf6_binding_permissive	Motif		PAEKFL	351	357	1	6					
sequence	hmm	20261001_8fb675cb	XP_073229153.1	_		traf2_binding_strict	Motif		PEERT	232	237	1	5					
sequence	hmm	20261001_8fb675cb	XP_073229153.1	_		traf2_binding_variant	Motif		PEERT	232	237	1	5					
sequence	hmm	20261001_8fb675cb	XP_073229153.1	_		traf2_binding_permissive	Motif		PDPEERT	230	237	1	7					
sequence	hmm	20261001_8fb675cb	XP_073229153.1	_		traf2_binding_permissive	Motif		PLMQQHG	292	299	1	7					
sequence	hmm	20261001_8fb675cb	XP_073229154.1	_		traf6_binding_permissive	Motif		PAEKFL	348	354	1	6					
sequence	hmm	20261001_8fb675cb	XP_073229154.1	_		traf2_binding_strict	Motif		PEERT	229	234	1	5					
sequence	hmm	20261001_8fb675cb	XP_073229154.1	_		traf2_binding_variant	Motif		PEERT	229	234	1	5					
sequence	hmm	20261001_8fb675cb	XP_073229154.1	_		traf2_binding_permissive	Motif		PDPEERT	227	234	1	7					
sequence	hmm	20261001_8fb675cb	XP_073229154.1	_		traf2_binding_permissive	Motif		PLMQQHG	289	296	1	7					
sequence	hmm	20261001_8fb675cb	XP_073229156.1	_		traf6_binding_permissive	Motif		PAEKFL	331	337	1	6					
sequence	hmm	20261001_8fb675cb	XP_073229156.1	_		traf2_binding_strict	Motif		PEERT	212	217	1	5					
sequence	hmm	20261001_8fb675cb	XP_073229156.1	_		traf2_binding_variant	Motif		PEERT	212	217	1	5					
sequence	hmm	20261001_8fb675cb	XP_073229156.1	_		traf2_binding_permissive	Motif		PDPEERT	210	217	1	7					
sequence	hmm	20261001_8fb675cb	XP_073229156.1	_		traf2_binding_permissive	Motif		PLMQQHG	272	279	1	7					
sequence	hmm	20261001_8fb675cb	XP_073229157.1	_		traf6_binding_permissive	Motif		PAQENV	190	196	1	6					
sequence	hmm	20261001_8fb675cb	XP_073229157.1	_		traf6_binding_permissive	Motif		PAEKFL	311	317	1	6					
sequence	hmm	20261001_8fb675cb	XP_073229157.1	_		traf2_binding_permissive	Motif		PCSQPCG	128	135	1	7					
sequence	hmm	20261001_8fb675cb	XP_073229157.1	_		traf2_binding_permissive	Motif		PWNPPT	153	159	1	6					
sequence	hmm	20261001_8fb675cb	XP_073229157.1	_		traf2_binding_permissive	Motif		PVQDQT	166	172	1	6					
sequence	hmm	20261001_8fb675cb	XP_073229158.1	_		traf6_binding_permissive	Motif		PAQENV	189	195	1	6					
sequence	hmm	20261001_8fb675cb	XP_073229158.1	_		traf6_binding_permissive	Motif		PAEKFL	310	316	1	6					
sequence	hmm	20261001_8fb675cb	XP_073229158.1	_		traf2_binding_permissive	Motif		PCSQPCG	127	134	1	7					
sequence	hmm	20261001_8fb675cb	XP_073229158.1	_		traf2_binding_permissive	Motif		PWNPPT	152	158	1	6					
sequence	hmm	20261001_8fb675cb	XP_073229158.1	_		traf2_binding_permissive	Motif		PVQDQT	165	171	1	6					
sequence	hmm	20261001_8fb675cb	XP_073229679.1	_		traf2_binding_permissive	Motif		PTDNLLT	146	153	1	7					
sequence	hmm	20261001_8fb675cb	XP_073229679.1	_		traf2_binding_permissive	Motif		PKDNQSG	187	194	1	7					
sequence	hmm	20261001_8fb675cb	XP_073229680.1	_		traf6_binding_permissive	Motif		PGEKFL	323	329	1	6					
sequence	hmm	20261001_8fb675cb	XP_073229680.1	_		traf2_binding_permissive	Motif		PLPETVS	2	9	1	7					
sequence	hmm	20261001_8fb675cb	XP_073229680.1	_		traf2_binding_permissive	Motif		PEERPS	206	212	1	6					
sequence	hmm	20261001_8fb675cb	XP_073229680.1	_		traf2_binding_permissive	Motif		PSMQQRG	264	271	1	7					
sequence	hmm	20261001_8fb675cb	XP_073241868.1	_		traf2_binding_variant	Motif		PVQCG	50	55	1	5					
sequence	hmm	20261001_8fb675cb	XP_073241868.1	_		traf2_binding_permissive	Motif		PSSEFT	22	28	1	6					
sequence	hmm	20261001_8fb675cb	XP_073241868.1	_		traf2_binding_permissive	Motif		PVQCGS	50	56	1	6					
sequence	hmm	20261001_8fb675cb	XP_073241869.1	_		traf2_binding_variant	Motif		PVQCG	50	55	1	5					
sequence	hmm	20261001_8fb675cb	XP_073241869.1	_		traf2_binding_permissive	Motif		PSSEFT	22	28	1	6					
sequence	hmm	20261001_8fb675cb	XP_073241869.1	_		traf2_binding_permissive	Motif		PVQCGS	50	56	1	6					
sequence	hmm	20261001_8fb675cb	XP_073241874.1	_		traf6_binding_permissive	Motif		PNEETI	105	111	1	6					
sequence	hmm	20261001_8fb675cb	XP_073241874.1	_		traf2_binding_strict	Motif		PNEET	105	110	1	5					
sequence	hmm	20261001_8fb675cb	XP_073241874.1	_		traf2_binding_variant	Motif		PNEET	105	110	1	5					
sequence	hmm	20261001_8fb675cb	XP_073241874.1	_		traf2_binding_permissive	Motif		PNEETIS	105	112	1	7					
sequence	hmm	20261001_8fb675cb	XP_073241874.1	_		traf2_binding_permissive	Motif		PSKNNST	178	185	1	7					
sequence	hmm	20261001_8fb675cb	XP_073241874.1	_		traf2_binding_permissive	Motif		PTQVVS	261	267	1	6					
sequence	hmm	20261001_8fb675cb	XP_073241875.1	_		traf6_binding_permissive	Motif		PNEETI	105	111	1	6					
sequence	hmm	20261001_8fb675cb	XP_073241875.1	_		traf2_binding_strict	Motif		PNEET	105	110	1	5					
sequence	hmm	20261001_8fb675cb	XP_073241875.1	_		traf2_binding_variant	Motif		PNEET	105	110	1	5					
sequence	hmm	20261001_8fb675cb	XP_073241875.1	_		traf2_binding_permissive	Motif		PNEETIS	105	112	1	7					
sequence	hmm	20261001_8fb675cb	XP_073241875.1	_		traf2_binding_permissive	Motif		PSKNNST	178	185	1	7					
sequence	hmm	20261001_8fb675cb	XP_073241875.1	_		traf2_binding_permissive	Motif		PTQVVS	261	267	1	6					
sequence	hmm	20261001_8fb675cb	XP_073241999.1	_		traf6_binding_strict	Motif		PEEPTY	216	222	1	6					
sequence	hmm	20261001_8fb675cb	XP_073241999.1	_		traf6_binding_permissive	Motif		PMQYED	133	139	1	6					
sequence	hmm	20261001_8fb675cb	XP_073241999.1	_		traf6_binding_permissive	Motif		PEEPTY	216	222	1	6					
sequence	hmm	20261001_8fb675cb	XP_073241999.1	_		traf2_binding_strict	Motif		PEEPT	216	221	1	5					
sequence	hmm	20261001_8fb675cb	XP_073241999.1	_		traf2_binding_variant	Motif		PMQYE	133	138	1	5					
sequence	hmm	20261001_8fb675cb	XP_073241999.1	_		traf2_binding_variant	Motif		PGNCS	168	173	1	5					
sequence	hmm	20261001_8fb675cb	XP_073241999.1	_		traf2_binding_variant	Motif		PEEPT	216	221	1	5					
sequence	hmm	20261001_8fb675cb	XP_073241999.1	_		traf2_binding_permissive	Motif		PPMQYED	132	139	1	7					
sequence	hmm	20261001_8fb675cb	XP_073241999.1	_		traf2_binding_permissive	Motif		PGNCS	168	173	1	5					
sequence	hmm	20261001_8fb675cb	XP_073241999.1	_		traf2_binding_permissive	Motif		PEEPT	216	221	1	5					
sequence	hmm	20261001_8fb675cb	XP_073241999.1	_		traf2_binding_permissive	Motif		PLQSPT	265	271	1	6					
sequence	hmm	20261001_8fb675cb	XP_073241999.1	_		traf2_binding_permissive	Motif		PDSNIET	316	323	1	7					
sequence	hmm	20261001_8fb675cb	XP_073241999.1	_		traf2_binding_permissive	Motif		PTGQKIG	424	431	1	7					
sequence	hmm	20261001_8fb675cb	XP_073241999.1	_		traf2_binding_permissive	Motif		PVVQLDS	549	556	1	7					
sequence	hmm	20261001_8fb675cb	XP_073242000.1	_		traf6_binding_strict	Motif		PEEPTY	216	222	1	6					
sequence	hmm	20261001_8fb675cb	XP_073242000.1	_		traf6_binding_permissive	Motif		PMQYED	133	139	1	6					
sequence	hmm	20261001_8fb675cb	XP_073242000.1	_		traf6_binding_permissive	Motif		PEEPTY	216	222	1	6					
sequence	hmm	20261001_8fb675cb	XP_073242000.1	_		traf2_binding_strict	Motif		PEEPT	216	221	1	5					
sequence	hmm	20261001_8fb675cb	XP_073242000.1	_		traf2_binding_variant	Motif		PMQYE	133	138	1	5					
sequence	hmm	20261001_8fb675cb	XP_073242000.1	_		traf2_binding_variant	Motif		PGNCS	168	173	1	5					
sequence	hmm	20261001_8fb675cb	XP_073242000.1	_		traf2_binding_variant	Motif		PEEPT	216	221	1	5					
sequence	hmm	20261001_8fb675cb	XP_073242000.1	_		traf2_binding_permissive	Motif		PPMQYED	132	139	1	7					
sequence	hmm	20261001_8fb675cb	XP_073242000.1	_		traf2_binding_permissive	Motif		PGNCS	168	173	1	5					
sequence	hmm	20261001_8fb675cb	XP_073242000.1	_		traf2_binding_permissive	Motif		PEEPT	216	221	1	5					
sequence	hmm	20261001_8fb675cb	XP_073242000.1	_		traf2_binding_permissive	Motif		PLQSPT	265	271	1	6					
sequence	hmm	20261001_8fb675cb	XP_073242000.1	_		traf2_binding_permissive	Motif		PDSNIET	316	323	1	7					
sequence	hmm	20261001_8fb675cb	XP_073242000.1	_		traf2_binding_permissive	Motif		PTGQKIG	424	431	1	7					
sequence	hmm	20261001_8fb675cb	XP_073242000.1	_		traf2_binding_permissive	Motif		PVVQLDS	549	556	1	7					
sequence	hmm	20261001_8fb675cb	XP_073243451.1	_		traf2_binding_strict	Motif		PCEAT	333	338	1	5					
sequence	hmm	20261001_8fb675cb	XP_073243451.1	_		traf2_binding_variant	Motif		PCEAT	333	338	1	5					
sequence	hmm	20261001_8fb675cb	XP_073243451.1	_		traf2_binding_permissive	Motif		PTGQFRS	22	29	1	7					
sequence	hmm	20261001_8fb675cb	XP_073243451.1	_		traf2_binding_permissive	Motif		PAEIKA	215	221	1	6					
sequence	hmm	20261001_8fb675cb	XP_073243451.1	_		traf2_binding_permissive	Motif		PKESCA	270	276	1	6					
sequence	hmm	20261001_8fb675cb	XP_073243451.1	_		traf2_binding_permissive	Motif		PCEAT	333	338	1	5					
sequence	hmm	20261001_8fb675cb	XP_073247293.1	_		traf6_binding_permissive	Motif		PVEIIL	560	566	1	6					
sequence	hmm	20261001_8fb675cb	XP_073247293.1	_		traf6_binding_permissive	Motif		PSEREK	599	605	1	6					
sequence	hmm	20261001_8fb675cb	XP_073247293.1	_		traf6_binding_permissive	Motif		PEELAK	707	713	1	6					
sequence	hmm	20261001_8fb675cb	XP_073247293.1	_		traf6_binding_permissive	Motif		PVEIIL	1334	1340	1	6					
sequence	hmm	20261001_8fb675cb	XP_073247293.1	_		traf6_binding_permissive	Motif		PSEREK	1373	1379	1	6					
sequence	hmm	20261001_8fb675cb	XP_073247293.1	_		traf6_binding_permissive	Motif		PEELAK	1481	1487	1	6					
sequence	hmm	20261001_8fb675cb	XP_073247293.1	_		traf2_binding_variant	Motif		PQNTT	50	55	1	5					
sequence	hmm	20261001_8fb675cb	XP_073247293.1	_		traf2_binding_variant	Motif		PENQE	344	349	1	5					
sequence	hmm	20261001_8fb675cb	XP_073247293.1	_		traf2_binding_variant	Motif		PSERE	599	604	1	5					
sequence	hmm	20261001_8fb675cb	XP_073247293.1	_		traf2_binding_variant	Motif		PEELA	707	712	1	5					
sequence	hmm	20261001_8fb675cb	XP_073247293.1	_		traf2_binding_variant	Motif		PSERE	1373	1378	1	5					
sequence	hmm	20261001_8fb675cb	XP_073247293.1	_		traf2_binding_variant	Motif		PEELA	1481	1486	1	5					
sequence	hmm	20261001_8fb675cb	XP_073247293.1	_		traf2_binding_variant	Motif		PFQDE	1602	1607	1	5					
sequence	hmm	20261001_8fb675cb	XP_073247293.1	_		traf2_binding_variant	Motif		PIQED	1703	1708	1	5					
sequence	hmm	20261001_8fb675cb	XP_073247293.1	_		traf2_binding_permissive	Motif		PQNTTS	50	56	1	6					
sequence	hmm	20261001_8fb675cb	XP_073247293.1	_		traf2_binding_permissive	Motif		PGFEVE	107	113	1	6					
sequence	hmm	20261001_8fb675cb	XP_073247293.1	_		traf2_binding_permissive	Motif		PDVQAT	240	246	1	6					
sequence	hmm	20261001_8fb675cb	XP_073247293.1	_		traf2_binding_permissive	Motif		PSTNSGG	253	260	1	7					
sequence	hmm	20261001_8fb675cb	XP_073247293.1	_		traf2_binding_permissive	Motif		PTFQLSS	299	306	1	7					
sequence	hmm	20261001_8fb675cb	XP_073247293.1	_		traf2_binding_permissive	Motif		PVPENQE	342	349	1	7					
sequence	hmm	20261001_8fb675cb	XP_073247293.1	_		traf2_binding_permissive	Motif		PVIQCG	546	552	1	6					
sequence	hmm	20261001_8fb675cb	XP_073247293.1	_		traf2_binding_permissive	Motif		PSERE	599	604	1	5					
sequence	hmm	20261001_8fb675cb	XP_073247293.1	_		traf2_binding_permissive	Motif		PEELA	707	712	1	5					
sequence	hmm	20261001_8fb675cb	XP_073247293.1	_		traf2_binding_permissive	Motif		PQLNNE	815	821	1	6					
sequence	hmm	20261001_8fb675cb	XP_073247293.1	_		traf2_binding_permissive	Motif		PEEART	893	899	1	6					
sequence	hmm	20261001_8fb675cb	XP_073247293.1	_		traf2_binding_permissive	Motif		PDVQVT	1017	1023	1	6					
sequence	hmm	20261001_8fb675cb	XP_073247293.1	_		traf2_binding_permissive	Motif		PSTNSGE	1030	1037	1	7					
sequence	hmm	20261001_8fb675cb	XP_073247293.1	_		traf2_binding_permissive	Motif		PKFQLSS	1074	1081	1	7					
sequence	hmm	20261001_8fb675cb	XP_073247293.1	_		traf2_binding_permissive	Motif		PLPESQE	1119	1126	1	7					
sequence	hmm	20261001_8fb675cb	XP_073247293.1	_		traf2_binding_permissive	Motif		PSERE	1373	1378	1	5					
sequence	hmm	20261001_8fb675cb	XP_073247293.1	_		traf2_binding_permissive	Motif		PEELA	1481	1486	1	5					
sequence	hmm	20261001_8fb675cb	XP_073247293.1	_		traf2_binding_permissive	Motif		PQLNNES	1589	1596	1	7					
sequence	hmm	20261001_8fb675cb	XP_073247293.1	_		traf2_binding_permissive	Motif		PFQDE	1602	1607	1	5					
sequence	hmm	20261001_8fb675cb	XP_073247293.1	_		traf2_binding_permissive	Motif		PEEART	1667	1673	1	6					
sequence	hmm	20261001_8fb675cb	XP_073247293.1	_		traf2_binding_permissive	Motif		PIQEDTS	1703	1710	1	7					
sequence	hmm	20261001_8fb675cb	XP_073248921.1	_		traf6_binding_permissive	Motif		PRERDL	434	440	1	6					
sequence	hmm	20261001_8fb675cb	XP_073248921.1	_		traf2_binding_variant	Motif		PRERD	434	439	1	5					
sequence	hmm	20261001_8fb675cb	XP_073248921.1	_		traf2_binding_variant	Motif		PYNQT	567	572	1	5					
sequence	hmm	20261001_8fb675cb	XP_073248921.1	_		traf2_binding_permissive	Motif		PTGQFRS	23	30	1	7					
sequence	hmm	20261001_8fb675cb	XP_073248921.1	_		traf2_binding_permissive	Motif		PHINSQE	193	200	1	7					
sequence	hmm	20261001_8fb675cb	XP_073248921.1	_		traf2_binding_permissive	Motif		PAEIKA	216	222	1	6					
sequence	hmm	20261001_8fb675cb	XP_073248921.1	_		traf2_binding_permissive	Motif		PRERD	434	439	1	5					
sequence	hmm	20261001_8fb675cb	XP_073248921.1	_		traf2_binding_permissive	Motif		PYNQT	567	572	1	5					
sequence	hmm	20261001_8fb675cb	XP_073248921.1	_		traf2_binding_permissive	Motif		PVLESRE	592	599	1	7					
sequence	hmm	20261001_8fb675cb	XP_073249063.1	_		traf6_binding_permissive	Motif		PLEAII	556	562	1	6					
sequence	hmm	20261001_8fb675cb	XP_073249063.1	_		traf2_binding_variant	Motif		PGETG	318	323	1	5					
sequence	hmm	20261001_8fb675cb	XP_073249063.1	_		traf2_binding_permissive	Motif		PCPENE	52	58	1	6					
sequence	hmm	20261001_8fb675cb	XP_073249063.1	_		traf2_binding_permissive	Motif		PGETG	318	323	1	5					
sequence	hmm	20261001_8fb675cb	XP_073249063.1	_		traf2_binding_permissive	Motif		PTDESD	327	333	1	6					
sequence	hmm	20261001_8fb675cb	XP_073249063.1	_		traf2_binding_permissive	Motif		PHRQDAG	336	343	1	7					
sequence	hmm	20261001_8fb675cb	XP_073249063.1	_		traf2_binding_permissive	Motif		PADERT	389	395	1	6					
sequence	hmm	20261001_8fb675cb	XP_073249064.1	_		traf6_binding_permissive	Motif		PLEAII	540	546	1	6					
sequence	hmm	20261001_8fb675cb	XP_073249064.1	_		traf2_binding_variant	Motif		PGETG	302	307	1	5					
sequence	hmm	20261001_8fb675cb	XP_073249064.1	_		traf2_binding_permissive	Motif		PCPENE	36	42	1	6					
sequence	hmm	20261001_8fb675cb	XP_073249064.1	_		traf2_binding_permissive	Motif		PGETG	302	307	1	5					
sequence	hmm	20261001_8fb675cb	XP_073249064.1	_		traf2_binding_permissive	Motif		PTDESD	311	317	1	6					
sequence	hmm	20261001_8fb675cb	XP_073249064.1	_		traf2_binding_permissive	Motif		PHRQDAG	320	327	1	7					
sequence	hmm	20261001_8fb675cb	XP_073249064.1	_		traf2_binding_permissive	Motif		PADERT	373	379	1	6					
sequence	hmm	20261001_8fb675cb	XP_073249065.1	_		traf6_binding_permissive	Motif		PLEAII	540	546	1	6					
sequence	hmm	20261001_8fb675cb	XP_073249065.1	_		traf2_binding_variant	Motif		PGETG	302	307	1	5					
sequence	hmm	20261001_8fb675cb	XP_073249065.1	_		traf2_binding_permissive	Motif		PCPENE	36	42	1	6					
sequence	hmm	20261001_8fb675cb	XP_073249065.1	_		traf2_binding_permissive	Motif		PGETG	302	307	1	5					
sequence	hmm	20261001_8fb675cb	XP_073249065.1	_		traf2_binding_permissive	Motif		PTDESD	311	317	1	6					
sequence	hmm	20261001_8fb675cb	XP_073249065.1	_		traf2_binding_permissive	Motif		PHRQDAG	320	327	1	7					
sequence	hmm	20261001_8fb675cb	XP_073249065.1	_		traf2_binding_permissive	Motif		PADERT	373	379	1	6					
sequence	hmm	20261001_8fb675cb	XP_073249068.1	_		traf2_binding_permissive	Motif		PCPENE	52	58	1	6					
sequence	hmm	20261001_8fb675cb	XP_073252748.1	_		traf6_binding_permissive	Motif		PTQKIE	63	69	1	6					
sequence	hmm	20261001_8fb675cb	XP_073252748.1	_		traf6_binding_permissive	Motif		PVQDED	461	467	1	6					
sequence	hmm	20261001_8fb675cb	XP_073252748.1	_		traf6_binding_permissive	Motif		PREGMR	565	571	1	6					
sequence	hmm	20261001_8fb675cb	XP_073252748.1	_		traf2_binding_variant	Motif		PQNNT	256	261	1	5					
sequence	hmm	20261001_8fb675cb	XP_073252748.1	_		traf2_binding_variant	Motif		PINGE	311	316	1	5					
sequence	hmm	20261001_8fb675cb	XP_073252748.1	_		traf2_binding_variant	Motif		PVQDE	461	466	1	5					
sequence	hmm	20261001_8fb675cb	XP_073252748.1	_		traf2_binding_permissive	Motif		PTQKIE	63	69	1	6					
sequence	hmm	20261001_8fb675cb	XP_073252748.1	_		traf2_binding_permissive	Motif		PQNNTLT	256	263	1	7					
sequence	hmm	20261001_8fb675cb	XP_073252748.1	_		traf2_binding_permissive	Motif		PINGE	311	316	1	5					
sequence	hmm	20261001_8fb675cb	XP_073252748.1	_		traf2_binding_permissive	Motif		PQDQEVS	341	348	1	7					
sequence	hmm	20261001_8fb675cb	XP_073252748.1	_		traf2_binding_permissive	Motif		PWLQNEG	354	361	1	7					
sequence	hmm	20261001_8fb675cb	XP_073252748.1	_		traf2_binding_permissive	Motif		PVQDED	461	467	1	6					
sequence	hmm	20261001_8fb675cb	XP_073252748.1	_		traf2_binding_permissive	Motif		PTDQKG	481	487	1	6					
sequence	hmm	20261001_8fb675cb	XP_073252748.1	_		traf2_binding_permissive	Motif		PEQTNS	516	522	1	6					
sequence	hmm	20261001_8fb675cb	XP_073252749.1	_		traf6_binding_permissive	Motif		PTQKIE	63	69	1	6					
sequence	hmm	20261001_8fb675cb	XP_073252749.1	_		traf6_binding_permissive	Motif		PVQDED	461	467	1	6					
sequence	hmm	20261001_8fb675cb	XP_073252749.1	_		traf6_binding_permissive	Motif		PREGMR	564	570	1	6					
sequence	hmm	20261001_8fb675cb	XP_073252749.1	_		traf2_binding_variant	Motif		PQNNT	256	261	1	5					
sequence	hmm	20261001_8fb675cb	XP_073252749.1	_		traf2_binding_variant	Motif		PINGE	311	316	1	5					
sequence	hmm	20261001_8fb675cb	XP_073252749.1	_		traf2_binding_variant	Motif		PVQDE	461	466	1	5					
sequence	hmm	20261001_8fb675cb	XP_073252749.1	_		traf2_binding_permissive	Motif		PTQKIE	63	69	1	6					
sequence	hmm	20261001_8fb675cb	XP_073252749.1	_		traf2_binding_permissive	Motif		PQNNTLT	256	263	1	7					
sequence	hmm	20261001_8fb675cb	XP_073252749.1	_		traf2_binding_permissive	Motif		PINGE	311	316	1	5					
sequence	hmm	20261001_8fb675cb	XP_073252749.1	_		traf2_binding_permissive	Motif		PQDQEVS	341	348	1	7					
sequence	hmm	20261001_8fb675cb	XP_073252749.1	_		traf2_binding_permissive	Motif		PWLQNEG	354	361	1	7					
sequence	hmm	20261001_8fb675cb	XP_073252749.1	_		traf2_binding_permissive	Motif		PVQDED	461	467	1	6					
sequence	hmm	20261001_8fb675cb	XP_073252749.1	_		traf2_binding_permissive	Motif		PTDQKG	480	486	1	6					
sequence	hmm	20261001_8fb675cb	XP_073252749.1	_		traf2_binding_permissive	Motif		PEQTNS	515	521	1	6					
sequence	hmm	20261001_8fb675cb	XP_073252750.1	_		traf6_binding_permissive	Motif		PTQKIE	63	69	1	6					
sequence	hmm	20261001_8fb675cb	XP_073252750.1	_		traf6_binding_permissive	Motif		PVQDED	459	465	1	6					
sequence	hmm	20261001_8fb675cb	XP_073252750.1	_		traf6_binding_permissive	Motif		PREGMR	563	569	1	6					
sequence	hmm	20261001_8fb675cb	XP_073252750.1	_		traf2_binding_variant	Motif		PQNNT	256	261	1	5					
sequence	hmm	20261001_8fb675cb	XP_073252750.1	_		traf2_binding_variant	Motif		PINGE	311	316	1	5					
sequence	hmm	20261001_8fb675cb	XP_073252750.1	_		traf2_binding_variant	Motif		PVQDE	459	464	1	5					
sequence	hmm	20261001_8fb675cb	XP_073252750.1	_		traf2_binding_permissive	Motif		PTQKIE	63	69	1	6					
sequence	hmm	20261001_8fb675cb	XP_073252750.1	_		traf2_binding_permissive	Motif		PQNNTLT	256	263	1	7					
sequence	hmm	20261001_8fb675cb	XP_073252750.1	_		traf2_binding_permissive	Motif		PINGE	311	316	1	5					
sequence	hmm	20261001_8fb675cb	XP_073252750.1	_		traf2_binding_permissive	Motif		PQDQEVS	341	348	1	7					
sequence	hmm	20261001_8fb675cb	XP_073252750.1	_		traf2_binding_permissive	Motif		PWLQNEG	354	361	1	7					
sequence	hmm	20261001_8fb675cb	XP_073252750.1	_		traf2_binding_permissive	Motif		PVQDED	459	465	1	6					
sequence	hmm	20261001_8fb675cb	XP_073252750.1	_		traf2_binding_permissive	Motif		PTDQKG	479	485	1	6					
sequence	hmm	20261001_8fb675cb	XP_073252750.1	_		traf2_binding_permissive	Motif		PEQTNS	514	520	1	6					
sequence	hmm	20261001_8fb675cb	XP_073252751.1	_		traf6_binding_strict	Motif		PEEGGE	349	355	1	6					
sequence	hmm	20261001_8fb675cb	XP_073252751.1	_		traf6_binding_permissive	Motif		PEEGGE	349	355	1	6					
sequence	hmm	20261001_8fb675cb	XP_073252751.1	_		traf6_binding_permissive	Motif		PSERGR	505	511	1	6					
sequence	hmm	20261001_8fb675cb	XP_073252751.1	_		traf2_binding_variant	Motif		PSNSG	18	23	1	5					
sequence	hmm	20261001_8fb675cb	XP_073252751.1	_		traf2_binding_variant	Motif		PEEGG	349	354	1	5					
sequence	hmm	20261001_8fb675cb	XP_073252751.1	_		traf2_binding_variant	Motif		PSERG	505	510	1	5					
sequence	hmm	20261001_8fb675cb	XP_073252751.1	_		traf2_binding_permissive	Motif		PSNSG	18	23	1	5					
sequence	hmm	20261001_8fb675cb	XP_073252751.1	_		traf2_binding_permissive	Motif		PEEGGE	349	355	1	6					
sequence	hmm	20261001_8fb675cb	XP_073252751.1	_		traf2_binding_permissive	Motif		PSERG	505	510	1	5					
sequence	hmm	20261001_8fb675cb	XP_073253667.1	_		traf2_binding_strict	Motif		PEQES	272	277	1	5					
sequence	hmm	20261001_8fb675cb	XP_073253667.1	_		traf2_binding_strict	Motif		PVEET	284	289	1	5					
sequence	hmm	20261001_8fb675cb	XP_073253667.1	_		traf2_binding_strict	Motif		PIQDS	294	299	1	5					
sequence	hmm	20261001_8fb675cb	XP_073253667.1	_		traf2_binding_variant	Motif		PEQES	272	277	1	5					
sequence	hmm	20261001_8fb675cb	XP_073253667.1	_		traf2_binding_variant	Motif		PVEET	284	289	1	5					
sequence	hmm	20261001_8fb675cb	XP_073253667.1	_		traf2_binding_variant	Motif		PIQDS	294	299	1	5					
sequence	hmm	20261001_8fb675cb	XP_073253667.1	_		traf2_binding_permissive	Motif		PAGEGLS	46	53	1	7					
sequence	hmm	20261001_8fb675cb	XP_073253667.1	_		traf2_binding_permissive	Motif		PCDEYQE	90	97	1	7					
sequence	hmm	20261001_8fb675cb	XP_073253667.1	_		traf2_binding_permissive	Motif		PCCNDG	130	136	1	6					
sequence	hmm	20261001_8fb675cb	XP_073253667.1	_		traf2_binding_permissive	Motif		PTQHPT	176	182	1	6					
sequence	hmm	20261001_8fb675cb	XP_073253667.1	_		traf2_binding_permissive	Motif		PEQES	272	277	1	5					
sequence	hmm	20261001_8fb675cb	XP_073253667.1	_		traf2_binding_permissive	Motif		PVEET	284	289	1	5					
sequence	hmm	20261001_8fb675cb	XP_073253667.1	_		traf2_binding_permissive	Motif		PIQDS	294	299	1	5					
sequence	hmm	20261001_8fb675cb	XP_073253669.1	_		traf2_binding_strict	Motif		PEQES	272	277	1	5					
sequence	hmm	20261001_8fb675cb	XP_073253669.1	_		traf2_binding_strict	Motif		PVEET	284	289	1	5					
sequence	hmm	20261001_8fb675cb	XP_073253669.1	_		traf2_binding_strict	Motif		PIQDS	294	299	1	5					
sequence	hmm	20261001_8fb675cb	XP_073253669.1	_		traf2_binding_variant	Motif		PEQES	272	277	1	5					
sequence	hmm	20261001_8fb675cb	XP_073253669.1	_		traf2_binding_variant	Motif		PVEET	284	289	1	5					
sequence	hmm	20261001_8fb675cb	XP_073253669.1	_		traf2_binding_variant	Motif		PIQDS	294	299	1	5					
sequence	hmm	20261001_8fb675cb	XP_073253669.1	_		traf2_binding_permissive	Motif		PAGEGLS	46	53	1	7					
sequence	hmm	20261001_8fb675cb	XP_073253669.1	_		traf2_binding_permissive	Motif		PCDEYQE	90	97	1	7					
sequence	hmm	20261001_8fb675cb	XP_073253669.1	_		traf2_binding_permissive	Motif		PCCNDG	130	136	1	6					
sequence	hmm	20261001_8fb675cb	XP_073253669.1	_		traf2_binding_permissive	Motif		PTQHPT	176	182	1	6					
sequence	hmm	20261001_8fb675cb	XP_073253669.1	_		traf2_binding_permissive	Motif		PEQES	272	277	1	5					
sequence	hmm	20261001_8fb675cb	XP_073253669.1	_		traf2_binding_permissive	Motif		PVEET	284	289	1	5					
sequence	hmm	20261001_8fb675cb	XP_073253669.1	_		traf2_binding_permissive	Motif		PIQDS	294	299	1	5					
sequence	hmm	20261001_8fb675cb	XP_073253670.1	_		traf2_binding_strict	Motif		PEQES	272	277	1	5					
sequence	hmm	20261001_8fb675cb	XP_073253670.1	_		traf2_binding_strict	Motif		PVEET	284	289	1	5					
sequence	hmm	20261001_8fb675cb	XP_073253670.1	_		traf2_binding_strict	Motif		PIQDS	294	299	1	5					
sequence	hmm	20261001_8fb675cb	XP_073253670.1	_		traf2_binding_variant	Motif		PEQES	272	277	1	5					
sequence	hmm	20261001_8fb675cb	XP_073253670.1	_		traf2_binding_variant	Motif		PVEET	284	289	1	5					
sequence	hmm	20261001_8fb675cb	XP_073253670.1	_		traf2_binding_variant	Motif		PIQDS	294	299	1	5					
sequence	hmm	20261001_8fb675cb	XP_073253670.1	_		traf2_binding_permissive	Motif		PAGEGLS	46	53	1	7					
sequence	hmm	20261001_8fb675cb	XP_073253670.1	_		traf2_binding_permissive	Motif		PCDEYQE	90	97	1	7					
sequence	hmm	20261001_8fb675cb	XP_073253670.1	_		traf2_binding_permissive	Motif		PCCNDG	130	136	1	6					
sequence	hmm	20261001_8fb675cb	XP_073253670.1	_		traf2_binding_permissive	Motif		PTQHPT	176	182	1	6					
sequence	hmm	20261001_8fb675cb	XP_073253670.1	_		traf2_binding_permissive	Motif		PEQES	272	277	1	5					
sequence	hmm	20261001_8fb675cb	XP_073253670.1	_		traf2_binding_permissive	Motif		PVEET	284	289	1	5					
sequence	hmm	20261001_8fb675cb	XP_073253670.1	_		traf2_binding_permissive	Motif		PIQDS	294	299	1	5					
sequence	hmm	20261001_8fb675cb	XP_073253671.1	_		traf2_binding_strict	Motif		PEQES	272	277	1	5					
sequence	hmm	20261001_8fb675cb	XP_073253671.1	_		traf2_binding_strict	Motif		PVEET	284	289	1	5					
sequence	hmm	20261001_8fb675cb	XP_073253671.1	_		traf2_binding_strict	Motif		PIQDS	294	299	1	5					
sequence	hmm	20261001_8fb675cb	XP_073253671.1	_		traf2_binding_variant	Motif		PEQES	272	277	1	5					
sequence	hmm	20261001_8fb675cb	XP_073253671.1	_		traf2_binding_variant	Motif		PVEET	284	289	1	5					
sequence	hmm	20261001_8fb675cb	XP_073253671.1	_		traf2_binding_variant	Motif		PIQDS	294	299	1	5					
sequence	hmm	20261001_8fb675cb	XP_073253671.1	_		traf2_binding_permissive	Motif		PAGEGLS	46	53	1	7					
sequence	hmm	20261001_8fb675cb	XP_073253671.1	_		traf2_binding_permissive	Motif		PCDEYQE	90	97	1	7					
sequence	hmm	20261001_8fb675cb	XP_073253671.1	_		traf2_binding_permissive	Motif		PCCNDG	130	136	1	6					
sequence	hmm	20261001_8fb675cb	XP_073253671.1	_		traf2_binding_permissive	Motif		PTQHPT	176	182	1	6					
sequence	hmm	20261001_8fb675cb	XP_073253671.1	_		traf2_binding_permissive	Motif		PEQES	272	277	1	5					
sequence	hmm	20261001_8fb675cb	XP_073253671.1	_		traf2_binding_permissive	Motif		PVEET	284	289	1	5					
sequence	hmm	20261001_8fb675cb	XP_073253671.1	_		traf2_binding_permissive	Motif		PIQDS	294	299	1	5					
sequence	hmm	20261001_8fb675cb	XP_073254313.1	_		traf6_binding_permissive	Motif		PVQIRI	465	471	1	6					
sequence	hmm	20261001_8fb675cb	XP_073254313.1	_		traf6_binding_permissive	Motif		PKEVLR	715	721	1	6					
sequence	hmm	20261001_8fb675cb	XP_073254313.1	_		traf2_binding_variant	Motif		PCNVT	251	256	1	5					
sequence	hmm	20261001_8fb675cb	XP_073254313.1	_		traf2_binding_variant	Motif		PSEEE	375	380	1	5					
sequence	hmm	20261001_8fb675cb	XP_073254313.1	_		traf2_binding_permissive	Motif		PFYEQCD	154	161	1	7					
sequence	hmm	20261001_8fb675cb	XP_073254313.1	_		traf2_binding_permissive	Motif		PCNVT	251	256	1	5					
sequence	hmm	20261001_8fb675cb	XP_073254313.1	_		traf2_binding_permissive	Motif		PSEEEQE	375	382	1	7					
sequence	hmm	20261001_8fb675cb	XP_073254313.1	_		traf2_binding_permissive	Motif		PTVNVS	395	401	1	6					
sequence	hmm	20261001_8fb675cb	XP_073254313.1	_		traf2_binding_permissive	Motif		PALNQDE	440	447	1	7					
sequence	hmm	20261001_8fb675cb	XP_073254314.1	_		traf6_binding_permissive	Motif		PVQIRI	465	471	1	6					
sequence	hmm	20261001_8fb675cb	XP_073254314.1	_		traf2_binding_variant	Motif		PCNVT	251	256	1	5					
sequence	hmm	20261001_8fb675cb	XP_073254314.1	_		traf2_binding_variant	Motif		PSEEE	375	380	1	5					
sequence	hmm	20261001_8fb675cb	XP_073254314.1	_		traf2_binding_permissive	Motif		PFYEQCD	154	161	1	7					
sequence	hmm	20261001_8fb675cb	XP_073254314.1	_		traf2_binding_permissive	Motif		PCNVT	251	256	1	5					
sequence	hmm	20261001_8fb675cb	XP_073254314.1	_		traf2_binding_permissive	Motif		PSEEEQE	375	382	1	7					
sequence	hmm	20261001_8fb675cb	XP_073254314.1	_		traf2_binding_permissive	Motif		PTVNVS	395	401	1	6					
sequence	hmm	20261001_8fb675cb	XP_073254314.1	_		traf2_binding_permissive	Motif		PALNQDE	440	447	1	7					
sequence	hmm	20261001_8fb675cb	XP_073254324.1	_		traf2_binding_permissive	Motif		PFQSLS	259	265	1	6					
sequence	hmm	20261001_8fb675cb	XP_073254324.1	_		traf2_binding_permissive	Motif		PTSQTA	279	285	1	6					
sequence	hmm	20261001_8fb675cb	XP_073254324.1	_		traf2_binding_permissive	Motif		PSRQLLE	460	467	1	7					
sequence	hmm	20261001_8fb675cb	XP_073254950.1	_		traf6_binding_strict	Motif		PQEPQE	204	210	1	6					
sequence	hmm	20261001_8fb675cb	XP_073254950.1	_		traf6_binding_strict	Motif		PQEPQE	210	216	1	6					
sequence	hmm	20261001_8fb675cb	XP_073254950.1	_		traf6_binding_permissive	Motif		PQEPQE	204	210	1	6					
sequence	hmm	20261001_8fb675cb	XP_073254950.1	_		traf6_binding_permissive	Motif		PQEPQE	210	216	1	6					
sequence	hmm	20261001_8fb675cb	XP_073254950.1	_		traf6_binding_permissive	Motif		PEEKGI	271	277	1	6					
sequence	hmm	20261001_8fb675cb	XP_073254950.1	_		traf2_binding_strict	Motif		PEEAT	353	358	1	5					
sequence	hmm	20261001_8fb675cb	XP_073254950.1	_		traf2_binding_variant	Motif		PTNDT	126	131	1	5					
sequence	hmm	20261001_8fb675cb	XP_073254950.1	_		traf2_binding_variant	Motif		PEEKG	271	276	1	5					
sequence	hmm	20261001_8fb675cb	XP_073254950.1	_		traf2_binding_variant	Motif		PEEAT	353	358	1	5					
sequence	hmm	20261001_8fb675cb	XP_073254950.1	_		traf2_binding_permissive	Motif		PLQIIS	7	13	1	6					
sequence	hmm	20261001_8fb675cb	XP_073254950.1	_		traf2_binding_permissive	Motif		PCLECS	71	77	1	6					
sequence	hmm	20261001_8fb675cb	XP_073254950.1	_		traf2_binding_permissive	Motif		PTNDT	126	131	1	5					
sequence	hmm	20261001_8fb675cb	XP_073254950.1	_		traf2_binding_permissive	Motif		PSKEEE	198	204	1	6					
sequence	hmm	20261001_8fb675cb	XP_073254950.1	_		traf2_binding_permissive	Motif		PQEPQE	204	210	1	6					
sequence	hmm	20261001_8fb675cb	XP_073254950.1	_		traf2_binding_permissive	Motif		PQEPQE	210	216	1	6					
sequence	hmm	20261001_8fb675cb	XP_073254950.1	_		traf2_binding_permissive	Motif		PPEEKG	270	276	1	6					
sequence	hmm	20261001_8fb675cb	XP_073254950.1	_		traf2_binding_permissive	Motif		PEEAT	353	358	1	5					
sequence	hmm	20261001_8fb675cb	XP_073256255.1	_		traf6_binding_permissive	Motif		PSQIEL	85	91	1	6					
sequence	hmm	20261001_8fb675cb	XP_073256255.1	_		traf6_binding_permissive	Motif		PHQVTV	216	222	1	6					
sequence	hmm	20261001_8fb675cb	XP_073256255.1	_		traf2_binding_strict	Motif		PHQVT	216	221	1	5					
sequence	hmm	20261001_8fb675cb	XP_073256255.1	_		traf2_binding_strict	Motif		PEEAT	373	378	1	5					
sequence	hmm	20261001_8fb675cb	XP_073256255.1	_		traf2_binding_variant	Motif		PSQIE	85	90	1	5					
sequence	hmm	20261001_8fb675cb	XP_073256255.1	_		traf2_binding_variant	Motif		PHQVT	216	221	1	5					
sequence	hmm	20261001_8fb675cb	XP_073256255.1	_		traf2_binding_variant	Motif		PEEAT	373	378	1	5					
sequence	hmm	20261001_8fb675cb	XP_073256255.1	_		traf2_binding_permissive	Motif		PCSEDRG	49	56	1	7					
sequence	hmm	20261001_8fb675cb	XP_073256255.1	_		traf2_binding_permissive	Motif		PSQIE	85	90	1	5					
sequence	hmm	20261001_8fb675cb	XP_073256255.1	_		traf2_binding_permissive	Motif		PCLEDSD	131	138	1	7					
sequence	hmm	20261001_8fb675cb	XP_073256255.1	_		traf2_binding_permissive	Motif		PHQVT	216	221	1	5					
sequence	hmm	20261001_8fb675cb	XP_073256255.1	_		traf2_binding_permissive	Motif		PAQLRS	288	294	1	6					
sequence	hmm	20261001_8fb675cb	XP_073256255.1	_		traf2_binding_permissive	Motif		PQDENNG	317	324	1	7					
sequence	hmm	20261001_8fb675cb	XP_073256255.1	_		traf2_binding_permissive	Motif		PEEAT	373	378	1	5					
sequence	hmm	20261001_8fb675cb	XP_073256256.1	_		traf6_binding_permissive	Motif		PSQIEL	82	88	1	6					
sequence	hmm	20261001_8fb675cb	XP_073256256.1	_		traf6_binding_permissive	Motif		PHQVTV	213	219	1	6					
sequence	hmm	20261001_8fb675cb	XP_073256256.1	_		traf2_binding_strict	Motif		PHQVT	213	218	1	5					
sequence	hmm	20261001_8fb675cb	XP_073256256.1	_		traf2_binding_strict	Motif		PEEAT	370	375	1	5					
sequence	hmm	20261001_8fb675cb	XP_073256256.1	_		traf2_binding_variant	Motif		PSQIE	82	87	1	5					
sequence	hmm	20261001_8fb675cb	XP_073256256.1	_		traf2_binding_variant	Motif		PHQVT	213	218	1	5					
sequence	hmm	20261001_8fb675cb	XP_073256256.1	_		traf2_binding_variant	Motif		PEEAT	370	375	1	5					
sequence	hmm	20261001_8fb675cb	XP_073256256.1	_		traf2_binding_permissive	Motif		PCSEDRG	46	53	1	7					
sequence	hmm	20261001_8fb675cb	XP_073256256.1	_		traf2_binding_permissive	Motif		PSQIE	82	87	1	5					
sequence	hmm	20261001_8fb675cb	XP_073256256.1	_		traf2_binding_permissive	Motif		PCLEDSD	128	135	1	7					
sequence	hmm	20261001_8fb675cb	XP_073256256.1	_		traf2_binding_permissive	Motif		PHQVT	213	218	1	5					
sequence	hmm	20261001_8fb675cb	XP_073256256.1	_		traf2_binding_permissive	Motif		PAQLRS	285	291	1	6					
sequence	hmm	20261001_8fb675cb	XP_073256256.1	_		traf2_binding_permissive	Motif		PQDENNG	314	321	1	7					
sequence	hmm	20261001_8fb675cb	XP_073256256.1	_		traf2_binding_permissive	Motif		PEEAT	370	375	1	5					
sequence	hmm	20261001_8fb675cb	XP_073256257.1	_		traf6_binding_permissive	Motif		PSQIEL	85	91	1	6					
sequence	hmm	20261001_8fb675cb	XP_073256257.1	_		traf6_binding_permissive	Motif		PHQVTV	216	222	1	6					
sequence	hmm	20261001_8fb675cb	XP_073256257.1	_		traf2_binding_strict	Motif		PHQVT	216	221	1	5					
sequence	hmm	20261001_8fb675cb	XP_073256257.1	_		traf2_binding_strict	Motif		PEEAT	361	366	1	5					
sequence	hmm	20261001_8fb675cb	XP_073256257.1	_		traf2_binding_variant	Motif		PSQIE	85	90	1	5					
sequence	hmm	20261001_8fb675cb	XP_073256257.1	_		traf2_binding_variant	Motif		PHQVT	216	221	1	5					
sequence	hmm	20261001_8fb675cb	XP_073256257.1	_		traf2_binding_variant	Motif		PEEAT	361	366	1	5					
sequence	hmm	20261001_8fb675cb	XP_073256257.1	_		traf2_binding_permissive	Motif		PCSEDRG	49	56	1	7					
sequence	hmm	20261001_8fb675cb	XP_073256257.1	_		traf2_binding_permissive	Motif		PSQIE	85	90	1	5					
sequence	hmm	20261001_8fb675cb	XP_073256257.1	_		traf2_binding_permissive	Motif		PCLEDSD	131	138	1	7					
sequence	hmm	20261001_8fb675cb	XP_073256257.1	_		traf2_binding_permissive	Motif		PHQVT	216	221	1	5					
sequence	hmm	20261001_8fb675cb	XP_073256257.1	_		traf2_binding_permissive	Motif		PAQLRS	276	282	1	6					
sequence	hmm	20261001_8fb675cb	XP_073256257.1	_		traf2_binding_permissive	Motif		PQDENNG	305	312	1	7					
sequence	hmm	20261001_8fb675cb	XP_073256257.1	_		traf2_binding_permissive	Motif		PEEAT	361	366	1	5					
sequence	hmm	20261001_8fb675cb	XP_073256641.1	_		traf6_binding_permissive	Motif		PEEKGI	265	271	1	6					
sequence	hmm	20261001_8fb675cb	XP_073256641.1	_		traf2_binding_strict	Motif		PEEAT	347	352	1	5					
sequence	hmm	20261001_8fb675cb	XP_073256641.1	_		traf2_binding_variant	Motif		PPNKE	203	208	1	5					
sequence	hmm	20261001_8fb675cb	XP_073256641.1	_		traf2_binding_variant	Motif		PEEKG	265	270	1	5					
sequence	hmm	20261001_8fb675cb	XP_073256641.1	_		traf2_binding_variant	Motif		PEEAT	347	352	1	5					
sequence	hmm	20261001_8fb675cb	XP_073256641.1	_		traf2_binding_permissive	Motif		PLQIIS	8	14	1	6					
sequence	hmm	20261001_8fb675cb	XP_073256641.1	_		traf2_binding_permissive	Motif		PCSECS	72	78	1	6					
sequence	hmm	20261001_8fb675cb	XP_073256641.1	_		traf2_binding_permissive	Motif		PTVNATS	185	192	1	7					
sequence	hmm	20261001_8fb675cb	XP_073256641.1	_		traf2_binding_permissive	Motif		PPNKEE	203	209	1	6					
sequence	hmm	20261001_8fb675cb	XP_073256641.1	_		traf2_binding_permissive	Motif		PPEEKG	264	270	1	6					
sequence	hmm	20261001_8fb675cb	XP_073256641.1	_		traf2_binding_permissive	Motif		PEEAT	347	352	1	5					
sequence	hmm	20261001_8fb675cb	XP_073256642.1	_		traf6_binding_permissive	Motif		PEEKGI	204	210	1	6					
sequence	hmm	20261001_8fb675cb	XP_073256642.1	_		traf2_binding_strict	Motif		PEEAT	286	291	1	5					
sequence	hmm	20261001_8fb675cb	XP_073256642.1	_		traf2_binding_variant	Motif		PPNKE	142	147	1	5					
sequence	hmm	20261001_8fb675cb	XP_073256642.1	_		traf2_binding_variant	Motif		PEEKG	204	209	1	5					
sequence	hmm	20261001_8fb675cb	XP_073256642.1	_		traf2_binding_variant	Motif		PEEAT	286	291	1	5					
sequence	hmm	20261001_8fb675cb	XP_073256642.1	_		traf2_binding_permissive	Motif		PCSECS	11	17	1	6					
sequence	hmm	20261001_8fb675cb	XP_073256642.1	_		traf2_binding_permissive	Motif		PTVNATS	124	131	1	7					
sequence	hmm	20261001_8fb675cb	XP_073256642.1	_		traf2_binding_permissive	Motif		PPNKEE	142	148	1	6					
sequence	hmm	20261001_8fb675cb	XP_073256642.1	_		traf2_binding_permissive	Motif		PPEEKG	203	209	1	6					
sequence	hmm	20261001_8fb675cb	XP_073256642.1	_		traf2_binding_permissive	Motif		PEEAT	286	291	1	5					
126
sequence	hmm	20261001_5ba7356b	NP_000034.1	_		traf6_binding_permissive	Motif		PCQEGK	83	89	1	6					
sequence	hmm	20261001_5ba7356b	NP_000034.1	_		traf2_binding_variant	Motif		PCQEG	83	88	1	5					
sequence	hmm	20261001_5ba7356b	NP_000034.1	_		traf2_binding_permissive	Motif		PPGERKA	63	70	1	7					
sequence	hmm	20261001_5ba7356b	NP_000034.1	_		traf2_binding_permissive	Motif		PCQEGKE	83	90	1	7					
sequence	hmm	20261001_5ba7356b	NP_000034.1	_		traf2_binding_permissive	Motif		PTLNPET	212	219	1	7					
sequence	hmm	20261001_5ba7356b	NP_001056.1	_		traf6_binding_permissive	Motif		PGQDTD	74	80	1	6					
sequence	hmm	20261001_5ba7356b	NP_001056.1	_		traf6_binding_permissive	Motif		PYQGAD	316	322	1	6					
sequence	hmm	20261001_5ba7356b	NP_001056.1	_		traf6_binding_permissive	Motif		PLQKWE	336	342	1	6					
sequence	hmm	20261001_5ba7356b	NP_001056.1	_		traf2_binding_strict	Motif		PGQDT	74	79	1	5					
sequence	hmm	20261001_5ba7356b	NP_001056.1	_		traf2_binding_variant	Motif		PQNNS	51	56	1	5					
sequence	hmm	20261001_5ba7356b	NP_001056.1	_		traf2_binding_variant	Motif		PGQDT	74	79	1	5					
sequence	hmm	20261001_5ba7356b	NP_001056.1	_		traf2_binding_variant	Motif		PYQGA	316	321	1	5					
sequence	hmm	20261001_5ba7356b	NP_001056.1	_		traf2_binding_permissive	Motif		PQNNS	51	56	1	5					
sequence	hmm	20261001_5ba7356b	NP_001056.1	_		traf2_binding_permissive	Motif		PGQDTD	74	80	1	6					
sequence	hmm	20261001_5ba7356b	NP_001056.1	_		traf2_binding_permissive	Motif		PEKEGE	252	258	1	6					
sequence	hmm	20261001_5ba7356b	NP_001056.1	_		traf2_binding_permissive	Motif		PRREVA	309	315	1	6					
sequence	hmm	20261001_5ba7356b	NP_001056.1	_		traf2_binding_permissive	Motif		PPYQGAD	315	322	1	7					
sequence	hmm	20261001_5ba7356b	NP_001056.1	_		traf2_binding_permissive	Motif		PLQKWE	336	342	1	6					
sequence	hmm	20261001_5ba7356b	NP_001056.1	_		traf2_binding_permissive	Motif		PRREAT	411	417	1	6					
sequence	hmm	20261001_5ba7356b	NP_001057.1	_		traf6_binding_permissive	Motif		PAQVAF	23	29	1	6					
sequence	hmm	20261001_5ba7356b	NP_001057.1	_		traf6_binding_permissive	Motif		PGQHAK	58	64	1	6					
sequence	hmm	20261001_5ba7356b	NP_001057.1	_		traf6_binding_permissive	Motif		PEQQHL	313	319	1	6					
sequence	hmm	20261001_5ba7356b	NP_001057.1	_		traf6_binding_permissive	Motif		PSESPK	411	417	1	6					
sequence	hmm	20261001_5ba7356b	NP_001057.1	_		traf2_binding_strict	Motif		PAEGS	249	254	1	5					
sequence	hmm	20261001_5ba7356b	NP_001057.1	_		traf2_binding_variant	Motif		PAQVA	23	28	1	5					
sequence	hmm	20261001_5ba7356b	NP_001057.1	_		traf2_binding_variant	Motif		PGQHA	58	63	1	5					
sequence	hmm	20261001_5ba7356b	NP_001057.1	_		traf2_binding_variant	Motif		PGNAS	190	195	1	5					
sequence	hmm	20261001_5ba7356b	NP_001057.1	_		traf2_binding_variant	Motif		PAEGS	249	254	1	5					
sequence	hmm	20261001_5ba7356b	NP_001057.1	_		traf2_binding_permissive	Motif		PAQVA	23	28	1	5					
sequence	hmm	20261001_5ba7356b	NP_001057.1	_		traf2_binding_permissive	Motif		PGQHA	58	63	1	5					
sequence	hmm	20261001_5ba7356b	NP_001057.1	_		traf2_binding_permissive	Motif		PGTETSD	151	158	1	7					
sequence	hmm	20261001_5ba7356b	NP_001057.1	_		traf2_binding_permissive	Motif		PGNAS	190	195	1	5					
sequence	hmm	20261001_5ba7356b	NP_001057.1	_		traf2_binding_permissive	Motif		PTPEPST	228	235	1	7					
sequence	hmm	20261001_5ba7356b	NP_001057.1	_		traf2_binding_permissive	Motif		PPAEGST	248	255	1	7					
sequence	hmm	20261001_5ba7356b	NP_001057.1	_		traf2_binding_permissive	Motif		PGVEASG	350	357	1	7					
sequence	hmm	20261001_5ba7356b	NP_001186616.2	_		traf6_binding_strict	Motif		PIECTE	250	256	1	6					
sequence	hmm	20261001_5ba7356b	NP_001186616.2	_		traf6_binding_permissive	Motif		PQEATL	133	139	1	6					
sequence	hmm	20261001_5ba7356b	NP_001186616.2	_		traf6_binding_permissive	Motif		PTQESF	228	234	1	6					
sequence	hmm	20261001_5ba7356b	NP_001186616.2	_		traf6_binding_permissive	Motif		PIECTE	250	256	1	6					
sequence	hmm	20261001_5ba7356b	NP_001186616.2	_		traf2_binding_strict	Motif		PQEAT	133	138	1	5					
sequence	hmm	20261001_5ba7356b	NP_001186616.2	_		traf2_binding_strict	Motif		PTQES	228	233	1	5					
sequence	hmm	20261001_5ba7356b	NP_001186616.2	_		traf2_binding_strict	Motif		PIECT	250	255	1	5					
sequence	hmm	20261001_5ba7356b	NP_001186616.2	_		traf2_binding_variant	Motif		PPQEA	132	137	1	5					
sequence	hmm	20261001_5ba7356b	NP_001186616.2	_		traf2_binding_variant	Motif		PTQES	228	233	1	5					
sequence	hmm	20261001_5ba7356b	NP_001186616.2	_		traf2_binding_variant	Motif		PIECT	250	255	1	5					
sequence	hmm	20261001_5ba7356b	NP_001186616.2	_		traf2_binding_permissive	Motif		PGQELS	22	28	1	6					
sequence	hmm	20261001_5ba7356b	NP_001186616.2	_		traf2_binding_permissive	Motif		PPQEAT	132	138	1	6					
sequence	hmm	20261001_5ba7356b	NP_001186616.2	_		traf2_binding_permissive	Motif		PSKETSA	193	200	1	7					
sequence	hmm	20261001_5ba7356b	NP_001186616.2	_		traf2_binding_permissive	Motif		PILEDD	215	221	1	6					
sequence	hmm	20261001_5ba7356b	NP_001186616.2	_		traf2_binding_permissive	Motif		PTQESFT	228	235	1	7					
sequence	hmm	20261001_5ba7356b	NP_001186616.2	_		traf2_binding_permissive	Motif		PIECTE	250	256	1	6					
sequence	hmm	20261001_5ba7356b	NP_001186616.2	_		traf2_binding_permissive	Motif		PFEVPS	290	296	1	6					
sequence	hmm	20261001_5ba7356b	NP_001229239.1	_		traf6_binding_strict	Motif		PIECTE	271	277	1	6					
sequence	hmm	20261001_5ba7356b	NP_001229239.1	_		traf6_binding_permissive	Motif		PQEATL	133	139	1	6					
sequence	hmm	20261001_5ba7356b	NP_001229239.1	_		traf6_binding_permissive	Motif		PTQESF	249	255	1	6					
sequence	hmm	20261001_5ba7356b	NP_001229239.1	_		traf6_binding_permissive	Motif		PIECTE	271	277	1	6					
sequence	hmm	20261001_5ba7356b	NP_001229239.1	_		traf2_binding_strict	Motif		PQEAT	133	138	1	5					
sequence	hmm	20261001_5ba7356b	NP_001229239.1	_		traf2_binding_strict	Motif		PTQES	249	254	1	5					
sequence	hmm	20261001_5ba7356b	NP_001229239.1	_		traf2_binding_strict	Motif		PIECT	271	276	1	5					
sequence	hmm	20261001_5ba7356b	NP_001229239.1	_		traf2_binding_variant	Motif		PPQEA	132	137	1	5					
sequence	hmm	20261001_5ba7356b	NP_001229239.1	_		traf2_binding_variant	Motif		PTQES	249	254	1	5					
sequence	hmm	20261001_5ba7356b	NP_001229239.1	_		traf2_binding_variant	Motif		PIECT	271	276	1	5					
sequence	hmm	20261001_5ba7356b	NP_001229239.1	_		traf2_binding_permissive	Motif		PGQELS	22	28	1	6					
sequence	hmm	20261001_5ba7356b	NP_001229239.1	_		traf2_binding_permissive	Motif		PPQEAT	132	138	1	6					
sequence	hmm	20261001_5ba7356b	NP_001229239.1	_		traf2_binding_permissive	Motif		PSKETSA	214	221	1	7					
sequence	hmm	20261001_5ba7356b	NP_001229239.1	_		traf2_binding_permissive	Motif		PILEDD	236	242	1	6					
sequence	hmm	20261001_5ba7356b	NP_001229239.1	_		traf2_binding_permissive	Motif		PTQESFT	249	256	1	7					
sequence	hmm	20261001_5ba7356b	NP_001229239.1	_		traf2_binding_permissive	Motif		PIECTE	271	277	1	6					
sequence	hmm	20261001_5ba7356b	NP_001229239.1	_		traf2_binding_permissive	Motif		PFEVPS	311	317	1	6					
sequence	hmm	20261001_5ba7356b	NP_001233.2	_		traf6_binding_strict	Motif		PVEPAE	224	230	1	6					
sequence	hmm	20261001_5ba7356b	NP_001233.2	_		traf6_binding_permissive	Motif		PPQRSL	178	184	1	6					
sequence	hmm	20261001_5ba7356b	NP_001233.2	_		traf6_binding_permissive	Motif		PVEPAE	224	230	1	6					
sequence	hmm	20261001_5ba7356b	NP_001233.2	_		traf6_binding_permissive	Motif		PIQEDY	245	251	1	6					
sequence	hmm	20261001_5ba7356b	NP_001233.2	_		traf2_binding_strict	Motif		PPQRS	178	183	1	5					
sequence	hmm	20261001_5ba7356b	NP_001233.2	_		traf2_binding_variant	Motif		PPQRS	178	183	1	5					
sequence	hmm	20261001_5ba7356b	NP_001233.2	_		traf2_binding_variant	Motif		PVEPA	224	229	1	5					
sequence	hmm	20261001_5ba7356b	NP_001233.2	_		traf2_binding_variant	Motif		PREEE	236	241	1	5					
sequence	hmm	20261001_5ba7356b	NP_001233.2	_		traf2_binding_variant	Motif		PIQED	245	250	1	5					
sequence	hmm	20261001_5ba7356b	NP_001233.2	_		traf2_binding_permissive	Motif		PLPNPS	121	127	1	6					
sequence	hmm	20261001_5ba7356b	NP_001233.2	_		traf2_binding_permissive	Motif		PHPQPT	137	143	1	6					
sequence	hmm	20261001_5ba7356b	NP_001233.2	_		traf2_binding_permissive	Motif		PPQRS	178	183	1	5					
sequence	hmm	20261001_5ba7356b	NP_001233.2	_		traf2_binding_permissive	Motif		PVEPAE	224	230	1	6					
sequence	hmm	20261001_5ba7356b	NP_001233.2	_		traf2_binding_permissive	Motif		PREEEGS	236	243	1	7					
sequence	hmm	20261001_5ba7356b	NP_001233.2	_		traf2_binding_permissive	Motif		PIQED	245	250	1	5					
sequence	hmm	20261001_5ba7356b	NP_001234.3	_		traf6_binding_permissive	Motif		PTQSLL	349	355	1	6					
sequence	hmm	20261001_5ba7356b	NP_001234.3	_		traf6_binding_permissive	Motif		PAEPEL	542	548	1	6					
sequence	hmm	20261001_5ba7356b	NP_001234.3	_		traf6_binding_permissive	Motif		PEQETE	560	566	1	6					
sequence	hmm	20261001_5ba7356b	NP_001234.3	_		traf2_binding_strict	Motif		PFEDT	23	28	1	5					
sequence	hmm	20261001_5ba7356b	NP_001234.3	_		traf2_binding_strict	Motif		PVQTS	424	429	1	5					
sequence	hmm	20261001_5ba7356b	NP_001234.3	_		traf2_binding_strict	Motif		PEQET	560	565	1	5					
sequence	hmm	20261001_5ba7356b	NP_001234.3	_		traf2_binding_variant	Motif		PFEDT	23	28	1	5					
sequence	hmm	20261001_5ba7356b	NP_001234.3	_		traf2_binding_variant	Motif		PENGE	338	343	1	5					
sequence	hmm	20261001_5ba7356b	NP_001234.3	_		traf2_binding_variant	Motif		PVQTS	424	429	1	5					
sequence	hmm	20261001_5ba7356b	NP_001234.3	_		traf2_binding_variant	Motif		PLQDA	483	488	1	5					
sequence	hmm	20261001_5ba7356b	NP_001234.3	_		traf2_binding_variant	Motif		PAEPE	542	547	1	5					
sequence	hmm	20261001_5ba7356b	NP_001234.3	_		traf2_binding_variant	Motif		PEQET	560	565	1	5					
sequence	hmm	20261001_5ba7356b	NP_001234.3	_		traf2_binding_permissive	Motif		PFEDT	23	28	1	5					
sequence	hmm	20261001_5ba7356b	NP_001234.3	_		traf2_binding_permissive	Motif		PENCKE	162	168	1	6					
sequence	hmm	20261001_5ba7356b	NP_001234.3	_		traf2_binding_permissive	Motif		PCPEGSG	231	238	1	7					
sequence	hmm	20261001_5ba7356b	NP_001234.3	_		traf2_binding_permissive	Motif		PDCNPT	332	338	1	6					
sequence	hmm	20261001_5ba7356b	NP_001234.3	_		traf2_binding_permissive	Motif		PENGEA	338	344	1	6					
sequence	hmm	20261001_5ba7356b	NP_001234.3	_		traf2_binding_permissive	Motif		PVQTS	424	429	1	5					
sequence	hmm	20261001_5ba7356b	NP_001234.3	_		traf2_binding_permissive	Motif		PKLELVD	430	437	1	7					
sequence	hmm	20261001_5ba7356b	NP_001234.3	_		traf2_binding_permissive	Motif		PVAEERG	455	462	1	7					
sequence	hmm	20261001_5ba7356b	NP_001234.3	_		traf2_binding_permissive	Motif		PLQDAS	483	489	1	6					
sequence	hmm	20261001_5ba7356b	NP_001234.3	_		traf2_binding_permissive	Motif		PAEPE	542	547	1	5					
sequence	hmm	20261001_5ba7356b	NP_001234.3	_		traf2_binding_permissive	Motif		PEQETE	560	566	1	6					
sequence	hmm	20261001_5ba7356b	NP_001241.1	_		traf6_binding_strict	Motif		PQEINF	232	238	1	6					
sequence	hmm	20261001_5ba7356b	NP_001241.1	_		traf6_binding_permissive	Motif		PLQCVL	4	10	1	6					
sequence	hmm	20261001_5ba7356b	NP_001241.1	_		traf6_binding_permissive	Motif		PGQKLV	42	48	1	6					
sequence	hmm	20261001_5ba7356b	NP_001241.1	_		traf6_binding_permissive	Motif		PQEINF	232	238	1	6					
sequence	hmm	20261001_5ba7356b	NP_001241.1	_		traf6_binding_permissive	Motif		PVQETL	249	255	1	6					
sequence	hmm	20261001_5ba7356b	NP_001241.1	_		traf2_binding_strict	Motif		PVQET	249	254	1	5					
sequence	hmm	20261001_5ba7356b	NP_001241.1	_		traf2_binding_variant	Motif		PTNKA	221	226	1	5					
sequence	hmm	20261001_5ba7356b	NP_001241.1	_		traf2_binding_variant	Motif		PVQET	249	254	1	5					
sequence	hmm	20261001_5ba7356b	NP_001241.1	_		traf2_binding_permissive	Motif		PCGESE	60	66	1	6					
sequence	hmm	20261001_5ba7356b	NP_001241.1	_		traf2_binding_permissive	Motif		PTNKA	221	226	1	5					
sequence	hmm	20261001_5ba7356b	NP_001241.1	_		traf2_binding_permissive	Motif		PKQEPQE	228	235	1	7					
sequence	hmm	20261001_5ba7356b	NP_001241.1	_		traf2_binding_permissive	Motif		PGSNTAA	242	249	1	7					
sequence	hmm	20261001_5ba7356b	NP_001241.1	_		traf2_binding_permissive	Motif		PVQET	249	254	1	5					
sequence	hmm	20261001_5ba7356b	NP_001241.1	_		traf2_binding_permissive	Motif		PVTQEDG	259	266	1	7					
sequence	hmm	20261001_5ba7356b	NP_001257878.1	_		traf6_binding_strict	Motif		PDEYLD	72	78	1	6					
sequence	hmm	20261001_5ba7356b	NP_001257878.1	_		traf6_binding_permissive	Motif		PDEYLD	72	78	1	6					
sequence	hmm	20261001_5ba7356b	NP_001257878.1	_		traf6_binding_permissive	Motif		PLQLNK	141	147	1	6					
sequence	hmm	20261001_5ba7356b	NP_001257878.1	_		traf6_binding_permissive	Motif		PNEPHV	203	209	1	6					
sequence	hmm	20261001_5ba7356b	NP_001257878.1	_		traf2_binding_permissive	Motif		PDEYLD	72	78	1	6					
sequence	hmm	20261001_5ba7356b	NP_001257878.1	_		traf2_binding_permissive	Motif		PWTNCT	170	176	1	6					
sequence	hmm	20261001_5ba7356b	NP_001257879.1	_		traf6_binding_strict	Motif		PDEYLD	72	78	1	6					
sequence	hmm	20261001_5ba7356b	NP_001257879.1	_		traf6_binding_permissive	Motif		PDEYLD	72	78	1	6					
sequence	hmm	20261001_5ba7356b	NP_001257879.1	_		traf6_binding_permissive	Motif		PLQLNK	141	147	1	6					
sequence	hmm	20261001_5ba7356b	NP_001257879.1	_		traf6_binding_permissive	Motif		PNEPHV	203	209	1	6					
sequence	hmm	20261001_5ba7356b	NP_001257879.1	_		traf2_binding_variant	Motif		PVQEE	289	294	1	5					
sequence	hmm	20261001_5ba7356b	NP_001257879.1	_		traf2_binding_permissive	Motif		PDEYLD	72	78	1	6					
sequence	hmm	20261001_5ba7356b	NP_001257879.1	_		traf2_binding_permissive	Motif		PWTNCT	170	176	1	6					
sequence	hmm	20261001_5ba7356b	NP_001257879.1	_		traf2_binding_permissive	Motif		PVQEET	289	295	1	6					
sequence	hmm	20261001_5ba7356b	NP_001257879.1	_		traf2_binding_permissive	Motif		PVQEQGG	327	334	1	7					
sequence	hmm	20261001_5ba7356b	NP_001257880.1	_		traf6_binding_strict	Motif		PDEYLD	72	78	1	6					
sequence	hmm	20261001_5ba7356b	NP_001257880.1	_		traf6_binding_permissive	Motif		PDEYLD	72	78	1	6					
sequence	hmm	20261001_5ba7356b	NP_001257880.1	_		traf6_binding_permissive	Motif		PLQLNK	141	147	1	6					
sequence	hmm	20261001_5ba7356b	NP_001257880.1	_		traf2_binding_variant	Motif		PVQEE	251	256	1	5					
sequence	hmm	20261001_5ba7356b	NP_001257880.1	_		traf2_binding_permissive	Motif		PDEYLD	72	78	1	6					
sequence	hmm	20261001_5ba7356b	NP_001257880.1	_		traf2_binding_permissive	Motif		PWTNCT	170	176	1	6					
sequence	hmm	20261001_5ba7356b	NP_001257880.1	_		traf2_binding_permissive	Motif		PNGNVTG	203	210	1	7					
sequence	hmm	20261001_5ba7356b	NP_001257880.1	_		traf2_binding_permissive	Motif		PVQEET	251	257	1	6					
sequence	hmm	20261001_5ba7356b	NP_001257880.1	_		traf2_binding_permissive	Motif		PVQEQGG	289	296	1	7					
sequence	hmm	20261001_5ba7356b	NP_001257916.1	_		traf2_binding_strict	Motif		PPEMS	198	203	1	5					
sequence	hmm	20261001_5ba7356b	NP_001257916.1	_		traf2_binding_strict	Motif		PQQQS	299	304	1	5					
sequence	hmm	20261001_5ba7356b	NP_001257916.1	_		traf2_binding_strict	Motif		PGEQS	315	320	1	5					
sequence	hmm	20261001_5ba7356b	NP_001257916.1	_		traf2_binding_variant	Motif		PPEMS	198	203	1	5					
sequence	hmm	20261001_5ba7356b	NP_001257916.1	_		traf2_binding_variant	Motif		PQQQS	299	304	1	5					
sequence	hmm	20261001_5ba7356b	NP_001257916.1	_		traf2_binding_variant	Motif		PGEQS	315	320	1	5					
sequence	hmm	20261001_5ba7356b	NP_001257916.1	_		traf2_binding_variant	Motif		PEEGD	369	374	1	5					
sequence	hmm	20261001_5ba7356b	NP_001257916.1	_		traf2_binding_variant	Motif		PHQED	382	387	1	5					
sequence	hmm	20261001_5ba7356b	NP_001257916.1	_		traf2_binding_variant	Motif		PSNRG	402	407	1	5					
sequence	hmm	20261001_5ba7356b	NP_001257916.1	_		traf2_binding_permissive	Motif		PGTEAE	130	136	1	6					
sequence	hmm	20261001_5ba7356b	NP_001257916.1	_		traf2_binding_permissive	Motif		PPEMSG	198	204	1	6					
sequence	hmm	20261001_5ba7356b	NP_001257916.1	_		traf2_binding_permissive	Motif		PVLEAG	292	298	1	6					
sequence	hmm	20261001_5ba7356b	NP_001257916.1	_		traf2_binding_permissive	Motif		PQQQS	299	304	1	5					
sequence	hmm	20261001_5ba7356b	NP_001257916.1	_		traf2_binding_permissive	Motif		PQLEPGE	311	318	1	7					
sequence	hmm	20261001_5ba7356b	NP_001257916.1	_		traf2_binding_permissive	Motif		PIPEEGD	367	374	1	7					
sequence	hmm	20261001_5ba7356b	NP_001257916.1	_		traf2_binding_permissive	Motif		PHQEDG	382	388	1	6					
sequence	hmm	20261001_5ba7356b	NP_001257916.1	_		traf2_binding_permissive	Motif		PSNRG	402	407	1	5					
sequence	hmm	20261001_5ba7356b	NP_001257916.1	_		traf2_binding_permissive	Motif		PRNQFIT	407	414	1	7					
sequence	hmm	20261001_5ba7356b	NP_001289682.1	_		traf6_binding_permissive	Motif		PLQCVL	4	10	1	6					
sequence	hmm	20261001_5ba7356b	NP_001289682.1	_		traf6_binding_permissive	Motif		PGQKLV	42	48	1	6					
sequence	hmm	20261001_5ba7356b	NP_001289682.1	_		traf2_binding_permissive	Motif		PCGESE	60	66	1	6					
sequence	hmm	20261001_5ba7356b	NP_001289682.1	_		traf2_binding_permissive	Motif		PGESLG	193	199	1	6					
sequence	hmm	20261001_5ba7356b	NP_001307548.1	_		traf6_binding_permissive	Motif		PCQEGK	83	89	1	6					
sequence	hmm	20261001_5ba7356b	NP_001307548.1	_		traf2_binding_variant	Motif		PCQEG	83	88	1	5					
sequence	hmm	20261001_5ba7356b	NP_001307548.1	_		traf2_binding_permissive	Motif		PPGERKA	63	70	1	7					
sequence	hmm	20261001_5ba7356b	NP_001307548.1	_		traf2_binding_permissive	Motif		PCQEGKE	83	90	1	7					
sequence	hmm	20261001_5ba7356b	NP_001309350.1	_		traf6_binding_strict	Motif		PQEINF	236	242	1	6					
sequence	hmm	20261001_5ba7356b	NP_001309350.1	_		traf6_binding_permissive	Motif		PLQCVL	4	10	1	6					
sequence	hmm	20261001_5ba7356b	NP_001309350.1	_		traf6_binding_permissive	Motif		PGQKLV	42	48	1	6					
sequence	hmm	20261001_5ba7356b	NP_001309350.1	_		traf6_binding_permissive	Motif		PQEINF	236	242	1	6					
sequence	hmm	20261001_5ba7356b	NP_001309350.1	_		traf6_binding_permissive	Motif		PVQETL	253	259	1	6					
sequence	hmm	20261001_5ba7356b	NP_001309350.1	_		traf2_binding_strict	Motif		PVQET	253	258	1	5					
sequence	hmm	20261001_5ba7356b	NP_001309350.1	_		traf2_binding_variant	Motif		PTNKA	225	230	1	5					
sequence	hmm	20261001_5ba7356b	NP_001309350.1	_		traf2_binding_variant	Motif		PVQET	253	258	1	5					
sequence	hmm	20261001_5ba7356b	NP_001309350.1	_		traf2_binding_permissive	Motif		PCGESE	60	66	1	6					
sequence	hmm	20261001_5ba7356b	NP_001309350.1	_		traf2_binding_permissive	Motif		PTNKA	225	230	1	5					
sequence	hmm	20261001_5ba7356b	NP_001309350.1	_		traf2_binding_permissive	Motif		PKQEPQE	232	239	1	7					
sequence	hmm	20261001_5ba7356b	NP_001309350.1	_		traf2_binding_permissive	Motif		PGSNTAA	246	253	1	7					
sequence	hmm	20261001_5ba7356b	NP_001309350.1	_		traf2_binding_permissive	Motif		PVQET	253	258	1	5					
sequence	hmm	20261001_5ba7356b	NP_001309350.1	_		traf2_binding_permissive	Motif		PVTQEDG	263	270	1	7					
sequence	hmm	20261001_5ba7356b	NP_001309351.1	_		traf6_binding_strict	Motif		PQEINF	180	186	1	6					
sequence	hmm	20261001_5ba7356b	NP_001309351.1	_		traf6_binding_permissive	Motif		PLQCVL	4	10	1	6					
sequence	hmm	20261001_5ba7356b	NP_001309351.1	_		traf6_binding_permissive	Motif		PGQKLV	42	48	1	6					
sequence	hmm	20261001_5ba7356b	NP_001309351.1	_		traf6_binding_permissive	Motif		PQEINF	180	186	1	6					
sequence	hmm	20261001_5ba7356b	NP_001309351.1	_		traf6_binding_permissive	Motif		PVQETL	197	203	1	6					
sequence	hmm	20261001_5ba7356b	NP_001309351.1	_		traf2_binding_strict	Motif		PVQET	197	202	1	5					
sequence	hmm	20261001_5ba7356b	NP_001309351.1	_		traf2_binding_variant	Motif		PTNKA	169	174	1	5					
sequence	hmm	20261001_5ba7356b	NP_001309351.1	_		traf2_binding_variant	Motif		PVQET	197	202	1	5					
sequence	hmm	20261001_5ba7356b	NP_001309351.1	_		traf2_binding_permissive	Motif		PCGESE	60	66	1	6					
sequence	hmm	20261001_5ba7356b	NP_001309351.1	_		traf2_binding_permissive	Motif		PTNKA	169	174	1	5					
sequence	hmm	20261001_5ba7356b	NP_001309351.1	_		traf2_binding_permissive	Motif		PKQEPQE	176	183	1	7					
sequence	hmm	20261001_5ba7356b	NP_001309351.1	_		traf2_binding_permissive	Motif		PGSNTAA	190	197	1	7					
sequence	hmm	20261001_5ba7356b	NP_001309351.1	_		traf2_binding_permissive	Motif		PVQET	197	202	1	5					
sequence	hmm	20261001_5ba7356b	NP_001309351.1	_		traf2_binding_permissive	Motif		PVTQEDG	207	214	1	7					
sequence	hmm	20261001_5ba7356b	NP_001311135.2	_		traf6_binding_strict	Motif		PIECTE	252	258	1	6					
sequence	hmm	20261001_5ba7356b	NP_001311135.2	_		traf6_binding_permissive	Motif		PQEATL	133	139	1	6					
sequence	hmm	20261001_5ba7356b	NP_001311135.2	_		traf6_binding_permissive	Motif		PTQESF	230	236	1	6					
sequence	hmm	20261001_5ba7356b	NP_001311135.2	_		traf6_binding_permissive	Motif		PIECTE	252	258	1	6					
sequence	hmm	20261001_5ba7356b	NP_001311135.2	_		traf2_binding_strict	Motif		PQEAT	133	138	1	5					
sequence	hmm	20261001_5ba7356b	NP_001311135.2	_		traf2_binding_strict	Motif		PTQES	230	235	1	5					
sequence	hmm	20261001_5ba7356b	NP_001311135.2	_		traf2_binding_strict	Motif		PIECT	252	257	1	5					
sequence	hmm	20261001_5ba7356b	NP_001311135.2	_		traf2_binding_variant	Motif		PPQEA	132	137	1	5					
sequence	hmm	20261001_5ba7356b	NP_001311135.2	_		traf2_binding_variant	Motif		PTQES	230	235	1	5					
sequence	hmm	20261001_5ba7356b	NP_001311135.2	_		traf2_binding_variant	Motif		PIECT	252	257	1	5					
sequence	hmm	20261001_5ba7356b	NP_001311135.2	_		traf2_binding_permissive	Motif		PGQELS	22	28	1	6					
sequence	hmm	20261001_5ba7356b	NP_001311135.2	_		traf2_binding_permissive	Motif		PPQEAT	132	138	1	6					
sequence	hmm	20261001_5ba7356b	NP_001311135.2	_		traf2_binding_permissive	Motif		PSKETSA	195	202	1	7					
sequence	hmm	20261001_5ba7356b	NP_001311135.2	_		traf2_binding_permissive	Motif		PILEDD	217	223	1	6					
sequence	hmm	20261001_5ba7356b	NP_001311135.2	_		traf2_binding_permissive	Motif		PTQESFT	230	237	1	7					
sequence	hmm	20261001_5ba7356b	NP_001311135.2	_		traf2_binding_permissive	Motif		PIECTE	252	258	1	6					
sequence	hmm	20261001_5ba7356b	NP_001311135.2	_		traf2_binding_permissive	Motif		PFEVPS	292	298	1	6					
sequence	hmm	20261001_5ba7356b	NP_001333020.1	_		traf6_binding_permissive	Motif		PYQGAD	208	214	1	6					
sequence	hmm	20261001_5ba7356b	NP_001333020.1	_		traf6_binding_permissive	Motif		PLQKWE	228	234	1	6					
sequence	hmm	20261001_5ba7356b	NP_001333020.1	_		traf2_binding_variant	Motif		PYQGA	208	213	1	5					
sequence	hmm	20261001_5ba7356b	NP_001333020.1	_		traf2_binding_permissive	Motif		PEKEGE	144	150	1	6					
sequence	hmm	20261001_5ba7356b	NP_001333020.1	_		traf2_binding_permissive	Motif		PRREVA	201	207	1	6					
sequence	hmm	20261001_5ba7356b	NP_001333020.1	_		traf2_binding_permissive	Motif		PPYQGAD	207	214	1	7					
sequence	hmm	20261001_5ba7356b	NP_001333020.1	_		traf2_binding_permissive	Motif		PLQKWE	228	234	1	6					
sequence	hmm	20261001_5ba7356b	NP_001333020.1	_		traf2_binding_permissive	Motif		PRREAT	303	309	1	6					
sequence	hmm	20261001_5ba7356b	NP_001349687.1	_		traf6_binding_permissive	Motif		PLQCVL	4	10	1	6					
sequence	hmm	20261001_5ba7356b	NP_001349687.1	_		traf6_binding_permissive	Motif		PGQKLV	42	48	1	6					
sequence	hmm	20261001_5ba7356b	NP_001349687.1	_		traf2_binding_permissive	Motif		PCGESE	60	66	1	6					
sequence	hmm	20261001_5ba7356b	NP_001397638.1	_		traf2_binding_variant	Motif		PIQEE	287	292	1	5					
sequence	hmm	20261001_5ba7356b	NP_001397638.1	_		traf2_binding_permissive	Motif		PGDNQA	134	140	1	6					
sequence	hmm	20261001_5ba7356b	NP_001397638.1	_		traf2_binding_permissive	Motif		PWTNCT	142	148	1	6					
sequence	hmm	20261001_5ba7356b	NP_001397638.1	_		traf2_binding_permissive	Motif		PASNSSD	156	163	1	7					
sequence	hmm	20261001_5ba7356b	NP_001397638.1	_		traf2_binding_permissive	Motif		PATQPQE	171	178	1	7					
sequence	hmm	20261001_5ba7356b	NP_001397638.1	_		traf2_binding_permissive	Motif		PVEVPG	205	211	1	6					
sequence	hmm	20261001_5ba7356b	NP_001397638.1	_		traf2_binding_permissive	Motif		PIQEEQA	287	294	1	7					
sequence	hmm	20261001_5ba7356b	NP_001397885.1	_		traf6_binding_permissive	Motif		PCQEGK	98	104	1	6					
sequence	hmm	20261001_5ba7356b	NP_001397885.1	_		traf2_binding_variant	Motif		PCQEG	98	103	1	5					
sequence	hmm	20261001_5ba7356b	NP_001397885.1	_		traf2_binding_permissive	Motif		PAGQAG	5	11	1	6					
sequence	hmm	20261001_5ba7356b	NP_001397885.1	_		traf2_binding_permissive	Motif		PPGERKA	78	85	1	7					
sequence	hmm	20261001_5ba7356b	NP_001397885.1	_		traf2_binding_permissive	Motif		PCQEGKE	98	105	1	7					
sequence	hmm	20261001_5ba7356b	NP_001397885.1	_		traf2_binding_permissive	Motif		PTLNPET	227	234	1	7					
sequence	hmm	20261001_5ba7356b	NP_001401232.1	_		traf2_binding_strict	Motif		PPEMS	217	222	1	5					
sequence	hmm	20261001_5ba7356b	NP_001401232.1	_		traf2_binding_strict	Motif		PQQQS	370	375	1	5					
sequence	hmm	20261001_5ba7356b	NP_001401232.1	_		traf2_binding_strict	Motif		PGEQS	386	391	1	5					
sequence	hmm	20261001_5ba7356b	NP_001401232.1	_		traf2_binding_variant	Motif		PPEMS	217	222	1	5					
sequence	hmm	20261001_5ba7356b	NP_001401232.1	_		traf2_binding_variant	Motif		PQQQS	370	375	1	5					
sequence	hmm	20261001_5ba7356b	NP_001401232.1	_		traf2_binding_variant	Motif		PGEQS	386	391	1	5					
sequence	hmm	20261001_5ba7356b	NP_001401232.1	_		traf2_binding_variant	Motif		PEEGD	440	445	1	5					
sequence	hmm	20261001_5ba7356b	NP_001401232.1	_		traf2_binding_variant	Motif		PHQED	453	458	1	5					
sequence	hmm	20261001_5ba7356b	NP_001401232.1	_		traf2_binding_variant	Motif		PSNRG	473	478	1	5					
sequence	hmm	20261001_5ba7356b	NP_001401232.1	_		traf2_binding_permissive	Motif		PGTEAE	149	155	1	6					
sequence	hmm	20261001_5ba7356b	NP_001401232.1	_		traf2_binding_permissive	Motif		PPEMSG	217	223	1	6					
sequence	hmm	20261001_5ba7356b	NP_001401232.1	_		traf2_binding_permissive	Motif		PAGEPT	297	303	1	6					
sequence	hmm	20261001_5ba7356b	NP_001401232.1	_		traf2_binding_permissive	Motif		PVLEAG	363	369	1	6					
sequence	hmm	20261001_5ba7356b	NP_001401232.1	_		traf2_binding_permissive	Motif		PQQQS	370	375	1	5					
sequence	hmm	20261001_5ba7356b	NP_001401232.1	_		traf2_binding_permissive	Motif		PQLEPGE	382	389	1	7					
sequence	hmm	20261001_5ba7356b	NP_001401232.1	_		traf2_binding_permissive	Motif		PIPEEGD	438	445	1	7					
sequence	hmm	20261001_5ba7356b	NP_001401232.1	_		traf2_binding_permissive	Motif		PHQEDG	453	459	1	6					
sequence	hmm	20261001_5ba7356b	NP_001401232.1	_		traf2_binding_permissive	Motif		PSNRG	473	478	1	5					
sequence	hmm	20261001_5ba7356b	NP_001401232.1	_		traf2_binding_permissive	Motif		PRNQFIT	478	485	1	7					
sequence	hmm	20261001_5ba7356b	NP_001401233.1	_		traf6_binding_strict	Motif		PGERQW	63	69	1	6					
sequence	hmm	20261001_5ba7356b	NP_001401233.1	_		traf6_binding_permissive	Motif		PGERQW	63	69	1	6					
sequence	hmm	20261001_5ba7356b	NP_001401233.1	_		traf2_binding_strict	Motif		PPEMS	244	249	1	5					
sequence	hmm	20261001_5ba7356b	NP_001401233.1	_		traf2_binding_strict	Motif		PQQQS	345	350	1	5					
sequence	hmm	20261001_5ba7356b	NP_001401233.1	_		traf2_binding_strict	Motif		PGEQS	361	366	1	5					
sequence	hmm	20261001_5ba7356b	NP_001401233.1	_		traf2_binding_variant	Motif		PPEMS	244	249	1	5					
sequence	hmm	20261001_5ba7356b	NP_001401233.1	_		traf2_binding_variant	Motif		PQQQS	345	350	1	5					
sequence	hmm	20261001_5ba7356b	NP_001401233.1	_		traf2_binding_variant	Motif		PGEQS	361	366	1	5					
sequence	hmm	20261001_5ba7356b	NP_001401233.1	_		traf2_binding_variant	Motif		PEEGD	415	420	1	5					
sequence	hmm	20261001_5ba7356b	NP_001401233.1	_		traf2_binding_variant	Motif		PHQED	428	433	1	5					
sequence	hmm	20261001_5ba7356b	NP_001401233.1	_		traf2_binding_variant	Motif		PSNRG	448	453	1	5					
sequence	hmm	20261001_5ba7356b	NP_001401233.1	_		traf2_binding_permissive	Motif		PQREGT	87	93	1	6					
sequence	hmm	20261001_5ba7356b	NP_001401233.1	_		traf2_binding_permissive	Motif		PGTEAE	176	182	1	6					
sequence	hmm	20261001_5ba7356b	NP_001401233.1	_		traf2_binding_permissive	Motif		PPEMSG	244	250	1	6					
sequence	hmm	20261001_5ba7356b	NP_001401233.1	_		traf2_binding_permissive	Motif		PVLEAG	338	344	1	6					
sequence	hmm	20261001_5ba7356b	NP_001401233.1	_		traf2_binding_permissive	Motif		PQQQS	345	350	1	5					
sequence	hmm	20261001_5ba7356b	NP_001401233.1	_		traf2_binding_permissive	Motif		PQLEPGE	357	364	1	7					
sequence	hmm	20261001_5ba7356b	NP_001401233.1	_		traf2_binding_permissive	Motif		PIPEEGD	413	420	1	7					
sequence	hmm	20261001_5ba7356b	NP_001401233.1	_		traf2_binding_permissive	Motif		PHQEDG	428	434	1	6					
sequence	hmm	20261001_5ba7356b	NP_001401233.1	_		traf2_binding_permissive	Motif		PSNRG	448	453	1	5					
sequence	hmm	20261001_5ba7356b	NP_001401233.1	_		traf2_binding_permissive	Motif		PRNQFIT	453	460	1	7					
sequence	hmm	20261001_5ba7356b	NP_001401234.1	_		traf2_binding_strict	Motif		PPEMS	237	242	1	5					
sequence	hmm	20261001_5ba7356b	NP_001401234.1	_		traf2_binding_strict	Motif		PQQQS	338	343	1	5					
sequence	hmm	20261001_5ba7356b	NP_001401234.1	_		traf2_binding_strict	Motif		PGEQS	354	359	1	5					
sequence	hmm	20261001_5ba7356b	NP_001401234.1	_		traf2_binding_variant	Motif		PPEMS	237	242	1	5					
sequence	hmm	20261001_5ba7356b	NP_001401234.1	_		traf2_binding_variant	Motif		PQQQS	338	343	1	5					
sequence	hmm	20261001_5ba7356b	NP_001401234.1	_		traf2_binding_variant	Motif		PGEQS	354	359	1	5					
sequence	hmm	20261001_5ba7356b	NP_001401234.1	_		traf2_binding_variant	Motif		PEEGD	408	413	1	5					
sequence	hmm	20261001_5ba7356b	NP_001401234.1	_		traf2_binding_variant	Motif		PHQED	421	426	1	5					
sequence	hmm	20261001_5ba7356b	NP_001401234.1	_		traf2_binding_variant	Motif		PSNRG	441	446	1	5					
sequence	hmm	20261001_5ba7356b	NP_001401234.1	_		traf2_binding_permissive	Motif		PGTEAE	149	155	1	6					
sequence	hmm	20261001_5ba7356b	NP_001401234.1	_		traf2_binding_permissive	Motif		PPEMSG	237	243	1	6					
sequence	hmm	20261001_5ba7356b	NP_001401234.1	_		traf2_binding_permissive	Motif		PVLEAG	331	337	1	6					
sequence	hmm	20261001_5ba7356b	NP_001401234.1	_		traf2_binding_permissive	Motif		PQQQS	338	343	1	5					
sequence	hmm	20261001_5ba7356b	NP_001401234.1	_		traf2_binding_permissive	Motif		PQLEPGE	350	357	1	7					
sequence	hmm	20261001_5ba7356b	NP_001401234.1	_		traf2_binding_permissive	Motif		PIPEEGD	406	413	1	7					
sequence	hmm	20261001_5ba7356b	NP_001401234.1	_		traf2_binding_permissive	Motif		PHQEDG	421	427	1	6					
sequence	hmm	20261001_5ba7356b	NP_001401234.1	_		traf2_binding_permissive	Motif		PSNRG	441	446	1	5					
sequence	hmm	20261001_5ba7356b	NP_001401234.1	_		traf2_binding_permissive	Motif		PRNQFIT	446	453	1	7					
sequence	hmm	20261001_5ba7356b	NP_001401235.1	_		traf2_binding_strict	Motif		PPEMS	231	236	1	5					
sequence	hmm	20261001_5ba7356b	NP_001401235.1	_		traf2_binding_strict	Motif		PQQQS	332	337	1	5					
sequence	hmm	20261001_5ba7356b	NP_001401235.1	_		traf2_binding_strict	Motif		PGEQS	348	353	1	5					
sequence	hmm	20261001_5ba7356b	NP_001401235.1	_		traf2_binding_variant	Motif		PPEMS	231	236	1	5					
sequence	hmm	20261001_5ba7356b	NP_001401235.1	_		traf2_binding_variant	Motif		PQQQS	332	337	1	5					
sequence	hmm	20261001_5ba7356b	NP_001401235.1	_		traf2_binding_variant	Motif		PGEQS	348	353	1	5					
sequence	hmm	20261001_5ba7356b	NP_001401235.1	_		traf2_binding_variant	Motif		PEEGD	402	407	1	5					
sequence	hmm	20261001_5ba7356b	NP_001401235.1	_		traf2_binding_variant	Motif		PHQED	415	420	1	5					
sequence	hmm	20261001_5ba7356b	NP_001401235.1	_		traf2_binding_variant	Motif		PSNRG	435	440	1	5					
sequence	hmm	20261001_5ba7356b	NP_001401235.1	_		traf2_binding_permissive	Motif		PGTEAE	149	155	1	6					
sequence	hmm	20261001_5ba7356b	NP_001401235.1	_		traf2_binding_permissive	Motif		PPEMSG	231	237	1	6					
sequence	hmm	20261001_5ba7356b	NP_001401235.1	_		traf2_binding_permissive	Motif		PVLEAG	325	331	1	6					
sequence	hmm	20261001_5ba7356b	NP_001401235.1	_		traf2_binding_permissive	Motif		PQQQS	332	337	1	5					
sequence	hmm	20261001_5ba7356b	NP_001401235.1	_		traf2_binding_permissive	Motif		PQLEPGE	344	351	1	7					
sequence	hmm	20261001_5ba7356b	NP_001401235.1	_		traf2_binding_permissive	Motif		PIPEEGD	400	407	1	7					
sequence	hmm	20261001_5ba7356b	NP_001401235.1	_		traf2_binding_permissive	Motif		PHQEDG	415	421	1	6					
sequence	hmm	20261001_5ba7356b	NP_001401235.1	_		traf2_binding_permissive	Motif		PSNRG	435	440	1	5					
sequence	hmm	20261001_5ba7356b	NP_001401235.1	_		traf2_binding_permissive	Motif		PRNQFIT	440	447	1	7					
sequence	hmm	20261001_5ba7356b	NP_001401236.1	_		traf2_binding_strict	Motif		PPEMS	217	222	1	5					
sequence	hmm	20261001_5ba7356b	NP_001401236.1	_		traf2_binding_strict	Motif		PQQQS	316	321	1	5					
sequence	hmm	20261001_5ba7356b	NP_001401236.1	_		traf2_binding_strict	Motif		PGEQS	332	337	1	5					
sequence	hmm	20261001_5ba7356b	NP_001401236.1	_		traf2_binding_variant	Motif		PPEMS	217	222	1	5					
sequence	hmm	20261001_5ba7356b	NP_001401236.1	_		traf2_binding_variant	Motif		PQQQS	316	321	1	5					
sequence	hmm	20261001_5ba7356b	NP_001401236.1	_		traf2_binding_variant	Motif		PGEQS	332	337	1	5					
sequence	hmm	20261001_5ba7356b	NP_001401236.1	_		traf2_binding_variant	Motif		PEEGD	386	391	1	5					
sequence	hmm	20261001_5ba7356b	NP_001401236.1	_		traf2_binding_variant	Motif		PHQED	399	404	1	5					
sequence	hmm	20261001_5ba7356b	NP_001401236.1	_		traf2_binding_variant	Motif		PSNRG	419	424	1	5					
sequence	hmm	20261001_5ba7356b	NP_001401236.1	_		traf2_binding_permissive	Motif		PGTEAE	149	155	1	6					
sequence	hmm	20261001_5ba7356b	NP_001401236.1	_		traf2_binding_permissive	Motif		PPEMSG	217	223	1	6					
sequence	hmm	20261001_5ba7356b	NP_001401236.1	_		traf2_binding_permissive	Motif		PVLEAG	309	315	1	6					
sequence	hmm	20261001_5ba7356b	NP_001401236.1	_		traf2_binding_permissive	Motif		PQQQS	316	321	1	5					
sequence	hmm	20261001_5ba7356b	NP_001401236.1	_		traf2_binding_permissive	Motif		PQLEPGE	328	335	1	7					
sequence	hmm	20261001_5ba7356b	NP_001401236.1	_		traf2_binding_permissive	Motif		PIPEEGD	384	391	1	7					
sequence	hmm	20261001_5ba7356b	NP_001401236.1	_		traf2_binding_permissive	Motif		PHQEDG	399	405	1	6					
sequence	hmm	20261001_5ba7356b	NP_001401236.1	_		traf2_binding_permissive	Motif		PSNRG	419	424	1	5					
sequence	hmm	20261001_5ba7356b	NP_001401236.1	_		traf2_binding_permissive	Motif		PRNQFIT	424	431	1	7					
sequence	hmm	20261001_5ba7356b	NP_001401237.1	_		traf2_binding_strict	Motif		PPEMS	212	217	1	5					
sequence	hmm	20261001_5ba7356b	NP_001401237.1	_		traf2_binding_strict	Motif		PQQQS	313	318	1	5					
sequence	hmm	20261001_5ba7356b	NP_001401237.1	_		traf2_binding_strict	Motif		PGEQS	329	334	1	5					
sequence	hmm	20261001_5ba7356b	NP_001401237.1	_		traf2_binding_variant	Motif		PPEMS	212	217	1	5					
sequence	hmm	20261001_5ba7356b	NP_001401237.1	_		traf2_binding_variant	Motif		PQQQS	313	318	1	5					
sequence	hmm	20261001_5ba7356b	NP_001401237.1	_		traf2_binding_variant	Motif		PGEQS	329	334	1	5					
sequence	hmm	20261001_5ba7356b	NP_001401237.1	_		traf2_binding_variant	Motif		PEEGD	383	388	1	5					
sequence	hmm	20261001_5ba7356b	NP_001401237.1	_		traf2_binding_variant	Motif		PHQED	396	401	1	5					
sequence	hmm	20261001_5ba7356b	NP_001401237.1	_		traf2_binding_variant	Motif		PSNRG	416	421	1	5					
sequence	hmm	20261001_5ba7356b	NP_001401237.1	_		traf2_binding_permissive	Motif		PGTEAE	144	150	1	6					
sequence	hmm	20261001_5ba7356b	NP_001401237.1	_		traf2_binding_permissive	Motif		PPEMSG	212	218	1	6					
sequence	hmm	20261001_5ba7356b	NP_001401237.1	_		traf2_binding_permissive	Motif		PVLEAG	306	312	1	6					
sequence	hmm	20261001_5ba7356b	NP_001401237.1	_		traf2_binding_permissive	Motif		PQQQS	313	318	1	5					
sequence	hmm	20261001_5ba7356b	NP_001401237.1	_		traf2_binding_permissive	Motif		PQLEPGE	325	332	1	7					
sequence	hmm	20261001_5ba7356b	NP_001401237.1	_		traf2_binding_permissive	Motif		PIPEEGD	381	388	1	7					
sequence	hmm	20261001_5ba7356b	NP_001401237.1	_		traf2_binding_permissive	Motif		PHQEDG	396	402	1	6					
sequence	hmm	20261001_5ba7356b	NP_001401237.1	_		traf2_binding_permissive	Motif		PSNRG	416	421	1	5					
sequence	hmm	20261001_5ba7356b	NP_001401237.1	_		traf2_binding_permissive	Motif		PRNQFIT	421	428	1	7					
sequence	hmm	20261001_5ba7356b	NP_001401238.1	_		traf2_binding_strict	Motif		PPEMS	196	201	1	5					
sequence	hmm	20261001_5ba7356b	NP_001401238.1	_		traf2_binding_strict	Motif		PQQQS	297	302	1	5					
sequence	hmm	20261001_5ba7356b	NP_001401238.1	_		traf2_binding_strict	Motif		PGEQS	313	318	1	5					
sequence	hmm	20261001_5ba7356b	NP_001401238.1	_		traf2_binding_variant	Motif		PPEMS	196	201	1	5					
sequence	hmm	20261001_5ba7356b	NP_001401238.1	_		traf2_binding_variant	Motif		PQQQS	297	302	1	5					
sequence	hmm	20261001_5ba7356b	NP_001401238.1	_		traf2_binding_variant	Motif		PGEQS	313	318	1	5					
sequence	hmm	20261001_5ba7356b	NP_001401238.1	_		traf2_binding_variant	Motif		PEEGD	367	372	1	5					
sequence	hmm	20261001_5ba7356b	NP_001401238.1	_		traf2_binding_variant	Motif		PHQED	380	385	1	5					
sequence	hmm	20261001_5ba7356b	NP_001401238.1	_		traf2_binding_variant	Motif		PSNRG	400	405	1	5					
sequence	hmm	20261001_5ba7356b	NP_001401238.1	_		traf2_binding_permissive	Motif		PGTEAE	130	136	1	6					
sequence	hmm	20261001_5ba7356b	NP_001401238.1	_		traf2_binding_permissive	Motif		PPEMSG	196	202	1	6					
sequence	hmm	20261001_5ba7356b	NP_001401238.1	_		traf2_binding_permissive	Motif		PVLEAG	290	296	1	6					
sequence	hmm	20261001_5ba7356b	NP_001401238.1	_		traf2_binding_permissive	Motif		PQQQS	297	302	1	5					
sequence	hmm	20261001_5ba7356b	NP_001401238.1	_		traf2_binding_permissive	Motif		PQLEPGE	309	316	1	7					
sequence	hmm	20261001_5ba7356b	NP_001401238.1	_		traf2_binding_permissive	Motif		PIPEEGD	365	372	1	7					
sequence	hmm	20261001_5ba7356b	NP_001401238.1	_		traf2_binding_permissive	Motif		PHQEDG	380	386	1	6					
sequence	hmm	20261001_5ba7356b	NP_001401238.1	_		traf2_binding_permissive	Motif		PSNRG	400	405	1	5					
sequence	hmm	20261001_5ba7356b	NP_001401238.1	_		traf2_binding_permissive	Motif		PRNQFIT	405	412	1	7					
sequence	hmm	20261001_5ba7356b	NP_001401239.1	_		traf2_binding_strict	Motif		PPEMS	217	222	1	5					
sequence	hmm	20261001_5ba7356b	NP_001401239.1	_		traf2_binding_strict	Motif		PQQQS	282	287	1	5					
sequence	hmm	20261001_5ba7356b	NP_001401239.1	_		traf2_binding_strict	Motif		PGEQS	298	303	1	5					
sequence	hmm	20261001_5ba7356b	NP_001401239.1	_		traf2_binding_variant	Motif		PPEMS	217	222	1	5					
sequence	hmm	20261001_5ba7356b	NP_001401239.1	_		traf2_binding_variant	Motif		PQQQS	282	287	1	5					
sequence	hmm	20261001_5ba7356b	NP_001401239.1	_		traf2_binding_variant	Motif		PGEQS	298	303	1	5					
sequence	hmm	20261001_5ba7356b	NP_001401239.1	_		traf2_binding_variant	Motif		PEEGD	352	357	1	5					
sequence	hmm	20261001_5ba7356b	NP_001401239.1	_		traf2_binding_variant	Motif		PHQED	365	370	1	5					
sequence	hmm	20261001_5ba7356b	NP_001401239.1	_		traf2_binding_variant	Motif		PSNRG	385	390	1	5					
sequence	hmm	20261001_5ba7356b	NP_001401239.1	_		traf2_binding_permissive	Motif		PGTEAE	149	155	1	6					
sequence	hmm	20261001_5ba7356b	NP_001401239.1	_		traf2_binding_permissive	Motif		PPEMSG	217	223	1	6					
sequence	hmm	20261001_5ba7356b	NP_001401239.1	_		traf2_binding_permissive	Motif		PVLEAG	275	281	1	6					
sequence	hmm	20261001_5ba7356b	NP_001401239.1	_		traf2_binding_permissive	Motif		PQQQS	282	287	1	5					
sequence	hmm	20261001_5ba7356b	NP_001401239.1	_		traf2_binding_permissive	Motif		PQLEPGE	294	301	1	7					
sequence	hmm	20261001_5ba7356b	NP_001401239.1	_		traf2_binding_permissive	Motif		PIPEEGD	350	357	1	7					
sequence	hmm	20261001_5ba7356b	NP_001401239.1	_		traf2_binding_permissive	Motif		PHQEDG	365	371	1	6					
sequence	hmm	20261001_5ba7356b	NP_001401239.1	_		traf2_binding_permissive	Motif		PSNRG	385	390	1	5					
sequence	hmm	20261001_5ba7356b	NP_001401239.1	_		traf2_binding_permissive	Motif		PRNQFIT	390	397	1	7					
sequence	hmm	20261001_5ba7356b	NP_001401240.1	_		traf2_binding_strict	Motif		PPEMS	217	222	1	5					
sequence	hmm	20261001_5ba7356b	NP_001401240.1	_		traf2_binding_variant	Motif		PPEMS	217	222	1	5					
sequence	hmm	20261001_5ba7356b	NP_001401240.1	_		traf2_binding_variant	Motif		PEEGD	303	308	1	5					
sequence	hmm	20261001_5ba7356b	NP_001401240.1	_		traf2_binding_variant	Motif		PHQED	316	321	1	5					
sequence	hmm	20261001_5ba7356b	NP_001401240.1	_		traf2_binding_variant	Motif		PSNRG	336	341	1	5					
sequence	hmm	20261001_5ba7356b	NP_001401240.1	_		traf2_binding_permissive	Motif		PGTEAE	149	155	1	6					
sequence	hmm	20261001_5ba7356b	NP_001401240.1	_		traf2_binding_permissive	Motif		PPEMSG	217	223	1	6					
sequence	hmm	20261001_5ba7356b	NP_001401240.1	_		traf2_binding_permissive	Motif		PIPEEGD	301	308	1	7					
sequence	hmm	20261001_5ba7356b	NP_001401240.1	_		traf2_binding_permissive	Motif		PHQEDG	316	322	1	6					
sequence	hmm	20261001_5ba7356b	NP_001401240.1	_		traf2_binding_permissive	Motif		PSNRG	336	341	1	5					
sequence	hmm	20261001_5ba7356b	NP_001401240.1	_		traf2_binding_permissive	Motif		PRNQFIT	341	348	1	7					
sequence	hmm	20261001_5ba7356b	NP_001401241.1	_		traf2_binding_strict	Motif		PPEMS	217	222	1	5					
sequence	hmm	20261001_5ba7356b	NP_001401241.1	_		traf2_binding_variant	Motif		PPEMS	217	222	1	5					
sequence	hmm	20261001_5ba7356b	NP_001401241.1	_		traf2_binding_permissive	Motif		PGTEAE	149	155	1	6					
sequence	hmm	20261001_5ba7356b	NP_001401241.1	_		traf2_binding_permissive	Motif		PPEMSG	217	223	1	6					
sequence	hmm	20261001_5ba7356b	NP_001411268.1	_		traf6_binding_strict	Motif		PQEINF	184	190	1	6					
sequence	hmm	20261001_5ba7356b	NP_001411268.1	_		traf6_binding_permissive	Motif		PLQCVL	4	10	1	6					
sequence	hmm	20261001_5ba7356b	NP_001411268.1	_		traf6_binding_permissive	Motif		PGQKLV	42	48	1	6					
sequence	hmm	20261001_5ba7356b	NP_001411268.1	_		traf6_binding_permissive	Motif		PQEINF	184	190	1	6					
sequence	hmm	20261001_5ba7356b	NP_001411268.1	_		traf6_binding_permissive	Motif		PVQETL	201	207	1	6					
sequence	hmm	20261001_5ba7356b	NP_001411268.1	_		traf2_binding_strict	Motif		PVQET	201	206	1	5					
sequence	hmm	20261001_5ba7356b	NP_001411268.1	_		traf2_binding_variant	Motif		PTNKA	173	178	1	5					
sequence	hmm	20261001_5ba7356b	NP_001411268.1	_		traf2_binding_variant	Motif		PVQET	201	206	1	5					
sequence	hmm	20261001_5ba7356b	NP_001411268.1	_		traf2_binding_permissive	Motif		PCGESE	60	66	1	6					
sequence	hmm	20261001_5ba7356b	NP_001411268.1	_		traf2_binding_permissive	Motif		PTNKA	173	178	1	5					
sequence	hmm	20261001_5ba7356b	NP_001411268.1	_		traf2_binding_permissive	Motif		PKQEPQE	180	187	1	7					
sequence	hmm	20261001_5ba7356b	NP_001411268.1	_		traf2_binding_permissive	Motif		PGSNTAA	194	201	1	7					
sequence	hmm	20261001_5ba7356b	NP_001411268.1	_		traf2_binding_permissive	Motif		PVQET	201	206	1	5					
sequence	hmm	20261001_5ba7356b	NP_001411268.1	_		traf2_binding_permissive	Motif		PVTQEDG	211	218	1	7					
sequence	hmm	20261001_5ba7356b	NP_001552.2	_		traf2_binding_strict	Motif		PVQTT	230	235	1	5					
sequence	hmm	20261001_5ba7356b	NP_001552.2	_		traf2_binding_variant	Motif		PVQTT	230	235	1	5					
sequence	hmm	20261001_5ba7356b	NP_001552.2	_		traf2_binding_variant	Motif		PEEEE	245	250	1	5					
sequence	hmm	20261001_5ba7356b	NP_001552.2	_		traf2_binding_permissive	Motif		PCSNCPA	26	33	1	7					
sequence	hmm	20261001_5ba7356b	NP_001552.2	_		traf2_binding_permissive	Motif		PPNSFS	48	54	1	6					
sequence	hmm	20261001_5ba7356b	NP_001552.2	_		traf2_binding_permissive	Motif		PWTNCS	134	140	1	6					
sequence	hmm	20261001_5ba7356b	NP_001552.2	_		traf2_binding_permissive	Motif		PAREPG	176	182	1	6					
sequence	hmm	20261001_5ba7356b	NP_001552.2	_		traf2_binding_permissive	Motif		PVQTT	230	235	1	5					
sequence	hmm	20261001_5ba7356b	NP_001552.2	_		traf2_binding_permissive	Motif		PEEEEGG	245	252	1	7					
sequence	hmm	20261001_5ba7356b	NP_002333.1	_		traf2_binding_strict	Motif		PPEMS	217	222	1	5					
sequence	hmm	20261001_5ba7356b	NP_002333.1	_		traf2_binding_strict	Motif		PQQQS	318	323	1	5					
sequence	hmm	20261001_5ba7356b	NP_002333.1	_		traf2_binding_strict	Motif		PGEQS	334	339	1	5					
sequence	hmm	20261001_5ba7356b	NP_002333.1	_		traf2_binding_variant	Motif		PPEMS	217	222	1	5					
sequence	hmm	20261001_5ba7356b	NP_002333.1	_		traf2_binding_variant	Motif		PQQQS	318	323	1	5					
sequence	hmm	20261001_5ba7356b	NP_002333.1	_		traf2_binding_variant	Motif		PGEQS	334	339	1	5					
sequence	hmm	20261001_5ba7356b	NP_002333.1	_		traf2_binding_variant	Motif		PEEGD	388	393	1	5					
sequence	hmm	20261001_5ba7356b	NP_002333.1	_		traf2_binding_variant	Motif		PHQED	401	406	1	5					
sequence	hmm	20261001_5ba7356b	NP_002333.1	_		traf2_binding_variant	Motif		PSNRG	421	426	1	5					
sequence	hmm	20261001_5ba7356b	NP_002333.1	_		traf2_binding_permissive	Motif		PGTEAE	149	155	1	6					
sequence	hmm	20261001_5ba7356b	NP_002333.1	_		traf2_binding_permissive	Motif		PPEMSG	217	223	1	6					
sequence	hmm	20261001_5ba7356b	NP_002333.1	_		traf2_binding_permissive	Motif		PVLEAG	311	317	1	6					
sequence	hmm	20261001_5ba7356b	NP_002333.1	_		traf2_binding_permissive	Motif		PQQQS	318	323	1	5					
sequence	hmm	20261001_5ba7356b	NP_002333.1	_		traf2_binding_permissive	Motif		PQLEPGE	330	337	1	7					
sequence	hmm	20261001_5ba7356b	NP_002333.1	_		traf2_binding_permissive	Motif		PIPEEGD	386	393	1	7					
sequence	hmm	20261001_5ba7356b	NP_002333.1	_		traf2_binding_permissive	Motif		PHQEDG	401	407	1	6					
sequence	hmm	20261001_5ba7356b	NP_002333.1	_		traf2_binding_permissive	Motif		PSNRG	421	426	1	5					
sequence	hmm	20261001_5ba7356b	NP_002333.1	_		traf2_binding_permissive	Motif		PRNQFIT	426	433	1	7					
sequence	hmm	20261001_5ba7356b	NP_002498.1	_		traf6_binding_strict	Motif		PPEGSD	200	206	1	6					
sequence	hmm	20261001_5ba7356b	NP_002498.1	_		traf6_binding_permissive	Motif		PPEGSD	200	206	1	6					
sequence	hmm	20261001_5ba7356b	NP_002498.1	_		traf6_binding_permissive	Motif		PPEQDL	217	223	1	6					
sequence	hmm	20261001_5ba7356b	NP_002498.1	_		traf6_binding_permissive	Motif		PPEGEK	294	300	1	6					
sequence	hmm	20261001_5ba7356b	NP_002498.1	_		traf2_binding_strict	Motif		PPEGS	200	205	1	5					
sequence	hmm	20261001_5ba7356b	NP_002498.1	_		traf2_binding_variant	Motif		PPEGS	200	205	1	5					
sequence	hmm	20261001_5ba7356b	NP_002498.1	_		traf2_binding_variant	Motif		PPEQD	217	222	1	5					
sequence	hmm	20261001_5ba7356b	NP_002498.1	_		traf2_binding_variant	Motif		PVNQT	288	293	1	5					
sequence	hmm	20261001_5ba7356b	NP_002498.1	_		traf2_binding_variant	Motif		PPEGE	294	299	1	5					
sequence	hmm	20261001_5ba7356b	NP_002498.1	_		traf2_binding_permissive	Motif		PCTECVG	84	91	1	7					
sequence	hmm	20261001_5ba7356b	NP_002498.1	_		traf2_binding_permissive	Motif		PCVEADD	97	104	1	7					
sequence	hmm	20261001_5ba7356b	NP_002498.1	_		traf2_binding_permissive	Motif		PPEGSD	200	206	1	6					
sequence	hmm	20261001_5ba7356b	NP_002498.1	_		traf2_binding_permissive	Motif		PSTQEPE	209	216	1	7					
sequence	hmm	20261001_5ba7356b	NP_002498.1	_		traf2_binding_permissive	Motif		PPEQD	217	222	1	5					
sequence	hmm	20261001_5ba7356b	NP_002498.1	_		traf2_binding_permissive	Motif		PVNQT	288	293	1	5					
sequence	hmm	20261001_5ba7356b	NP_002498.1	_		traf2_binding_permissive	Motif		PPPEGE	293	299	1	6					
sequence	hmm	20261001_5ba7356b	NP_002498.1	_		traf2_binding_permissive	Motif		PHTQTAS	318	325	1	7					
sequence	hmm	20261001_5ba7356b	NP_003318.1	_		traf2_binding_variant	Motif		PIQEE	261	266	1	5					
sequence	hmm	20261001_5ba7356b	NP_003318.1	_		traf2_binding_permissive	Motif		PGDNQA	134	140	1	6					
sequence	hmm	20261001_5ba7356b	NP_003318.1	_		traf2_binding_permissive	Motif		PWTNCT	142	148	1	6					
sequence	hmm	20261001_5ba7356b	NP_003318.1	_		traf2_binding_permissive	Motif		PASNSSD	156	163	1	7					
sequence	hmm	20261001_5ba7356b	NP_003318.1	_		traf2_binding_permissive	Motif		PATQPQE	171	178	1	7					
sequence	hmm	20261001_5ba7356b	NP_003318.1	_		traf2_binding_permissive	Motif		PVEVPG	205	211	1	6					
sequence	hmm	20261001_5ba7356b	NP_003318.1	_		traf2_binding_permissive	Motif		PIQEEQA	261	268	1	7					
sequence	hmm	20261001_5ba7356b	NP_003781.1	_		traf2_binding_permissive	Motif		PCTEPCG	59	66	1	7					
sequence	hmm	20261001_5ba7356b	NP_003781.1	_		traf2_binding_permissive	Motif		PETQEA	285	291	1	6					
sequence	hmm	20261001_5ba7356b	NP_003781.1	_		traf2_binding_permissive	Motif		PGPQLYD	330	337	1	7					
sequence	hmm	20261001_5ba7356b	NP_003814.1	_		traf2_binding_strict	Motif		PSQNT	143	148	1	5					
sequence	hmm	20261001_5ba7356b	NP_003814.1	_		traf2_binding_variant	Motif		PSQNT	143	148	1	5					
sequence	hmm	20261001_5ba7356b	NP_003814.1	_		traf2_binding_permissive	Motif		PSQNT	143	148	1	5					
sequence	hmm	20261001_5ba7356b	NP_003814.1	_		traf2_binding_permissive	Motif		PHRNCTA	169	176	1	7					
sequence	hmm	20261001_5ba7356b	NP_003814.1	_		traf2_binding_permissive	Motif		PGAEECE	205	212	1	7					
sequence	hmm	20261001_5ba7356b	NP_003814.1	_		traf2_binding_permissive	Motif		PGLERS	285	291	1	6					
sequence	hmm	20261001_5ba7356b	NP_003830.1	_		traf6_binding_strict	Motif		PDEYLD	72	78	1	6					
sequence	hmm	20261001_5ba7356b	NP_003830.1	_		traf6_binding_strict	Motif		PTEDEY	343	349	1	6					
sequence	hmm	20261001_5ba7356b	NP_003830.1	_		traf6_binding_strict	Motif		PLEVGE	376	382	1	6					
sequence	hmm	20261001_5ba7356b	NP_003830.1	_		traf6_binding_strict	Motif		PGEDCE	452	458	1	6					
sequence	hmm	20261001_5ba7356b	NP_003830.1	_		traf6_binding_permissive	Motif		PDEYLD	72	78	1	6					
sequence	hmm	20261001_5ba7356b	NP_003830.1	_		traf6_binding_permissive	Motif		PLQLNK	141	147	1	6					
sequence	hmm	20261001_5ba7356b	NP_003830.1	_		traf6_binding_permissive	Motif		PNEPHV	203	209	1	6					
sequence	hmm	20261001_5ba7356b	NP_003830.1	_		traf6_binding_permissive	Motif		PDQGGV	301	307	1	6					
sequence	hmm	20261001_5ba7356b	NP_003830.1	_		traf6_binding_permissive	Motif		PTEDEY	343	349	1	6					
sequence	hmm	20261001_5ba7356b	NP_003830.1	_		traf6_binding_permissive	Motif		PSQPTD	352	358	1	6					
sequence	hmm	20261001_5ba7356b	NP_003830.1	_		traf6_binding_permissive	Motif		PLEVGE	376	382	1	6					
sequence	hmm	20261001_5ba7356b	NP_003830.1	_		traf6_binding_permissive	Motif		PGEDCE	452	458	1	6					
sequence	hmm	20261001_5ba7356b	NP_003830.1	_		traf2_binding_strict	Motif		PSQPT	352	357	1	5					
sequence	hmm	20261001_5ba7356b	NP_003830.1	_		traf2_binding_variant	Motif		PDQGG	301	306	1	5					
sequence	hmm	20261001_5ba7356b	NP_003830.1	_		traf2_binding_variant	Motif		PTEDE	343	348	1	5					
sequence	hmm	20261001_5ba7356b	NP_003830.1	_		traf2_binding_variant	Motif		PSQPT	352	357	1	5					
sequence	hmm	20261001_5ba7356b	NP_003830.1	_		traf2_binding_variant	Motif		PLEVG	376	381	1	5					
sequence	hmm	20261001_5ba7356b	NP_003830.1	_		traf2_binding_variant	Motif		PPEEE	478	483	1	5					
sequence	hmm	20261001_5ba7356b	NP_003830.1	_		traf2_binding_variant	Motif		PVQEE	568	573	1	5					
sequence	hmm	20261001_5ba7356b	NP_003830.1	_		traf2_binding_permissive	Motif		PDEYLD	72	78	1	6					
sequence	hmm	20261001_5ba7356b	NP_003830.1	_		traf2_binding_permissive	Motif		PWTNCT	170	176	1	6					
sequence	hmm	20261001_5ba7356b	NP_003830.1	_		traf2_binding_permissive	Motif		PDQGG	301	306	1	5					
sequence	hmm	20261001_5ba7356b	NP_003830.1	_		traf2_binding_permissive	Motif		PYAQGED	316	323	1	7					
sequence	hmm	20261001_5ba7356b	NP_003830.1	_		traf2_binding_permissive	Motif		PTEDE	343	348	1	5					
sequence	hmm	20261001_5ba7356b	NP_003830.1	_		traf2_binding_permissive	Motif		PSQPTD	352	358	1	6					
sequence	hmm	20261001_5ba7356b	NP_003830.1	_		traf2_binding_permissive	Motif		PFSEPLE	372	379	1	7					
sequence	hmm	20261001_5ba7356b	NP_003830.1	_		traf2_binding_permissive	Motif		PSPNWAD	437	444	1	7					
sequence	hmm	20261001_5ba7356b	NP_003830.1	_		traf2_binding_permissive	Motif		PPGEDCE	451	458	1	7					
sequence	hmm	20261001_5ba7356b	NP_003830.1	_		traf2_binding_permissive	Motif		PLPQCA	467	473	1	6					
sequence	hmm	20261001_5ba7356b	NP_003830.1	_		traf2_binding_permissive	Motif		PPEEEAS	478	485	1	7					
sequence	hmm	20261001_5ba7356b	NP_003830.1	_		traf2_binding_permissive	Motif		PGGQSPA	514	521	1	7					
sequence	hmm	20261001_5ba7356b	NP_003830.1	_		traf2_binding_permissive	Motif		PVQEET	568	574	1	6					
sequence	hmm	20261001_5ba7356b	NP_003830.1	_		traf2_binding_permissive	Motif		PVQEQGG	606	613	1	7					
sequence	hmm	20261001_5ba7356b	NP_003831.2	_		traf6_binding_permissive	Motif		PRQDEV	58	64	1	6					
sequence	hmm	20261001_5ba7356b	NP_003831.2	_		traf6_binding_permissive	Motif		PQQQRR	70	76	1	6					
sequence	hmm	20261001_5ba7356b	NP_003831.2	_		traf6_binding_permissive	Motif		PTQVSE	286	292	1	6					
sequence	hmm	20261001_5ba7356b	NP_003831.2	_		traf6_binding_permissive	Motif		PEEPQR	310	316	1	6					
sequence	hmm	20261001_5ba7356b	NP_003831.2	_		traf2_binding_strict	Motif		PTQVS	286	291	1	5					
sequence	hmm	20261001_5ba7356b	NP_003831.2	_		traf2_binding_variant	Motif		PRQDE	58	63	1	5					
sequence	hmm	20261001_5ba7356b	NP_003831.2	_		traf2_binding_variant	Motif		PTQVS	286	291	1	5					
sequence	hmm	20261001_5ba7356b	NP_003831.2	_		traf2_binding_variant	Motif		PVNDA	333	338	1	5					
sequence	hmm	20261001_5ba7356b	NP_003831.2	_		traf2_binding_permissive	Motif		PRQDE	58	63	1	5					
sequence	hmm	20261001_5ba7356b	NP_003831.2	_		traf2_binding_permissive	Motif		PQQTVA	64	70	1	6					
sequence	hmm	20261001_5ba7356b	NP_003831.2	_		traf2_binding_permissive	Motif		PQQQRRS	70	77	1	7					
sequence	hmm	20261001_5ba7356b	NP_003831.2	_		traf2_binding_permissive	Motif		PCTEGVD	97	104	1	7					
sequence	hmm	20261001_5ba7356b	NP_003831.2	_		traf2_binding_permissive	Motif		PAAEET	192	198	1	6					
sequence	hmm	20261001_5ba7356b	NP_003831.2	_		traf2_binding_permissive	Motif		PGAEDNA	268	275	1	7					
sequence	hmm	20261001_5ba7356b	NP_003831.2	_		traf2_binding_permissive	Motif		PTQVSE	286	292	1	6					
sequence	hmm	20261001_5ba7356b	NP_003831.2	_		traf2_binding_permissive	Motif		PVNDAD	333	339	1	6					
sequence	hmm	20261001_5ba7356b	NP_003832.3	_		traf6_binding_permissive	Motif		PQQQRH	40	46	1	6					
sequence	hmm	20261001_5ba7356b	NP_003832.3	_		traf2_binding_permissive	Motif		PQQTVA	34	40	1	6					
sequence	hmm	20261001_5ba7356b	NP_003832.3	_		traf2_binding_permissive	Motif		PQQQRHS	40	47	1	7					
sequence	hmm	20261001_5ba7356b	NP_003832.3	_		traf2_binding_permissive	Motif		PCTEGVD	67	74	1	7					
sequence	hmm	20261001_5ba7356b	NP_003832.3	_		traf2_binding_permissive	Motif		PAAEET	161	167	1	6					
sequence	hmm	20261001_5ba7356b	NP_003832.3	_		traf2_binding_permissive	Motif		PAAEET	176	182	1	6					
sequence	hmm	20261001_5ba7356b	NP_003832.3	_		traf2_binding_permissive	Motif		PAAEET	191	197	1	6					
sequence	hmm	20261001_5ba7356b	NP_003832.3	_		traf2_binding_permissive	Motif		PAAEET	206	212	1	6					
sequence	hmm	20261001_5ba7356b	NP_003832.3	_		traf2_binding_permissive	Motif		PAAEET	221	227	1	6					
sequence	hmm	20261001_5ba7356b	NP_003833.4	_		traf6_binding_permissive	Motif		PTQVPE	280	286	1	6					
sequence	hmm	20261001_5ba7356b	NP_003833.4	_		traf6_binding_permissive	Motif		PGESEH	304	310	1	6					
sequence	hmm	20261001_5ba7356b	NP_003833.4	_		traf6_binding_permissive	Motif		PAEAER	313	319	1	6					
sequence	hmm	20261001_5ba7356b	NP_003833.4	_		traf6_binding_permissive	Motif		PTETLR	333	339	1	6					
sequence	hmm	20261001_5ba7356b	NP_003833.4	_		traf2_binding_strict	Motif		PAEPT	293	298	1	5					
sequence	hmm	20261001_5ba7356b	NP_003833.4	_		traf2_binding_variant	Motif		PQQRA	62	67	1	5					
sequence	hmm	20261001_5ba7356b	NP_003833.4	_		traf2_binding_variant	Motif		PAEPT	293	298	1	5					
sequence	hmm	20261001_5ba7356b	NP_003833.4	_		traf2_binding_variant	Motif		PGESE	304	309	1	5					
sequence	hmm	20261001_5ba7356b	NP_003833.4	_		traf2_binding_variant	Motif		PAEAE	313	318	1	5					
sequence	hmm	20261001_5ba7356b	NP_003833.4	_		traf2_binding_variant	Motif		PANEG	327	332	1	5					
sequence	hmm	20261001_5ba7356b	NP_003833.4	_		traf2_binding_permissive	Motif		PREARG	21	27	1	6					
sequence	hmm	20261001_5ba7356b	NP_003833.4	_		traf2_binding_permissive	Motif		PQQRAA	62	68	1	6					
sequence	hmm	20261001_5ba7356b	NP_003833.4	_		traf2_binding_permissive	Motif		PQQKRS	68	74	1	6					
sequence	hmm	20261001_5ba7356b	NP_003833.4	_		traf2_binding_permissive	Motif		PAVEET	191	197	1	6					
sequence	hmm	20261001_5ba7356b	NP_003833.4	_		traf2_binding_permissive	Motif		PTQVPE	280	286	1	6					
sequence	hmm	20261001_5ba7356b	NP_003833.4	_		traf2_binding_permissive	Motif		PAEPTG	293	299	1	6					
sequence	hmm	20261001_5ba7356b	NP_003833.4	_		traf2_binding_permissive	Motif		PGESE	304	309	1	5					
sequence	hmm	20261001_5ba7356b	NP_003833.4	_		traf2_binding_permissive	Motif		PAEAE	313	318	1	5					
sequence	hmm	20261001_5ba7356b	NP_003833.4	_		traf2_binding_permissive	Motif		PANEGD	327	333	1	6					
sequence	hmm	20261001_5ba7356b	NP_003835.3	_		traf2_binding_variant	Motif		PAEAE	339	344	1	5					
sequence	hmm	20261001_5ba7356b	NP_003835.3	_		traf2_binding_variant	Motif		PANGA	353	358	1	5					
sequence	hmm	20261001_5ba7356b	NP_003835.3	_		traf2_binding_permissive	Motif		PAREAS	77	83	1	6					
sequence	hmm	20261001_5ba7356b	NP_003835.3	_		traf2_binding_permissive	Motif		PGAEDNA	288	295	1	7					
sequence	hmm	20261001_5ba7356b	NP_003835.3	_		traf2_binding_permissive	Motif		PAEAEG	339	345	1	6					
sequence	hmm	20261001_5ba7356b	NP_003835.3	_		traf2_binding_permissive	Motif		PANGAD	353	359	1	6					
sequence	hmm	20261001_5ba7356b	NP_055267.1	_		traf6_binding_permissive	Motif		PRQNLH	335	341	1	6					
sequence	hmm	20261001_5ba7356b	NP_055267.1	_		traf6_binding_permissive	Motif		PTQNRE	399	405	1	6					
sequence	hmm	20261001_5ba7356b	NP_055267.1	_		traf6_binding_permissive	Motif		PEELRV	608	614	1	6					
sequence	hmm	20261001_5ba7356b	NP_055267.1	_		traf2_binding_variant	Motif		PEQKA	42	47	1	5					
sequence	hmm	20261001_5ba7356b	NP_055267.1	_		traf2_binding_variant	Motif		PDNTS	275	280	1	5					
sequence	hmm	20261001_5ba7356b	NP_055267.1	_		traf2_binding_permissive	Motif		PEQKAS	42	48	1	6					
sequence	hmm	20261001_5ba7356b	NP_055267.1	_		traf2_binding_permissive	Motif		PRPEHME	230	237	1	7					
sequence	hmm	20261001_5ba7356b	NP_055267.1	_		traf2_binding_permissive	Motif		PDNTSS	275	281	1	6					
sequence	hmm	20261001_5ba7356b	NP_055267.1	_		traf2_binding_permissive	Motif		PSMEATG	313	320	1	7					
sequence	hmm	20261001_5ba7356b	NP_055267.1	_		traf2_binding_permissive	Motif		PRQDPS	380	386	1	6					
sequence	hmm	20261001_5ba7356b	NP_055267.1	_		traf2_binding_permissive	Motif		PTQNRE	399	405	1	6					
sequence	hmm	20261001_5ba7356b	NP_068555.2	_		traf6_binding_strict	Motif		PIECTE	250	256	1	6					
sequence	hmm	20261001_5ba7356b	NP_068555.2	_		traf6_binding_permissive	Motif		PQEATL	133	139	1	6					
sequence	hmm	20261001_5ba7356b	NP_068555.2	_		traf6_binding_permissive	Motif		PTQESF	228	234	1	6					
sequence	hmm	20261001_5ba7356b	NP_068555.2	_		traf6_binding_permissive	Motif		PIECTE	250	256	1	6					
sequence	hmm	20261001_5ba7356b	NP_068555.2	_		traf2_binding_strict	Motif		PQEAT	133	138	1	5					
sequence	hmm	20261001_5ba7356b	NP_068555.2	_		traf2_binding_strict	Motif		PTQES	228	233	1	5					
sequence	hmm	20261001_5ba7356b	NP_068555.2	_		traf2_binding_strict	Motif		PIECT	250	255	1	5					
sequence	hmm	20261001_5ba7356b	NP_068555.2	_		traf2_binding_variant	Motif		PPQEA	132	137	1	5					
sequence	hmm	20261001_5ba7356b	NP_068555.2	_		traf2_binding_variant	Motif		PTQES	228	233	1	5					
sequence	hmm	20261001_5ba7356b	NP_068555.2	_		traf2_binding_variant	Motif		PIECT	250	255	1	5					
sequence	hmm	20261001_5ba7356b	NP_068555.2	_		traf2_binding_permissive	Motif		PGQELS	22	28	1	6					
sequence	hmm	20261001_5ba7356b	NP_068555.2	_		traf2_binding_permissive	Motif		PPQEAT	132	138	1	6					
sequence	hmm	20261001_5ba7356b	NP_068555.2	_		traf2_binding_permissive	Motif		PSKETSA	193	200	1	7					
sequence	hmm	20261001_5ba7356b	NP_068555.2	_		traf2_binding_permissive	Motif		PILEDD	215	221	1	6					
sequence	hmm	20261001_5ba7356b	NP_068555.2	_		traf2_binding_permissive	Motif		PTQESFT	228	235	1	7					
sequence	hmm	20261001_5ba7356b	NP_068555.2	_		traf2_binding_permissive	Motif		PIECTE	250	256	1	6					
sequence	hmm	20261001_5ba7356b	NP_068555.2	_		traf2_binding_permissive	Motif		PFEVPS	290	296	1	6					
sequence	hmm	20261001_5ba7356b	NP_671716.2	_		traf6_binding_permissive	Motif		PTQVPE	251	257	1	6					
sequence	hmm	20261001_5ba7356b	NP_671716.2	_		traf6_binding_permissive	Motif		PGESEH	275	281	1	6					
sequence	hmm	20261001_5ba7356b	NP_671716.2	_		traf6_binding_permissive	Motif		PAEAER	284	290	1	6					
sequence	hmm	20261001_5ba7356b	NP_671716.2	_		traf6_binding_permissive	Motif		PTETLR	304	310	1	6					
sequence	hmm	20261001_5ba7356b	NP_671716.2	_		traf2_binding_strict	Motif		PAEPT	264	269	1	5					
sequence	hmm	20261001_5ba7356b	NP_671716.2	_		traf2_binding_variant	Motif		PQQRA	62	67	1	5					
sequence	hmm	20261001_5ba7356b	NP_671716.2	_		traf2_binding_variant	Motif		PAEPT	264	269	1	5					
sequence	hmm	20261001_5ba7356b	NP_671716.2	_		traf2_binding_variant	Motif		PGESE	275	280	1	5					
sequence	hmm	20261001_5ba7356b	NP_671716.2	_		traf2_binding_variant	Motif		PAEAE	284	289	1	5					
sequence	hmm	20261001_5ba7356b	NP_671716.2	_		traf2_binding_variant	Motif		PANEG	298	303	1	5					
sequence	hmm	20261001_5ba7356b	NP_671716.2	_		traf2_binding_permissive	Motif		PREARG	21	27	1	6					
sequence	hmm	20261001_5ba7356b	NP_671716.2	_		traf2_binding_permissive	Motif		PQQRAA	62	68	1	6					
sequence	hmm	20261001_5ba7356b	NP_671716.2	_		traf2_binding_permissive	Motif		PQQKRS	68	74	1	6					
sequence	hmm	20261001_5ba7356b	NP_671716.2	_		traf2_binding_permissive	Motif		PTQVPE	251	257	1	6					
sequence	hmm	20261001_5ba7356b	NP_671716.2	_		traf2_binding_permissive	Motif		PAEPTG	264	270	1	6					
sequence	hmm	20261001_5ba7356b	NP_671716.2	_		traf2_binding_permissive	Motif		PGESE	275	280	1	5					
sequence	hmm	20261001_5ba7356b	NP_671716.2	_		traf2_binding_permissive	Motif		PAEAE	284	289	1	5					
sequence	hmm	20261001_5ba7356b	NP_671716.2	_		traf2_binding_permissive	Motif		PANEGD	298	304	1	6					
sequence	hmm	20261001_5ba7356b	NP_683866.1	_		traf2_binding_permissive	Motif		PCTEPCG	59	66	1	7					
sequence	hmm	20261001_5ba7356b	NP_683866.1	_		traf2_binding_permissive	Motif		PETQEA	294	300	1	6					
sequence	hmm	20261001_5ba7356b	NP_683866.1	_		traf2_binding_permissive	Motif		PGPQLYD	339	346	1	7					
sequence	hmm	20261001_5ba7356b	NP_690593.1	_		traf6_binding_permissive	Motif		PLQCVL	4	10	1	6					
sequence	hmm	20261001_5ba7356b	NP_690593.1	_		traf6_binding_permissive	Motif		PGQKLV	42	48	1	6					
sequence	hmm	20261001_5ba7356b	NP_690593.1	_		traf2_binding_permissive	Motif		PCGESE	60	66	1	6					
sequence	hmm	20261001_5ba7356b	NP_690610.1	_		traf6_binding_permissive	Motif		PCQEGK	83	89	1	6					
sequence	hmm	20261001_5ba7356b	NP_690610.1	_		traf2_binding_variant	Motif		PCQEG	83	88	1	5					
sequence	hmm	20261001_5ba7356b	NP_690610.1	_		traf2_binding_permissive	Motif		PPGERKA	63	70	1	7					
sequence	hmm	20261001_5ba7356b	NP_690610.1	_		traf2_binding_permissive	Motif		PCQEGKE	83	90	1	7					
sequence	hmm	20261001_5ba7356b	NP_690610.1	_		traf2_binding_permissive	Motif		PTLNPET	191	198	1	7					
sequence	hmm	20261001_5ba7356b	NP_690611.1	_		traf6_binding_permissive	Motif		PCQEGK	83	89	1	6					
sequence	hmm	20261001_5ba7356b	NP_690611.1	_		traf2_binding_variant	Motif		PCQEG	83	88	1	5					
sequence	hmm	20261001_5ba7356b	NP_690611.1	_		traf2_binding_permissive	Motif		PPGERKA	63	70	1	7					
sequence	hmm	20261001_5ba7356b	NP_690611.1	_		traf2_binding_permissive	Motif		PCQEGKE	83	90	1	7					
sequence	hmm	20261001_5ba7356b	XP_006710681.1	_		traf2_binding_permissive	Motif		PCSNCPA	26	33	1	7					
sequence	hmm	20261001_5ba7356b	XP_006710681.1	_		traf2_binding_permissive	Motif		PPNSFS	48	54	1	6					
sequence	hmm	20261001_5ba7356b	XP_006710681.1	_		traf2_binding_permissive	Motif		PWTNCS	134	140	1	6					
sequence	hmm	20261001_5ba7356b	XP_006710681.1	_		traf2_binding_permissive	Motif		PAREPG	176	182	1	6					
sequence	hmm	20261001_5ba7356b	XP_006717882.1	_		traf6_binding_permissive	Motif		PCQEGK	110	116	1	6					
sequence	hmm	20261001_5ba7356b	XP_006717882.1	_		traf2_binding_variant	Motif		PCQEG	110	115	1	5					
sequence	hmm	20261001_5ba7356b	XP_006717882.1	_		traf2_binding_permissive	Motif		PPGERKA	90	97	1	7					
sequence	hmm	20261001_5ba7356b	XP_006717882.1	_		traf2_binding_permissive	Motif		PCQEGKE	110	117	1	7					
sequence	hmm	20261001_5ba7356b	XP_006717882.1	_		traf2_binding_permissive	Motif		PTLNPET	239	246	1	7					
sequence	hmm	20261001_5ba7356b	XP_011524546.1	_		traf6_binding_strict	Motif		PDEYLD	72	78	1	6					
sequence	hmm	20261001_5ba7356b	XP_011524546.1	_		traf6_binding_strict	Motif		PTEDEY	348	354	1	6					
sequence	hmm	20261001_5ba7356b	XP_011524546.1	_		traf6_binding_strict	Motif		PLEVGE	381	387	1	6					
sequence	hmm	20261001_5ba7356b	XP_011524546.1	_		traf6_binding_strict	Motif		PGEDCE	457	463	1	6					
sequence	hmm	20261001_5ba7356b	XP_011524546.1	_		traf6_binding_permissive	Motif		PDEYLD	72	78	1	6					
sequence	hmm	20261001_5ba7356b	XP_011524546.1	_		traf6_binding_permissive	Motif		PNEPHV	208	214	1	6					
sequence	hmm	20261001_5ba7356b	XP_011524546.1	_		traf6_binding_permissive	Motif		PDQGGV	306	312	1	6					
sequence	hmm	20261001_5ba7356b	XP_011524546.1	_		traf6_binding_permissive	Motif		PTEDEY	348	354	1	6					
sequence	hmm	20261001_5ba7356b	XP_011524546.1	_		traf6_binding_permissive	Motif		PSQPTD	357	363	1	6					
sequence	hmm	20261001_5ba7356b	XP_011524546.1	_		traf6_binding_permissive	Motif		PLEVGE	381	387	1	6					
sequence	hmm	20261001_5ba7356b	XP_011524546.1	_		traf6_binding_permissive	Motif		PGEDCE	457	463	1	6					
sequence	hmm	20261001_5ba7356b	XP_011524546.1	_		traf2_binding_strict	Motif		PSQPT	357	362	1	5					
sequence	hmm	20261001_5ba7356b	XP_011524546.1	_		traf2_binding_variant	Motif		PDQGG	306	311	1	5					
sequence	hmm	20261001_5ba7356b	XP_011524546.1	_		traf2_binding_variant	Motif		PTEDE	348	353	1	5					
sequence	hmm	20261001_5ba7356b	XP_011524546.1	_		traf2_binding_variant	Motif		PSQPT	357	362	1	5					
sequence	hmm	20261001_5ba7356b	XP_011524546.1	_		traf2_binding_variant	Motif		PLEVG	381	386	1	5					
sequence	hmm	20261001_5ba7356b	XP_011524546.1	_		traf2_binding_variant	Motif		PPEEE	483	488	1	5					
sequence	hmm	20261001_5ba7356b	XP_011524546.1	_		traf2_binding_variant	Motif		PVQEE	573	578	1	5					
sequence	hmm	20261001_5ba7356b	XP_011524546.1	_		traf2_binding_permissive	Motif		PDEYLD	72	78	1	6					
sequence	hmm	20261001_5ba7356b	XP_011524546.1	_		traf2_binding_permissive	Motif		PWTNCT	175	181	1	6					
sequence	hmm	20261001_5ba7356b	XP_011524546.1	_		traf2_binding_permissive	Motif		PDQGG	306	311	1	5					
sequence	hmm	20261001_5ba7356b	XP_011524546.1	_		traf2_binding_permissive	Motif		PYAQGED	321	328	1	7					
sequence	hmm	20261001_5ba7356b	XP_011524546.1	_		traf2_binding_permissive	Motif		PTEDE	348	353	1	5					
sequence	hmm	20261001_5ba7356b	XP_011524546.1	_		traf2_binding_permissive	Motif		PSQPTD	357	363	1	6					
sequence	hmm	20261001_5ba7356b	XP_011524546.1	_		traf2_binding_permissive	Motif		PFSEPLE	377	384	1	7					
sequence	hmm	20261001_5ba7356b	XP_011524546.1	_		traf2_binding_permissive	Motif		PSPNWAD	442	449	1	7					
sequence	hmm	20261001_5ba7356b	XP_011524546.1	_		traf2_binding_permissive	Motif		PPGEDCE	456	463	1	7					
sequence	hmm	20261001_5ba7356b	XP_011524546.1	_		traf2_binding_permissive	Motif		PLPQCA	472	478	1	6					
sequence	hmm	20261001_5ba7356b	XP_011524546.1	_		traf2_binding_permissive	Motif		PPEEEAS	483	490	1	7					
sequence	hmm	20261001_5ba7356b	XP_011524546.1	_		traf2_binding_permissive	Motif		PGGQSPA	519	526	1	7					
sequence	hmm	20261001_5ba7356b	XP_011524546.1	_		traf2_binding_permissive	Motif		PVQEET	573	579	1	6					
sequence	hmm	20261001_5ba7356b	XP_011524546.1	_		traf2_binding_permissive	Motif		PVQEQGG	611	618	1	7					
sequence	hmm	20261001_5ba7356b	XP_011527411.1	_		traf6_binding_permissive	Motif		PLQCVL	4	10	1	6					
sequence	hmm	20261001_5ba7356b	XP_011527411.1	_		traf6_binding_permissive	Motif		PGQKLV	42	48	1	6					
sequence	hmm	20261001_5ba7356b	XP_011527411.1	_		traf6_binding_permissive	Motif		PGQWAL	157	163	1	6					
sequence	hmm	20261001_5ba7356b	XP_011527411.1	_		traf2_binding_variant	Motif		PGQWA	157	162	1	5					
sequence	hmm	20261001_5ba7356b	XP_011527411.1	_		traf2_binding_permissive	Motif		PCGESE	60	66	1	6					
sequence	hmm	20261001_5ba7356b	XP_011527411.1	_		traf2_binding_permissive	Motif		PGQWA	157	162	1	5					
sequence	hmm	20261001_5ba7356b	XP_011529303.1	_		traf6_binding_strict	Motif		PIECTE	271	277	1	6					
sequence	hmm	20261001_5ba7356b	XP_011529303.1	_		traf6_binding_permissive	Motif		PQEATL	133	139	1	6					
sequence	hmm	20261001_5ba7356b	XP_011529303.1	_		traf6_binding_permissive	Motif		PTQESF	249	255	1	6					
sequence	hmm	20261001_5ba7356b	XP_011529303.1	_		traf6_binding_permissive	Motif		PIECTE	271	277	1	6					
sequence	hmm	20261001_5ba7356b	XP_011529303.1	_		traf2_binding_strict	Motif		PQEAT	133	138	1	5					
sequence	hmm	20261001_5ba7356b	XP_011529303.1	_		traf2_binding_strict	Motif		PTQES	249	254	1	5					
sequence	hmm	20261001_5ba7356b	XP_011529303.1	_		traf2_binding_strict	Motif		PIECT	271	276	1	5					
sequence	hmm	20261001_5ba7356b	XP_011529303.1	_		traf2_binding_variant	Motif		PPQEA	132	137	1	5					
sequence	hmm	20261001_5ba7356b	XP_011529303.1	_		traf2_binding_variant	Motif		PTQES	249	254	1	5					
sequence	hmm	20261001_5ba7356b	XP_011529303.1	_		traf2_binding_variant	Motif		PIECT	271	276	1	5					
sequence	hmm	20261001_5ba7356b	XP_011529303.1	_		traf2_binding_permissive	Motif		PGQELS	22	28	1	6					
sequence	hmm	20261001_5ba7356b	XP_011529303.1	_		traf2_binding_permissive	Motif		PPQEAT	132	138	1	6					
sequence	hmm	20261001_5ba7356b	XP_011529303.1	_		traf2_binding_permissive	Motif		PSKETSA	214	221	1	7					
sequence	hmm	20261001_5ba7356b	XP_011529303.1	_		traf2_binding_permissive	Motif		PILEDD	236	242	1	6					
sequence	hmm	20261001_5ba7356b	XP_011529303.1	_		traf2_binding_permissive	Motif		PTQESFT	249	256	1	7					
sequence	hmm	20261001_5ba7356b	XP_011529303.1	_		traf2_binding_permissive	Motif		PIECTE	271	277	1	6					
sequence	hmm	20261001_5ba7356b	XP_011529303.1	_		traf2_binding_permissive	Motif		PFEVPS	311	317	1	6					
sequence	hmm	20261001_5ba7356b	XP_011529304.1	_		traf6_binding_permissive	Motif		PQEATL	133	139	1	6					
sequence	hmm	20261001_5ba7356b	XP_011529304.1	_		traf2_binding_strict	Motif		PQEAT	133	138	1	5					
sequence	hmm	20261001_5ba7356b	XP_011529304.1	_		traf2_binding_variant	Motif		PPQEA	132	137	1	5					
sequence	hmm	20261001_5ba7356b	XP_011529304.1	_		traf2_binding_permissive	Motif		PGQELS	22	28	1	6					
sequence	hmm	20261001_5ba7356b	XP_011529304.1	_		traf2_binding_permissive	Motif		PPQEAT	132	138	1	6					
sequence	hmm	20261001_5ba7356b	XP_011529304.1	_		traf2_binding_permissive	Motif		PSKETSA	214	221	1	7					
sequence	hmm	20261001_5ba7356b	XP_011529304.1	_		traf2_binding_permissive	Motif		PQQQQG	243	249	1	6					
sequence	hmm	20261001_5ba7356b	XP_011529308.1	_		traf6_binding_permissive	Motif		PQEATL	133	139	1	6					
sequence	hmm	20261001_5ba7356b	XP_011529308.1	_		traf2_binding_strict	Motif		PQEAT	133	138	1	5					
sequence	hmm	20261001_5ba7356b	XP_011529308.1	_		traf2_binding_variant	Motif		PPQEA	132	137	1	5					
sequence	hmm	20261001_5ba7356b	XP_011529308.1	_		traf2_binding_permissive	Motif		PGQELS	22	28	1	6					
sequence	hmm	20261001_5ba7356b	XP_011529308.1	_		traf2_binding_permissive	Motif		PPQEAT	132	138	1	6					
sequence	hmm	20261001_5ba7356b	XP_011529308.1	_		traf2_binding_permissive	Motif		PQQQQG	161	167	1	6					
sequence	hmm	20261001_5ba7356b	XP_011538066.1	_		traf6_binding_permissive	Motif		PEQRLL	4	10	1	6					
sequence	hmm	20261001_5ba7356b	XP_011538066.1	_		traf6_binding_permissive	Motif		PCQEGK	137	143	1	6					
sequence	hmm	20261001_5ba7356b	XP_011538066.1	_		traf2_binding_variant	Motif		PCQEG	137	142	1	5					
sequence	hmm	20261001_5ba7356b	XP_011538066.1	_		traf2_binding_permissive	Motif		PPGERKA	117	124	1	7					
sequence	hmm	20261001_5ba7356b	XP_011538066.1	_		traf2_binding_permissive	Motif		PCQEGKE	137	144	1	7					
sequence	hmm	20261001_5ba7356b	XP_011538066.1	_		traf2_binding_permissive	Motif		PTLNPET	266	273	1	7					
sequence	hmm	20261001_5ba7356b	XP_011538067.1	_		traf6_binding_permissive	Motif		PEQRLL	4	10	1	6					
sequence	hmm	20261001_5ba7356b	XP_011538067.1	_		traf6_binding_permissive	Motif		PCQEGK	137	143	1	6					
sequence	hmm	20261001_5ba7356b	XP_011538067.1	_		traf2_binding_variant	Motif		PCQEG	137	142	1	5					
sequence	hmm	20261001_5ba7356b	XP_011538067.1	_		traf2_binding_permissive	Motif		PPGERKA	117	124	1	7					
sequence	hmm	20261001_5ba7356b	XP_011538067.1	_		traf2_binding_permissive	Motif		PCQEGKE	137	144	1	7					
sequence	hmm	20261001_5ba7356b	XP_011538067.1	_		traf2_binding_permissive	Motif		PTLNPET	245	252	1	7					
sequence	hmm	20261001_5ba7356b	XP_011538068.1	_		traf6_binding_permissive	Motif		PCQEGK	110	116	1	6					
sequence	hmm	20261001_5ba7356b	XP_011538068.1	_		traf2_binding_variant	Motif		PCQEG	110	115	1	5					
sequence	hmm	20261001_5ba7356b	XP_011538068.1	_		traf2_binding_permissive	Motif		PPGERKA	90	97	1	7					
sequence	hmm	20261001_5ba7356b	XP_011538068.1	_		traf2_binding_permissive	Motif		PCQEGKE	110	117	1	7					
sequence	hmm	20261001_5ba7356b	XP_011538068.1	_		traf2_binding_permissive	Motif		PTLNPET	239	246	1	7					
sequence	hmm	20261001_5ba7356b	XP_011540362.1	_		traf6_binding_permissive	Motif		PAQVAF	23	29	1	6					
sequence	hmm	20261001_5ba7356b	XP_011540362.1	_		traf6_binding_permissive	Motif		PGQHAK	58	64	1	6					
sequence	hmm	20261001_5ba7356b	XP_011540362.1	_		traf6_binding_permissive	Motif		PEQQHL	313	319	1	6					
sequence	hmm	20261001_5ba7356b	XP_011540362.1	_		traf6_binding_permissive	Motif		PSESPK	434	440	1	6					
sequence	hmm	20261001_5ba7356b	XP_011540362.1	_		traf2_binding_strict	Motif		PAEGS	249	254	1	5					
sequence	hmm	20261001_5ba7356b	XP_011540362.1	_		traf2_binding_variant	Motif		PAQVA	23	28	1	5					
sequence	hmm	20261001_5ba7356b	XP_011540362.1	_		traf2_binding_variant	Motif		PGQHA	58	63	1	5					
sequence	hmm	20261001_5ba7356b	XP_011540362.1	_		traf2_binding_variant	Motif		PGNAS	190	195	1	5					
sequence	hmm	20261001_5ba7356b	XP_011540362.1	_		traf2_binding_variant	Motif		PAEGS	249	254	1	5					
sequence	hmm	20261001_5ba7356b	XP_011540362.1	_		traf2_binding_permissive	Motif		PAQVA	23	28	1	5					
sequence	hmm	20261001_5ba7356b	XP_011540362.1	_		traf2_binding_permissive	Motif		PGQHA	58	63	1	5					
sequence	hmm	20261001_5ba7356b	XP_011540362.1	_		traf2_binding_permissive	Motif		PGTETSD	151	158	1	7					
sequence	hmm	20261001_5ba7356b	XP_011540362.1	_		traf2_binding_permissive	Motif		PGNAS	190	195	1	5					
sequence	hmm	20261001_5ba7356b	XP_011540362.1	_		traf2_binding_permissive	Motif		PTPEPST	228	235	1	7					
sequence	hmm	20261001_5ba7356b	XP_011540362.1	_		traf2_binding_permissive	Motif		PPAEGST	248	255	1	7					
sequence	hmm	20261001_5ba7356b	XP_011540362.1	_		traf2_binding_permissive	Motif		PGVEASG	350	357	1	7					
sequence	hmm	20261001_5ba7356b	XP_011540365.1	_		traf6_binding_permissive	Motif		PAQVAF	23	29	1	6					
sequence	hmm	20261001_5ba7356b	XP_011540365.1	_		traf6_binding_permissive	Motif		PGQHAK	58	64	1	6					
sequence	hmm	20261001_5ba7356b	XP_011540365.1	_		traf6_binding_permissive	Motif		PEQQHL	313	319	1	6					
sequence	hmm	20261001_5ba7356b	XP_011540365.1	_		traf6_binding_permissive	Motif		PSESPK	412	418	1	6					
sequence	hmm	20261001_5ba7356b	XP_011540365.1	_		traf2_binding_strict	Motif		PAEGS	249	254	1	5					
sequence	hmm	20261001_5ba7356b	XP_011540365.1	_		traf2_binding_variant	Motif		PAQVA	23	28	1	5					
sequence	hmm	20261001_5ba7356b	XP_011540365.1	_		traf2_binding_variant	Motif		PGQHA	58	63	1	5					
sequence	hmm	20261001_5ba7356b	XP_011540365.1	_		traf2_binding_variant	Motif		PGNAS	190	195	1	5					
sequence	hmm	20261001_5ba7356b	XP_011540365.1	_		traf2_binding_variant	Motif		PAEGS	249	254	1	5					
sequence	hmm	20261001_5ba7356b	XP_011540365.1	_		traf2_binding_permissive	Motif		PAQVA	23	28	1	5					
sequence	hmm	20261001_5ba7356b	XP_011540365.1	_		traf2_binding_permissive	Motif		PGQHA	58	63	1	5					
sequence	hmm	20261001_5ba7356b	XP_011540365.1	_		traf2_binding_permissive	Motif		PGTETSD	151	158	1	7					
sequence	hmm	20261001_5ba7356b	XP_011540365.1	_		traf2_binding_permissive	Motif		PGNAS	190	195	1	5					
sequence	hmm	20261001_5ba7356b	XP_011540365.1	_		traf2_binding_permissive	Motif		PTPEPST	228	235	1	7					
sequence	hmm	20261001_5ba7356b	XP_011540365.1	_		traf2_binding_permissive	Motif		PPAEGST	248	255	1	7					
sequence	hmm	20261001_5ba7356b	XP_011540365.1	_		traf2_binding_permissive	Motif		PGVEASG	350	357	1	7					
sequence	hmm	20261001_5ba7356b	XP_011540376.1	_		traf2_binding_variant	Motif		PIQEE	291	296	1	5					
sequence	hmm	20261001_5ba7356b	XP_011540376.1	_		traf2_binding_permissive	Motif		PGREGPG	32	39	1	7					
sequence	hmm	20261001_5ba7356b	XP_011540376.1	_		traf2_binding_permissive	Motif		PGDNQA	138	144	1	6					
sequence	hmm	20261001_5ba7356b	XP_011540376.1	_		traf2_binding_permissive	Motif		PWTNCT	146	152	1	6					
sequence	hmm	20261001_5ba7356b	XP_011540376.1	_		traf2_binding_permissive	Motif		PASNSSD	160	167	1	7					
sequence	hmm	20261001_5ba7356b	XP_011540376.1	_		traf2_binding_permissive	Motif		PATQPQE	175	182	1	7					
sequence	hmm	20261001_5ba7356b	XP_011540376.1	_		traf2_binding_permissive	Motif		PVEVPG	209	215	1	6					
sequence	hmm	20261001_5ba7356b	XP_011540376.1	_		traf2_binding_permissive	Motif		PIQEEQA	291	298	1	7					
sequence	hmm	20261001_5ba7356b	XP_011540378.1	_		traf2_binding_variant	Motif		PIQEE	265	270	1	5					
sequence	hmm	20261001_5ba7356b	XP_011540378.1	_		traf2_binding_permissive	Motif		PGREGPG	32	39	1	7					
sequence	hmm	20261001_5ba7356b	XP_011540378.1	_		traf2_binding_permissive	Motif		PGDNQA	138	144	1	6					
sequence	hmm	20261001_5ba7356b	XP_011540378.1	_		traf2_binding_permissive	Motif		PWTNCT	146	152	1	6					
sequence	hmm	20261001_5ba7356b	XP_011540378.1	_		traf2_binding_permissive	Motif		PASNSSD	160	167	1	7					
sequence	hmm	20261001_5ba7356b	XP_011540378.1	_		traf2_binding_permissive	Motif		PATQPQE	175	182	1	7					
sequence	hmm	20261001_5ba7356b	XP_011540378.1	_		traf2_binding_permissive	Motif		PVEVPG	209	215	1	6					
sequence	hmm	20261001_5ba7356b	XP_011540378.1	_		traf2_binding_permissive	Motif		PIQEEQA	265	272	1	7					
sequence	hmm	20261001_5ba7356b	XP_011540379.1	_		traf2_binding_variant	Motif		PIQEE	187	192	1	5					
sequence	hmm	20261001_5ba7356b	XP_011540379.1	_		traf2_binding_permissive	Motif		PGDNQA	34	40	1	6					
sequence	hmm	20261001_5ba7356b	XP_011540379.1	_		traf2_binding_permissive	Motif		PWTNCT	42	48	1	6					
sequence	hmm	20261001_5ba7356b	XP_011540379.1	_		traf2_binding_permissive	Motif		PASNSSD	56	63	1	7					
sequence	hmm	20261001_5ba7356b	XP_011540379.1	_		traf2_binding_permissive	Motif		PATQPQE	71	78	1	7					
sequence	hmm	20261001_5ba7356b	XP_011540379.1	_		traf2_binding_permissive	Motif		PVEVPG	105	111	1	6					
sequence	hmm	20261001_5ba7356b	XP_011540379.1	_		traf2_binding_permissive	Motif		PIQEEQA	187	194	1	7					
sequence	hmm	20261001_5ba7356b	XP_011540743.1	_		traf6_binding_permissive	Motif		PTQSLL	349	355	1	6					
sequence	hmm	20261001_5ba7356b	XP_011540743.1	_		traf6_binding_permissive	Motif		PAEPEL	541	547	1	6					
sequence	hmm	20261001_5ba7356b	XP_011540743.1	_		traf6_binding_permissive	Motif		PEQETE	559	565	1	6					
sequence	hmm	20261001_5ba7356b	XP_011540743.1	_		traf2_binding_strict	Motif		PFEDT	23	28	1	5					
sequence	hmm	20261001_5ba7356b	XP_011540743.1	_		traf2_binding_strict	Motif		PVQTS	424	429	1	5					
sequence	hmm	20261001_5ba7356b	XP_011540743.1	_		traf2_binding_strict	Motif		PEQET	559	564	1	5					
sequence	hmm	20261001_5ba7356b	XP_011540743.1	_		traf2_binding_variant	Motif		PFEDT	23	28	1	5					
sequence	hmm	20261001_5ba7356b	XP_011540743.1	_		traf2_binding_variant	Motif		PENGE	338	343	1	5					
sequence	hmm	20261001_5ba7356b	XP_011540743.1	_		traf2_binding_variant	Motif		PVQTS	424	429	1	5					
sequence	hmm	20261001_5ba7356b	XP_011540743.1	_		traf2_binding_variant	Motif		PLQDA	482	487	1	5					
sequence	hmm	20261001_5ba7356b	XP_011540743.1	_		traf2_binding_variant	Motif		PAEPE	541	546	1	5					
sequence	hmm	20261001_5ba7356b	XP_011540743.1	_		traf2_binding_variant	Motif		PEQET	559	564	1	5					
sequence	hmm	20261001_5ba7356b	XP_011540743.1	_		traf2_binding_permissive	Motif		PFEDT	23	28	1	5					
sequence	hmm	20261001_5ba7356b	XP_011540743.1	_		traf2_binding_permissive	Motif		PENCKE	162	168	1	6					
sequence	hmm	20261001_5ba7356b	XP_011540743.1	_		traf2_binding_permissive	Motif		PCPEGSG	231	238	1	7					
sequence	hmm	20261001_5ba7356b	XP_011540743.1	_		traf2_binding_permissive	Motif		PDCNPT	332	338	1	6					
sequence	hmm	20261001_5ba7356b	XP_011540743.1	_		traf2_binding_permissive	Motif		PENGEA	338	344	1	6					
sequence	hmm	20261001_5ba7356b	XP_011540743.1	_		traf2_binding_permissive	Motif		PVQTS	424	429	1	5					
sequence	hmm	20261001_5ba7356b	XP_011540743.1	_		traf2_binding_permissive	Motif		PKLELVD	430	437	1	7					
sequence	hmm	20261001_5ba7356b	XP_011540743.1	_		traf2_binding_permissive	Motif		PVAEERG	454	461	1	7					
sequence	hmm	20261001_5ba7356b	XP_011540743.1	_		traf2_binding_permissive	Motif		PLQDAS	482	488	1	6					
sequence	hmm	20261001_5ba7356b	XP_011540743.1	_		traf2_binding_permissive	Motif		PAEPE	541	546	1	5					
sequence	hmm	20261001_5ba7356b	XP_011540743.1	_		traf2_binding_permissive	Motif		PEQETE	559	565	1	6					
sequence	hmm	20261001_5ba7356b	XP_016881554.1	_		traf6_binding_strict	Motif		PDEYLD	17	23	1	6					
sequence	hmm	20261001_5ba7356b	XP_016881554.1	_		traf6_binding_strict	Motif		PTEDEY	293	299	1	6					
sequence	hmm	20261001_5ba7356b	XP_016881554.1	_		traf6_binding_strict	Motif		PLEVGE	326	332	1	6					
sequence	hmm	20261001_5ba7356b	XP_016881554.1	_		traf6_binding_strict	Motif		PGEDCE	402	408	1	6					
sequence	hmm	20261001_5ba7356b	XP_016881554.1	_		traf6_binding_permissive	Motif		PDEYLD	17	23	1	6					
sequence	hmm	20261001_5ba7356b	XP_016881554.1	_		traf6_binding_permissive	Motif		PNEPHV	153	159	1	6					
sequence	hmm	20261001_5ba7356b	XP_016881554.1	_		traf6_binding_permissive	Motif		PDQGGV	251	257	1	6					
sequence	hmm	20261001_5ba7356b	XP_016881554.1	_		traf6_binding_permissive	Motif		PTEDEY	293	299	1	6					
sequence	hmm	20261001_5ba7356b	XP_016881554.1	_		traf6_binding_permissive	Motif		PSQPTD	302	308	1	6					
sequence	hmm	20261001_5ba7356b	XP_016881554.1	_		traf6_binding_permissive	Motif		PLEVGE	326	332	1	6					
sequence	hmm	20261001_5ba7356b	XP_016881554.1	_		traf6_binding_permissive	Motif		PGEDCE	402	408	1	6					
sequence	hmm	20261001_5ba7356b	XP_016881554.1	_		traf2_binding_strict	Motif		PSQPT	302	307	1	5					
sequence	hmm	20261001_5ba7356b	XP_016881554.1	_		traf2_binding_variant	Motif		PDQGG	251	256	1	5					
sequence	hmm	20261001_5ba7356b	XP_016881554.1	_		traf2_binding_variant	Motif		PTEDE	293	298	1	5					
sequence	hmm	20261001_5ba7356b	XP_016881554.1	_		traf2_binding_variant	Motif		PSQPT	302	307	1	5					
sequence	hmm	20261001_5ba7356b	XP_016881554.1	_		traf2_binding_variant	Motif		PLEVG	326	331	1	5					
sequence	hmm	20261001_5ba7356b	XP_016881554.1	_		traf2_binding_variant	Motif		PPEEE	428	433	1	5					
sequence	hmm	20261001_5ba7356b	XP_016881554.1	_		traf2_binding_variant	Motif		PVQEE	518	523	1	5					
sequence	hmm	20261001_5ba7356b	XP_016881554.1	_		traf2_binding_permissive	Motif		PDEYLD	17	23	1	6					
sequence	hmm	20261001_5ba7356b	XP_016881554.1	_		traf2_binding_permissive	Motif		PWTNCT	120	126	1	6					
sequence	hmm	20261001_5ba7356b	XP_016881554.1	_		traf2_binding_permissive	Motif		PDQGG	251	256	1	5					
sequence	hmm	20261001_5ba7356b	XP_016881554.1	_		traf2_binding_permissive	Motif		PYAQGED	266	273	1	7					
sequence	hmm	20261001_5ba7356b	XP_016881554.1	_		traf2_binding_permissive	Motif		PTEDE	293	298	1	5					
sequence	hmm	20261001_5ba7356b	XP_016881554.1	_		traf2_binding_permissive	Motif		PSQPTD	302	308	1	6					
sequence	hmm	20261001_5ba7356b	XP_016881554.1	_		traf2_binding_permissive	Motif		PFSEPLE	322	329	1	7					
sequence	hmm	20261001_5ba7356b	XP_016881554.1	_		traf2_binding_permissive	Motif		PSPNWAD	387	394	1	7					
sequence	hmm	20261001_5ba7356b	XP_016881554.1	_		traf2_binding_permissive	Motif		PPGEDCE	401	408	1	7					
sequence	hmm	20261001_5ba7356b	XP_016881554.1	_		traf2_binding_permissive	Motif		PLPQCA	417	423	1	6					
sequence	hmm	20261001_5ba7356b	XP_016881554.1	_		traf2_binding_permissive	Motif		PPEEEAS	428	435	1	7					
sequence	hmm	20261001_5ba7356b	XP_016881554.1	_		traf2_binding_permissive	Motif		PGGQSPA	464	471	1	7					
sequence	hmm	20261001_5ba7356b	XP_016881554.1	_		traf2_binding_permissive	Motif		PVQEET	518	524	1	6					
sequence	hmm	20261001_5ba7356b	XP_016881554.1	_		traf2_binding_permissive	Motif		PVQEQGG	556	563	1	7					
sequence	hmm	20261001_5ba7356b	XP_016883624.1	_		traf6_binding_permissive	Motif		PLQCVL	4	10	1	6					
sequence	hmm	20261001_5ba7356b	XP_016883624.1	_		traf6_binding_permissive	Motif		PGQKLV	42	48	1	6					
sequence	hmm	20261001_5ba7356b	XP_016883624.1	_		traf2_binding_permissive	Motif		PCGESE	60	66	1	6					
sequence	hmm	20261001_5ba7356b	XP_016883624.1	_		traf2_binding_permissive	Motif		PGESLG	193	199	1	6					
sequence	hmm	20261001_5ba7356b	XP_016883624.1	_		traf2_binding_permissive	Motif		PTQECG	292	298	1	6					
sequence	hmm	20261001_5ba7356b	XP_016883625.1	_		traf6_binding_permissive	Motif		PLQCVL	4	10	1	6					
sequence	hmm	20261001_5ba7356b	XP_016883625.1	_		traf6_binding_permissive	Motif		PGQKLV	42	48	1	6					
sequence	hmm	20261001_5ba7356b	XP_016883625.1	_		traf2_binding_permissive	Motif		PCGESE	60	66	1	6					
sequence	hmm	20261001_5ba7356b	XP_016883625.1	_		traf2_binding_permissive	Motif		PTQECG	258	264	1	6					
sequence	hmm	20261001_5ba7356b	XP_016885193.1	_		traf6_binding_permissive	Motif		PQEATL	133	139	1	6					
sequence	hmm	20261001_5ba7356b	XP_016885193.1	_		traf2_binding_strict	Motif		PQEAT	133	138	1	5					
sequence	hmm	20261001_5ba7356b	XP_016885193.1	_		traf2_binding_variant	Motif		PPQEA	132	137	1	5					
sequence	hmm	20261001_5ba7356b	XP_016885193.1	_		traf2_binding_permissive	Motif		PGQELS	22	28	1	6					
sequence	hmm	20261001_5ba7356b	XP_016885193.1	_		traf2_binding_permissive	Motif		PPQEAT	132	138	1	6					
sequence	hmm	20261001_5ba7356b	XP_016885193.1	_		traf2_binding_permissive	Motif		PSKETSA	193	200	1	7					
sequence	hmm	20261001_5ba7356b	XP_016885193.1	_		traf2_binding_permissive	Motif		PQQQQG	222	228	1	6					
sequence	hmm	20261001_5ba7356b	XP_016885195.1	_		traf6_binding_permissive	Motif		PQEATL	133	139	1	6					
sequence	hmm	20261001_5ba7356b	XP_016885195.1	_		traf2_binding_strict	Motif		PQEAT	133	138	1	5					
sequence	hmm	20261001_5ba7356b	XP_016885195.1	_		traf2_binding_variant	Motif		PPQEA	132	137	1	5					
sequence	hmm	20261001_5ba7356b	XP_016885195.1	_		traf2_binding_permissive	Motif		PGQELS	22	28	1	6					
sequence	hmm	20261001_5ba7356b	XP_016885195.1	_		traf2_binding_permissive	Motif		PPQEAT	132	138	1	6					
sequence	hmm	20261001_5ba7356b	XP_047275628.1	_		traf2_binding_permissive	Motif		PCSNCPA	26	33	1	7					
sequence	hmm	20261001_5ba7356b	XP_047275628.1	_		traf2_binding_permissive	Motif		PPNSFS	48	54	1	6					
sequence	hmm	20261001_5ba7356b	XP_047275628.1	_		traf2_binding_permissive	Motif		PWTNCS	134	140	1	6					
sequence	hmm	20261001_5ba7356b	XP_047275628.1	_		traf2_binding_permissive	Motif		PAREPG	176	182	1	6					
sequence	hmm	20261001_5ba7356b	XP_047281134.1	_		traf6_binding_permissive	Motif		PCQEGK	98	104	1	6					
sequence	hmm	20261001_5ba7356b	XP_047281134.1	_		traf2_binding_variant	Motif		PCQEG	98	103	1	5					
sequence	hmm	20261001_5ba7356b	XP_047281134.1	_		traf2_binding_permissive	Motif		PAGQAG	5	11	1	6					
sequence	hmm	20261001_5ba7356b	XP_047281134.1	_		traf2_binding_permissive	Motif		PPGERKA	78	85	1	7					
sequence	hmm	20261001_5ba7356b	XP_047281134.1	_		traf2_binding_permissive	Motif		PCQEGKE	98	105	1	7					
sequence	hmm	20261001_5ba7356b	XP_047281134.1	_		traf2_binding_permissive	Motif		PTLNPET	206	213	1	7					
sequence	hmm	20261001_5ba7356b	XP_047281135.1	_		traf6_binding_permissive	Motif		PEQRLL	4	10	1	6					
sequence	hmm	20261001_5ba7356b	XP_047281135.1	_		traf6_binding_permissive	Motif		PCQEGK	137	143	1	6					
sequence	hmm	20261001_5ba7356b	XP_047281135.1	_		traf2_binding_variant	Motif		PCQEG	137	142	1	5					
sequence	hmm	20261001_5ba7356b	XP_047281135.1	_		traf2_binding_permissive	Motif		PPGERKA	117	124	1	7					
sequence	hmm	20261001_5ba7356b	XP_047281135.1	_		traf2_binding_permissive	Motif		PCQEGKE	137	144	1	7					
sequence	hmm	20261001_5ba7356b	XP_047281136.1	_		traf6_binding_permissive	Motif		PEQRLL	4	10	1	6					
sequence	hmm	20261001_5ba7356b	XP_047281136.1	_		traf6_binding_permissive	Motif		PCQEGK	137	143	1	6					
sequence	hmm	20261001_5ba7356b	XP_047281136.1	_		traf2_binding_variant	Motif		PCQEG	137	142	1	5					
sequence	hmm	20261001_5ba7356b	XP_047281136.1	_		traf2_binding_permissive	Motif		PPGERKA	117	124	1	7					
sequence	hmm	20261001_5ba7356b	XP_047281136.1	_		traf2_binding_permissive	Motif		PCQEGKE	137	144	1	7					
sequence	hmm	20261001_5ba7356b	XP_047285378.1	_		traf6_binding_permissive	Motif		PAQVAF	23	29	1	6					
sequence	hmm	20261001_5ba7356b	XP_047285378.1	_		traf6_binding_permissive	Motif		PGQHAK	58	64	1	6					
sequence	hmm	20261001_5ba7356b	XP_047285378.1	_		traf6_binding_permissive	Motif		PEQQHL	313	319	1	6					
sequence	hmm	20261001_5ba7356b	XP_047285378.1	_		traf6_binding_permissive	Motif		PSESPK	433	439	1	6					
sequence	hmm	20261001_5ba7356b	XP_047285378.1	_		traf2_binding_strict	Motif		PAEGS	249	254	1	5					
sequence	hmm	20261001_5ba7356b	XP_047285378.1	_		traf2_binding_variant	Motif		PAQVA	23	28	1	5					
sequence	hmm	20261001_5ba7356b	XP_047285378.1	_		traf2_binding_variant	Motif		PGQHA	58	63	1	5					
sequence	hmm	20261001_5ba7356b	XP_047285378.1	_		traf2_binding_variant	Motif		PGNAS	190	195	1	5					
sequence	hmm	20261001_5ba7356b	XP_047285378.1	_		traf2_binding_variant	Motif		PAEGS	249	254	1	5					
sequence	hmm	20261001_5ba7356b	XP_047285378.1	_		traf2_binding_permissive	Motif		PAQVA	23	28	1	5					
sequence	hmm	20261001_5ba7356b	XP_047285378.1	_		traf2_binding_permissive	Motif		PGQHA	58	63	1	5					
sequence	hmm	20261001_5ba7356b	XP_047285378.1	_		traf2_binding_permissive	Motif		PGTETSD	151	158	1	7					
sequence	hmm	20261001_5ba7356b	XP_047285378.1	_		traf2_binding_permissive	Motif		PGNAS	190	195	1	5					
sequence	hmm	20261001_5ba7356b	XP_047285378.1	_		traf2_binding_permissive	Motif		PTPEPST	228	235	1	7					
sequence	hmm	20261001_5ba7356b	XP_047285378.1	_		traf2_binding_permissive	Motif		PPAEGST	248	255	1	7					
sequence	hmm	20261001_5ba7356b	XP_047285378.1	_		traf2_binding_permissive	Motif		PGVEASG	350	357	1	7					
sequence	hmm	20261001_5ba7356b	XP_047285379.1	_		traf6_binding_permissive	Motif		PGQHAK	51	57	1	6					
sequence	hmm	20261001_5ba7356b	XP_047285379.1	_		traf6_binding_permissive	Motif		PEQQHL	306	312	1	6					
sequence	hmm	20261001_5ba7356b	XP_047285379.1	_		traf6_binding_permissive	Motif		PSESPK	427	433	1	6					
sequence	hmm	20261001_5ba7356b	XP_047285379.1	_		traf2_binding_strict	Motif		PAEGS	242	247	1	5					
sequence	hmm	20261001_5ba7356b	XP_047285379.1	_		traf2_binding_variant	Motif		PGQHA	51	56	1	5					
sequence	hmm	20261001_5ba7356b	XP_047285379.1	_		traf2_binding_variant	Motif		PGNAS	183	188	1	5					
sequence	hmm	20261001_5ba7356b	XP_047285379.1	_		traf2_binding_variant	Motif		PAEGS	242	247	1	5					
sequence	hmm	20261001_5ba7356b	XP_047285379.1	_		traf2_binding_permissive	Motif		PGQHA	51	56	1	5					
sequence	hmm	20261001_5ba7356b	XP_047285379.1	_		traf2_binding_permissive	Motif		PGTETSD	144	151	1	7					
sequence	hmm	20261001_5ba7356b	XP_047285379.1	_		traf2_binding_permissive	Motif		PGNAS	183	188	1	5					
sequence	hmm	20261001_5ba7356b	XP_047285379.1	_		traf2_binding_permissive	Motif		PTPEPST	221	228	1	7					
sequence	hmm	20261001_5ba7356b	XP_047285379.1	_		traf2_binding_permissive	Motif		PPAEGST	241	248	1	7					
sequence	hmm	20261001_5ba7356b	XP_047285379.1	_		traf2_binding_permissive	Motif		PGVEASG	343	350	1	7					
sequence	hmm	20261001_5ba7356b	XP_047285380.1	_		traf6_binding_permissive	Motif		PGQHAK	7	13	1	6					
sequence	hmm	20261001_5ba7356b	XP_047285380.1	_		traf6_binding_permissive	Motif		PEQQHL	262	268	1	6					
sequence	hmm	20261001_5ba7356b	XP_047285380.1	_		traf6_binding_permissive	Motif		PSESPK	383	389	1	6					
sequence	hmm	20261001_5ba7356b	XP_047285380.1	_		traf2_binding_strict	Motif		PAEGS	198	203	1	5					
sequence	hmm	20261001_5ba7356b	XP_047285380.1	_		traf2_binding_variant	Motif		PGQHA	7	12	1	5					
sequence	hmm	20261001_5ba7356b	XP_047285380.1	_		traf2_binding_variant	Motif		PGNAS	139	144	1	5					
sequence	hmm	20261001_5ba7356b	XP_047285380.1	_		traf2_binding_variant	Motif		PAEGS	198	203	1	5					
sequence	hmm	20261001_5ba7356b	XP_047285380.1	_		traf2_binding_permissive	Motif		PGQHA	7	12	1	5					
sequence	hmm	20261001_5ba7356b	XP_047285380.1	_		traf2_binding_permissive	Motif		PGTETSD	100	107	1	7					
sequence	hmm	20261001_5ba7356b	XP_047285380.1	_		traf2_binding_permissive	Motif		PGNAS	139	144	1	5					
sequence	hmm	20261001_5ba7356b	XP_047285380.1	_		traf2_binding_permissive	Motif		PTPEPST	177	184	1	7					
sequence	hmm	20261001_5ba7356b	XP_047285380.1	_		traf2_binding_permissive	Motif		PPAEGST	197	204	1	7					
sequence	hmm	20261001_5ba7356b	XP_047285380.1	_		traf2_binding_permissive	Motif		PGVEASG	299	306	1	7					
sequence	hmm	20261001_5ba7356b	XP_047290749.1	_		traf6_binding_permissive	Motif		PTQSLL	349	355	1	6					
sequence	hmm	20261001_5ba7356b	XP_047290749.1	_		traf6_binding_permissive	Motif		PAEPEL	524	530	1	6					
sequence	hmm	20261001_5ba7356b	XP_047290749.1	_		traf6_binding_permissive	Motif		PEQETE	542	548	1	6					
sequence	hmm	20261001_5ba7356b	XP_047290749.1	_		traf2_binding_strict	Motif		PFEDT	23	28	1	5					
sequence	hmm	20261001_5ba7356b	XP_047290749.1	_		traf2_binding_strict	Motif		PEQET	542	547	1	5					
sequence	hmm	20261001_5ba7356b	XP_047290749.1	_		traf2_binding_variant	Motif		PFEDT	23	28	1	5					
sequence	hmm	20261001_5ba7356b	XP_047290749.1	_		traf2_binding_variant	Motif		PENGE	338	343	1	5					
sequence	hmm	20261001_5ba7356b	XP_047290749.1	_		traf2_binding_variant	Motif		PLQDA	465	470	1	5					
sequence	hmm	20261001_5ba7356b	XP_047290749.1	_		traf2_binding_variant	Motif		PAEPE	524	529	1	5					
sequence	hmm	20261001_5ba7356b	XP_047290749.1	_		traf2_binding_variant	Motif		PEQET	542	547	1	5					
sequence	hmm	20261001_5ba7356b	XP_047290749.1	_		traf2_binding_permissive	Motif		PFEDT	23	28	1	5					
sequence	hmm	20261001_5ba7356b	XP_047290749.1	_		traf2_binding_permissive	Motif		PENCKE	162	168	1	6					
sequence	hmm	20261001_5ba7356b	XP_047290749.1	_		traf2_binding_permissive	Motif		PCPEGSG	231	238	1	7					
sequence	hmm	20261001_5ba7356b	XP_047290749.1	_		traf2_binding_permissive	Motif		PDCNPT	332	338	1	6					
sequence	hmm	20261001_5ba7356b	XP_047290749.1	_		traf2_binding_permissive	Motif		PENGEA	338	344	1	6					
sequence	hmm	20261001_5ba7356b	XP_047290749.1	_		traf2_binding_permissive	Motif		PVAEERG	437	444	1	7					
sequence	hmm	20261001_5ba7356b	XP_047290749.1	_		traf2_binding_permissive	Motif		PLQDAS	465	471	1	6					
sequence	hmm	20261001_5ba7356b	XP_047290749.1	_		traf2_binding_permissive	Motif		PAEPE	524	529	1	5					
sequence	hmm	20261001_5ba7356b	XP_047290749.1	_		traf2_binding_permissive	Motif		PEQETE	542	548	1	6					
sequence	hmm	20261001_5ba7356b	XP_047290755.1	_		traf6_binding_permissive	Motif		PTQSLL	349	355	1	6					
sequence	hmm	20261001_5ba7356b	XP_047290755.1	_		traf6_binding_permissive	Motif		PAEPEL	523	529	1	6					
sequence	hmm	20261001_5ba7356b	XP_047290755.1	_		traf6_binding_permissive	Motif		PEQETE	541	547	1	6					
sequence	hmm	20261001_5ba7356b	XP_047290755.1	_		traf2_binding_strict	Motif		PFEDT	23	28	1	5					
sequence	hmm	20261001_5ba7356b	XP_047290755.1	_		traf2_binding_strict	Motif		PEQET	541	546	1	5					
sequence	hmm	20261001_5ba7356b	XP_047290755.1	_		traf2_binding_variant	Motif		PFEDT	23	28	1	5					
sequence	hmm	20261001_5ba7356b	XP_047290755.1	_		traf2_binding_variant	Motif		PENGE	338	343	1	5					
sequence	hmm	20261001_5ba7356b	XP_047290755.1	_		traf2_binding_variant	Motif		PLQDA	464	469	1	5					
sequence	hmm	20261001_5ba7356b	XP_047290755.1	_		traf2_binding_variant	Motif		PAEPE	523	528	1	5					
sequence	hmm	20261001_5ba7356b	XP_047290755.1	_		traf2_binding_variant	Motif		PEQET	541	546	1	5					
sequence	hmm	20261001_5ba7356b	XP_047290755.1	_		traf2_binding_permissive	Motif		PFEDT	23	28	1	5					
sequence	hmm	20261001_5ba7356b	XP_047290755.1	_		traf2_binding_permissive	Motif		PENCKE	162	168	1	6					
sequence	hmm	20261001_5ba7356b	XP_047290755.1	_		traf2_binding_permissive	Motif		PCPEGSG	231	238	1	7					
sequence	hmm	20261001_5ba7356b	XP_047290755.1	_		traf2_binding_permissive	Motif		PDCNPT	332	338	1	6					
sequence	hmm	20261001_5ba7356b	XP_047290755.1	_		traf2_binding_permissive	Motif		PENGEA	338	344	1	6					
sequence	hmm	20261001_5ba7356b	XP_047290755.1	_		traf2_binding_permissive	Motif		PVAEERG	436	443	1	7					
sequence	hmm	20261001_5ba7356b	XP_047290755.1	_		traf2_binding_permissive	Motif		PLQDAS	464	470	1	6					
sequence	hmm	20261001_5ba7356b	XP_047290755.1	_		traf2_binding_permissive	Motif		PAEPE	523	528	1	5					
sequence	hmm	20261001_5ba7356b	XP_047290755.1	_		traf2_binding_permissive	Motif		PEQETE	541	547	1	6					
sequence	hmm	20261001_5ba7356b	XP_047298250.1	_		traf6_binding_strict	Motif		PIECTE	284	290	1	6					
sequence	hmm	20261001_5ba7356b	XP_047298250.1	_		traf6_binding_permissive	Motif		PQEATL	146	152	1	6					
sequence	hmm	20261001_5ba7356b	XP_047298250.1	_		traf6_binding_permissive	Motif		PTQESF	262	268	1	6					
sequence	hmm	20261001_5ba7356b	XP_047298250.1	_		traf6_binding_permissive	Motif		PIECTE	284	290	1	6					
sequence	hmm	20261001_5ba7356b	XP_047298250.1	_		traf2_binding_strict	Motif		PQEAT	146	151	1	5					
sequence	hmm	20261001_5ba7356b	XP_047298250.1	_		traf2_binding_strict	Motif		PTQES	262	267	1	5					
sequence	hmm	20261001_5ba7356b	XP_047298250.1	_		traf2_binding_strict	Motif		PIECT	284	289	1	5					
sequence	hmm	20261001_5ba7356b	XP_047298250.1	_		traf2_binding_variant	Motif		PPQEA	145	150	1	5					
sequence	hmm	20261001_5ba7356b	XP_047298250.1	_		traf2_binding_variant	Motif		PTQES	262	267	1	5					
sequence	hmm	20261001_5ba7356b	XP_047298250.1	_		traf2_binding_variant	Motif		PIECT	284	289	1	5					
sequence	hmm	20261001_5ba7356b	XP_047298250.1	_		traf2_binding_permissive	Motif		PPQEAT	145	151	1	6					
sequence	hmm	20261001_5ba7356b	XP_047298250.1	_		traf2_binding_permissive	Motif		PSKETSA	227	234	1	7					
sequence	hmm	20261001_5ba7356b	XP_047298250.1	_		traf2_binding_permissive	Motif		PILEDD	249	255	1	6					
sequence	hmm	20261001_5ba7356b	XP_047298250.1	_		traf2_binding_permissive	Motif		PTQESFT	262	269	1	7					
sequence	hmm	20261001_5ba7356b	XP_047298250.1	_		traf2_binding_permissive	Motif		PIECTE	284	290	1	6					
sequence	hmm	20261001_5ba7356b	XP_047298250.1	_		traf2_binding_permissive	Motif		PFEVPS	324	330	1	6					
sequence	hmm	20261001_5ba7356b	XP_047298251.1	_		traf6_binding_strict	Motif		PIECTE	284	290	1	6					
sequence	hmm	20261001_5ba7356b	XP_047298251.1	_		traf6_binding_permissive	Motif		PQEATL	146	152	1	6					
sequence	hmm	20261001_5ba7356b	XP_047298251.1	_		traf6_binding_permissive	Motif		PTQESF	262	268	1	6					
sequence	hmm	20261001_5ba7356b	XP_047298251.1	_		traf6_binding_permissive	Motif		PIECTE	284	290	1	6					
sequence	hmm	20261001_5ba7356b	XP_047298251.1	_		traf2_binding_strict	Motif		PQEAT	146	151	1	5					
sequence	hmm	20261001_5ba7356b	XP_047298251.1	_		traf2_binding_strict	Motif		PTQES	262	267	1	5					
sequence	hmm	20261001_5ba7356b	XP_047298251.1	_		traf2_binding_strict	Motif		PIECT	284	289	1	5					
sequence	hmm	20261001_5ba7356b	XP_047298251.1	_		traf2_binding_variant	Motif		PPQEA	145	150	1	5					
sequence	hmm	20261001_5ba7356b	XP_047298251.1	_		traf2_binding_variant	Motif		PTQES	262	267	1	5					
sequence	hmm	20261001_5ba7356b	XP_047298251.1	_		traf2_binding_variant	Motif		PIECT	284	289	1	5					
sequence	hmm	20261001_5ba7356b	XP_047298251.1	_		traf2_binding_permissive	Motif		PPQEAT	145	151	1	6					
sequence	hmm	20261001_5ba7356b	XP_047298251.1	_		traf2_binding_permissive	Motif		PSKETSA	227	234	1	7					
sequence	hmm	20261001_5ba7356b	XP_047298251.1	_		traf2_binding_permissive	Motif		PILEDD	249	255	1	6					
sequence	hmm	20261001_5ba7356b	XP_047298251.1	_		traf2_binding_permissive	Motif		PTQESFT	262	269	1	7					
sequence	hmm	20261001_5ba7356b	XP_047298251.1	_		traf2_binding_permissive	Motif		PIECTE	284	290	1	6					
sequence	hmm	20261001_5ba7356b	XP_047298251.1	_		traf2_binding_permissive	Motif		PFEVPS	324	330	1	6					
sequence	hmm	20261001_5ba7356b	XP_047298252.1	_		traf6_binding_strict	Motif		PIECTE	271	277	1	6					
sequence	hmm	20261001_5ba7356b	XP_047298252.1	_		traf6_binding_permissive	Motif		PQEATL	133	139	1	6					
sequence	hmm	20261001_5ba7356b	XP_047298252.1	_		traf6_binding_permissive	Motif		PTQESF	249	255	1	6					
sequence	hmm	20261001_5ba7356b	XP_047298252.1	_		traf6_binding_permissive	Motif		PIECTE	271	277	1	6					
sequence	hmm	20261001_5ba7356b	XP_047298252.1	_		traf2_binding_strict	Motif		PQEAT	133	138	1	5					
sequence	hmm	20261001_5ba7356b	XP_047298252.1	_		traf2_binding_strict	Motif		PTQES	249	254	1	5					
sequence	hmm	20261001_5ba7356b	XP_047298252.1	_		traf2_binding_strict	Motif		PIECT	271	276	1	5					
sequence	hmm	20261001_5ba7356b	XP_047298252.1	_		traf2_binding_variant	Motif		PPQEA	132	137	1	5					
sequence	hmm	20261001_5ba7356b	XP_047298252.1	_		traf2_binding_variant	Motif		PTQES	249	254	1	5					
sequence	hmm	20261001_5ba7356b	XP_047298252.1	_		traf2_binding_variant	Motif		PIECT	271	276	1	5					
sequence	hmm	20261001_5ba7356b	XP_047298252.1	_		traf2_binding_permissive	Motif		PGQELS	22	28	1	6					
sequence	hmm	20261001_5ba7356b	XP_047298252.1	_		traf2_binding_permissive	Motif		PPQEAT	132	138	1	6					
sequence	hmm	20261001_5ba7356b	XP_047298252.1	_		traf2_binding_permissive	Motif		PSKETSA	214	221	1	7					
sequence	hmm	20261001_5ba7356b	XP_047298252.1	_		traf2_binding_permissive	Motif		PILEDD	236	242	1	6					
sequence	hmm	20261001_5ba7356b	XP_047298252.1	_		traf2_binding_permissive	Motif		PTQESFT	249	256	1	7					
sequence	hmm	20261001_5ba7356b	XP_047298252.1	_		traf2_binding_permissive	Motif		PIECTE	271	277	1	6					
sequence	hmm	20261001_5ba7356b	XP_047298252.1	_		traf2_binding_permissive	Motif		PFEVPS	311	317	1	6					
sequence	hmm	20261001_5ba7356b	XP_047298253.1	_		traf6_binding_strict	Motif		PIECTE	265	271	1	6					
sequence	hmm	20261001_5ba7356b	XP_047298253.1	_		traf6_binding_permissive	Motif		PQEATL	146	152	1	6					
sequence	hmm	20261001_5ba7356b	XP_047298253.1	_		traf6_binding_permissive	Motif		PTQESF	243	249	1	6					
sequence	hmm	20261001_5ba7356b	XP_047298253.1	_		traf6_binding_permissive	Motif		PIECTE	265	271	1	6					
sequence	hmm	20261001_5ba7356b	XP_047298253.1	_		traf2_binding_strict	Motif		PQEAT	146	151	1	5					
sequence	hmm	20261001_5ba7356b	XP_047298253.1	_		traf2_binding_strict	Motif		PTQES	243	248	1	5					
sequence	hmm	20261001_5ba7356b	XP_047298253.1	_		traf2_binding_strict	Motif		PIECT	265	270	1	5					
sequence	hmm	20261001_5ba7356b	XP_047298253.1	_		traf2_binding_variant	Motif		PPQEA	145	150	1	5					
sequence	hmm	20261001_5ba7356b	XP_047298253.1	_		traf2_binding_variant	Motif		PTQES	243	248	1	5					
sequence	hmm	20261001_5ba7356b	XP_047298253.1	_		traf2_binding_variant	Motif		PIECT	265	270	1	5					
sequence	hmm	20261001_5ba7356b	XP_047298253.1	_		traf2_binding_permissive	Motif		PPQEAT	145	151	1	6					
sequence	hmm	20261001_5ba7356b	XP_047298253.1	_		traf2_binding_permissive	Motif		PSKETSA	208	215	1	7					
sequence	hmm	20261001_5ba7356b	XP_047298253.1	_		traf2_binding_permissive	Motif		PILEDD	230	236	1	6					
sequence	hmm	20261001_5ba7356b	XP_047298253.1	_		traf2_binding_permissive	Motif		PTQESFT	243	250	1	7					
sequence	hmm	20261001_5ba7356b	XP_047298253.1	_		traf2_binding_permissive	Motif		PIECTE	265	271	1	6					
sequence	hmm	20261001_5ba7356b	XP_047298253.1	_		traf2_binding_permissive	Motif		PFEVPS	305	311	1	6					
sequence	hmm	20261001_5ba7356b	XP_047298254.1	_		traf6_binding_strict	Motif		PIECTE	263	269	1	6					
sequence	hmm	20261001_5ba7356b	XP_047298254.1	_		traf6_binding_permissive	Motif		PQEATL	146	152	1	6					
sequence	hmm	20261001_5ba7356b	XP_047298254.1	_		traf6_binding_permissive	Motif		PTQESF	241	247	1	6					
sequence	hmm	20261001_5ba7356b	XP_047298254.1	_		traf6_binding_permissive	Motif		PIECTE	263	269	1	6					
sequence	hmm	20261001_5ba7356b	XP_047298254.1	_		traf2_binding_strict	Motif		PQEAT	146	151	1	5					
sequence	hmm	20261001_5ba7356b	XP_047298254.1	_		traf2_binding_strict	Motif		PTQES	241	246	1	5					
sequence	hmm	20261001_5ba7356b	XP_047298254.1	_		traf2_binding_strict	Motif		PIECT	263	268	1	5					
sequence	hmm	20261001_5ba7356b	XP_047298254.1	_		traf2_binding_variant	Motif		PPQEA	145	150	1	5					
sequence	hmm	20261001_5ba7356b	XP_047298254.1	_		traf2_binding_variant	Motif		PTQES	241	246	1	5					
sequence	hmm	20261001_5ba7356b	XP_047298254.1	_		traf2_binding_variant	Motif		PIECT	263	268	1	5					
sequence	hmm	20261001_5ba7356b	XP_047298254.1	_		traf2_binding_permissive	Motif		PPQEAT	145	151	1	6					
sequence	hmm	20261001_5ba7356b	XP_047298254.1	_		traf2_binding_permissive	Motif		PSKETSA	206	213	1	7					
sequence	hmm	20261001_5ba7356b	XP_047298254.1	_		traf2_binding_permissive	Motif		PILEDD	228	234	1	6					
sequence	hmm	20261001_5ba7356b	XP_047298254.1	_		traf2_binding_permissive	Motif		PTQESFT	241	248	1	7					
sequence	hmm	20261001_5ba7356b	XP_047298254.1	_		traf2_binding_permissive	Motif		PIECTE	263	269	1	6					
sequence	hmm	20261001_5ba7356b	XP_047298254.1	_		traf2_binding_permissive	Motif		PFEVPS	303	309	1	6					
sequence	hmm	20261001_5ba7356b	XP_047298255.1	_		traf6_binding_strict	Motif		PIECTE	252	258	1	6					
sequence	hmm	20261001_5ba7356b	XP_047298255.1	_		traf6_binding_permissive	Motif		PQEATL	133	139	1	6					
sequence	hmm	20261001_5ba7356b	XP_047298255.1	_		traf6_binding_permissive	Motif		PTQESF	230	236	1	6					
sequence	hmm	20261001_5ba7356b	XP_047298255.1	_		traf6_binding_permissive	Motif		PIECTE	252	258	1	6					
sequence	hmm	20261001_5ba7356b	XP_047298255.1	_		traf2_binding_strict	Motif		PQEAT	133	138	1	5					
sequence	hmm	20261001_5ba7356b	XP_047298255.1	_		traf2_binding_strict	Motif		PTQES	230	235	1	5					
sequence	hmm	20261001_5ba7356b	XP_047298255.1	_		traf2_binding_strict	Motif		PIECT	252	257	1	5					
sequence	hmm	20261001_5ba7356b	XP_047298255.1	_		traf2_binding_variant	Motif		PPQEA	132	137	1	5					
sequence	hmm	20261001_5ba7356b	XP_047298255.1	_		traf2_binding_variant	Motif		PTQES	230	235	1	5					
sequence	hmm	20261001_5ba7356b	XP_047298255.1	_		traf2_binding_variant	Motif		PIECT	252	257	1	5					
sequence	hmm	20261001_5ba7356b	XP_047298255.1	_		traf2_binding_permissive	Motif		PGQELS	22	28	1	6					
sequence	hmm	20261001_5ba7356b	XP_047298255.1	_		traf2_binding_permissive	Motif		PPQEAT	132	138	1	6					
sequence	hmm	20261001_5ba7356b	XP_047298255.1	_		traf2_binding_permissive	Motif		PSKETSA	195	202	1	7					
sequence	hmm	20261001_5ba7356b	XP_047298255.1	_		traf2_binding_permissive	Motif		PILEDD	217	223	1	6					
sequence	hmm	20261001_5ba7356b	XP_047298255.1	_		traf2_binding_permissive	Motif		PTQESFT	230	237	1	7					
sequence	hmm	20261001_5ba7356b	XP_047298255.1	_		traf2_binding_permissive	Motif		PIECTE	252	258	1	6					
sequence	hmm	20261001_5ba7356b	XP_047298255.1	_		traf2_binding_permissive	Motif		PFEVPS	292	298	1	6					
sequence	hmm	20261001_5ba7356b	XP_047298256.1	_		traf6_binding_permissive	Motif		PQEATL	146	152	1	6					
sequence	hmm	20261001_5ba7356b	XP_047298256.1	_		traf2_binding_strict	Motif		PQEAT	146	151	1	5					
sequence	hmm	20261001_5ba7356b	XP_047298256.1	_		traf2_binding_variant	Motif		PPQEA	145	150	1	5					
sequence	hmm	20261001_5ba7356b	XP_047298256.1	_		traf2_binding_permissive	Motif		PPQEAT	145	151	1	6					
sequence	hmm	20261001_5ba7356b	XP_047298256.1	_		traf2_binding_permissive	Motif		PSKETSA	227	234	1	7					
sequence	hmm	20261001_5ba7356b	XP_047298256.1	_		traf2_binding_permissive	Motif		PQQQQG	256	262	1	6					
sequence	hmm	20261001_5ba7356b	XP_047298257.1	_		traf6_binding_permissive	Motif		PQEATL	133	139	1	6					
sequence	hmm	20261001_5ba7356b	XP_047298257.1	_		traf2_binding_strict	Motif		PQEAT	133	138	1	5					
sequence	hmm	20261001_5ba7356b	XP_047298257.1	_		traf2_binding_variant	Motif		PPQEA	132	137	1	5					
sequence	hmm	20261001_5ba7356b	XP_047298257.1	_		traf2_binding_permissive	Motif		PGQELS	22	28	1	6					
sequence	hmm	20261001_5ba7356b	XP_047298257.1	_		traf2_binding_permissive	Motif		PPQEAT	132	138	1	6					
sequence	hmm	20261001_5ba7356b	XP_047298257.1	_		traf2_binding_permissive	Motif		PSKETSA	214	221	1	7					
sequence	hmm	20261001_5ba7356b	XP_047298257.1	_		traf2_binding_permissive	Motif		PQQQQG	243	249	1	6					
sequence	hmm	20261001_5ba7356b	XP_047298258.1	_		traf6_binding_permissive	Motif		PQEATL	146	152	1	6					
sequence	hmm	20261001_5ba7356b	XP_047298258.1	_		traf2_binding_strict	Motif		PQEAT	146	151	1	5					
sequence	hmm	20261001_5ba7356b	XP_047298258.1	_		traf2_binding_variant	Motif		PPQEA	145	150	1	5					
sequence	hmm	20261001_5ba7356b	XP_047298258.1	_		traf2_binding_permissive	Motif		PPQEAT	145	151	1	6					
sequence	hmm	20261001_5ba7356b	XP_047298258.1	_		traf2_binding_permissive	Motif		PSKETSA	206	213	1	7					
sequence	hmm	20261001_5ba7356b	XP_047298258.1	_		traf2_binding_permissive	Motif		PQQQQG	235	241	1	6					
sequence	hmm	20261001_5ba7356b	XP_047298259.1	_		traf6_binding_permissive	Motif		PQEATL	133	139	1	6					
sequence	hmm	20261001_5ba7356b	XP_047298259.1	_		traf2_binding_strict	Motif		PQEAT	133	138	1	5					
sequence	hmm	20261001_5ba7356b	XP_047298259.1	_		traf2_binding_variant	Motif		PPQEA	132	137	1	5					
sequence	hmm	20261001_5ba7356b	XP_047298259.1	_		traf2_binding_permissive	Motif		PGQELS	22	28	1	6					
sequence	hmm	20261001_5ba7356b	XP_047298259.1	_		traf2_binding_permissive	Motif		PPQEAT	132	138	1	6					
sequence	hmm	20261001_5ba7356b	XP_047298259.1	_		traf2_binding_permissive	Motif		PSKETSA	195	202	1	7					
sequence	hmm	20261001_5ba7356b	XP_047298259.1	_		traf2_binding_permissive	Motif		PQQQQG	224	230	1	6					
sequence	hmm	20261001_5ba7356b	XP_047298260.1	_		traf6_binding_permissive	Motif		PQEATL	133	139	1	6					
sequence	hmm	20261001_5ba7356b	XP_047298260.1	_		traf2_binding_strict	Motif		PQEAT	133	138	1	5					
sequence	hmm	20261001_5ba7356b	XP_047298260.1	_		traf2_binding_variant	Motif		PPQEA	132	137	1	5					
sequence	hmm	20261001_5ba7356b	XP_047298260.1	_		traf2_binding_permissive	Motif		PGQELS	22	28	1	6					
sequence	hmm	20261001_5ba7356b	XP_047298260.1	_		traf2_binding_permissive	Motif		PPQEAT	132	138	1	6					
sequence	hmm	20261001_5ba7356b	XP_047298260.1	_		traf2_binding_permissive	Motif		PSKETSA	195	202	1	7					
sequence	hmm	20261001_5ba7356b	XP_047298260.1	_		traf2_binding_permissive	Motif		PQQQQG	224	230	1	6					
sequence	hmm	20261001_5ba7356b	XP_047298261.1	_		traf6_binding_permissive	Motif		PQEATL	133	139	1	6					
sequence	hmm	20261001_5ba7356b	XP_047298261.1	_		traf2_binding_strict	Motif		PQEAT	133	138	1	5					
sequence	hmm	20261001_5ba7356b	XP_047298261.1	_		traf2_binding_variant	Motif		PPQEA	132	137	1	5					
sequence	hmm	20261001_5ba7356b	XP_047298261.1	_		traf2_binding_permissive	Motif		PGQELS	22	28	1	6					
sequence	hmm	20261001_5ba7356b	XP_047298261.1	_		traf2_binding_permissive	Motif		PPQEAT	132	138	1	6					
sequence	hmm	20261001_5ba7356b	XP_047298261.1	_		traf2_binding_permissive	Motif		PSKETSA	193	200	1	7					
sequence	hmm	20261001_5ba7356b	XP_047298261.1	_		traf2_binding_permissive	Motif		PQQQQG	222	228	1	6					
sequence	hmm	20261001_5ba7356b	XP_047298262.1	_		traf6_binding_permissive	Motif		PQEATL	146	152	1	6					
sequence	hmm	20261001_5ba7356b	XP_047298262.1	_		traf2_binding_strict	Motif		PQEAT	146	151	1	5					
sequence	hmm	20261001_5ba7356b	XP_047298262.1	_		traf2_binding_variant	Motif		PPQEA	145	150	1	5					
sequence	hmm	20261001_5ba7356b	XP_047298262.1	_		traf2_binding_permissive	Motif		PPQEAT	145	151	1	6					
sequence	hmm	20261001_5ba7356b	XP_047298263.1	_		traf6_binding_permissive	Motif		PQEATL	146	152	1	6					
sequence	hmm	20261001_5ba7356b	XP_047298263.1	_		traf2_binding_strict	Motif		PQEAT	146	151	1	5					
sequence	hmm	20261001_5ba7356b	XP_047298263.1	_		traf2_binding_variant	Motif		PPQEA	145	150	1	5					
sequence	hmm	20261001_5ba7356b	XP_047298263.1	_		traf2_binding_permissive	Motif		PPQEAT	145	151	1	6					
sequence	hmm	20261001_5ba7356b	XP_047298265.1	_		traf6_binding_permissive	Motif		PQEATL	146	152	1	6					
sequence	hmm	20261001_5ba7356b	XP_047298265.1	_		traf2_binding_strict	Motif		PQEAT	146	151	1	5					
sequence	hmm	20261001_5ba7356b	XP_047298265.1	_		traf2_binding_variant	Motif		PPQEA	145	150	1	5					
sequence	hmm	20261001_5ba7356b	XP_047298265.1	_		traf2_binding_permissive	Motif		PPQEAT	145	151	1	6					
sequence	hmm	20261001_5ba7356b	XP_047298266.1	_		traf6_binding_permissive	Motif		PQEATL	133	139	1	6					
sequence	hmm	20261001_5ba7356b	XP_047298266.1	_		traf2_binding_strict	Motif		PQEAT	133	138	1	5					
sequence	hmm	20261001_5ba7356b	XP_047298266.1	_		traf2_binding_variant	Motif		PPQEA	132	137	1	5					
sequence	hmm	20261001_5ba7356b	XP_047298266.1	_		traf2_binding_permissive	Motif		PGQELS	22	28	1	6					
sequence	hmm	20261001_5ba7356b	XP_047298266.1	_		traf2_binding_permissive	Motif		PPQEAT	132	138	1	6					
sequence	hmm	20261001_5ba7356b	XP_047298267.1	_		traf6_binding_permissive	Motif		PQEATL	133	139	1	6					
sequence	hmm	20261001_5ba7356b	XP_047298267.1	_		traf2_binding_strict	Motif		PQEAT	133	138	1	5					
sequence	hmm	20261001_5ba7356b	XP_047298267.1	_		traf2_binding_variant	Motif		PPQEA	132	137	1	5					
sequence	hmm	20261001_5ba7356b	XP_047298267.1	_		traf2_binding_permissive	Motif		PGQELS	22	28	1	6					
sequence	hmm	20261001_5ba7356b	XP_047298267.1	_		traf2_binding_permissive	Motif		PPQEAT	132	138	1	6					
sequence	hmm	20261001_5ba7356b	XP_047298268.1	_		traf6_binding_permissive	Motif		PQEATL	133	139	1	6					
sequence	hmm	20261001_5ba7356b	XP_047298268.1	_		traf2_binding_strict	Motif		PQEAT	133	138	1	5					
sequence	hmm	20261001_5ba7356b	XP_047298268.1	_		traf2_binding_variant	Motif		PPQEA	132	137	1	5					
sequence	hmm	20261001_5ba7356b	XP_047298268.1	_		traf2_binding_permissive	Motif		PGQELS	22	28	1	6					
sequence	hmm	20261001_5ba7356b	XP_047298268.1	_		traf2_binding_permissive	Motif		PPQEAT	132	138	1	6					
sequence	hmm	20261001_5ba7356b	XP_047298269.1	_		traf6_binding_permissive	Motif		PQEATL	133	139	1	6					
sequence	hmm	20261001_5ba7356b	XP_047298269.1	_		traf2_binding_strict	Motif		PQEAT	133	138	1	5					
sequence	hmm	20261001_5ba7356b	XP_047298269.1	_		traf2_binding_variant	Motif		PPQEA	132	137	1	5					
sequence	hmm	20261001_5ba7356b	XP_047298269.1	_		traf2_binding_permissive	Motif		PGQELS	22	28	1	6					
sequence	hmm	20261001_5ba7356b	XP_047298269.1	_		traf2_binding_permissive	Motif		PPQEAT	132	138	1	6					
sequence	hmm	20261001_5ba7356b	XP_047298270.1	_		traf6_binding_permissive	Motif		PQEATL	146	152	1	6					
sequence	hmm	20261001_5ba7356b	XP_047298270.1	_		traf2_binding_strict	Motif		PQEAT	146	151	1	5					
sequence	hmm	20261001_5ba7356b	XP_047298270.1	_		traf2_binding_variant	Motif		PPQEA	145	150	1	5					
sequence	hmm	20261001_5ba7356b	XP_047298270.1	_		traf2_binding_permissive	Motif		PPQEAT	145	151	1	6					
sequence	hmm	20261001_5ba7356b	XP_047298271.1	_		traf6_binding_permissive	Motif		PQEATL	133	139	1	6					
sequence	hmm	20261001_5ba7356b	XP_047298271.1	_		traf2_binding_strict	Motif		PQEAT	133	138	1	5					
sequence	hmm	20261001_5ba7356b	XP_047298271.1	_		traf2_binding_variant	Motif		PPQEA	132	137	1	5					
sequence	hmm	20261001_5ba7356b	XP_047298271.1	_		traf2_binding_permissive	Motif		PGQELS	22	28	1	6					
sequence	hmm	20261001_5ba7356b	XP_047298271.1	_		traf2_binding_permissive	Motif		PPQEAT	132	138	1	6					
sequence	hmm	20261001_5ba7356b	XP_047298274.1	_		traf6_binding_permissive	Motif		PQEATL	146	152	1	6					
sequence	hmm	20261001_5ba7356b	XP_047298274.1	_		traf2_binding_strict	Motif		PQEAT	146	151	1	5					
sequence	hmm	20261001_5ba7356b	XP_047298274.1	_		traf2_binding_variant	Motif		PPQEA	145	150	1	5					
sequence	hmm	20261001_5ba7356b	XP_047298274.1	_		traf2_binding_permissive	Motif		PPQEAT	145	151	1	6					
sequence	hmm	20261001_5ba7356b	XP_047298274.1	_		traf2_binding_permissive	Motif		PQQQQG	174	180	1	6					
sequence	hmm	20261001_5ba7356b	XP_047298275.1	_		traf2_binding_strict	Motif		PVELS	91	96	1	5					
sequence	hmm	20261001_5ba7356b	XP_047298275.1	_		traf2_binding_variant	Motif		PVELS	91	96	1	5					
sequence	hmm	20261001_5ba7356b	XP_047298275.1	_		traf2_binding_permissive	Motif		PGQELS	22	28	1	6					
sequence	hmm	20261001_5ba7356b	XP_047298275.1	_		traf2_binding_permissive	Motif		PVELSG	91	97	1	6					
sequence	hmm	20261001_5ba7356b	XP_047298277.1	_		traf2_binding_strict	Motif		PVELS	91	96	1	5					
sequence	hmm	20261001_5ba7356b	XP_047298277.1	_		traf2_binding_variant	Motif		PVELS	91	96	1	5					
sequence	hmm	20261001_5ba7356b	XP_047298277.1	_		traf2_binding_permissive	Motif		PGQELS	22	28	1	6					
sequence	hmm	20261001_5ba7356b	XP_047298277.1	_		traf2_binding_permissive	Motif		PVELSG	91	97	1	6					
sequence	hmm	20261001_5ba7356b	XP_047298277.1	_		traf2_binding_permissive	Motif		PSKETSA	136	143	1	7					
sequence	hmm	20261001_5ba7356b	XP_047298277.1	_		traf2_binding_permissive	Motif		PQQQQG	165	171	1	6					
sequence	hmm	20261001_5ba7356b	XP_047298280.1	_		traf6_binding_permissive	Motif		PQEATL	133	139	1	6					
sequence	hmm	20261001_5ba7356b	XP_047298280.1	_		traf2_binding_strict	Motif		PQEAT	133	138	1	5					
sequence	hmm	20261001_5ba7356b	XP_047298280.1	_		traf2_binding_variant	Motif		PPQEA	132	137	1	5					
sequence	hmm	20261001_5ba7356b	XP_047298280.1	_		traf2_binding_permissive	Motif		PGQELS	22	28	1	6					
sequence	hmm	20261001_5ba7356b	XP_047298280.1	_		traf2_binding_permissive	Motif		PPQEAT	132	138	1	6					
sequence	hmm	20261001_5ba7356b	XP_047298280.1	_		traf2_binding_permissive	Motif		PQQQQG	161	167	1	6					
sequence	hmm	20261001_5ba7356b	XP_047298281.1	_		traf6_binding_permissive	Motif		PQEATL	146	152	1	6					
sequence	hmm	20261001_5ba7356b	XP_047298281.1	_		traf2_binding_strict	Motif		PQEAT	146	151	1	5					
sequence	hmm	20261001_5ba7356b	XP_047298281.1	_		traf2_binding_variant	Motif		PPQEA	145	150	1	5					
sequence	hmm	20261001_5ba7356b	XP_047298281.1	_		traf2_binding_permissive	Motif		PPQEAT	145	151	1	6					
