detection_type	detection_method	batch	query_accession	query_database	query_type	target_accession	target_database	target_type	target_model	query_start	query_end	target_start	target_end	evalue	bitscore	bitscore_threshold	custom_metric_name	custom_metric_value
sequence	other	20261001_b56ff9a9	KAJ7327375.1	_		signal	DeepTMHMM			1	54	1	54					
sequence	other	20261001_b56ff9a9	KAJ7327375.1	_		outside	DeepTMHMM			55	261	1	207					
sequence	other	20261001_b56ff9a9	KAJ7327375.1	_		membrane	DeepTMHMM			262	282	1	21					
sequence	other	20261001_b56ff9a9	KAJ7327375.1	_		inside	DeepTMHMM			283	465	1	183					
sequence	other	20261001_b56ff9a9	KAJ7327376.1	_		outside	DeepTMHMM			1	171	1	171					
sequence	other	20261001_b56ff9a9	KAJ7327376.1	_		membrane	DeepTMHMM			172	195	1	24					
sequence	other	20261001_b56ff9a9	KAJ7327376.1	_		inside	DeepTMHMM			196	337	1	142					
sequence	other	20261001_b56ff9a9	KAJ7327384.1	_		signal	DeepTMHMM			1	47	1	47					
sequence	other	20261001_b56ff9a9	KAJ7327384.1	_		outside	DeepTMHMM			48	482	1	435					
sequence	other	20261001_b56ff9a9	KAJ7327392.1	_		signal	DeepTMHMM			1	26	1	26					
sequence	other	20261001_b56ff9a9	KAJ7327392.1	_		outside	DeepTMHMM			27	243	1	217					
sequence	other	20261001_b56ff9a9	KAJ7336011.1	_		signal	DeepTMHMM			1	23	1	23					
sequence	other	20261001_b56ff9a9	KAJ7336011.1	_		outside	DeepTMHMM			24	213	1	190					
sequence	other	20261001_b56ff9a9	KAJ7336011.1	_		membrane	DeepTMHMM			214	234	1	21					
sequence	other	20261001_b56ff9a9	KAJ7336011.1	_		inside	DeepTMHMM			235	278	1	44					
sequence	other	20261001_b56ff9a9	KAJ7350208.1	_		outside	DeepTMHMM			1	320	1	320					
sequence	other	20261001_b56ff9a9	KAJ7350208.1	_		membrane	DeepTMHMM			321	330	1	10					
sequence	other	20261001_b56ff9a9	KAJ7350208.1	_		inside	DeepTMHMM			331	749	1	419					
sequence	other	20261001_b56ff9a9	KAJ7383737.1	_		signal	DeepTMHMM			1	21	1	21					
sequence	other	20261001_b56ff9a9	KAJ7383737.1	_		outside	DeepTMHMM			22	262	1	241					
sequence	other	20261001_b56ff9a9	KAJ7383737.1	_		membrane	DeepTMHMM			263	283	1	21					
sequence	other	20261001_b56ff9a9	KAJ7383737.1	_		inside	DeepTMHMM			284	444	1	161					
sequence	other	20261001_b56ff9a9	KAJ7390627.1	_		signal	DeepTMHMM			1	20	1	20					
sequence	other	20261001_b56ff9a9	KAJ7390627.1	_		outside	DeepTMHMM			21	226	1	206					
sequence	other	20261001_b56ff9a9	KAJ7390627.1	_		membrane	DeepTMHMM			227	247	1	21					
sequence	other	20261001_b56ff9a9	KAJ7390627.1	_		inside	DeepTMHMM			248	397	1	150					
sequence	other	20261001_b56ff9a9	KAJ7390799.1	_		signal	DeepTMHMM			1	29	1	29					
sequence	other	20261001_b56ff9a9	KAJ7390799.1	_		outside	DeepTMHMM			30	159	1	130					
sequence	other	20261001_b56ff9a9	KAJ7390799.1	_		membrane	DeepTMHMM			160	180	1	21					
sequence	other	20261001_b56ff9a9	KAJ7390799.1	_		inside	DeepTMHMM			181	317	1	137					
sequence	other	20261001_b56ff9a9	KAJ7393224.1	_		signal	DeepTMHMM			1	18	1	18					
sequence	other	20261001_b56ff9a9	KAJ7393224.1	_		outside	DeepTMHMM			19	242	1	224					
sequence	other	20261001_b56ff9a9	KAJ7393224.1	_		membrane	DeepTMHMM			243	264	1	22					
sequence	other	20261001_b56ff9a9	KAJ7393224.1	_		inside	DeepTMHMM			265	408	1	144					
sequence	other	20261001_b56ff9a9	KAK2549715.1	_		signal	DeepTMHMM			1	22	1	22					
sequence	other	20261001_b56ff9a9	KAK2549715.1	_		outside	DeepTMHMM			23	208	1	186					
sequence	other	20261001_b56ff9a9	KAK2549715.1	_		membrane	DeepTMHMM			209	229	1	21					
sequence	other	20261001_b56ff9a9	KAK2549715.1	_		inside	DeepTMHMM			230	629	1	400					
sequence	other	20261001_b56ff9a9	KAK2549715.1	_		membrane	DeepTMHMM			630	639	1	10					
sequence	other	20261001_b56ff9a9	KAK2549715.1	_		outside	DeepTMHMM			640	823	1	184					
sequence	other	20261001_b56ff9a9	KAK2549715.1	_		membrane	DeepTMHMM			824	844	1	21					
sequence	other	20261001_b56ff9a9	KAK2549715.1	_		inside	DeepTMHMM			845	1260	1	416					
sequence	other	20261001_b56ff9a9	KAK2553330.1	_		signal	DeepTMHMM			1	23	1	23					
sequence	other	20261001_b56ff9a9	KAK2553330.1	_		outside	DeepTMHMM			24	316	1	293					
sequence	other	20261001_b56ff9a9	KAK2553330.1	_		membrane	DeepTMHMM			317	326	1	10					
sequence	other	20261001_b56ff9a9	KAK2553330.1	_		inside	DeepTMHMM			327	327	1	1					
sequence	other	20261001_b56ff9a9	KAK2553330.1	_		membrane	DeepTMHMM			328	341	1	14					
sequence	other	20261001_b56ff9a9	KAK2553330.1	_		outside	DeepTMHMM			342	931	1	590					
sequence	other	20261001_b56ff9a9	KAK2553330.1	_		membrane	DeepTMHMM			932	942	1	11					
sequence	other	20261001_b56ff9a9	KAK2553330.1	_		inside	DeepTMHMM			943	943	1	1					
sequence	other	20261001_b56ff9a9	KAK2553330.1	_		membrane	DeepTMHMM			944	953	1	10					
sequence	other	20261001_b56ff9a9	KAK2553330.1	_		outside	DeepTMHMM			954	1450	1	497					
sequence	other	20261001_b56ff9a9	KAK2553330.1	_		membrane	DeepTMHMM			1451	1470	1	20					
sequence	other	20261001_b56ff9a9	KAK2553330.1	_		inside	DeepTMHMM			1471	1491	1	21					
sequence	other	20261001_b56ff9a9	KAK2553388.1	_		outside	DeepTMHMM			1	316	1	316					
sequence	other	20261001_b56ff9a9	KAK2553388.1	_		membrane	DeepTMHMM			317	337	1	21					
sequence	other	20261001_b56ff9a9	KAK2553388.1	_		inside	DeepTMHMM			338	590	1	253					
sequence	other	20261001_b56ff9a9	KAK2555353.1	_		signal	DeepTMHMM			1	24	1	24					
sequence	other	20261001_b56ff9a9	KAK2555353.1	_		outside	DeepTMHMM			25	217	1	193					
sequence	other	20261001_b56ff9a9	KAK2555353.1	_		membrane	DeepTMHMM			218	238	1	21					
sequence	other	20261001_b56ff9a9	KAK2555353.1	_		inside	DeepTMHMM			239	301	1	63					
sequence	other	20261001_b56ff9a9	KAK2555542.1	_		outside	DeepTMHMM			1	294	1	294					
sequence	other	20261001_b56ff9a9	KAK2555542.1	_		membrane	DeepTMHMM			295	314	1	20					
sequence	other	20261001_b56ff9a9	KAK2555542.1	_		inside	DeepTMHMM			315	678	1	364					
sequence	other	20261001_b56ff9a9	KAK2555542.1	_		membrane	DeepTMHMM			679	688	1	10					
sequence	other	20261001_b56ff9a9	KAK2555542.1	_		outside	DeepTMHMM			689	867	1	179					
sequence	other	20261001_b56ff9a9	KAK2555542.1	_		membrane	DeepTMHMM			868	887	1	20					
sequence	other	20261001_b56ff9a9	KAK2555542.1	_		inside	DeepTMHMM			888	962	1	75					
sequence	other	20261001_b56ff9a9	KAK2556396.1	_		signal	DeepTMHMM			1	10	1	10					
sequence	other	20261001_b56ff9a9	KAK2556396.1	_		outside	DeepTMHMM			11	221	1	211					
sequence	other	20261001_b56ff9a9	KAK2556396.1	_		membrane	DeepTMHMM			222	243	1	22					
sequence	other	20261001_b56ff9a9	KAK2556396.1	_		inside	DeepTMHMM			244	358	1	115					
sequence	other	20261001_b56ff9a9	KAK2556567.1	_		signal	DeepTMHMM			1	25	1	25					
sequence	other	20261001_b56ff9a9	KAK2556567.1	_		outside	DeepTMHMM			26	249	1	224					
sequence	other	20261001_b56ff9a9	KAK2556567.1	_		membrane	DeepTMHMM			250	270	1	21					
sequence	other	20261001_b56ff9a9	KAK2556567.1	_		inside	DeepTMHMM			271	385	1	115					
sequence	other	20261001_b56ff9a9	KAK2561718.1	_		signal	DeepTMHMM			1	23	1	23					
sequence	other	20261001_b56ff9a9	KAK2561718.1	_		outside	DeepTMHMM			24	222	1	199					
sequence	other	20261001_b56ff9a9	KAK2561718.1	_		membrane	DeepTMHMM			223	243	1	21					
sequence	other	20261001_b56ff9a9	KAK2561718.1	_		inside	DeepTMHMM			244	376	1	133					
sequence	other	20261001_b56ff9a9	KAK2563088.1	_		signal	DeepTMHMM			1	17	1	17					
sequence	other	20261001_b56ff9a9	KAK2563088.1	_		outside	DeepTMHMM			18	320	1	303					
sequence	other	20261001_b56ff9a9	KAK2563088.1	_		membrane	DeepTMHMM			321	341	1	21					
sequence	other	20261001_b56ff9a9	KAK2563088.1	_		inside	DeepTMHMM			342	785	1	444					
sequence	other	20261001_b56ff9a9	KAK2563089.1	_		outside	DeepTMHMM			1	208	1	208					
sequence	other	20261001_b56ff9a9	KAK2563089.1	_		membrane	DeepTMHMM			209	227	1	19					
sequence	other	20261001_b56ff9a9	KAK2563089.1	_		inside	DeepTMHMM			228	348	1	121					
sequence	other	20261001_b56ff9a9	KAK2563212.1	_		signal	DeepTMHMM			1	35	1	35					
sequence	other	20261001_b56ff9a9	KAK2563212.1	_		outside	DeepTMHMM			36	240	1	205					
sequence	other	20261001_b56ff9a9	KAK2563212.1	_		membrane	DeepTMHMM			241	261	1	21					
sequence	other	20261001_b56ff9a9	KAK2563212.1	_		inside	DeepTMHMM			262	469	1	208					
sequence	other	20261001_b56ff9a9	CAB3979165.1	_		signal	DeepTMHMM			1	16	1	16					
sequence	other	20261001_b56ff9a9	CAB3979165.1	_		outside	DeepTMHMM			17	199	1	183					
sequence	other	20261001_b56ff9a9	CAB3979165.1	_		membrane	DeepTMHMM			200	220	1	21					
sequence	other	20261001_b56ff9a9	CAB3979165.1	_		inside	DeepTMHMM			221	347	1	127					
sequence	other	20261001_b56ff9a9	CAB3982517.1	_		signal	DeepTMHMM			1	26	1	26					
sequence	other	20261001_b56ff9a9	CAB3982517.1	_		outside	DeepTMHMM			27	236	1	210					
sequence	other	20261001_b56ff9a9	CAB3982517.1	_		membrane	DeepTMHMM			237	258	1	22					
sequence	other	20261001_b56ff9a9	CAB3982517.1	_		inside	DeepTMHMM			259	422	1	164					
sequence	other	20261001_b56ff9a9	CAB3982518.1	_		signal	DeepTMHMM			1	28	1	28					
sequence	other	20261001_b56ff9a9	CAB3982518.1	_		outside	DeepTMHMM			29	174	1	146					
sequence	other	20261001_b56ff9a9	CAB3982518.1	_		membrane	DeepTMHMM			175	195	1	21					
sequence	other	20261001_b56ff9a9	CAB3982518.1	_		inside	DeepTMHMM			196	344	1	149					
sequence	other	20261001_b56ff9a9	CAB3988559.1	_		signal	DeepTMHMM			1	21	1	21					
sequence	other	20261001_b56ff9a9	CAB3988559.1	_		outside	DeepTMHMM			22	218	1	197					
sequence	other	20261001_b56ff9a9	CAB3988559.1	_		membrane	DeepTMHMM			219	239	1	21					
sequence	other	20261001_b56ff9a9	CAB3988559.1	_		inside	DeepTMHMM			240	270	1	31					
sequence	other	20261001_b56ff9a9	CAB4007955.1	_		signal	DeepTMHMM			1	24	1	24					
sequence	other	20261001_b56ff9a9	CAB4007955.1	_		outside	DeepTMHMM			25	194	1	170					
sequence	other	20261001_b56ff9a9	CAB4007955.1	_		membrane	DeepTMHMM			195	215	1	21					
sequence	other	20261001_b56ff9a9	CAB4007955.1	_		inside	DeepTMHMM			216	262	1	47					
sequence	other	20261001_b56ff9a9	CAB4007956.1	_		signal	DeepTMHMM			1	24	1	24					
sequence	other	20261001_b56ff9a9	CAB4007956.1	_		outside	DeepTMHMM			25	194	1	170					
sequence	other	20261001_b56ff9a9	CAB4007956.1	_		membrane	DeepTMHMM			195	215	1	21					
sequence	other	20261001_b56ff9a9	CAB4007956.1	_		inside	DeepTMHMM			216	239	1	24					
sequence	other	20261001_b56ff9a9	CAB4007957.1	_		signal	DeepTMHMM			1	19	1	19					
sequence	other	20261001_b56ff9a9	CAB4007957.1	_		outside	DeepTMHMM			20	189	1	170					
sequence	other	20261001_b56ff9a9	CAB4007957.1	_		membrane	DeepTMHMM			190	210	1	21					
sequence	other	20261001_b56ff9a9	CAB4007957.1	_		inside	DeepTMHMM			211	257	1	47					
sequence	other	20261001_b56ff9a9	CAH3018848.1	_		outside	DeepTMHMM			1	192	1	192					
sequence	other	20261001_b56ff9a9	CAH3018848.1	_		membrane	DeepTMHMM			193	213	1	21					
sequence	other	20261001_b56ff9a9	CAH3018848.1	_		inside	DeepTMHMM			214	338	1	125					
sequence	other	20261001_b56ff9a9	CAH3018849.1	_		outside	DeepTMHMM			1	224	1	224					
sequence	other	20261001_b56ff9a9	CAH3018849.1	_		membrane	DeepTMHMM			225	247	1	23					
sequence	other	20261001_b56ff9a9	CAH3018849.1	_		inside	DeepTMHMM			248	395	1	148					
sequence	other	20261001_b56ff9a9	CAH3018850.1	_		signal	DeepTMHMM			1	18	1	18					
sequence	other	20261001_b56ff9a9	CAH3018850.1	_		outside	DeepTMHMM			19	221	1	203					
sequence	other	20261001_b56ff9a9	CAH3018850.1	_		membrane	DeepTMHMM			222	242	1	21					
sequence	other	20261001_b56ff9a9	CAH3018850.1	_		inside	DeepTMHMM			243	386	1	144					
sequence	other	20261001_b56ff9a9	CAH3018851.1	_		signal	DeepTMHMM			1	18	1	18					
sequence	other	20261001_b56ff9a9	CAH3018851.1	_		outside	DeepTMHMM			19	202	1	184					
sequence	other	20261001_b56ff9a9	CAH3018851.1	_		membrane	DeepTMHMM			203	223	1	21					
sequence	other	20261001_b56ff9a9	CAH3018851.1	_		inside	DeepTMHMM			224	348	1	125					
sequence	other	20261001_b56ff9a9	CAH3018852.1	_		outside	DeepTMHMM			1	191	1	191					
sequence	other	20261001_b56ff9a9	CAH3018852.1	_		membrane	DeepTMHMM			192	212	1	21					
sequence	other	20261001_b56ff9a9	CAH3018852.1	_		inside	DeepTMHMM			213	357	1	145					
sequence	other	20261001_b56ff9a9	CAH3026433.1	_		outside	DeepTMHMM			1	159	1	159					
sequence	other	20261001_b56ff9a9	CAH3026433.1	_		membrane	DeepTMHMM			160	176	1	17					
sequence	other	20261001_b56ff9a9	CAH3026433.1	_		inside	DeepTMHMM			177	563	1	387					
sequence	other	20261001_b56ff9a9	CAH3026435.1	_		signal	DeepTMHMM			1	22	1	22					
sequence	other	20261001_b56ff9a9	CAH3026435.1	_		outside	DeepTMHMM			23	330	1	308					
sequence	other	20261001_b56ff9a9	CAH3026435.1	_		membrane	DeepTMHMM			331	352	1	22					
sequence	other	20261001_b56ff9a9	CAH3026435.1	_		inside	DeepTMHMM			353	823	1	471					
sequence	other	20261001_b56ff9a9	CAH3026435.1	_		membrane	DeepTMHMM			824	833	1	10					
sequence	other	20261001_b56ff9a9	CAH3026435.1	_		outside	DeepTMHMM			834	1105	1	272					
sequence	other	20261001_b56ff9a9	CAH3026435.1	_		membrane	DeepTMHMM			1106	1126	1	21					
sequence	other	20261001_b56ff9a9	CAH3026435.1	_		inside	DeepTMHMM			1127	1319	1	193					
sequence	other	20261001_b56ff9a9	CAH3026436.1	_		signal	DeepTMHMM			1	60	1	60					
sequence	other	20261001_b56ff9a9	CAH3026436.1	_		outside	DeepTMHMM			61	326	1	266					
sequence	other	20261001_b56ff9a9	CAH3026436.1	_		membrane	DeepTMHMM			327	345	1	19					
sequence	other	20261001_b56ff9a9	CAH3026436.1	_		inside	DeepTMHMM			346	495	1	150					
sequence	other	20261001_b56ff9a9	CAH3026439.1	_		signal	DeepTMHMM			1	46	1	46					
sequence	other	20261001_b56ff9a9	CAH3026439.1	_		outside	DeepTMHMM			47	318	1	272					
sequence	other	20261001_b56ff9a9	CAH3026439.1	_		membrane	DeepTMHMM			319	337	1	19					
sequence	other	20261001_b56ff9a9	CAH3026439.1	_		inside	DeepTMHMM			338	497	1	160					
sequence	other	20261001_b56ff9a9	CAH3026440.1	_		outside	DeepTMHMM			1	207	1	207					
sequence	other	20261001_b56ff9a9	CAH3026440.1	_		membrane	DeepTMHMM			208	230	1	23					
sequence	other	20261001_b56ff9a9	CAH3026440.1	_		inside	DeepTMHMM			231	383	1	153					
sequence	other	20261001_b56ff9a9	CAH3026441.1	_		outside	DeepTMHMM			1	209	1	209					
sequence	other	20261001_b56ff9a9	CAH3026441.1	_		membrane	DeepTMHMM			210	230	1	21					
sequence	other	20261001_b56ff9a9	CAH3026441.1	_		inside	DeepTMHMM			231	386	1	156					
sequence	other	20261001_b56ff9a9	CAH3027045.1	_		inside	DeepTMHMM			1	298	1	298					
sequence	other	20261001_b56ff9a9	CAH3027045.1	_		membrane	DeepTMHMM			299	308	1	10					
sequence	other	20261001_b56ff9a9	CAH3027045.1	_		outside	DeepTMHMM			309	521	1	213					
sequence	other	20261001_b56ff9a9	CAH3027045.1	_		membrane	DeepTMHMM			522	539	1	18					
sequence	other	20261001_b56ff9a9	CAH3027045.1	_		inside	DeepTMHMM			540	677	1	138					
sequence	other	20261001_b56ff9a9	CAH3027046.1	_		signal	DeepTMHMM			1	20	1	20					
sequence	other	20261001_b56ff9a9	CAH3027046.1	_		outside	DeepTMHMM			21	229	1	209					
sequence	other	20261001_b56ff9a9	CAH3027046.1	_		membrane	DeepTMHMM			230	249	1	20					
sequence	other	20261001_b56ff9a9	CAH3027046.1	_		inside	DeepTMHMM			250	387	1	138					
sequence	other	20261001_b56ff9a9	CAH3027724.1	_		inside	DeepTMHMM			1	92	1	92					
sequence	other	20261001_b56ff9a9	CAH3027724.1	_		membrane	DeepTMHMM			93	102	1	10					
sequence	other	20261001_b56ff9a9	CAH3027724.1	_		outside	DeepTMHMM			103	318	1	216					
sequence	other	20261001_b56ff9a9	CAH3027724.1	_		membrane	DeepTMHMM			319	343	1	25					
sequence	other	20261001_b56ff9a9	CAH3027724.1	_		inside	DeepTMHMM			344	730	1	387					
sequence	other	20261001_b56ff9a9	CAH3030053.1	_		outside	DeepTMHMM			1	193	1	193					
sequence	other	20261001_b56ff9a9	CAH3030053.1	_		membrane	DeepTMHMM			194	214	1	21					
sequence	other	20261001_b56ff9a9	CAH3030053.1	_		inside	DeepTMHMM			215	237	1	23					
sequence	other	20261001_b56ff9a9	CAH3151599.1	_		signal	DeepTMHMM			1	45	1	45					
sequence	other	20261001_b56ff9a9	CAH3151599.1	_		outside	DeepTMHMM			46	261	1	216					
sequence	other	20261001_b56ff9a9	CAH3151599.1	_		membrane	DeepTMHMM			262	284	1	23					
sequence	other	20261001_b56ff9a9	CAH3151599.1	_		inside	DeepTMHMM			285	447	1	163					
sequence	other	20261001_b56ff9a9	CAH3157376.1	_		signal	DeepTMHMM			1	22	1	22					
sequence	other	20261001_b56ff9a9	CAH3157376.1	_		outside	DeepTMHMM			23	200	1	178					
sequence	other	20261001_b56ff9a9	CAH3157376.1	_		membrane	DeepTMHMM			201	221	1	21					
sequence	other	20261001_b56ff9a9	CAH3157376.1	_		inside	DeepTMHMM			222	299	1	78					
sequence	other	20261001_b56ff9a9	CAH3157384.1	_		outside	DeepTMHMM			1	156	1	156					
sequence	other	20261001_b56ff9a9	CAH3157384.1	_		membrane	DeepTMHMM			157	177	1	21					
sequence	other	20261001_b56ff9a9	CAH3157384.1	_		inside	DeepTMHMM			178	551	1	374					
sequence	other	20261001_b56ff9a9	CAH3177757.1	_		outside	DeepTMHMM			1	221	1	221					
sequence	other	20261001_b56ff9a9	CAH3177757.1	_		membrane	DeepTMHMM			222	243	1	22					
sequence	other	20261001_b56ff9a9	CAH3177757.1	_		inside	DeepTMHMM			244	311	1	68					
sequence	other	20261001_b56ff9a9	CAH3179638.1	_		signal	DeepTMHMM			1	18	1	18					
sequence	other	20261001_b56ff9a9	CAH3179638.1	_		outside	DeepTMHMM			19	226	1	208					
sequence	other	20261001_b56ff9a9	CAH3179638.1	_		membrane	DeepTMHMM			227	247	1	21					
sequence	other	20261001_b56ff9a9	CAH3179638.1	_		inside	DeepTMHMM			248	358	1	111					
sequence	other	20261001_b56ff9a9	CAH3179669.1	_		signal	DeepTMHMM			1	26	1	26					
sequence	other	20261001_b56ff9a9	CAH3179669.1	_		outside	DeepTMHMM			27	389	1	363					
sequence	other	20261001_b56ff9a9	CAH3179669.1	_		membrane	DeepTMHMM			390	410	1	21					
sequence	other	20261001_b56ff9a9	CAH3179669.1	_		inside	DeepTMHMM			411	573	1	163					
sequence	other	20261001_b56ff9a9	CAH3184979.1	_		signal	DeepTMHMM			1	60	1	60					
sequence	other	20261001_b56ff9a9	CAH3184979.1	_		outside	DeepTMHMM			61	326	1	266					
sequence	other	20261001_b56ff9a9	CAH3184979.1	_		membrane	DeepTMHMM			327	345	1	19					
sequence	other	20261001_b56ff9a9	CAH3184979.1	_		inside	DeepTMHMM			346	505	1	160					
sequence	other	20261001_b56ff9a9	CAH3184981.1	_		outside	DeepTMHMM			1	284	1	284					
sequence	other	20261001_b56ff9a9	CAH3184981.1	_		membrane	DeepTMHMM			285	307	1	23					
sequence	other	20261001_b56ff9a9	CAH3184981.1	_		inside	DeepTMHMM			308	702	1	395					
sequence	other	20261001_b56ff9a9	CAH3184981.1	_		membrane	DeepTMHMM			703	712	1	10					
sequence	other	20261001_b56ff9a9	CAH3184981.1	_		outside	DeepTMHMM			713	1003	1	291					
sequence	other	20261001_b56ff9a9	CAH3184981.1	_		membrane	DeepTMHMM			1004	1024	1	21					
sequence	other	20261001_b56ff9a9	CAH3184981.1	_		inside	DeepTMHMM			1025	1214	1	190					
sequence	other	20261001_b56ff9a9	CAH3184987.1	_		signal	DeepTMHMM			1	11	1	11					
sequence	other	20261001_b56ff9a9	CAH3184987.1	_		outside	DeepTMHMM			12	327	1	316					
sequence	other	20261001_b56ff9a9	CAH3184987.1	_		membrane	DeepTMHMM			328	337	1	10					
sequence	other	20261001_b56ff9a9	CAH3184987.1	_		inside	DeepTMHMM			338	680	1	343					
sequence	other	20261001_b56ff9a9	CAH3187026.1	_		outside	DeepTMHMM			1	124	1	124					
sequence	other	20261001_b56ff9a9	CAH3187026.1	_		membrane	DeepTMHMM			125	143	1	19					
sequence	other	20261001_b56ff9a9	CAH3187026.1	_		inside	DeepTMHMM			144	420	1	277					
sequence	other	20261001_b56ff9a9	CAH3189531.1	_		signal	DeepTMHMM			1	60	1	60					
sequence	other	20261001_b56ff9a9	CAH3189531.1	_		outside	DeepTMHMM			61	254	1	194					
sequence	other	20261001_b56ff9a9	CAH3189531.1	_		membrane	DeepTMHMM			255	278	1	24					
sequence	other	20261001_b56ff9a9	CAH3189531.1	_		inside	DeepTMHMM			279	327	1	49					
sequence	other	20261001_b56ff9a9	CAH3191870.1	_		outside	DeepTMHMM			1	201	1	201					
sequence	other	20261001_b56ff9a9	CAH3191870.1	_		membrane	DeepTMHMM			202	222	1	21					
sequence	other	20261001_b56ff9a9	CAH3191870.1	_		inside	DeepTMHMM			223	331	1	109					
sequence	other	20261001_b56ff9a9	CAH3191872.1	_		signal	DeepTMHMM			1	21	1	21					
sequence	other	20261001_b56ff9a9	CAH3191872.1	_		outside	DeepTMHMM			22	211	1	190					
sequence	other	20261001_b56ff9a9	CAH3191872.1	_		membrane	DeepTMHMM			212	232	1	21					
sequence	other	20261001_b56ff9a9	CAH3191872.1	_		inside	DeepTMHMM			233	341	1	109					
sequence	other	20261001_b56ff9a9	CAH3192661.1	_		outside	DeepTMHMM			1	110	1	110					
sequence	other	20261001_b56ff9a9	CAH3194202.1	_		outside	DeepTMHMM			1	200	1	200					
sequence	other	20261001_b56ff9a9	CAH3194202.1	_		membrane	DeepTMHMM			201	223	1	23					
sequence	other	20261001_b56ff9a9	CAH3194202.1	_		inside	DeepTMHMM			224	374	1	151					
sequence	other	20261001_b56ff9a9	CAH3194358.1	_		outside	DeepTMHMM			1	128	1	128					
sequence	other	20261001_b56ff9a9	CAH3038878.1	_		signal	DeepTMHMM			1	20	1	20					
sequence	other	20261001_b56ff9a9	CAH3038878.1	_		outside	DeepTMHMM			21	229	1	209					
sequence	other	20261001_b56ff9a9	CAH3038878.1	_		membrane	DeepTMHMM			230	249	1	20					
sequence	other	20261001_b56ff9a9	CAH3038878.1	_		inside	DeepTMHMM			250	387	1	138					
sequence	other	20261001_b56ff9a9	CAH3038880.1	_		outside	DeepTMHMM			1	184	1	184					
sequence	other	20261001_b56ff9a9	CAH3038880.1	_		membrane	DeepTMHMM			185	204	1	20					
sequence	other	20261001_b56ff9a9	CAH3038880.1	_		inside	DeepTMHMM			205	606	1	402					
sequence	other	20261001_b56ff9a9	CAH3038882.1	_		outside	DeepTMHMM			1	87	1	87					
sequence	other	20261001_b56ff9a9	CAH3038882.1	_		membrane	DeepTMHMM			88	108	1	21					
sequence	other	20261001_b56ff9a9	CAH3038882.1	_		inside	DeepTMHMM			109	461	1	353					
sequence	other	20261001_b56ff9a9	CAH3038884.1	_		signal	DeepTMHMM			1	20	1	20					
sequence	other	20261001_b56ff9a9	CAH3038884.1	_		outside	DeepTMHMM			21	186	1	166					
sequence	other	20261001_b56ff9a9	CAH3041999.1	_		signal	DeepTMHMM			1	24	1	24					
sequence	other	20261001_b56ff9a9	CAH3041999.1	_		outside	DeepTMHMM			25	216	1	192					
sequence	other	20261001_b56ff9a9	CAH3041999.1	_		membrane	DeepTMHMM			217	237	1	21					
sequence	other	20261001_b56ff9a9	CAH3041999.1	_		inside	DeepTMHMM			238	262	1	25					
sequence	other	20261001_b56ff9a9	CAH3042015.1	_		signal	DeepTMHMM			1	28	1	28					
sequence	other	20261001_b56ff9a9	CAH3042015.1	_		outside	DeepTMHMM			29	224	1	196					
sequence	other	20261001_b56ff9a9	CAH3042015.1	_		membrane	DeepTMHMM			225	239	1	15					
sequence	other	20261001_b56ff9a9	CAH3042015.1	_		inside	DeepTMHMM			240	289	1	50					
sequence	other	20261001_b56ff9a9	CAH3042504.1	_		signal	DeepTMHMM			1	25	1	25					
sequence	other	20261001_b56ff9a9	CAH3042504.1	_		outside	DeepTMHMM			26	412	1	387					
sequence	other	20261001_b56ff9a9	CAH3042504.1	_		membrane	DeepTMHMM			413	433	1	21					
sequence	other	20261001_b56ff9a9	CAH3042504.1	_		inside	DeepTMHMM			434	593	1	160					
sequence	other	20261001_b56ff9a9	CAH3042504.1	_		membrane	DeepTMHMM			594	612	1	19					
sequence	other	20261001_b56ff9a9	CAH3042504.1	_		outside	DeepTMHMM			613	909	1	297					
sequence	other	20261001_b56ff9a9	CAH3042504.1	_		membrane	DeepTMHMM			910	930	1	21					
sequence	other	20261001_b56ff9a9	CAH3042504.1	_		inside	DeepTMHMM			931	1104	1	174					
sequence	other	20261001_b56ff9a9	CAH3042512.1	_		signal	DeepTMHMM			1	32	1	32					
sequence	other	20261001_b56ff9a9	CAH3042512.1	_		outside	DeepTMHMM			33	385	1	353					
sequence	other	20261001_b56ff9a9	CAH3042512.1	_		membrane	DeepTMHMM			386	406	1	21					
sequence	other	20261001_b56ff9a9	CAH3042512.1	_		inside	DeepTMHMM			407	569	1	163					
sequence	other	20261001_b56ff9a9	CAH3104966.1	_		signal	DeepTMHMM			1	50	1	50					
sequence	other	20261001_b56ff9a9	CAH3104966.1	_		outside	DeepTMHMM			51	256	1	206					
sequence	other	20261001_b56ff9a9	CAH3104966.1	_		membrane	DeepTMHMM			257	278	1	22					
sequence	other	20261001_b56ff9a9	CAH3104966.1	_		inside	DeepTMHMM			279	444	1	166					
sequence	other	20261001_b56ff9a9	CAH3104969.1	_		signal	DeepTMHMM			1	29	1	29					
sequence	other	20261001_b56ff9a9	CAH3104969.1	_		outside	DeepTMHMM			30	233	1	204					
sequence	other	20261001_b56ff9a9	CAH3104969.1	_		membrane	DeepTMHMM			234	254	1	21					
sequence	other	20261001_b56ff9a9	CAH3104969.1	_		inside	DeepTMHMM			255	412	1	158					
sequence	other	20261001_b56ff9a9	CAH3115421.1	_		signal	DeepTMHMM			1	21	1	21					
sequence	other	20261001_b56ff9a9	CAH3115421.1	_		outside	DeepTMHMM			22	181	1	160					
sequence	other	20261001_b56ff9a9	CAH3115421.1	_		membrane	DeepTMHMM			182	203	1	22					
sequence	other	20261001_b56ff9a9	CAH3115421.1	_		inside	DeepTMHMM			204	560	1	357					
sequence	other	20261001_b56ff9a9	CAH3124032.1	_		outside	DeepTMHMM			1	200	1	200					
sequence	other	20261001_b56ff9a9	CAH3124032.1	_		membrane	DeepTMHMM			201	221	1	21					
sequence	other	20261001_b56ff9a9	CAH3124032.1	_		inside	DeepTMHMM			222	331	1	110					
sequence	other	20261001_b56ff9a9	CAH3127317.1	_		outside	DeepTMHMM			1	159	1	159					
sequence	other	20261001_b56ff9a9	CAH3127317.1	_		membrane	DeepTMHMM			160	176	1	17					
sequence	other	20261001_b56ff9a9	CAH3127317.1	_		inside	DeepTMHMM			177	551	1	375					
sequence	other	20261001_b56ff9a9	CAH3127323.1	_		signal	DeepTMHMM			1	22	1	22					
sequence	other	20261001_b56ff9a9	CAH3127323.1	_		outside	DeepTMHMM			23	332	1	310					
sequence	other	20261001_b56ff9a9	CAH3127323.1	_		membrane	DeepTMHMM			333	353	1	21					
sequence	other	20261001_b56ff9a9	CAH3127323.1	_		inside	DeepTMHMM			354	816	1	463					
sequence	other	20261001_b56ff9a9	CAH3127328.1	_		signal	DeepTMHMM			1	60	1	60					
sequence	other	20261001_b56ff9a9	CAH3127328.1	_		outside	DeepTMHMM			61	327	1	267					
sequence	other	20261001_b56ff9a9	CAH3127328.1	_		membrane	DeepTMHMM			328	346	1	19					
sequence	other	20261001_b56ff9a9	CAH3127328.1	_		inside	DeepTMHMM			347	506	1	160					
sequence	other	20261001_b56ff9a9	CAH3127332.1	_		signal	DeepTMHMM			1	17	1	17					
sequence	other	20261001_b56ff9a9	CAH3127332.1	_		outside	DeepTMHMM			18	333	1	316					
sequence	other	20261001_b56ff9a9	CAH3127332.1	_		membrane	DeepTMHMM			334	343	1	10					
sequence	other	20261001_b56ff9a9	CAH3127332.1	_		inside	DeepTMHMM			344	724	1	381					
sequence	other	20261001_b56ff9a9	CAH3127340.1	_		signal	DeepTMHMM			1	10	1	10					
sequence	other	20261001_b56ff9a9	CAH3127340.1	_		outside	DeepTMHMM			11	322	1	312					
sequence	other	20261001_b56ff9a9	CAH3127340.1	_		membrane	DeepTMHMM			323	343	1	21					
sequence	other	20261001_b56ff9a9	CAH3127340.1	_		inside	DeepTMHMM			344	767	1	424					
sequence	other	20261001_b56ff9a9	CAH3127340.1	_		membrane	DeepTMHMM			768	777	1	10					
sequence	other	20261001_b56ff9a9	CAH3127340.1	_		outside	DeepTMHMM			778	1047	1	270					
sequence	other	20261001_b56ff9a9	CAH3127340.1	_		membrane	DeepTMHMM			1048	1063	1	16					
sequence	other	20261001_b56ff9a9	CAH3127340.1	_		inside	DeepTMHMM			1064	1126	1	63					
sequence	other	20261001_b56ff9a9	CAH3127343.1	_		signal	DeepTMHMM			1	60	1	60					
sequence	other	20261001_b56ff9a9	CAH3127343.1	_		outside	DeepTMHMM			61	327	1	267					
sequence	other	20261001_b56ff9a9	CAH3127343.1	_		membrane	DeepTMHMM			328	346	1	19					
sequence	other	20261001_b56ff9a9	CAH3127343.1	_		inside	DeepTMHMM			347	506	1	160					
sequence	other	20261001_b56ff9a9	CAH3127364.1	_		signal	DeepTMHMM			1	21	1	21					
sequence	other	20261001_b56ff9a9	CAH3127364.1	_		outside	DeepTMHMM			22	212	1	191					
sequence	other	20261001_b56ff9a9	CAH3127364.1	_		membrane	DeepTMHMM			213	233	1	21					
sequence	other	20261001_b56ff9a9	CAH3127364.1	_		inside	DeepTMHMM			234	342	1	109					
sequence	other	20261001_b56ff9a9	CAH3150266.1	_		inside	DeepTMHMM			1	92	1	92					
sequence	other	20261001_b56ff9a9	CAH3150266.1	_		membrane	DeepTMHMM			93	102	1	10					
sequence	other	20261001_b56ff9a9	CAH3150266.1	_		outside	DeepTMHMM			103	319	1	217					
sequence	other	20261001_b56ff9a9	CAH3150266.1	_		membrane	DeepTMHMM			320	344	1	25					
sequence	other	20261001_b56ff9a9	CAH3150266.1	_		inside	DeepTMHMM			345	731	1	387					
sequence	other	20261001_b56ff9a9	CAH3162252.1	_		outside	DeepTMHMM			1	382	1	382					
sequence	other	20261001_b56ff9a9	CAH3162252.1	_		membrane	DeepTMHMM			383	403	1	21					
sequence	other	20261001_b56ff9a9	CAH3162252.1	_		inside	DeepTMHMM			404	960	1	557					
sequence	other	20261001_b56ff9a9	CAH3162254.1	_		outside	DeepTMHMM			1	298	1	298					
sequence	other	20261001_b56ff9a9	CAH3162254.1	_		membrane	DeepTMHMM			299	319	1	21					
sequence	other	20261001_b56ff9a9	CAH3162254.1	_		inside	DeepTMHMM			320	801	1	482					
sequence	other	20261001_b56ff9a9	CAH3171698.1	_		signal	DeepTMHMM			1	21	1	21					
sequence	other	20261001_b56ff9a9	CAH3171698.1	_		outside	DeepTMHMM			22	205	1	184					
sequence	other	20261001_b56ff9a9	CAH3171698.1	_		membrane	DeepTMHMM			206	228	1	23					
sequence	other	20261001_b56ff9a9	CAH3171698.1	_		inside	DeepTMHMM			229	373	1	145					
sequence	other	20261001_b56ff9a9	CAH3171699.1	_		signal	DeepTMHMM			1	22	1	22					
sequence	other	20261001_b56ff9a9	CAH3171699.1	_		outside	DeepTMHMM			23	209	1	187					
sequence	other	20261001_b56ff9a9	CAH3171699.1	_		membrane	DeepTMHMM			210	230	1	21					
sequence	other	20261001_b56ff9a9	CAH3171699.1	_		inside	DeepTMHMM			231	368	1	138					
sequence	other	20261001_b56ff9a9	CAH3171700.1	_		signal	DeepTMHMM			1	18	1	18					
sequence	other	20261001_b56ff9a9	CAH3171700.1	_		outside	DeepTMHMM			19	221	1	203					
sequence	other	20261001_b56ff9a9	CAH3171700.1	_		membrane	DeepTMHMM			222	241	1	20					
sequence	other	20261001_b56ff9a9	CAH3171700.1	_		inside	DeepTMHMM			242	385	1	144					
sequence	other	20261001_b56ff9a9	CAH3171703.1	_		outside	DeepTMHMM			1	110	1	110					
sequence	other	20261001_b56ff9a9	CAH3171705.1	_		outside	DeepTMHMM			1	200	1	200					
sequence	other	20261001_b56ff9a9	CAH3171705.1	_		membrane	DeepTMHMM			201	221	1	21					
sequence	other	20261001_b56ff9a9	CAH3171705.1	_		inside	DeepTMHMM			222	366	1	145					
sequence	other	20261001_b56ff9a9	CAH3171706.1	_		outside	DeepTMHMM			1	172	1	172					
sequence	other	20261001_b56ff9a9	CAH3033055.1	_		signal	DeepTMHMM			1	35	1	35					
sequence	other	20261001_b56ff9a9	CAH3033055.1	_		outside	DeepTMHMM			36	372	1	337					
sequence	other	20261001_b56ff9a9	CAH3033055.1	_		membrane	DeepTMHMM			373	393	1	21					
sequence	other	20261001_b56ff9a9	CAH3033055.1	_		inside	DeepTMHMM			394	580	1	187					
sequence	other	20261001_b56ff9a9	CAH3033055.1	_		membrane	DeepTMHMM			581	590	1	10					
sequence	other	20261001_b56ff9a9	CAH3033055.1	_		outside	DeepTMHMM			591	872	1	282					
sequence	other	20261001_b56ff9a9	CAH3033055.1	_		membrane	DeepTMHMM			873	893	1	21					
sequence	other	20261001_b56ff9a9	CAH3033055.1	_		inside	DeepTMHMM			894	1060	1	167					
sequence	other	20261001_b56ff9a9	CAH3034345.1	_		signal	DeepTMHMM			1	23	1	23					
sequence	other	20261001_b56ff9a9	CAH3034345.1	_		outside	DeepTMHMM			24	164	1	141					
sequence	other	20261001_b56ff9a9	CAH3034349.1	_		signal	DeepTMHMM			1	25	1	25					
sequence	other	20261001_b56ff9a9	CAH3034349.1	_		outside	DeepTMHMM			26	208	1	183					
sequence	other	20261001_b56ff9a9	CAH3034349.1	_		membrane	DeepTMHMM			209	230	1	22					
sequence	other	20261001_b56ff9a9	CAH3034349.1	_		inside	DeepTMHMM			231	282	1	52					
sequence	other	20261001_b56ff9a9	CAH3034352.1	_		signal	DeepTMHMM			1	41	1	41					
sequence	other	20261001_b56ff9a9	CAH3034352.1	_		outside	DeepTMHMM			42	223	1	182					
sequence	other	20261001_b56ff9a9	CAH3034352.1	_		membrane	DeepTMHMM			224	246	1	23					
sequence	other	20261001_b56ff9a9	CAH3034352.1	_		inside	DeepTMHMM			247	291	1	45					
sequence	other	20261001_b56ff9a9	CAH3037909.1	_		outside	DeepTMHMM			1	171	1	171					
sequence	other	20261001_b56ff9a9	CAH3037909.1	_		membrane	DeepTMHMM			172	192	1	21					
sequence	other	20261001_b56ff9a9	CAH3037909.1	_		inside	DeepTMHMM			193	348	1	156					
sequence	other	20261001_b56ff9a9	CAH3045380.1	_		outside	DeepTMHMM			1	178	1	178					
sequence	other	20261001_b56ff9a9	CAH3045380.1	_		membrane	DeepTMHMM			179	200	1	22					
sequence	other	20261001_b56ff9a9	CAH3045380.1	_		inside	DeepTMHMM			201	499	1	299					
sequence	other	20261001_b56ff9a9	CAH3046045.1	_		outside	DeepTMHMM			1	207	1	207					
sequence	other	20261001_b56ff9a9	CAH3046045.1	_		membrane	DeepTMHMM			208	228	1	21					
sequence	other	20261001_b56ff9a9	CAH3046045.1	_		inside	DeepTMHMM			229	264	1	36					
sequence	other	20261001_b56ff9a9	CAH3046051.1	_		outside	DeepTMHMM			1	176	1	176					
sequence	other	20261001_b56ff9a9	CAH3046071.1	_		signal	DeepTMHMM			1	48	1	48					
sequence	other	20261001_b56ff9a9	CAH3046071.1	_		outside	DeepTMHMM			49	247	1	199					
sequence	other	20261001_b56ff9a9	CAH3046071.1	_		membrane	DeepTMHMM			248	268	1	21					
sequence	other	20261001_b56ff9a9	CAH3046071.1	_		inside	DeepTMHMM			269	473	1	205					
sequence	other	20261001_b56ff9a9	CAH3046073.1	_		inside	DeepTMHMM			1	49	1	49					
sequence	other	20261001_b56ff9a9	CAH3046073.1	_		membrane	DeepTMHMM			50	61	1	12					
sequence	other	20261001_b56ff9a9	CAH3046073.1	_		outside	DeepTMHMM			62	323	1	262					
sequence	other	20261001_b56ff9a9	CAH3046073.1	_		membrane	DeepTMHMM			324	344	1	21					
sequence	other	20261001_b56ff9a9	CAH3046073.1	_		inside	DeepTMHMM			345	580	1	236					
sequence	other	20261001_b56ff9a9	CAH3046073.1	_		membrane	DeepTMHMM			581	590	1	10					
sequence	other	20261001_b56ff9a9	CAH3046073.1	_		outside	DeepTMHMM			591	811	1	221					
sequence	other	20261001_b56ff9a9	CAH3046073.1	_		membrane	DeepTMHMM			812	832	1	21					
sequence	other	20261001_b56ff9a9	CAH3046073.1	_		inside	DeepTMHMM			833	1180	1	348					
sequence	other	20261001_b56ff9a9	CAH3046077.1	_		signal	DeepTMHMM			1	21	1	21					
sequence	other	20261001_b56ff9a9	CAH3046077.1	_		outside	DeepTMHMM			22	280	1	259					
sequence	other	20261001_b56ff9a9	CAH3046081.1	_		signal	DeepTMHMM			1	48	1	48					
sequence	other	20261001_b56ff9a9	CAH3046081.1	_		outside	DeepTMHMM			49	242	1	194					
sequence	other	20261001_b56ff9a9	CAH3046081.1	_		membrane	DeepTMHMM			243	256	1	14					
sequence	other	20261001_b56ff9a9	CAH3046081.1	_		inside	DeepTMHMM			257	416	1	160					
sequence	other	20261001_b56ff9a9	CAH3046081.1	_		membrane	DeepTMHMM			417	426	1	10					
sequence	other	20261001_b56ff9a9	CAH3046081.1	_		outside	DeepTMHMM			427	687	1	261					
sequence	other	20261001_b56ff9a9	CAH3046081.1	_		membrane	DeepTMHMM			688	697	1	10					
sequence	other	20261001_b56ff9a9	CAH3046081.1	_		inside	DeepTMHMM			698	845	1	148					
sequence	other	20261001_b56ff9a9	CAH3046085.1	_		signal	DeepTMHMM			1	22	1	22					
sequence	other	20261001_b56ff9a9	CAH3046085.1	_		outside	DeepTMHMM			23	327	1	305					
sequence	other	20261001_b56ff9a9	CAH3046085.1	_		membrane	DeepTMHMM			328	350	1	23					
sequence	other	20261001_b56ff9a9	CAH3046085.1	_		inside	DeepTMHMM			351	786	1	436					
sequence	other	20261001_b56ff9a9	CAH3046085.1	_		membrane	DeepTMHMM			787	796	1	10					
sequence	other	20261001_b56ff9a9	CAH3046085.1	_		outside	DeepTMHMM			797	981	1	185					
sequence	other	20261001_b56ff9a9	CAH3046085.1	_		membrane	DeepTMHMM			982	1002	1	21					
sequence	other	20261001_b56ff9a9	CAH3046085.1	_		inside	DeepTMHMM			1003	1193	1	191					
sequence	other	20261001_b56ff9a9	CAH3046102.1	_		outside	DeepTMHMM			1	301	1	301					
sequence	other	20261001_b56ff9a9	CAH3046102.1	_		membrane	DeepTMHMM			302	321	1	20					
sequence	other	20261001_b56ff9a9	CAH3046102.1	_		inside	DeepTMHMM			322	730	1	409					
sequence	other	20261001_b56ff9a9	CAH3046102.1	_		membrane	DeepTMHMM			731	740	1	10					
sequence	other	20261001_b56ff9a9	CAH3046102.1	_		outside	DeepTMHMM			741	980	1	240					
sequence	other	20261001_b56ff9a9	CAH3046102.1	_		membrane	DeepTMHMM			981	1001	1	21					
sequence	other	20261001_b56ff9a9	CAH3046102.1	_		inside	DeepTMHMM			1002	1166	1	165					
sequence	other	20261001_b56ff9a9	CAH3046111.1	_		signal	DeepTMHMM			1	21	1	21					
sequence	other	20261001_b56ff9a9	CAH3046111.1	_		outside	DeepTMHMM			22	341	1	320					
sequence	other	20261001_b56ff9a9	CAH3046111.1	_		membrane	DeepTMHMM			342	351	1	10					
sequence	other	20261001_b56ff9a9	CAH3046111.1	_		inside	DeepTMHMM			352	715	1	364					
sequence	other	20261001_b56ff9a9	CAH3106282.1	_		signal	DeepTMHMM			1	20	1	20					
sequence	other	20261001_b56ff9a9	CAH3106282.1	_		outside	DeepTMHMM			21	358	1	338					
sequence	other	20261001_b56ff9a9	CAH3106282.1	_		membrane	DeepTMHMM			359	379	1	21					
sequence	other	20261001_b56ff9a9	CAH3106282.1	_		inside	DeepTMHMM			380	947	1	568					
sequence	other	20261001_b56ff9a9	CAH3106550.1	_		signal	DeepTMHMM			1	18	1	18					
sequence	other	20261001_b56ff9a9	CAH3106550.1	_		outside	DeepTMHMM			19	396	1	378					
sequence	other	20261001_b56ff9a9	CAH3106550.1	_		membrane	DeepTMHMM			397	415	1	19					
sequence	other	20261001_b56ff9a9	CAH3106550.1	_		inside	DeepTMHMM			416	986	1	571					
sequence	other	20261001_b56ff9a9	CAH3106553.1	_		outside	DeepTMHMM			1	359	1	359					
sequence	other	20261001_b56ff9a9	CAH3106553.1	_		membrane	DeepTMHMM			360	379	1	20					
sequence	other	20261001_b56ff9a9	CAH3106553.1	_		inside	DeepTMHMM			380	1119	1	740					
sequence	other	20261001_b56ff9a9	CAH3119737.1	_		outside	DeepTMHMM			1	204	1	204					
sequence	other	20261001_b56ff9a9	CAH3119737.1	_		membrane	DeepTMHMM			205	226	1	22					
sequence	other	20261001_b56ff9a9	CAH3119737.1	_		inside	DeepTMHMM			227	309	1	83					
sequence	other	20261001_b56ff9a9	CAH3119739.1	_		signal	DeepTMHMM			1	25	1	25					
sequence	other	20261001_b56ff9a9	CAH3119739.1	_		outside	DeepTMHMM			26	229	1	204					
sequence	other	20261001_b56ff9a9	CAH3119739.1	_		membrane	DeepTMHMM			230	249	1	20					
sequence	other	20261001_b56ff9a9	CAH3119739.1	_		inside	DeepTMHMM			250	273	1	24					
sequence	other	20261001_b56ff9a9	CAH3140560.1	_		signal	DeepTMHMM			1	54	1	54					
sequence	other	20261001_b56ff9a9	CAH3140560.1	_		outside	DeepTMHMM			55	269	1	215					
sequence	other	20261001_b56ff9a9	CAH3140560.1	_		membrane	DeepTMHMM			270	290	1	21					
sequence	other	20261001_b56ff9a9	CAH3140560.1	_		inside	DeepTMHMM			291	428	1	138					
sequence	other	20261001_b56ff9a9	CAH3145960.1	_		signal	DeepTMHMM			1	18	1	18					
sequence	other	20261001_b56ff9a9	CAH3145960.1	_		outside	DeepTMHMM			19	223	1	205					
sequence	other	20261001_b56ff9a9	CAH3145960.1	_		membrane	DeepTMHMM			224	244	1	21					
sequence	other	20261001_b56ff9a9	CAH3145960.1	_		inside	DeepTMHMM			245	415	1	171					
sequence	other	20261001_b56ff9a9	CAH3155896.1	_		signal	DeepTMHMM			1	19	1	19					
sequence	other	20261001_b56ff9a9	CAH3155896.1	_		outside	DeepTMHMM			20	156	1	137					
sequence	other	20261001_b56ff9a9	CAH3155896.1	_		membrane	DeepTMHMM			157	177	1	21					
sequence	other	20261001_b56ff9a9	CAH3155896.1	_		inside	DeepTMHMM			178	318	1	141					
sequence	other	20261001_b56ff9a9	CAH3167752.1	_		outside	DeepTMHMM			1	153	1	153					
sequence	other	20261001_b56ff9a9	CAH3167752.1	_		membrane	DeepTMHMM			154	175	1	22					
sequence	other	20261001_b56ff9a9	CAH3167752.1	_		inside	DeepTMHMM			176	227	1	52					
sequence	other	20261001_b56ff9a9	CAH3167760.1	_		signal	DeepTMHMM			1	41	1	41					
sequence	other	20261001_b56ff9a9	CAH3167760.1	_		outside	DeepTMHMM			42	223	1	182					
sequence	other	20261001_b56ff9a9	CAH3167760.1	_		membrane	DeepTMHMM			224	246	1	23					
sequence	other	20261001_b56ff9a9	CAH3167760.1	_		inside	DeepTMHMM			247	291	1	45					
sequence	other	20261001_b56ff9a9	XP_001625762.2	_		signal	DeepTMHMM			1	32	1	32					
sequence	other	20261001_b56ff9a9	XP_001625762.2	_		outside	DeepTMHMM			33	225	1	193					
sequence	other	20261001_b56ff9a9	XP_001625762.2	_		membrane	DeepTMHMM			226	246	1	21					
sequence	other	20261001_b56ff9a9	XP_001625762.2	_		inside	DeepTMHMM			247	409	1	163					
sequence	other	20261001_b56ff9a9	XP_001637776.1	_		signal	DeepTMHMM			1	22	1	22					
sequence	other	20261001_b56ff9a9	XP_001637776.1	_		outside	DeepTMHMM			23	332	1	310					
sequence	other	20261001_b56ff9a9	XP_001637776.1	_		membrane	DeepTMHMM			333	353	1	21					
sequence	other	20261001_b56ff9a9	XP_001637776.1	_		inside	DeepTMHMM			354	790	1	437					
sequence	other	20261001_b56ff9a9	XP_032218137.1	_		signal	DeepTMHMM			1	27	1	27					
sequence	other	20261001_b56ff9a9	XP_032218137.1	_		outside	DeepTMHMM			28	238	1	211					
sequence	other	20261001_b56ff9a9	XP_032218137.1	_		membrane	DeepTMHMM			239	256	1	18					
sequence	other	20261001_b56ff9a9	XP_032218137.1	_		inside	DeepTMHMM			257	485	1	229					
sequence	other	20261001_b56ff9a9	XP_032218138.1	_		signal	DeepTMHMM			1	27	1	27					
sequence	other	20261001_b56ff9a9	XP_032218138.1	_		outside	DeepTMHMM			28	237	1	210					
sequence	other	20261001_b56ff9a9	XP_032218138.1	_		membrane	DeepTMHMM			238	256	1	19					
sequence	other	20261001_b56ff9a9	XP_032218138.1	_		inside	DeepTMHMM			257	480	1	224					
sequence	other	20261001_b56ff9a9	XP_032218139.1	_		signal	DeepTMHMM			1	27	1	27					
sequence	other	20261001_b56ff9a9	XP_032218139.1	_		outside	DeepTMHMM			28	237	1	210					
sequence	other	20261001_b56ff9a9	XP_032218139.1	_		membrane	DeepTMHMM			238	256	1	19					
sequence	other	20261001_b56ff9a9	XP_032218139.1	_		inside	DeepTMHMM			257	480	1	224					
sequence	other	20261001_b56ff9a9	XP_032228658.1	_		signal	DeepTMHMM			1	22	1	22					
sequence	other	20261001_b56ff9a9	XP_032228658.1	_		outside	DeepTMHMM			23	240	1	218					
sequence	other	20261001_b56ff9a9	XP_032228658.1	_		membrane	DeepTMHMM			241	261	1	21					
sequence	other	20261001_b56ff9a9	XP_032228658.1	_		inside	DeepTMHMM			262	393	1	132					
sequence	other	20261001_b56ff9a9	XP_032229145.1	_		signal	DeepTMHMM			1	32	1	32					
sequence	other	20261001_b56ff9a9	XP_032229145.1	_		outside	DeepTMHMM			33	251	1	219					
sequence	other	20261001_b56ff9a9	XP_032229145.1	_		membrane	DeepTMHMM			252	272	1	21					
sequence	other	20261001_b56ff9a9	XP_032229145.1	_		inside	DeepTMHMM			273	464	1	192					
sequence	other	20261001_b56ff9a9	XP_032229146.1	_		signal	DeepTMHMM			1	32	1	32					
sequence	other	20261001_b56ff9a9	XP_032229146.1	_		outside	DeepTMHMM			33	249	1	217					
sequence	other	20261001_b56ff9a9	XP_032229146.1	_		membrane	DeepTMHMM			250	270	1	21					
sequence	other	20261001_b56ff9a9	XP_032229146.1	_		inside	DeepTMHMM			271	463	1	193					
sequence	other	20261001_b56ff9a9	XP_032229147.1	_		signal	DeepTMHMM			1	32	1	32					
sequence	other	20261001_b56ff9a9	XP_032229147.1	_		outside	DeepTMHMM			33	244	1	212					
sequence	other	20261001_b56ff9a9	XP_032229147.1	_		membrane	DeepTMHMM			245	265	1	21					
sequence	other	20261001_b56ff9a9	XP_032229147.1	_		inside	DeepTMHMM			266	457	1	192					
sequence	other	20261001_b56ff9a9	XP_032229148.1	_		signal	DeepTMHMM			1	32	1	32					
sequence	other	20261001_b56ff9a9	XP_032229148.1	_		outside	DeepTMHMM			33	232	1	200					
sequence	other	20261001_b56ff9a9	XP_032229148.1	_		membrane	DeepTMHMM			233	253	1	21					
sequence	other	20261001_b56ff9a9	XP_032229148.1	_		inside	DeepTMHMM			254	445	1	192					
sequence	other	20261001_b56ff9a9	XP_032229149.1	_		signal	DeepTMHMM			1	32	1	32					
sequence	other	20261001_b56ff9a9	XP_032229149.1	_		outside	DeepTMHMM			33	251	1	219					
sequence	other	20261001_b56ff9a9	XP_032229149.1	_		membrane	DeepTMHMM			252	272	1	21					
sequence	other	20261001_b56ff9a9	XP_032229149.1	_		inside	DeepTMHMM			273	435	1	163					
sequence	other	20261001_b56ff9a9	XP_032229150.1	_		signal	DeepTMHMM			1	32	1	32					
sequence	other	20261001_b56ff9a9	XP_032229150.1	_		outside	DeepTMHMM			33	251	1	219					
sequence	other	20261001_b56ff9a9	XP_032229150.1	_		membrane	DeepTMHMM			252	272	1	21					
sequence	other	20261001_b56ff9a9	XP_032229150.1	_		inside	DeepTMHMM			273	387	1	115					
sequence	other	20261001_b56ff9a9	XP_032229151.1	_		outside	DeepTMHMM			1	166	1	166					
sequence	other	20261001_b56ff9a9	XP_032229151.1	_		membrane	DeepTMHMM			167	187	1	21					
sequence	other	20261001_b56ff9a9	XP_032229151.1	_		inside	DeepTMHMM			188	379	1	192					
sequence	other	20261001_b56ff9a9	XP_032232475.1	_		signal	DeepTMHMM			1	53	1	53					
sequence	other	20261001_b56ff9a9	XP_032232475.1	_		outside	DeepTMHMM			54	245	1	192					
sequence	other	20261001_b56ff9a9	XP_032232475.1	_		membrane	DeepTMHMM			246	269	1	24					
sequence	other	20261001_b56ff9a9	XP_032232475.1	_		inside	DeepTMHMM			270	318	1	49					
sequence	other	20261001_b56ff9a9	XP_032233730.1	_		signal	DeepTMHMM			1	14	1	14					
sequence	other	20261001_b56ff9a9	XP_032233730.1	_		outside	DeepTMHMM			15	174	1	160					
sequence	other	20261001_b56ff9a9	XP_032233730.1	_		membrane	DeepTMHMM			175	195	1	21					
sequence	other	20261001_b56ff9a9	XP_032233730.1	_		inside	DeepTMHMM			196	330	1	135					
sequence	other	20261001_b56ff9a9	XP_032233731.1	_		signal	DeepTMHMM			1	14	1	14					
sequence	other	20261001_b56ff9a9	XP_032233731.1	_		outside	DeepTMHMM			15	174	1	160					
sequence	other	20261001_b56ff9a9	XP_032233731.1	_		membrane	DeepTMHMM			175	195	1	21					
sequence	other	20261001_b56ff9a9	XP_032233731.1	_		inside	DeepTMHMM			196	327	1	132					
sequence	other	20261001_b56ff9a9	XP_032234035.1	_		signal	DeepTMHMM			1	21	1	21					
sequence	other	20261001_b56ff9a9	XP_032234035.1	_		outside	DeepTMHMM			22	258	1	237					
sequence	other	20261001_b56ff9a9	XP_032234035.1	_		membrane	DeepTMHMM			259	268	1	10					
sequence	other	20261001_b56ff9a9	XP_032234035.1	_		inside	DeepTMHMM			269	290	1	22					
sequence	other	20261001_b56ff9a9	XP_032234262.1	_		signal	DeepTMHMM			1	27	1	27					
sequence	other	20261001_b56ff9a9	XP_032234262.1	_		outside	DeepTMHMM			28	237	1	210					
sequence	other	20261001_b56ff9a9	XP_032234262.1	_		membrane	DeepTMHMM			238	256	1	19					
sequence	other	20261001_b56ff9a9	XP_032234262.1	_		inside	DeepTMHMM			257	539	1	283					
sequence	other	20261001_b56ff9a9	XP_032237546.1	_		signal	DeepTMHMM			1	21	1	21					
sequence	other	20261001_b56ff9a9	XP_032237546.1	_		outside	DeepTMHMM			22	249	1	228					
sequence	other	20261001_b56ff9a9	XP_032237546.1	_		membrane	DeepTMHMM			250	269	1	20					
sequence	other	20261001_b56ff9a9	XP_032237546.1	_		inside	DeepTMHMM			270	414	1	145					
sequence	other	20261001_b56ff9a9	XP_032237547.1	_		signal	DeepTMHMM			1	21	1	21					
sequence	other	20261001_b56ff9a9	XP_032237547.1	_		outside	DeepTMHMM			22	249	1	228					
sequence	other	20261001_b56ff9a9	XP_032237547.1	_		membrane	DeepTMHMM			250	269	1	20					
sequence	other	20261001_b56ff9a9	XP_032237547.1	_		inside	DeepTMHMM			270	414	1	145					
sequence	other	20261001_b56ff9a9	XP_015753726.1	_		outside	DeepTMHMM			1	244	1	244					
sequence	other	20261001_b56ff9a9	XP_015753726.1	_		membrane	DeepTMHMM			245	267	1	23					
sequence	other	20261001_b56ff9a9	XP_015753726.1	_		inside	DeepTMHMM			268	409	1	142					
sequence	other	20261001_b56ff9a9	XP_015753727.1	_		outside	DeepTMHMM			1	244	1	244					
sequence	other	20261001_b56ff9a9	XP_015753727.1	_		membrane	DeepTMHMM			245	267	1	23					
sequence	other	20261001_b56ff9a9	XP_015753727.1	_		inside	DeepTMHMM			268	409	1	142					
sequence	other	20261001_b56ff9a9	XP_015753728.1	_		signal	DeepTMHMM			1	32	1	32					
sequence	other	20261001_b56ff9a9	XP_015753728.1	_		outside	DeepTMHMM			33	240	1	208					
sequence	other	20261001_b56ff9a9	XP_015753728.1	_		membrane	DeepTMHMM			241	261	1	21					
sequence	other	20261001_b56ff9a9	XP_015753728.1	_		inside	DeepTMHMM			262	399	1	138					
sequence	other	20261001_b56ff9a9	XP_015753729.1	_		signal	DeepTMHMM			1	22	1	22					
sequence	other	20261001_b56ff9a9	XP_015753729.1	_		outside	DeepTMHMM			23	233	1	211					
sequence	other	20261001_b56ff9a9	XP_015753729.1	_		membrane	DeepTMHMM			234	256	1	23					
sequence	other	20261001_b56ff9a9	XP_015753729.1	_		inside	DeepTMHMM			257	398	1	142					
sequence	other	20261001_b56ff9a9	XP_015753730.1	_		outside	DeepTMHMM			1	227	1	227					
sequence	other	20261001_b56ff9a9	XP_015753730.1	_		membrane	DeepTMHMM			228	250	1	23					
sequence	other	20261001_b56ff9a9	XP_015753730.1	_		inside	DeepTMHMM			251	392	1	142					
sequence	other	20261001_b56ff9a9	XP_015758034.1	_		signal	DeepTMHMM			1	19	1	19					
sequence	other	20261001_b56ff9a9	XP_015758034.1	_		outside	DeepTMHMM			20	316	1	297					
sequence	other	20261001_b56ff9a9	XP_015758034.1	_		membrane	DeepTMHMM			317	340	1	24					
sequence	other	20261001_b56ff9a9	XP_015758034.1	_		inside	DeepTMHMM			341	733	1	393					
sequence	other	20261001_b56ff9a9	XP_015758035.1	_		signal	DeepTMHMM			1	19	1	19					
sequence	other	20261001_b56ff9a9	XP_015758035.1	_		outside	DeepTMHMM			20	316	1	297					
sequence	other	20261001_b56ff9a9	XP_015758035.1	_		membrane	DeepTMHMM			317	340	1	24					
sequence	other	20261001_b56ff9a9	XP_015758035.1	_		inside	DeepTMHMM			341	733	1	393					
sequence	other	20261001_b56ff9a9	XP_015758036.1	_		signal	DeepTMHMM			1	19	1	19					
sequence	other	20261001_b56ff9a9	XP_015758036.1	_		outside	DeepTMHMM			20	313	1	294					
sequence	other	20261001_b56ff9a9	XP_015758036.1	_		membrane	DeepTMHMM			314	336	1	23					
sequence	other	20261001_b56ff9a9	XP_015758036.1	_		inside	DeepTMHMM			337	730	1	394					
sequence	other	20261001_b56ff9a9	XP_015758037.1	_		signal	DeepTMHMM			1	19	1	19					
sequence	other	20261001_b56ff9a9	XP_015758037.1	_		outside	DeepTMHMM			20	316	1	297					
sequence	other	20261001_b56ff9a9	XP_015758037.1	_		membrane	DeepTMHMM			317	339	1	23					
sequence	other	20261001_b56ff9a9	XP_015758037.1	_		inside	DeepTMHMM			340	656	1	317					
sequence	other	20261001_b56ff9a9	XP_015758038.1	_		signal	DeepTMHMM			1	19	1	19					
sequence	other	20261001_b56ff9a9	XP_015758038.1	_		outside	DeepTMHMM			20	316	1	297					
sequence	other	20261001_b56ff9a9	XP_015758038.1	_		membrane	DeepTMHMM			317	339	1	23					
sequence	other	20261001_b56ff9a9	XP_015758038.1	_		inside	DeepTMHMM			340	655	1	316					
sequence	other	20261001_b56ff9a9	XP_015758039.1	_		signal	DeepTMHMM			1	19	1	19					
sequence	other	20261001_b56ff9a9	XP_015758039.1	_		outside	DeepTMHMM			20	316	1	297					
sequence	other	20261001_b56ff9a9	XP_015758039.1	_		membrane	DeepTMHMM			317	339	1	23					
sequence	other	20261001_b56ff9a9	XP_015758039.1	_		inside	DeepTMHMM			340	647	1	308					
sequence	other	20261001_b56ff9a9	XP_015758412.1	_		signal	DeepTMHMM			1	18	1	18					
sequence	other	20261001_b56ff9a9	XP_015758412.1	_		outside	DeepTMHMM			19	232	1	214					
sequence	other	20261001_b56ff9a9	XP_015758412.1	_		membrane	DeepTMHMM			233	255	1	23					
sequence	other	20261001_b56ff9a9	XP_015758412.1	_		inside	DeepTMHMM			256	386	1	131					
sequence	other	20261001_b56ff9a9	XP_015761850.1	_		signal	DeepTMHMM			1	22	1	22					
sequence	other	20261001_b56ff9a9	XP_015761850.1	_		outside	DeepTMHMM			23	236	1	214					
sequence	other	20261001_b56ff9a9	XP_015761850.1	_		membrane	DeepTMHMM			237	259	1	23					
sequence	other	20261001_b56ff9a9	XP_015761850.1	_		inside	DeepTMHMM			260	398	1	139					
sequence	other	20261001_b56ff9a9	XP_015761851.1	_		signal	DeepTMHMM			1	19	1	19					
sequence	other	20261001_b56ff9a9	XP_015761851.1	_		outside	DeepTMHMM			20	234	1	215					
sequence	other	20261001_b56ff9a9	XP_015761851.1	_		membrane	DeepTMHMM			235	257	1	23					
sequence	other	20261001_b56ff9a9	XP_015761851.1	_		inside	DeepTMHMM			258	396	1	139					
sequence	other	20261001_b56ff9a9	XP_015761852.1	_		signal	DeepTMHMM			1	19	1	19					
sequence	other	20261001_b56ff9a9	XP_015761852.1	_		outside	DeepTMHMM			20	234	1	215					
sequence	other	20261001_b56ff9a9	XP_015761852.1	_		membrane	DeepTMHMM			235	257	1	23					
sequence	other	20261001_b56ff9a9	XP_015761852.1	_		inside	DeepTMHMM			258	396	1	139					
sequence	other	20261001_b56ff9a9	XP_015761853.1	_		signal	DeepTMHMM			1	12	1	12					
sequence	other	20261001_b56ff9a9	XP_015761853.1	_		outside	DeepTMHMM			13	227	1	215					
sequence	other	20261001_b56ff9a9	XP_015761853.1	_		membrane	DeepTMHMM			228	250	1	23					
sequence	other	20261001_b56ff9a9	XP_015761853.1	_		inside	DeepTMHMM			251	389	1	139					
sequence	other	20261001_b56ff9a9	XP_015761854.1	_		signal	DeepTMHMM			1	12	1	12					
sequence	other	20261001_b56ff9a9	XP_015761854.1	_		outside	DeepTMHMM			13	227	1	215					
sequence	other	20261001_b56ff9a9	XP_015761854.1	_		membrane	DeepTMHMM			228	250	1	23					
sequence	other	20261001_b56ff9a9	XP_015761854.1	_		inside	DeepTMHMM			251	389	1	139					
sequence	other	20261001_b56ff9a9	XP_015761855.1	_		signal	DeepTMHMM			1	12	1	12					
sequence	other	20261001_b56ff9a9	XP_015761855.1	_		outside	DeepTMHMM			13	227	1	215					
sequence	other	20261001_b56ff9a9	XP_015761855.1	_		membrane	DeepTMHMM			228	250	1	23					
sequence	other	20261001_b56ff9a9	XP_015761855.1	_		inside	DeepTMHMM			251	389	1	139					
sequence	other	20261001_b56ff9a9	XP_015763745.1	_		signal	DeepTMHMM			1	31	1	31					
sequence	other	20261001_b56ff9a9	XP_015763745.1	_		outside	DeepTMHMM			32	217	1	186					
sequence	other	20261001_b56ff9a9	XP_015763745.1	_		membrane	DeepTMHMM			218	238	1	21					
sequence	other	20261001_b56ff9a9	XP_015763745.1	_		inside	DeepTMHMM			239	262	1	24					
sequence	other	20261001_b56ff9a9	XP_015768519.1	_		signal	DeepTMHMM			1	23	1	23					
sequence	other	20261001_b56ff9a9	XP_015768519.1	_		outside	DeepTMHMM			24	222	1	199					
sequence	other	20261001_b56ff9a9	XP_015768519.1	_		membrane	DeepTMHMM			223	243	1	21					
sequence	other	20261001_b56ff9a9	XP_015768519.1	_		inside	DeepTMHMM			244	628	1	385					
sequence	other	20261001_b56ff9a9	XP_015768520.1	_		signal	DeepTMHMM			1	23	1	23					
sequence	other	20261001_b56ff9a9	XP_015768520.1	_		outside	DeepTMHMM			24	215	1	192					
sequence	other	20261001_b56ff9a9	XP_015768520.1	_		membrane	DeepTMHMM			216	236	1	21					
sequence	other	20261001_b56ff9a9	XP_015768520.1	_		inside	DeepTMHMM			237	621	1	385					
sequence	other	20261001_b56ff9a9	XP_015768521.1	_		signal	DeepTMHMM			1	23	1	23					
sequence	other	20261001_b56ff9a9	XP_015768521.1	_		outside	DeepTMHMM			24	215	1	192					
sequence	other	20261001_b56ff9a9	XP_015768521.1	_		membrane	DeepTMHMM			216	236	1	21					
sequence	other	20261001_b56ff9a9	XP_015768521.1	_		inside	DeepTMHMM			237	621	1	385					
sequence	other	20261001_b56ff9a9	XP_015768522.1	_		signal	DeepTMHMM			1	23	1	23					
sequence	other	20261001_b56ff9a9	XP_015768522.1	_		outside	DeepTMHMM			24	215	1	192					
sequence	other	20261001_b56ff9a9	XP_015768522.1	_		membrane	DeepTMHMM			216	236	1	21					
sequence	other	20261001_b56ff9a9	XP_015768522.1	_		inside	DeepTMHMM			237	621	1	385					
sequence	other	20261001_b56ff9a9	XP_015768524.1	_		signal	DeepTMHMM			1	10	1	10					
sequence	other	20261001_b56ff9a9	XP_015768524.1	_		outside	DeepTMHMM			11	201	1	191					
sequence	other	20261001_b56ff9a9	XP_015768524.1	_		membrane	DeepTMHMM			202	222	1	21					
sequence	other	20261001_b56ff9a9	XP_015768524.1	_		inside	DeepTMHMM			223	607	1	385					
sequence	other	20261001_b56ff9a9	XP_015768525.1	_		signal	DeepTMHMM			1	23	1	23					
sequence	other	20261001_b56ff9a9	XP_015768525.1	_		outside	DeepTMHMM			24	222	1	199					
sequence	other	20261001_b56ff9a9	XP_015768525.1	_		membrane	DeepTMHMM			223	243	1	21					
sequence	other	20261001_b56ff9a9	XP_015768525.1	_		inside	DeepTMHMM			244	401	1	158					
sequence	other	20261001_b56ff9a9	XP_015768526.1	_		signal	DeepTMHMM			1	23	1	23					
sequence	other	20261001_b56ff9a9	XP_015768526.1	_		outside	DeepTMHMM			24	222	1	199					
sequence	other	20261001_b56ff9a9	XP_015768526.1	_		membrane	DeepTMHMM			223	243	1	21					
sequence	other	20261001_b56ff9a9	XP_015768526.1	_		inside	DeepTMHMM			244	376	1	133					
sequence	other	20261001_b56ff9a9	XP_015768527.1	_		signal	DeepTMHMM			1	23	1	23					
sequence	other	20261001_b56ff9a9	XP_015768527.1	_		outside	DeepTMHMM			24	215	1	192					
sequence	other	20261001_b56ff9a9	XP_015768527.1	_		membrane	DeepTMHMM			216	236	1	21					
sequence	other	20261001_b56ff9a9	XP_015768527.1	_		inside	DeepTMHMM			237	369	1	133					
sequence	other	20261001_b56ff9a9	XP_015771234.1	_		signal	DeepTMHMM			1	39	1	39					
sequence	other	20261001_b56ff9a9	XP_015771234.1	_		outside	DeepTMHMM			40	357	1	318					
sequence	other	20261001_b56ff9a9	XP_015771234.1	_		membrane	DeepTMHMM			358	378	1	21					
sequence	other	20261001_b56ff9a9	XP_015771234.1	_		inside	DeepTMHMM			379	561	1	183					
sequence	other	20261001_b56ff9a9	XP_015771235.1	_		signal	DeepTMHMM			1	39	1	39					
sequence	other	20261001_b56ff9a9	XP_015771235.1	_		outside	DeepTMHMM			40	359	1	320					
sequence	other	20261001_b56ff9a9	XP_015771235.1	_		membrane	DeepTMHMM			360	379	1	20					
sequence	other	20261001_b56ff9a9	XP_015771235.1	_		inside	DeepTMHMM			380	810	1	431					
sequence	other	20261001_b56ff9a9	XP_015772351.1	_		outside	DeepTMHMM			1	217	1	217					
sequence	other	20261001_b56ff9a9	XP_015772351.1	_		membrane	DeepTMHMM			218	239	1	22					
sequence	other	20261001_b56ff9a9	XP_015772351.1	_		inside	DeepTMHMM			240	503	1	264					
sequence	other	20261001_b56ff9a9	XP_015772355.1	_		signal	DeepTMHMM			1	27	1	27					
sequence	other	20261001_b56ff9a9	XP_015772355.1	_		outside	DeepTMHMM			28	234	1	207					
sequence	other	20261001_b56ff9a9	XP_015772355.1	_		membrane	DeepTMHMM			235	259	1	25					
sequence	other	20261001_b56ff9a9	XP_015772355.1	_		inside	DeepTMHMM			260	378	1	119					
sequence	other	20261001_b56ff9a9	XP_015772357.1	_		signal	DeepTMHMM			1	25	1	25					
sequence	other	20261001_b56ff9a9	XP_015772357.1	_		outside	DeepTMHMM			26	375	1	350					
sequence	other	20261001_b56ff9a9	XP_015772357.1	_		membrane	DeepTMHMM			376	396	1	21					
sequence	other	20261001_b56ff9a9	XP_015772357.1	_		inside	DeepTMHMM			397	839	1	443					
sequence	other	20261001_b56ff9a9	XP_015772358.1	_		signal	DeepTMHMM			1	25	1	25					
sequence	other	20261001_b56ff9a9	XP_015772358.1	_		outside	DeepTMHMM			26	375	1	350					
sequence	other	20261001_b56ff9a9	XP_015772358.1	_		membrane	DeepTMHMM			376	396	1	21					
sequence	other	20261001_b56ff9a9	XP_015772358.1	_		inside	DeepTMHMM			397	839	1	443					
sequence	other	20261001_b56ff9a9	XP_015772359.1	_		signal	DeepTMHMM			1	25	1	25					
sequence	other	20261001_b56ff9a9	XP_015772359.1	_		outside	DeepTMHMM			26	375	1	350					
sequence	other	20261001_b56ff9a9	XP_015772359.1	_		membrane	DeepTMHMM			376	396	1	21					
sequence	other	20261001_b56ff9a9	XP_015772359.1	_		inside	DeepTMHMM			397	839	1	443					
sequence	other	20261001_b56ff9a9	XP_015772360.1	_		signal	DeepTMHMM			1	25	1	25					
sequence	other	20261001_b56ff9a9	XP_015772360.1	_		outside	DeepTMHMM			26	331	1	306					
sequence	other	20261001_b56ff9a9	XP_015772360.1	_		membrane	DeepTMHMM			332	352	1	21					
sequence	other	20261001_b56ff9a9	XP_015772360.1	_		inside	DeepTMHMM			353	795	1	443					
sequence	other	20261001_b56ff9a9	XP_015772362.1	_		signal	DeepTMHMM			1	25	1	25					
sequence	other	20261001_b56ff9a9	XP_015772362.1	_		outside	DeepTMHMM			26	331	1	306					
sequence	other	20261001_b56ff9a9	XP_015772362.1	_		membrane	DeepTMHMM			332	352	1	21					
sequence	other	20261001_b56ff9a9	XP_015772362.1	_		inside	DeepTMHMM			353	795	1	443					
sequence	other	20261001_b56ff9a9	XP_015772363.1	_		signal	DeepTMHMM			1	21	1	21					
sequence	other	20261001_b56ff9a9	XP_015772363.1	_		outside	DeepTMHMM			22	324	1	303					
sequence	other	20261001_b56ff9a9	XP_015772363.1	_		membrane	DeepTMHMM			325	345	1	21					
sequence	other	20261001_b56ff9a9	XP_015772363.1	_		inside	DeepTMHMM			346	788	1	443					
sequence	other	20261001_b56ff9a9	XP_015772364.1	_		signal	DeepTMHMM			1	21	1	21					
sequence	other	20261001_b56ff9a9	XP_015772364.1	_		outside	DeepTMHMM			22	324	1	303					
sequence	other	20261001_b56ff9a9	XP_015772364.1	_		membrane	DeepTMHMM			325	345	1	21					
sequence	other	20261001_b56ff9a9	XP_015772364.1	_		inside	DeepTMHMM			346	788	1	443					
sequence	other	20261001_b56ff9a9	XP_015772365.1	_		signal	DeepTMHMM			1	21	1	21					
sequence	other	20261001_b56ff9a9	XP_015772365.1	_		outside	DeepTMHMM			22	324	1	303					
sequence	other	20261001_b56ff9a9	XP_015772365.1	_		membrane	DeepTMHMM			325	345	1	21					
sequence	other	20261001_b56ff9a9	XP_015772365.1	_		inside	DeepTMHMM			346	788	1	443					
sequence	other	20261001_b56ff9a9	XP_015772370.1	_		signal	DeepTMHMM			1	35	1	35					
sequence	other	20261001_b56ff9a9	XP_015772370.1	_		outside	DeepTMHMM			36	239	1	204					
sequence	other	20261001_b56ff9a9	XP_015772370.1	_		membrane	DeepTMHMM			240	261	1	22					
sequence	other	20261001_b56ff9a9	XP_015772370.1	_		inside	DeepTMHMM			262	456	1	195					
sequence	other	20261001_b56ff9a9	XP_015772371.1	_		signal	DeepTMHMM			1	35	1	35					
sequence	other	20261001_b56ff9a9	XP_015772371.1	_		outside	DeepTMHMM			36	239	1	204					
sequence	other	20261001_b56ff9a9	XP_015772371.1	_		membrane	DeepTMHMM			240	261	1	22					
sequence	other	20261001_b56ff9a9	XP_015772371.1	_		inside	DeepTMHMM			262	443	1	182					
sequence	other	20261001_b56ff9a9	XP_015772372.1	_		signal	DeepTMHMM			1	35	1	35					
sequence	other	20261001_b56ff9a9	XP_015772372.1	_		outside	DeepTMHMM			36	239	1	204					
sequence	other	20261001_b56ff9a9	XP_015772372.1	_		membrane	DeepTMHMM			240	261	1	22					
sequence	other	20261001_b56ff9a9	XP_015772372.1	_		inside	DeepTMHMM			262	395	1	134					
sequence	other	20261001_b56ff9a9	XP_015772377.1	_		signal	DeepTMHMM			1	34	1	34					
sequence	other	20261001_b56ff9a9	XP_015772377.1	_		outside	DeepTMHMM			35	241	1	207					
sequence	other	20261001_b56ff9a9	XP_015772377.1	_		membrane	DeepTMHMM			242	260	1	19					
sequence	other	20261001_b56ff9a9	XP_015772377.1	_		inside	DeepTMHMM			261	317	1	57					
sequence	other	20261001_b56ff9a9	XP_015772378.1	_		signal	DeepTMHMM			1	17	1	17					
sequence	other	20261001_b56ff9a9	XP_015772378.1	_		outside	DeepTMHMM			18	223	1	206					
sequence	other	20261001_b56ff9a9	XP_015772378.1	_		membrane	DeepTMHMM			224	244	1	21					
sequence	other	20261001_b56ff9a9	XP_015772378.1	_		inside	DeepTMHMM			245	289	1	45					
sequence	other	20261001_b56ff9a9	XP_015773868.1	_		signal	DeepTMHMM			1	46	1	46					
sequence	other	20261001_b56ff9a9	XP_015773868.1	_		outside	DeepTMHMM			47	261	1	215					
sequence	other	20261001_b56ff9a9	XP_015773868.1	_		membrane	DeepTMHMM			262	282	1	21					
sequence	other	20261001_b56ff9a9	XP_015773868.1	_		inside	DeepTMHMM			283	453	1	171					
sequence	other	20261001_b56ff9a9	XP_015773869.1	_		signal	DeepTMHMM			1	46	1	46					
sequence	other	20261001_b56ff9a9	XP_015773869.1	_		outside	DeepTMHMM			47	261	1	215					
sequence	other	20261001_b56ff9a9	XP_015773869.1	_		membrane	DeepTMHMM			262	282	1	21					
sequence	other	20261001_b56ff9a9	XP_015773869.1	_		inside	DeepTMHMM			283	453	1	171					
sequence	other	20261001_b56ff9a9	XP_015773870.1	_		signal	DeepTMHMM			1	46	1	46					
sequence	other	20261001_b56ff9a9	XP_015773870.1	_		outside	DeepTMHMM			47	261	1	215					
sequence	other	20261001_b56ff9a9	XP_015773870.1	_		membrane	DeepTMHMM			262	282	1	21					
sequence	other	20261001_b56ff9a9	XP_015773870.1	_		inside	DeepTMHMM			283	441	1	159					
sequence	other	20261001_b56ff9a9	XP_015773871.1	_		signal	DeepTMHMM			1	28	1	28					
sequence	other	20261001_b56ff9a9	XP_015773871.1	_		outside	DeepTMHMM			29	243	1	215					
sequence	other	20261001_b56ff9a9	XP_015773871.1	_		membrane	DeepTMHMM			244	264	1	21					
sequence	other	20261001_b56ff9a9	XP_015773871.1	_		inside	DeepTMHMM			265	435	1	171					
sequence	other	20261001_b56ff9a9	XP_015773872.1	_		outside	DeepTMHMM			1	171	1	171					
sequence	other	20261001_b56ff9a9	XP_015773872.1	_		membrane	DeepTMHMM			172	192	1	21					
sequence	other	20261001_b56ff9a9	XP_015773872.1	_		inside	DeepTMHMM			193	363	1	171					
sequence	other	20261001_b56ff9a9	XP_015775495.1	_		signal	DeepTMHMM			1	20	1	20					
sequence	other	20261001_b56ff9a9	XP_015775495.1	_		outside	DeepTMHMM			21	213	1	193					
sequence	other	20261001_b56ff9a9	XP_015775495.1	_		membrane	DeepTMHMM			214	234	1	21					
sequence	other	20261001_b56ff9a9	XP_015775495.1	_		inside	DeepTMHMM			235	237	1	3					
sequence	other	20261001_b56ff9a9	XP_015775496.1	_		signal	DeepTMHMM			1	20	1	20					
sequence	other	20261001_b56ff9a9	XP_015775496.1	_		outside	DeepTMHMM			21	213	1	193					
sequence	other	20261001_b56ff9a9	XP_015775496.1	_		membrane	DeepTMHMM			214	234	1	21					
sequence	other	20261001_b56ff9a9	XP_015775496.1	_		inside	DeepTMHMM			235	237	1	3					
sequence	other	20261001_b56ff9a9	XP_015776943.1	_		inside	DeepTMHMM			1	71	1	71					
sequence	other	20261001_b56ff9a9	XP_015776943.1	_		membrane	DeepTMHMM			72	81	1	10					
sequence	other	20261001_b56ff9a9	XP_015776943.1	_		outside	DeepTMHMM			82	390	1	309					
sequence	other	20261001_b56ff9a9	XP_015776943.1	_		membrane	DeepTMHMM			391	413	1	23					
sequence	other	20261001_b56ff9a9	XP_015776943.1	_		inside	DeepTMHMM			414	930	1	517					
sequence	other	20261001_b56ff9a9	XP_015776944.1	_		inside	DeepTMHMM			1	71	1	71					
sequence	other	20261001_b56ff9a9	XP_015776944.1	_		membrane	DeepTMHMM			72	81	1	10					
sequence	other	20261001_b56ff9a9	XP_015776944.1	_		outside	DeepTMHMM			82	390	1	309					
sequence	other	20261001_b56ff9a9	XP_015776944.1	_		membrane	DeepTMHMM			391	413	1	23					
sequence	other	20261001_b56ff9a9	XP_015776944.1	_		inside	DeepTMHMM			414	930	1	517					
sequence	other	20261001_b56ff9a9	XP_015776945.1	_		inside	DeepTMHMM			1	71	1	71					
sequence	other	20261001_b56ff9a9	XP_015776945.1	_		membrane	DeepTMHMM			72	81	1	10					
sequence	other	20261001_b56ff9a9	XP_015776945.1	_		outside	DeepTMHMM			82	390	1	309					
sequence	other	20261001_b56ff9a9	XP_015776945.1	_		membrane	DeepTMHMM			391	413	1	23					
sequence	other	20261001_b56ff9a9	XP_015776945.1	_		inside	DeepTMHMM			414	929	1	516					
sequence	other	20261001_b56ff9a9	XP_015776946.1	_		signal	DeepTMHMM			1	30	1	30					
sequence	other	20261001_b56ff9a9	XP_015776946.1	_		outside	DeepTMHMM			31	333	1	303					
sequence	other	20261001_b56ff9a9	XP_015776946.1	_		membrane	DeepTMHMM			334	356	1	23					
sequence	other	20261001_b56ff9a9	XP_015776946.1	_		inside	DeepTMHMM			357	873	1	517					
sequence	other	20261001_b56ff9a9	XP_015776947.1	_		signal	DeepTMHMM			1	37	1	37					
sequence	other	20261001_b56ff9a9	XP_015776947.1	_		outside	DeepTMHMM			38	240	1	203					
sequence	other	20261001_b56ff9a9	XP_015776947.1	_		membrane	DeepTMHMM			241	261	1	21					
sequence	other	20261001_b56ff9a9	XP_015776947.1	_		inside	DeepTMHMM			262	398	1	137					
sequence	other	20261001_b56ff9a9	XP_015776948.1	_		signal	DeepTMHMM			1	37	1	37					
sequence	other	20261001_b56ff9a9	XP_015776948.1	_		outside	DeepTMHMM			38	240	1	203					
sequence	other	20261001_b56ff9a9	XP_015776948.1	_		membrane	DeepTMHMM			241	261	1	21					
sequence	other	20261001_b56ff9a9	XP_015776948.1	_		inside	DeepTMHMM			262	398	1	137					
sequence	other	20261001_b56ff9a9	XP_015777661.1	_		signal	DeepTMHMM			1	23	1	23					
sequence	other	20261001_b56ff9a9	XP_015777661.1	_		outside	DeepTMHMM			24	345	1	322					
sequence	other	20261001_b56ff9a9	XP_015777661.1	_		membrane	DeepTMHMM			346	363	1	18					
sequence	other	20261001_b56ff9a9	XP_015777661.1	_		inside	DeepTMHMM			364	796	1	433					
sequence	other	20261001_b56ff9a9	XP_015777661.1	_		membrane	DeepTMHMM			797	806	1	10					
sequence	other	20261001_b56ff9a9	XP_015777661.1	_		outside	DeepTMHMM			807	1127	1	321					
sequence	other	20261001_b56ff9a9	XP_015777661.1	_		membrane	DeepTMHMM			1128	1148	1	21					
sequence	other	20261001_b56ff9a9	XP_015777661.1	_		inside	DeepTMHMM			1149	1359	1	211					
sequence	other	20261001_b56ff9a9	XP_015777665.1	_		signal	DeepTMHMM			1	39	1	39					
sequence	other	20261001_b56ff9a9	XP_015777665.1	_		outside	DeepTMHMM			40	350	1	311					
sequence	other	20261001_b56ff9a9	XP_015777665.1	_		membrane	DeepTMHMM			351	371	1	21					
sequence	other	20261001_b56ff9a9	XP_015777665.1	_		inside	DeepTMHMM			372	926	1	555					
sequence	other	20261001_b56ff9a9	XP_015777666.1	_		signal	DeepTMHMM			1	45	1	45					
sequence	other	20261001_b56ff9a9	XP_015777666.1	_		outside	DeepTMHMM			46	272	1	227					
sequence	other	20261001_b56ff9a9	XP_015777666.1	_		membrane	DeepTMHMM			273	295	1	23					
sequence	other	20261001_b56ff9a9	XP_015777666.1	_		inside	DeepTMHMM			296	845	1	550					
sequence	other	20261001_b56ff9a9	XP_015777667.1	_		signal	DeepTMHMM			1	43	1	43					
sequence	other	20261001_b56ff9a9	XP_015777667.1	_		outside	DeepTMHMM			44	270	1	227					
sequence	other	20261001_b56ff9a9	XP_015777667.1	_		membrane	DeepTMHMM			271	293	1	23					
sequence	other	20261001_b56ff9a9	XP_015777667.1	_		inside	DeepTMHMM			294	843	1	550					
sequence	other	20261001_b56ff9a9	XP_015777668.1	_		signal	DeepTMHMM			1	45	1	45					
sequence	other	20261001_b56ff9a9	XP_015777668.1	_		outside	DeepTMHMM			46	499	1	454					
sequence	other	20261001_b56ff9a9	XP_015777668.1	_		membrane	DeepTMHMM			500	509	1	10					
sequence	other	20261001_b56ff9a9	XP_015777668.1	_		inside	DeepTMHMM			510	801	1	292					
sequence	other	20261001_b56ff9a9	XP_020894905.1	_		signal	DeepTMHMM			1	22	1	22					
sequence	other	20261001_b56ff9a9	XP_020894905.1	_		outside	DeepTMHMM			23	242	1	220					
sequence	other	20261001_b56ff9a9	XP_020894905.1	_		membrane	DeepTMHMM			243	265	1	23					
sequence	other	20261001_b56ff9a9	XP_020894905.1	_		inside	DeepTMHMM			266	394	1	129					
sequence	other	20261001_b56ff9a9	XP_020894906.1	_		signal	DeepTMHMM			1	19	1	19					
sequence	other	20261001_b56ff9a9	XP_020894906.1	_		outside	DeepTMHMM			20	239	1	220					
sequence	other	20261001_b56ff9a9	XP_020894906.1	_		membrane	DeepTMHMM			240	262	1	23					
sequence	other	20261001_b56ff9a9	XP_020894906.1	_		inside	DeepTMHMM			263	391	1	129					
sequence	other	20261001_b56ff9a9	XP_020895699.1	_		signal	DeepTMHMM			1	22	1	22					
sequence	other	20261001_b56ff9a9	XP_020895699.1	_		outside	DeepTMHMM			23	215	1	193					
sequence	other	20261001_b56ff9a9	XP_020895699.1	_		membrane	DeepTMHMM			216	230	1	15					
sequence	other	20261001_b56ff9a9	XP_020895699.1	_		inside	DeepTMHMM			231	492	1	262					
sequence	other	20261001_b56ff9a9	XP_020898046.1	_		signal	DeepTMHMM			1	23	1	23					
sequence	other	20261001_b56ff9a9	XP_020898046.1	_		outside	DeepTMHMM			24	193	1	170					
sequence	other	20261001_b56ff9a9	XP_020898046.1	_		membrane	DeepTMHMM			194	213	1	20					
sequence	other	20261001_b56ff9a9	XP_020898046.1	_		inside	DeepTMHMM			214	596	1	383					
sequence	other	20261001_b56ff9a9	XP_020903654.1	_		signal	DeepTMHMM			1	27	1	27					
sequence	other	20261001_b56ff9a9	XP_020903654.1	_		outside	DeepTMHMM			28	215	1	188					
sequence	other	20261001_b56ff9a9	XP_020903654.1	_		membrane	DeepTMHMM			216	236	1	21					
sequence	other	20261001_b56ff9a9	XP_020903654.1	_		inside	DeepTMHMM			237	396	1	160					
sequence	other	20261001_b56ff9a9	XP_020903655.1	_		signal	DeepTMHMM			1	27	1	27					
sequence	other	20261001_b56ff9a9	XP_020903655.1	_		outside	DeepTMHMM			28	215	1	188					
sequence	other	20261001_b56ff9a9	XP_020903655.1	_		membrane	DeepTMHMM			216	236	1	21					
sequence	other	20261001_b56ff9a9	XP_020903655.1	_		inside	DeepTMHMM			237	396	1	160					
sequence	other	20261001_b56ff9a9	XP_020903656.1	_		signal	DeepTMHMM			1	27	1	27					
sequence	other	20261001_b56ff9a9	XP_020903656.1	_		outside	DeepTMHMM			28	215	1	188					
sequence	other	20261001_b56ff9a9	XP_020903656.1	_		membrane	DeepTMHMM			216	236	1	21					
sequence	other	20261001_b56ff9a9	XP_020903656.1	_		inside	DeepTMHMM			237	364	1	128					
sequence	other	20261001_b56ff9a9	XP_020905308.2	_		signal	DeepTMHMM			1	22	1	22					
sequence	other	20261001_b56ff9a9	XP_020905308.2	_		outside	DeepTMHMM			23	402	1	380					
sequence	other	20261001_b56ff9a9	XP_020906620.1	_		signal	DeepTMHMM			1	22	1	22					
sequence	other	20261001_b56ff9a9	XP_020906620.1	_		outside	DeepTMHMM			23	220	1	198					
sequence	other	20261001_b56ff9a9	XP_020906620.1	_		membrane	DeepTMHMM			221	242	1	22					
sequence	other	20261001_b56ff9a9	XP_020906620.1	_		inside	DeepTMHMM			243	276	1	34					
sequence	other	20261001_b56ff9a9	XP_020906621.1	_		signal	DeepTMHMM			1	22	1	22					
sequence	other	20261001_b56ff9a9	XP_020906621.1	_		outside	DeepTMHMM			23	220	1	198					
sequence	other	20261001_b56ff9a9	XP_020906621.1	_		membrane	DeepTMHMM			221	242	1	22					
sequence	other	20261001_b56ff9a9	XP_020906621.1	_		inside	DeepTMHMM			243	276	1	34					
sequence	other	20261001_b56ff9a9	XP_020908532.1	_		signal	DeepTMHMM			1	36	1	36					
sequence	other	20261001_b56ff9a9	XP_020908532.1	_		outside	DeepTMHMM			37	211	1	175					
sequence	other	20261001_b56ff9a9	XP_020908532.1	_		membrane	DeepTMHMM			212	232	1	21					
sequence	other	20261001_b56ff9a9	XP_020908532.1	_		inside	DeepTMHMM			233	509	1	277					
sequence	other	20261001_b56ff9a9	XP_020916971.1	_		signal	DeepTMHMM			1	20	1	20					
sequence	other	20261001_b56ff9a9	XP_020916971.1	_		outside	DeepTMHMM			21	172	1	152					
sequence	other	20261001_b56ff9a9	XP_020916971.1	_		membrane	DeepTMHMM			173	193	1	21					
sequence	other	20261001_b56ff9a9	XP_020916971.1	_		inside	DeepTMHMM			194	329	1	136					
sequence	other	20261001_b56ff9a9	XP_028516177.1	_		signal	DeepTMHMM			1	22	1	22					
sequence	other	20261001_b56ff9a9	XP_028516177.1	_		outside	DeepTMHMM			23	402	1	380					
sequence	other	20261001_b56ff9a9	XP_028516544.1	_		signal	DeepTMHMM			1	22	1	22					
sequence	other	20261001_b56ff9a9	XP_028516544.1	_		outside	DeepTMHMM			23	220	1	198					
sequence	other	20261001_b56ff9a9	XP_028516544.1	_		membrane	DeepTMHMM			221	242	1	22					
sequence	other	20261001_b56ff9a9	XP_028516544.1	_		inside	DeepTMHMM			243	276	1	34					
sequence	other	20261001_b56ff9a9	XP_028519600.1	_		outside	DeepTMHMM			1	148	1	148					
sequence	other	20261001_b56ff9a9	XP_028519600.1	_		membrane	DeepTMHMM			149	169	1	21					
sequence	other	20261001_b56ff9a9	XP_028519600.1	_		inside	DeepTMHMM			170	305	1	136					
sequence	other	20261001_b56ff9a9	XP_020602401.1	_		signal	DeepTMHMM			1	20	1	20					
sequence	other	20261001_b56ff9a9	XP_020602401.1	_		outside	DeepTMHMM			21	225	1	205					
sequence	other	20261001_b56ff9a9	XP_020602401.1	_		membrane	DeepTMHMM			226	246	1	21					
sequence	other	20261001_b56ff9a9	XP_020602401.1	_		inside	DeepTMHMM			247	415	1	169					
sequence	other	20261001_b56ff9a9	XP_020604541.1	_		signal	DeepTMHMM			1	21	1	21					
sequence	other	20261001_b56ff9a9	XP_020604541.1	_		outside	DeepTMHMM			22	319	1	298					
sequence	other	20261001_b56ff9a9	XP_020604541.1	_		membrane	DeepTMHMM			320	340	1	21					
sequence	other	20261001_b56ff9a9	XP_020604541.1	_		inside	DeepTMHMM			341	662	1	322					
sequence	other	20261001_b56ff9a9	XP_020604544.1	_		signal	DeepTMHMM			1	21	1	21					
sequence	other	20261001_b56ff9a9	XP_020604544.1	_		outside	DeepTMHMM			22	321	1	300					
sequence	other	20261001_b56ff9a9	XP_020604544.1	_		membrane	DeepTMHMM			322	342	1	21					
sequence	other	20261001_b56ff9a9	XP_020604544.1	_		inside	DeepTMHMM			343	633	1	291					
sequence	other	20261001_b56ff9a9	XP_020604545.1	_		signal	DeepTMHMM			1	24	1	24					
sequence	other	20261001_b56ff9a9	XP_020604545.1	_		outside	DeepTMHMM			25	294	1	270					
sequence	other	20261001_b56ff9a9	XP_020604545.1	_		membrane	DeepTMHMM			295	313	1	19					
sequence	other	20261001_b56ff9a9	XP_020604545.1	_		inside	DeepTMHMM			314	325	1	12					
sequence	other	20261001_b56ff9a9	XP_020604547.1	_		signal	DeepTMHMM			1	26	1	26					
sequence	other	20261001_b56ff9a9	XP_020604547.1	_		outside	DeepTMHMM			27	231	1	205					
sequence	other	20261001_b56ff9a9	XP_020604547.1	_		membrane	DeepTMHMM			232	252	1	21					
sequence	other	20261001_b56ff9a9	XP_020604547.1	_		inside	DeepTMHMM			253	423	1	171					
sequence	other	20261001_b56ff9a9	XP_020604589.1	_		signal	DeepTMHMM			1	21	1	21					
sequence	other	20261001_b56ff9a9	XP_020604589.1	_		outside	DeepTMHMM			22	184	1	163					
sequence	other	20261001_b56ff9a9	XP_020604601.1	_		signal	DeepTMHMM			1	19	1	19					
sequence	other	20261001_b56ff9a9	XP_020604601.1	_		outside	DeepTMHMM			20	195	1	176					
sequence	other	20261001_b56ff9a9	XP_020604601.1	_		membrane	DeepTMHMM			196	218	1	23					
sequence	other	20261001_b56ff9a9	XP_020604601.1	_		inside	DeepTMHMM			219	478	1	260					
sequence	other	20261001_b56ff9a9	XP_020604602.1	_		signal	DeepTMHMM			1	19	1	19					
sequence	other	20261001_b56ff9a9	XP_020604602.1	_		outside	DeepTMHMM			20	195	1	176					
sequence	other	20261001_b56ff9a9	XP_020604602.1	_		membrane	DeepTMHMM			196	216	1	21					
sequence	other	20261001_b56ff9a9	XP_020604602.1	_		inside	DeepTMHMM			217	472	1	256					
sequence	other	20261001_b56ff9a9	XP_020604603.1	_		signal	DeepTMHMM			1	22	1	22					
sequence	other	20261001_b56ff9a9	XP_020604603.1	_		outside	DeepTMHMM			23	214	1	192					
sequence	other	20261001_b56ff9a9	XP_020604603.1	_		membrane	DeepTMHMM			215	235	1	21					
sequence	other	20261001_b56ff9a9	XP_020604603.1	_		inside	DeepTMHMM			236	671	1	436					
sequence	other	20261001_b56ff9a9	XP_020607681.1	_		signal	DeepTMHMM			1	19	1	19					
sequence	other	20261001_b56ff9a9	XP_020607681.1	_		outside	DeepTMHMM			20	198	1	179					
sequence	other	20261001_b56ff9a9	XP_020607681.1	_		membrane	DeepTMHMM			199	219	1	21					
sequence	other	20261001_b56ff9a9	XP_020607681.1	_		inside	DeepTMHMM			220	374	1	155					
sequence	other	20261001_b56ff9a9	XP_020607715.1	_		signal	DeepTMHMM			1	19	1	19					
sequence	other	20261001_b56ff9a9	XP_020607715.1	_		outside	DeepTMHMM			20	202	1	183					
sequence	other	20261001_b56ff9a9	XP_020607715.1	_		membrane	DeepTMHMM			203	223	1	21					
sequence	other	20261001_b56ff9a9	XP_020607715.1	_		inside	DeepTMHMM			224	250	1	27					
sequence	other	20261001_b56ff9a9	XP_020607724.1	_		outside	DeepTMHMM			1	185	1	185					
sequence	other	20261001_b56ff9a9	XP_020607724.1	_		membrane	DeepTMHMM			186	206	1	21					
sequence	other	20261001_b56ff9a9	XP_020607724.1	_		inside	DeepTMHMM			207	233	1	27					
sequence	other	20261001_b56ff9a9	XP_020607731.1	_		outside	DeepTMHMM			1	185	1	185					
sequence	other	20261001_b56ff9a9	XP_020607731.1	_		membrane	DeepTMHMM			186	206	1	21					
sequence	other	20261001_b56ff9a9	XP_020607731.1	_		inside	DeepTMHMM			207	233	1	27					
sequence	other	20261001_b56ff9a9	XP_020610619.1	_		outside	DeepTMHMM			1	249	1	249					
sequence	other	20261001_b56ff9a9	XP_020610619.1	_		membrane	DeepTMHMM			250	259	1	10					
sequence	other	20261001_b56ff9a9	XP_020610619.1	_		inside	DeepTMHMM			260	357	1	98					
sequence	other	20261001_b56ff9a9	XP_020617457.1	_		signal	DeepTMHMM			1	16	1	16					
sequence	other	20261001_b56ff9a9	XP_020617457.1	_		outside	DeepTMHMM			17	140	1	124					
sequence	other	20261001_b56ff9a9	XP_020617457.1	_		membrane	DeepTMHMM			141	161	1	21					
sequence	other	20261001_b56ff9a9	XP_020617457.1	_		inside	DeepTMHMM			162	188	1	27					
sequence	other	20261001_b56ff9a9	XP_020618053.1	_		inside	DeepTMHMM			1	43	1	43					
sequence	other	20261001_b56ff9a9	XP_020618053.1	_		membrane	DeepTMHMM			44	60	1	17					
sequence	other	20261001_b56ff9a9	XP_020618053.1	_		outside	DeepTMHMM			61	357	1	297					
sequence	other	20261001_b56ff9a9	XP_020618053.1	_		membrane	DeepTMHMM			358	382	1	25					
sequence	other	20261001_b56ff9a9	XP_020618053.1	_		inside	DeepTMHMM			383	557	1	175					
sequence	other	20261001_b56ff9a9	XP_020618100.1	_		signal	DeepTMHMM			1	26	1	26					
sequence	other	20261001_b56ff9a9	XP_020618100.1	_		outside	DeepTMHMM			27	366	1	340					
sequence	other	20261001_b56ff9a9	XP_020618100.1	_		membrane	DeepTMHMM			367	387	1	21					
sequence	other	20261001_b56ff9a9	XP_020618100.1	_		inside	DeepTMHMM			388	540	1	153					
sequence	other	20261001_b56ff9a9	XP_020618101.1	_		signal	DeepTMHMM			1	26	1	26					
sequence	other	20261001_b56ff9a9	XP_020618101.1	_		outside	DeepTMHMM			27	366	1	340					
sequence	other	20261001_b56ff9a9	XP_020618101.1	_		membrane	DeepTMHMM			367	387	1	21					
sequence	other	20261001_b56ff9a9	XP_020618101.1	_		inside	DeepTMHMM			388	540	1	153					
sequence	other	20261001_b56ff9a9	XP_020618859.1	_		signal	DeepTMHMM			1	44	1	44					
sequence	other	20261001_b56ff9a9	XP_020618859.1	_		outside	DeepTMHMM			45	196	1	152					
sequence	other	20261001_b56ff9a9	XP_020620823.1	_		signal	DeepTMHMM			1	21	1	21					
sequence	other	20261001_b56ff9a9	XP_020620823.1	_		outside	DeepTMHMM			22	378	1	357					
sequence	other	20261001_b56ff9a9	XP_020620823.1	_		membrane	DeepTMHMM			379	398	1	20					
sequence	other	20261001_b56ff9a9	XP_020620823.1	_		inside	DeepTMHMM			399	639	1	241					
sequence	other	20261001_b56ff9a9	XP_020620824.1	_		signal	DeepTMHMM			1	21	1	21					
sequence	other	20261001_b56ff9a9	XP_020620824.1	_		outside	DeepTMHMM			22	378	1	357					
sequence	other	20261001_b56ff9a9	XP_020620824.1	_		membrane	DeepTMHMM			379	398	1	20					
sequence	other	20261001_b56ff9a9	XP_020620824.1	_		inside	DeepTMHMM			399	638	1	240					
sequence	other	20261001_b56ff9a9	XP_020623559.1	_		signal	DeepTMHMM			1	46	1	46					
sequence	other	20261001_b56ff9a9	XP_020623559.1	_		outside	DeepTMHMM			47	272	1	226					
sequence	other	20261001_b56ff9a9	XP_020623559.1	_		membrane	DeepTMHMM			273	293	1	21					
sequence	other	20261001_b56ff9a9	XP_020623559.1	_		inside	DeepTMHMM			294	429	1	136					
sequence	other	20261001_b56ff9a9	XP_020623560.1	_		signal	DeepTMHMM			1	20	1	20					
sequence	other	20261001_b56ff9a9	XP_020623560.1	_		outside	DeepTMHMM			21	236	1	216					
sequence	other	20261001_b56ff9a9	XP_020623560.1	_		membrane	DeepTMHMM			237	257	1	21					
sequence	other	20261001_b56ff9a9	XP_020623560.1	_		inside	DeepTMHMM			258	393	1	136					
sequence	other	20261001_b56ff9a9	XP_020623561.1	_		signal	DeepTMHMM			1	13	1	13					
sequence	other	20261001_b56ff9a9	XP_020623561.1	_		outside	DeepTMHMM			14	229	1	216					
sequence	other	20261001_b56ff9a9	XP_020623561.1	_		membrane	DeepTMHMM			230	250	1	21					
sequence	other	20261001_b56ff9a9	XP_020623561.1	_		inside	DeepTMHMM			251	386	1	136					
sequence	other	20261001_b56ff9a9	XP_020628632.1	_		signal	DeepTMHMM			1	26	1	26					
sequence	other	20261001_b56ff9a9	XP_020628632.1	_		outside	DeepTMHMM			27	363	1	337					
sequence	other	20261001_b56ff9a9	XP_020628632.1	_		membrane	DeepTMHMM			364	384	1	21					
sequence	other	20261001_b56ff9a9	XP_020628632.1	_		inside	DeepTMHMM			385	541	1	157					
sequence	other	20261001_b56ff9a9	XP_020628914.1	_		inside	DeepTMHMM			1	52	1	52					
sequence	other	20261001_b56ff9a9	XP_020628914.1	_		membrane	DeepTMHMM			53	65	1	13					
sequence	other	20261001_b56ff9a9	XP_020628914.1	_		outside	DeepTMHMM			66	264	1	199					
sequence	other	20261001_b56ff9a9	XP_020628914.1	_		membrane	DeepTMHMM			265	285	1	21					
sequence	other	20261001_b56ff9a9	XP_020628914.1	_		inside	DeepTMHMM			286	335	1	50					
sequence	other	20261001_b56ff9a9	XP_020629265.1	_		signal	DeepTMHMM			1	37	1	37					
sequence	other	20261001_b56ff9a9	XP_020629265.1	_		outside	DeepTMHMM			38	272	1	235					
sequence	other	20261001_b56ff9a9	XP_020629265.1	_		membrane	DeepTMHMM			273	293	1	21					
sequence	other	20261001_b56ff9a9	XP_020629265.1	_		inside	DeepTMHMM			294	311	1	18					
sequence	other	20261001_b56ff9a9	XP_020630396.1	_		signal	DeepTMHMM			1	19	1	19					
sequence	other	20261001_b56ff9a9	XP_020630396.1	_		outside	DeepTMHMM			20	237	1	218					
sequence	other	20261001_b56ff9a9	XP_020630396.1	_		membrane	DeepTMHMM			238	258	1	21					
sequence	other	20261001_b56ff9a9	XP_020630396.1	_		inside	DeepTMHMM			259	396	1	138					
sequence	other	20261001_b56ff9a9	XP_022777488.1	_		signal	DeepTMHMM			1	10	1	10					
sequence	other	20261001_b56ff9a9	XP_022777488.1	_		outside	DeepTMHMM			11	339	1	329					
sequence	other	20261001_b56ff9a9	XP_022777488.1	_		membrane	DeepTMHMM			340	360	1	21					
sequence	other	20261001_b56ff9a9	XP_022777488.1	_		inside	DeepTMHMM			361	746	1	386					
sequence	other	20261001_b56ff9a9	XP_022777489.1	_		signal	DeepTMHMM			1	21	1	21					
sequence	other	20261001_b56ff9a9	XP_022777489.1	_		outside	DeepTMHMM			22	341	1	320					
sequence	other	20261001_b56ff9a9	XP_022777489.1	_		membrane	DeepTMHMM			342	351	1	10					
sequence	other	20261001_b56ff9a9	XP_022777489.1	_		inside	DeepTMHMM			352	740	1	389					
sequence	other	20261001_b56ff9a9	XP_022777490.1	_		signal	DeepTMHMM			1	10	1	10					
sequence	other	20261001_b56ff9a9	XP_022777490.1	_		outside	DeepTMHMM			11	339	1	329					
sequence	other	20261001_b56ff9a9	XP_022777490.1	_		membrane	DeepTMHMM			340	360	1	21					
sequence	other	20261001_b56ff9a9	XP_022777490.1	_		inside	DeepTMHMM			361	722	1	362					
sequence	other	20261001_b56ff9a9	XP_022777653.1	_		signal	DeepTMHMM			1	30	1	30					
sequence	other	20261001_b56ff9a9	XP_022777653.1	_		outside	DeepTMHMM			31	88	1	58					
sequence	other	20261001_b56ff9a9	XP_022779144.1	_		signal	DeepTMHMM			1	26	1	26					
sequence	other	20261001_b56ff9a9	XP_022779144.1	_		outside	DeepTMHMM			27	236	1	210					
sequence	other	20261001_b56ff9a9	XP_022779144.1	_		membrane	DeepTMHMM			237	247	1	11					
sequence	other	20261001_b56ff9a9	XP_022779144.1	_		inside	DeepTMHMM			248	281	1	34					
sequence	other	20261001_b56ff9a9	XP_022780050.1	_		signal	DeepTMHMM			1	18	1	18					
sequence	other	20261001_b56ff9a9	XP_022780050.1	_		outside	DeepTMHMM			19	388	1	370					
sequence	other	20261001_b56ff9a9	XP_022780050.1	_		membrane	DeepTMHMM			389	407	1	19					
sequence	other	20261001_b56ff9a9	XP_022780050.1	_		inside	DeepTMHMM			408	984	1	577					
sequence	other	20261001_b56ff9a9	XP_022782046.1	_		signal	DeepTMHMM			1	20	1	20					
sequence	other	20261001_b56ff9a9	XP_022782046.1	_		outside	DeepTMHMM			21	341	1	321					
sequence	other	20261001_b56ff9a9	XP_022782046.1	_		membrane	DeepTMHMM			342	362	1	21					
sequence	other	20261001_b56ff9a9	XP_022782046.1	_		inside	DeepTMHMM			363	918	1	556					
sequence	other	20261001_b56ff9a9	XP_022787109.1	_		signal	DeepTMHMM			1	24	1	24					
sequence	other	20261001_b56ff9a9	XP_022787109.1	_		outside	DeepTMHMM			25	294	1	270					
sequence	other	20261001_b56ff9a9	XP_022787109.1	_		membrane	DeepTMHMM			295	315	1	21					
sequence	other	20261001_b56ff9a9	XP_022787109.1	_		inside	DeepTMHMM			316	486	1	171					
sequence	other	20261001_b56ff9a9	XP_022787113.1	_		signal	DeepTMHMM			1	40	1	40					
sequence	other	20261001_b56ff9a9	XP_022787113.1	_		outside	DeepTMHMM			41	373	1	333					
sequence	other	20261001_b56ff9a9	XP_022787113.1	_		membrane	DeepTMHMM			374	394	1	21					
sequence	other	20261001_b56ff9a9	XP_022787113.1	_		inside	DeepTMHMM			395	555	1	161					
sequence	other	20261001_b56ff9a9	XP_022793486.1	_		signal	DeepTMHMM			1	22	1	22					
sequence	other	20261001_b56ff9a9	XP_022793486.1	_		outside	DeepTMHMM			23	164	1	142					
sequence	other	20261001_b56ff9a9	XP_022793486.1	_		membrane	DeepTMHMM			165	185	1	21					
sequence	other	20261001_b56ff9a9	XP_022793486.1	_		inside	DeepTMHMM			186	332	1	147					
sequence	other	20261001_b56ff9a9	XP_022797193.1	_		signal	DeepTMHMM			1	27	1	27					
sequence	other	20261001_b56ff9a9	XP_022797193.1	_		outside	DeepTMHMM			28	211	1	184					
sequence	other	20261001_b56ff9a9	XP_022797193.1	_		membrane	DeepTMHMM			212	232	1	21					
sequence	other	20261001_b56ff9a9	XP_022797193.1	_		inside	DeepTMHMM			233	277	1	45					
sequence	other	20261001_b56ff9a9	XP_022797194.1	_		signal	DeepTMHMM			1	10	1	10					
sequence	other	20261001_b56ff9a9	XP_022797194.1	_		outside	DeepTMHMM			11	195	1	185					
sequence	other	20261001_b56ff9a9	XP_022797194.1	_		membrane	DeepTMHMM			196	216	1	21					
sequence	other	20261001_b56ff9a9	XP_022797194.1	_		inside	DeepTMHMM			217	261	1	45					
sequence	other	20261001_087c40ec	XP_022797195.1	_		outside	DeepTMHMM			1	154	1	154					
sequence	other	20261001_087c40ec	XP_022797195.1	_		membrane	DeepTMHMM			155	175	1	21					
sequence	other	20261001_087c40ec	XP_022797195.1	_		inside	DeepTMHMM			176	220	1	45					
sequence	other	20261001_087c40ec	XP_022797214.1	_		outside	DeepTMHMM			1	184	1	184					
sequence	other	20261001_087c40ec	XP_022797214.1	_		membrane	DeepTMHMM			185	206	1	22					
sequence	other	20261001_087c40ec	XP_022797214.1	_		inside	DeepTMHMM			207	258	1	52					
sequence	other	20261001_087c40ec	XP_022797923.1	_		signal	DeepTMHMM			1	54	1	54					
sequence	other	20261001_087c40ec	XP_022797923.1	_		outside	DeepTMHMM			55	229	1	175					
sequence	other	20261001_087c40ec	XP_022797923.1	_		membrane	DeepTMHMM			230	251	1	22					
sequence	other	20261001_087c40ec	XP_022797923.1	_		inside	DeepTMHMM			252	626	1	375					
sequence	other	20261001_087c40ec	XP_022797924.1	_		signal	DeepTMHMM			1	24	1	24					
sequence	other	20261001_087c40ec	XP_022797924.1	_		outside	DeepTMHMM			25	198	1	174					
sequence	other	20261001_087c40ec	XP_022797924.1	_		membrane	DeepTMHMM			199	219	1	21					
sequence	other	20261001_087c40ec	XP_022797924.1	_		inside	DeepTMHMM			220	596	1	377					
sequence	other	20261001_087c40ec	XP_022797964.1	_		signal	DeepTMHMM			1	21	1	21					
sequence	other	20261001_087c40ec	XP_022797964.1	_		outside	DeepTMHMM			22	188	1	167					
sequence	other	20261001_087c40ec	XP_022797964.1	_		membrane	DeepTMHMM			189	209	1	21					
sequence	other	20261001_087c40ec	XP_022797964.1	_		inside	DeepTMHMM			210	505	1	296					
sequence	other	20261001_087c40ec	XP_022797965.1	_		signal	DeepTMHMM			1	28	1	28					
sequence	other	20261001_087c40ec	XP_022797965.1	_		outside	DeepTMHMM			29	205	1	177					
sequence	other	20261001_087c40ec	XP_022797965.1	_		membrane	DeepTMHMM			206	226	1	21					
sequence	other	20261001_087c40ec	XP_022797965.1	_		inside	DeepTMHMM			227	597	1	371					
sequence	other	20261001_087c40ec	XP_022797966.1	_		signal	DeepTMHMM			1	28	1	28					
sequence	other	20261001_087c40ec	XP_022797966.1	_		outside	DeepTMHMM			29	205	1	177					
sequence	other	20261001_087c40ec	XP_022797966.1	_		membrane	DeepTMHMM			206	226	1	21					
sequence	other	20261001_087c40ec	XP_022797966.1	_		inside	DeepTMHMM			227	597	1	371					
sequence	other	20261001_087c40ec	XP_022798271.1	_		signal	DeepTMHMM			1	20	1	20					
sequence	other	20261001_087c40ec	XP_022798271.1	_		outside	DeepTMHMM			21	337	1	317					
sequence	other	20261001_087c40ec	XP_022798271.1	_		membrane	DeepTMHMM			338	359	1	22					
sequence	other	20261001_087c40ec	XP_022798271.1	_		inside	DeepTMHMM			360	815	1	456					
sequence	other	20261001_087c40ec	XP_022798272.1	_		outside	DeepTMHMM			1	346	1	346					
sequence	other	20261001_087c40ec	XP_022798272.1	_		membrane	DeepTMHMM			347	364	1	18					
sequence	other	20261001_087c40ec	XP_022798272.1	_		inside	DeepTMHMM			365	753	1	389					
sequence	other	20261001_087c40ec	XP_022798273.1	_		outside	DeepTMHMM			1	346	1	346					
sequence	other	20261001_087c40ec	XP_022798273.1	_		membrane	DeepTMHMM			347	364	1	18					
sequence	other	20261001_087c40ec	XP_022798273.1	_		inside	DeepTMHMM			365	753	1	389					
sequence	other	20261001_087c40ec	XP_022798274.1	_		outside	DeepTMHMM			1	348	1	348					
sequence	other	20261001_087c40ec	XP_022798274.1	_		membrane	DeepTMHMM			349	359	1	11					
sequence	other	20261001_087c40ec	XP_022798274.1	_		inside	DeepTMHMM			360	749	1	390					
sequence	other	20261001_087c40ec	XP_022798275.1	_		signal	DeepTMHMM			1	21	1	21					
sequence	other	20261001_087c40ec	XP_022798275.1	_		outside	DeepTMHMM			22	333	1	312					
sequence	other	20261001_087c40ec	XP_022798275.1	_		membrane	DeepTMHMM			334	354	1	21					
sequence	other	20261001_087c40ec	XP_022798275.1	_		inside	DeepTMHMM			355	743	1	389					
sequence	other	20261001_087c40ec	XP_022798284.1	_		signal	DeepTMHMM			1	47	1	47					
sequence	other	20261001_087c40ec	XP_022798284.1	_		outside	DeepTMHMM			48	240	1	193					
sequence	other	20261001_087c40ec	XP_022799266.1	_		signal	DeepTMHMM			1	24	1	24					
sequence	other	20261001_087c40ec	XP_022799266.1	_		outside	DeepTMHMM			25	251	1	227					
sequence	other	20261001_087c40ec	XP_022799266.1	_		membrane	DeepTMHMM			252	267	1	16					
sequence	other	20261001_087c40ec	XP_022799266.1	_		inside	DeepTMHMM			268	400	1	133					
sequence	other	20261001_087c40ec	XP_022799267.1	_		signal	DeepTMHMM			1	17	1	17					
sequence	other	20261001_087c40ec	XP_022799267.1	_		outside	DeepTMHMM			18	244	1	227					
sequence	other	20261001_087c40ec	XP_022799267.1	_		membrane	DeepTMHMM			245	260	1	16					
sequence	other	20261001_087c40ec	XP_022799267.1	_		inside	DeepTMHMM			261	393	1	133					
sequence	other	20261001_087c40ec	XP_022799268.1	_		signal	DeepTMHMM			1	24	1	24					
sequence	other	20261001_087c40ec	XP_022799268.1	_		outside	DeepTMHMM			25	257	1	233					
sequence	other	20261001_087c40ec	XP_022799268.1	_		membrane	DeepTMHMM			258	267	1	10					
sequence	other	20261001_087c40ec	XP_022799268.1	_		inside	DeepTMHMM			268	332	1	65					
sequence	other	20261001_087c40ec	XP_022799274.1	_		signal	DeepTMHMM			1	28	1	28					
sequence	other	20261001_087c40ec	XP_022799274.1	_		outside	DeepTMHMM			29	212	1	184					
sequence	other	20261001_087c40ec	XP_022799274.1	_		membrane	DeepTMHMM			213	233	1	21					
sequence	other	20261001_087c40ec	XP_022799274.1	_		inside	DeepTMHMM			234	494	1	261					
sequence	other	20261001_087c40ec	XP_022799275.1	_		signal	DeepTMHMM			1	20	1	20					
sequence	other	20261001_087c40ec	XP_022799275.1	_		outside	DeepTMHMM			21	204	1	184					
sequence	other	20261001_087c40ec	XP_022799275.1	_		membrane	DeepTMHMM			205	225	1	21					
sequence	other	20261001_087c40ec	XP_022799275.1	_		inside	DeepTMHMM			226	486	1	261					
sequence	other	20261001_087c40ec	XP_022799276.1	_		signal	DeepTMHMM			1	18	1	18					
sequence	other	20261001_087c40ec	XP_022799276.1	_		outside	DeepTMHMM			19	200	1	182					
sequence	other	20261001_087c40ec	XP_022799276.1	_		membrane	DeepTMHMM			201	221	1	21					
sequence	other	20261001_087c40ec	XP_022799276.1	_		inside	DeepTMHMM			222	482	1	261					
sequence	other	20261001_087c40ec	XP_022799279.1	_		signal	DeepTMHMM			1	19	1	19					
sequence	other	20261001_087c40ec	XP_022799279.1	_		outside	DeepTMHMM			20	201	1	182					
sequence	other	20261001_087c40ec	XP_022799279.1	_		membrane	DeepTMHMM			202	220	1	19					
sequence	other	20261001_087c40ec	XP_022799279.1	_		inside	DeepTMHMM			221	474	1	254					
sequence	other	20261001_087c40ec	XP_022799281.1	_		signal	DeepTMHMM			1	19	1	19					
sequence	other	20261001_087c40ec	XP_022799281.1	_		outside	DeepTMHMM			20	201	1	182					
sequence	other	20261001_087c40ec	XP_022799281.1	_		membrane	DeepTMHMM			202	220	1	19					
sequence	other	20261001_087c40ec	XP_022799281.1	_		inside	DeepTMHMM			221	467	1	247					
sequence	other	20261001_087c40ec	XP_022799282.1	_		signal	DeepTMHMM			1	26	1	26					
sequence	other	20261001_087c40ec	XP_022799282.1	_		outside	DeepTMHMM			27	228	1	202					
sequence	other	20261001_087c40ec	XP_022799282.1	_		membrane	DeepTMHMM			229	249	1	21					
sequence	other	20261001_087c40ec	XP_022799282.1	_		inside	DeepTMHMM			250	404	1	155					
sequence	other	20261001_087c40ec	XP_022799283.1	_		signal	DeepTMHMM			1	16	1	16					
sequence	other	20261001_087c40ec	XP_022799283.1	_		outside	DeepTMHMM			17	223	1	207					
sequence	other	20261001_087c40ec	XP_022799283.1	_		membrane	DeepTMHMM			224	244	1	21					
sequence	other	20261001_087c40ec	XP_022799283.1	_		inside	DeepTMHMM			245	398	1	154					
sequence	other	20261001_087c40ec	XP_022799285.1	_		signal	DeepTMHMM			1	17	1	17					
sequence	other	20261001_087c40ec	XP_022799285.1	_		outside	DeepTMHMM			18	219	1	202					
sequence	other	20261001_087c40ec	XP_022799285.1	_		membrane	DeepTMHMM			220	240	1	21					
sequence	other	20261001_087c40ec	XP_022799285.1	_		inside	DeepTMHMM			241	395	1	155					
sequence	other	20261001_087c40ec	XP_022799462.1	_		outside	DeepTMHMM			1	186	1	186					
sequence	other	20261001_087c40ec	XP_022799462.1	_		membrane	DeepTMHMM			187	204	1	18					
sequence	other	20261001_087c40ec	XP_022799462.1	_		inside	DeepTMHMM			205	583	1	379					
sequence	other	20261001_087c40ec	XP_022799465.1	_		signal	DeepTMHMM			1	53	1	53					
sequence	other	20261001_087c40ec	XP_022799465.1	_		outside	DeepTMHMM			54	264	1	211					
sequence	other	20261001_087c40ec	XP_022799465.1	_		membrane	DeepTMHMM			265	287	1	23					
sequence	other	20261001_087c40ec	XP_022799465.1	_		inside	DeepTMHMM			288	476	1	189					
sequence	other	20261001_087c40ec	XP_022799468.1	_		signal	DeepTMHMM			1	28	1	28					
sequence	other	20261001_087c40ec	XP_022799468.1	_		outside	DeepTMHMM			29	333	1	305					
sequence	other	20261001_087c40ec	XP_022799468.1	_		membrane	DeepTMHMM			334	355	1	22					
sequence	other	20261001_087c40ec	XP_022799468.1	_		inside	DeepTMHMM			356	810	1	455					
sequence	other	20261001_087c40ec	XP_022799469.1	_		signal	DeepTMHMM			1	28	1	28					
sequence	other	20261001_087c40ec	XP_022799469.1	_		outside	DeepTMHMM			29	333	1	305					
sequence	other	20261001_087c40ec	XP_022799469.1	_		membrane	DeepTMHMM			334	355	1	22					
sequence	other	20261001_087c40ec	XP_022799469.1	_		inside	DeepTMHMM			356	810	1	455					
sequence	other	20261001_087c40ec	XP_022799470.1	_		signal	DeepTMHMM			1	28	1	28					
sequence	other	20261001_087c40ec	XP_022799470.1	_		outside	DeepTMHMM			29	333	1	305					
sequence	other	20261001_087c40ec	XP_022799470.1	_		membrane	DeepTMHMM			334	355	1	22					
sequence	other	20261001_087c40ec	XP_022799470.1	_		inside	DeepTMHMM			356	810	1	455					
sequence	other	20261001_087c40ec	XP_022799471.1	_		signal	DeepTMHMM			1	19	1	19					
sequence	other	20261001_087c40ec	XP_022799471.1	_		outside	DeepTMHMM			20	327	1	308					
sequence	other	20261001_087c40ec	XP_022799471.1	_		membrane	DeepTMHMM			328	349	1	22					
sequence	other	20261001_087c40ec	XP_022799471.1	_		inside	DeepTMHMM			350	804	1	455					
sequence	other	20261001_087c40ec	XP_022799473.1	_		outside	DeepTMHMM			1	312	1	312					
sequence	other	20261001_087c40ec	XP_022799473.1	_		membrane	DeepTMHMM			313	334	1	22					
sequence	other	20261001_087c40ec	XP_022799473.1	_		inside	DeepTMHMM			335	789	1	455					
sequence	other	20261001_087c40ec	XP_022799485.1	_		signal	DeepTMHMM			1	49	1	49					
sequence	other	20261001_087c40ec	XP_022799485.1	_		outside	DeepTMHMM			50	248	1	199					
sequence	other	20261001_087c40ec	XP_022799485.1	_		membrane	DeepTMHMM			249	269	1	21					
sequence	other	20261001_087c40ec	XP_022799485.1	_		inside	DeepTMHMM			270	482	1	213					
sequence	other	20261001_087c40ec	XP_022799487.1	_		signal	DeepTMHMM			1	48	1	48					
sequence	other	20261001_087c40ec	XP_022799487.1	_		outside	DeepTMHMM			49	243	1	195					
sequence	other	20261001_087c40ec	XP_022799487.1	_		membrane	DeepTMHMM			244	264	1	21					
sequence	other	20261001_087c40ec	XP_022799487.1	_		inside	DeepTMHMM			265	476	1	212					
sequence	other	20261001_087c40ec	XP_022799502.1	_		signal	DeepTMHMM			1	43	1	43					
sequence	other	20261001_087c40ec	XP_022799502.1	_		outside	DeepTMHMM			44	258	1	215					
sequence	other	20261001_087c40ec	XP_022799502.1	_		membrane	DeepTMHMM			259	279	1	21					
sequence	other	20261001_087c40ec	XP_022799502.1	_		inside	DeepTMHMM			280	631	1	352					
sequence	other	20261001_087c40ec	XP_022799503.1	_		signal	DeepTMHMM			1	43	1	43					
sequence	other	20261001_087c40ec	XP_022799503.1	_		outside	DeepTMHMM			44	258	1	215					
sequence	other	20261001_087c40ec	XP_022799503.1	_		membrane	DeepTMHMM			259	279	1	21					
sequence	other	20261001_087c40ec	XP_022799503.1	_		inside	DeepTMHMM			280	609	1	330					
sequence	other	20261001_087c40ec	XP_022799504.1	_		signal	DeepTMHMM			1	60	1	60					
sequence	other	20261001_087c40ec	XP_022799504.1	_		outside	DeepTMHMM			61	210	1	150					
sequence	other	20261001_087c40ec	XP_022799512.1	_		signal	DeepTMHMM			1	52	1	52					
sequence	other	20261001_087c40ec	XP_022799512.1	_		outside	DeepTMHMM			53	244	1	192					
sequence	other	20261001_087c40ec	XP_022799512.1	_		membrane	DeepTMHMM			245	265	1	21					
sequence	other	20261001_087c40ec	XP_022799512.1	_		inside	DeepTMHMM			266	444	1	179					
sequence	other	20261001_087c40ec	XP_022799512.1	_		membrane	DeepTMHMM			445	454	1	10					
sequence	other	20261001_087c40ec	XP_022799512.1	_		outside	DeepTMHMM			455	703	1	249					
sequence	other	20261001_087c40ec	XP_022799512.1	_		membrane	DeepTMHMM			704	724	1	21					
sequence	other	20261001_087c40ec	XP_022799512.1	_		inside	DeepTMHMM			725	879	1	155					
sequence	other	20261001_087c40ec	XP_022799517.1	_		signal	DeepTMHMM			1	53	1	53					
sequence	other	20261001_087c40ec	XP_022799517.1	_		outside	DeepTMHMM			54	252	1	199					
sequence	other	20261001_087c40ec	XP_022799517.1	_		membrane	DeepTMHMM			253	273	1	21					
sequence	other	20261001_087c40ec	XP_022799517.1	_		inside	DeepTMHMM			274	462	1	189					
sequence	other	20261001_087c40ec	XP_022799518.1	_		signal	DeepTMHMM			1	53	1	53					
sequence	other	20261001_087c40ec	XP_022799518.1	_		outside	DeepTMHMM			54	250	1	197					
sequence	other	20261001_087c40ec	XP_022799518.1	_		membrane	DeepTMHMM			251	268	1	18					
sequence	other	20261001_087c40ec	XP_022799518.1	_		inside	DeepTMHMM			269	449	1	181					
sequence	other	20261001_087c40ec	XP_022799519.1	_		signal	DeepTMHMM			1	32	1	32					
sequence	other	20261001_087c40ec	XP_022799519.1	_		outside	DeepTMHMM			33	265	1	233					
sequence	other	20261001_087c40ec	XP_022799519.1	_		membrane	DeepTMHMM			266	276	1	11					
sequence	other	20261001_087c40ec	XP_022799519.1	_		inside	DeepTMHMM			277	425	1	149					
sequence	other	20261001_087c40ec	XP_022799520.1	_		outside	DeepTMHMM			1	241	1	241					
sequence	other	20261001_087c40ec	XP_022799520.1	_		membrane	DeepTMHMM			242	252	1	11					
sequence	other	20261001_087c40ec	XP_022799520.1	_		inside	DeepTMHMM			253	401	1	149					
sequence	other	20261001_087c40ec	XP_022804750.1	_		signal	DeepTMHMM			1	18	1	18					
sequence	other	20261001_087c40ec	XP_022804750.1	_		outside	DeepTMHMM			19	222	1	204					
sequence	other	20261001_087c40ec	XP_022804750.1	_		membrane	DeepTMHMM			223	243	1	21					
sequence	other	20261001_087c40ec	XP_022804750.1	_		inside	DeepTMHMM			244	416	1	173					
sequence	other	20261001_087c40ec	XP_022805317.1	_		signal	DeepTMHMM			1	14	1	14					
sequence	other	20261001_087c40ec	XP_022805317.1	_		outside	DeepTMHMM			15	145	1	131					
sequence	other	20261001_087c40ec	XP_022807677.1	_		signal	DeepTMHMM			1	23	1	23					
sequence	other	20261001_087c40ec	XP_022807677.1	_		outside	DeepTMHMM			24	235	1	212					
sequence	other	20261001_087c40ec	XP_022807677.1	_		membrane	DeepTMHMM			236	256	1	21					
sequence	other	20261001_087c40ec	XP_022807677.1	_		inside	DeepTMHMM			257	396	1	140					
sequence	other	20261001_087c40ec	XP_022807678.1	_		signal	DeepTMHMM			1	23	1	23					
sequence	other	20261001_087c40ec	XP_022807678.1	_		outside	DeepTMHMM			24	235	1	212					
sequence	other	20261001_087c40ec	XP_022807678.1	_		membrane	DeepTMHMM			236	256	1	21					
sequence	other	20261001_087c40ec	XP_022807678.1	_		inside	DeepTMHMM			257	395	1	139					
sequence	other	20261001_087c40ec	XP_022807679.1	_		signal	DeepTMHMM			1	20	1	20					
sequence	other	20261001_087c40ec	XP_022807679.1	_		outside	DeepTMHMM			21	232	1	212					
sequence	other	20261001_087c40ec	XP_022807679.1	_		membrane	DeepTMHMM			233	253	1	21					
sequence	other	20261001_087c40ec	XP_022807679.1	_		inside	DeepTMHMM			254	393	1	140					
sequence	other	20261001_087c40ec	XP_027040270.1	_		signal	DeepTMHMM			1	21	1	21					
sequence	other	20261001_087c40ec	XP_027040270.1	_		outside	DeepTMHMM			22	192	1	171					
sequence	other	20261001_087c40ec	XP_027040270.1	_		membrane	DeepTMHMM			193	213	1	21					
sequence	other	20261001_087c40ec	XP_027040270.1	_		inside	DeepTMHMM			214	315	1	102					
sequence	other	20261001_087c40ec	XP_027041204.1	_		signal	DeepTMHMM			1	26	1	26					
sequence	other	20261001_087c40ec	XP_027041204.1	_		outside	DeepTMHMM			27	211	1	185					
sequence	other	20261001_087c40ec	XP_027041204.1	_		membrane	DeepTMHMM			212	232	1	21					
sequence	other	20261001_087c40ec	XP_027041204.1	_		inside	DeepTMHMM			233	487	1	255					
sequence	other	20261001_087c40ec	XP_027041211.1	_		signal	DeepTMHMM			1	26	1	26					
sequence	other	20261001_087c40ec	XP_027041211.1	_		outside	DeepTMHMM			27	211	1	185					
sequence	other	20261001_087c40ec	XP_027041211.1	_		membrane	DeepTMHMM			212	232	1	21					
sequence	other	20261001_087c40ec	XP_027041211.1	_		inside	DeepTMHMM			233	390	1	158					
sequence	other	20261001_087c40ec	XP_027042981.1	_		inside	DeepTMHMM			1	12	1	12					
sequence	other	20261001_087c40ec	XP_027042981.1	_		membrane	DeepTMHMM			13	33	1	21					
sequence	other	20261001_087c40ec	XP_027042981.1	_		outside	DeepTMHMM			34	375	1	342					
sequence	other	20261001_087c40ec	XP_027042981.1	_		membrane	DeepTMHMM			376	396	1	21					
sequence	other	20261001_087c40ec	XP_027042981.1	_		inside	DeepTMHMM			397	559	1	163					
sequence	other	20261001_087c40ec	XP_027042982.1	_		inside	DeepTMHMM			1	12	1	12					
sequence	other	20261001_087c40ec	XP_027042982.1	_		membrane	DeepTMHMM			13	33	1	21					
sequence	other	20261001_087c40ec	XP_027042982.1	_		outside	DeepTMHMM			34	375	1	342					
sequence	other	20261001_087c40ec	XP_027042982.1	_		membrane	DeepTMHMM			376	396	1	21					
sequence	other	20261001_087c40ec	XP_027042982.1	_		inside	DeepTMHMM			397	559	1	163					
sequence	other	20261001_087c40ec	XP_027045769.1	_		signal	DeepTMHMM			1	27	1	27					
sequence	other	20261001_087c40ec	XP_027045769.1	_		outside	DeepTMHMM			28	209	1	182					
sequence	other	20261001_087c40ec	XP_027045769.1	_		membrane	DeepTMHMM			210	232	1	23					
sequence	other	20261001_087c40ec	XP_027045769.1	_		inside	DeepTMHMM			233	277	1	45					
sequence	other	20261001_087c40ec	XP_027045770.1	_		signal	DeepTMHMM			1	27	1	27					
sequence	other	20261001_087c40ec	XP_027045770.1	_		outside	DeepTMHMM			28	209	1	182					
sequence	other	20261001_087c40ec	XP_027045770.1	_		membrane	DeepTMHMM			210	232	1	23					
sequence	other	20261001_087c40ec	XP_027045770.1	_		inside	DeepTMHMM			233	277	1	45					
sequence	other	20261001_087c40ec	XP_027045771.1	_		signal	DeepTMHMM			1	27	1	27					
sequence	other	20261001_087c40ec	XP_027045771.1	_		outside	DeepTMHMM			28	209	1	182					
sequence	other	20261001_087c40ec	XP_027045771.1	_		membrane	DeepTMHMM			210	232	1	23					
sequence	other	20261001_087c40ec	XP_027045771.1	_		inside	DeepTMHMM			233	277	1	45					
sequence	other	20261001_087c40ec	XP_027045777.1	_		signal	DeepTMHMM			1	26	1	26					
sequence	other	20261001_087c40ec	XP_027045777.1	_		outside	DeepTMHMM			27	208	1	182					
sequence	other	20261001_087c40ec	XP_027045777.1	_		membrane	DeepTMHMM			209	230	1	22					
sequence	other	20261001_087c40ec	XP_027045777.1	_		inside	DeepTMHMM			231	282	1	52					
sequence	other	20261001_087c40ec	XP_027046441.1	_		signal	DeepTMHMM			1	14	1	14					
sequence	other	20261001_087c40ec	XP_027046441.1	_		outside	DeepTMHMM			15	151	1	137					
sequence	other	20261001_087c40ec	XP_027046441.1	_		membrane	DeepTMHMM			152	172	1	21					
sequence	other	20261001_087c40ec	XP_027046441.1	_		inside	DeepTMHMM			173	313	1	141					
sequence	other	20261001_087c40ec	XP_027046981.1	_		signal	DeepTMHMM			1	18	1	18					
sequence	other	20261001_087c40ec	XP_027046981.1	_		outside	DeepTMHMM			19	364	1	346					
sequence	other	20261001_087c40ec	XP_027046981.1	_		membrane	DeepTMHMM			365	374	1	10					
sequence	other	20261001_087c40ec	XP_027046981.1	_		inside	DeepTMHMM			375	886	1	512					
sequence	other	20261001_087c40ec	XP_027047691.1	_		signal	DeepTMHMM			1	24	1	24					
sequence	other	20261001_087c40ec	XP_027047691.1	_		outside	DeepTMHMM			25	223	1	199					
sequence	other	20261001_087c40ec	XP_027047691.1	_		membrane	DeepTMHMM			224	245	1	22					
sequence	other	20261001_087c40ec	XP_027047691.1	_		inside	DeepTMHMM			246	323	1	78					
sequence	other	20261001_087c40ec	XP_027050267.1	_		signal	DeepTMHMM			1	20	1	20					
sequence	other	20261001_087c40ec	XP_027050267.1	_		outside	DeepTMHMM			21	363	1	343					
sequence	other	20261001_087c40ec	XP_027050267.1	_		membrane	DeepTMHMM			364	384	1	21					
sequence	other	20261001_087c40ec	XP_027050267.1	_		inside	DeepTMHMM			385	952	1	568					
sequence	other	20261001_087c40ec	XP_027055611.1	_		signal	DeepTMHMM			1	60	1	60					
sequence	other	20261001_087c40ec	XP_027055611.1	_		outside	DeepTMHMM			61	279	1	219					
sequence	other	20261001_087c40ec	XP_027055611.1	_		membrane	DeepTMHMM			280	300	1	21					
sequence	other	20261001_087c40ec	XP_027055611.1	_		inside	DeepTMHMM			301	439	1	139					
sequence	other	20261001_087c40ec	XP_027055612.1	_		signal	DeepTMHMM			1	60	1	60					
sequence	other	20261001_087c40ec	XP_027055612.1	_		outside	DeepTMHMM			61	279	1	219					
sequence	other	20261001_087c40ec	XP_027055612.1	_		membrane	DeepTMHMM			280	300	1	21					
sequence	other	20261001_087c40ec	XP_027055612.1	_		inside	DeepTMHMM			301	438	1	138					
sequence	other	20261001_087c40ec	XP_027055614.1	_		signal	DeepTMHMM			1	48	1	48					
sequence	other	20261001_087c40ec	XP_027055614.1	_		outside	DeepTMHMM			49	266	1	218					
sequence	other	20261001_087c40ec	XP_027055614.1	_		membrane	DeepTMHMM			267	287	1	21					
sequence	other	20261001_087c40ec	XP_027055614.1	_		inside	DeepTMHMM			288	426	1	139					
sequence	other	20261001_087c40ec	XP_027057657.1	_		signal	DeepTMHMM			1	22	1	22					
sequence	other	20261001_087c40ec	XP_027057657.1	_		outside	DeepTMHMM			23	195	1	173					
sequence	other	20261001_087c40ec	XP_027057657.1	_		membrane	DeepTMHMM			196	216	1	21					
sequence	other	20261001_087c40ec	XP_027057657.1	_		inside	DeepTMHMM			217	737	1	521					
sequence	other	20261001_087c40ec	XP_027057943.1	_		signal	DeepTMHMM			1	48	1	48					
sequence	other	20261001_087c40ec	XP_027057943.1	_		outside	DeepTMHMM			49	240	1	192					
sequence	other	20261001_087c40ec	XP_027057943.1	_		membrane	DeepTMHMM			241	261	1	21					
sequence	other	20261001_087c40ec	XP_027057943.1	_		inside	DeepTMHMM			262	446	1	185					
sequence	other	20261001_087c40ec	XP_027057944.1	_		signal	DeepTMHMM			1	48	1	48					
sequence	other	20261001_087c40ec	XP_027057944.1	_		outside	DeepTMHMM			49	240	1	192					
sequence	other	20261001_087c40ec	XP_027057944.1	_		membrane	DeepTMHMM			241	261	1	21					
sequence	other	20261001_087c40ec	XP_027057944.1	_		inside	DeepTMHMM			262	445	1	184					
sequence	other	20261001_087c40ec	XP_027057949.1	_		signal	DeepTMHMM			1	21	1	21					
sequence	other	20261001_087c40ec	XP_027057949.1	_		outside	DeepTMHMM			22	278	1	257					
sequence	other	20261001_087c40ec	XP_027057949.1	_		membrane	DeepTMHMM			279	288	1	10					
sequence	other	20261001_087c40ec	XP_027057949.1	_		inside	DeepTMHMM			289	330	1	42					
sequence	other	20261001_087c40ec	XP_027057951.1	_		signal	DeepTMHMM			1	21	1	21					
sequence	other	20261001_087c40ec	XP_027057951.1	_		outside	DeepTMHMM			22	286	1	265					
sequence	other	20261001_087c40ec	XP_027057966.1	_		inside	DeepTMHMM			1	49	1	49					
sequence	other	20261001_087c40ec	XP_027057966.1	_		membrane	DeepTMHMM			50	59	1	10					
sequence	other	20261001_087c40ec	XP_027057966.1	_		outside	DeepTMHMM			60	325	1	266					
sequence	other	20261001_087c40ec	XP_027057966.1	_		membrane	DeepTMHMM			326	343	1	18					
sequence	other	20261001_087c40ec	XP_027057966.1	_		inside	DeepTMHMM			344	503	1	160					
sequence	other	20261001_087c40ec	XP_027057981.1	_		signal	DeepTMHMM			1	49	1	49					
sequence	other	20261001_087c40ec	XP_027057981.1	_		outside	DeepTMHMM			50	246	1	197					
sequence	other	20261001_087c40ec	XP_027057981.1	_		membrane	DeepTMHMM			247	268	1	22					
sequence	other	20261001_087c40ec	XP_027057981.1	_		inside	DeepTMHMM			269	471	1	203					
sequence	other	20261001_087c40ec	XP_027057982.1	_		signal	DeepTMHMM			1	49	1	49					
sequence	other	20261001_087c40ec	XP_027057982.1	_		outside	DeepTMHMM			50	246	1	197					
sequence	other	20261001_087c40ec	XP_027057982.1	_		membrane	DeepTMHMM			247	268	1	22					
sequence	other	20261001_087c40ec	XP_027057982.1	_		inside	DeepTMHMM			269	470	1	202					
sequence	other	20261001_087c40ec	XP_027058827.1	_		signal	DeepTMHMM			1	18	1	18					
sequence	other	20261001_087c40ec	XP_027058827.1	_		outside	DeepTMHMM			19	223	1	205					
sequence	other	20261001_087c40ec	XP_027058827.1	_		membrane	DeepTMHMM			224	244	1	21					
sequence	other	20261001_087c40ec	XP_027058827.1	_		inside	DeepTMHMM			245	415	1	171					
sequence	other	20261001_087c40ec	XP_027059960.1	_		outside	DeepTMHMM			1	201	1	201					
sequence	other	20261001_087c40ec	XP_027059960.1	_		membrane	DeepTMHMM			202	220	1	19					
sequence	other	20261001_087c40ec	XP_027059960.1	_		inside	DeepTMHMM			221	352	1	132					
sequence	other	20261001_087c40ec	XP_027060415.1	_		signal	DeepTMHMM			1	21	1	21					
sequence	other	20261001_087c40ec	XP_027060415.1	_		outside	DeepTMHMM			22	340	1	319					
sequence	other	20261001_087c40ec	XP_027060415.1	_		membrane	DeepTMHMM			341	354	1	14					
sequence	other	20261001_087c40ec	XP_027060415.1	_		inside	DeepTMHMM			355	401	1	47					
sequence	other	20261001_087c40ec	XP_027060415.1	_		membrane	DeepTMHMM			402	412	1	11					
sequence	other	20261001_087c40ec	XP_027060415.1	_		outside	DeepTMHMM			413	425	1	13					
sequence	other	20261001_087c40ec	XP_027060430.1	_		outside	DeepTMHMM			1	544	1	544					
sequence	other	20261001_087c40ec	XP_027060430.1	_		membrane	DeepTMHMM			545	565	1	21					
sequence	other	20261001_087c40ec	XP_027060430.1	_		inside	DeepTMHMM			566	734	1	169					
sequence	other	20261001_087c40ec	XP_027060595.1	_		signal	DeepTMHMM			1	22	1	22					
sequence	other	20261001_087c40ec	XP_027060595.1	_		outside	DeepTMHMM			23	216	1	194					
sequence	other	20261001_087c40ec	XP_027060595.1	_		membrane	DeepTMHMM			217	239	1	23					
sequence	other	20261001_087c40ec	XP_027060595.1	_		inside	DeepTMHMM			240	445	1	206					
sequence	other	20261001_087c40ec	XP_029181165.1	_		inside	DeepTMHMM			1	65	1	65					
sequence	other	20261001_087c40ec	XP_029181165.1	_		membrane	DeepTMHMM			66	75	1	10					
sequence	other	20261001_087c40ec	XP_029181165.1	_		outside	DeepTMHMM			76	296	1	221					
sequence	other	20261001_087c40ec	XP_029181165.1	_		membrane	DeepTMHMM			297	317	1	21					
sequence	other	20261001_087c40ec	XP_029181165.1	_		inside	DeepTMHMM			318	488	1	171					
sequence	other	20261001_087c40ec	XP_029181166.1	_		inside	DeepTMHMM			1	65	1	65					
sequence	other	20261001_087c40ec	XP_029181166.1	_		membrane	DeepTMHMM			66	75	1	10					
sequence	other	20261001_087c40ec	XP_029181166.1	_		outside	DeepTMHMM			76	296	1	221					
sequence	other	20261001_087c40ec	XP_029181166.1	_		membrane	DeepTMHMM			297	317	1	21					
sequence	other	20261001_087c40ec	XP_029181166.1	_		inside	DeepTMHMM			318	476	1	159					
sequence	other	20261001_087c40ec	XP_029181167.1	_		inside	DeepTMHMM			1	65	1	65					
sequence	other	20261001_087c40ec	XP_029181167.1	_		membrane	DeepTMHMM			66	75	1	10					
sequence	other	20261001_087c40ec	XP_029181167.1	_		outside	DeepTMHMM			76	296	1	221					
sequence	other	20261001_087c40ec	XP_029181167.1	_		membrane	DeepTMHMM			297	317	1	21					
sequence	other	20261001_087c40ec	XP_029181167.1	_		inside	DeepTMHMM			318	475	1	158					
sequence	other	20261001_087c40ec	XP_029181169.1	_		signal	DeepTMHMM			1	46	1	46					
sequence	other	20261001_087c40ec	XP_029181169.1	_		outside	DeepTMHMM			47	261	1	215					
sequence	other	20261001_087c40ec	XP_029181169.1	_		membrane	DeepTMHMM			262	282	1	21					
sequence	other	20261001_087c40ec	XP_029181169.1	_		inside	DeepTMHMM			283	453	1	171					
sequence	other	20261001_087c40ec	XP_029181170.1	_		signal	DeepTMHMM			1	46	1	46					
sequence	other	20261001_087c40ec	XP_029181170.1	_		outside	DeepTMHMM			47	261	1	215					
sequence	other	20261001_087c40ec	XP_029181170.1	_		membrane	DeepTMHMM			262	282	1	21					
sequence	other	20261001_087c40ec	XP_029181170.1	_		inside	DeepTMHMM			283	453	1	171					
sequence	other	20261001_087c40ec	XP_029181171.1	_		signal	DeepTMHMM			1	28	1	28					
sequence	other	20261001_087c40ec	XP_029181171.1	_		outside	DeepTMHMM			29	243	1	215					
sequence	other	20261001_087c40ec	XP_029181171.1	_		membrane	DeepTMHMM			244	264	1	21					
sequence	other	20261001_087c40ec	XP_029181171.1	_		inside	DeepTMHMM			265	435	1	171					
sequence	other	20261001_087c40ec	XP_029182132.1	_		signal	DeepTMHMM			1	27	1	27					
sequence	other	20261001_087c40ec	XP_029182132.1	_		outside	DeepTMHMM			28	343	1	316					
sequence	other	20261001_087c40ec	XP_029182132.1	_		membrane	DeepTMHMM			344	364	1	21					
sequence	other	20261001_087c40ec	XP_029182132.1	_		inside	DeepTMHMM			365	824	1	460					
sequence	other	20261001_087c40ec	XP_029187520.1	_		signal	DeepTMHMM			1	31	1	31					
sequence	other	20261001_087c40ec	XP_029187520.1	_		outside	DeepTMHMM			32	215	1	184					
sequence	other	20261001_087c40ec	XP_029187520.1	_		membrane	DeepTMHMM			216	236	1	21					
sequence	other	20261001_087c40ec	XP_029187520.1	_		inside	DeepTMHMM			237	301	1	65					
sequence	other	20261001_087c40ec	XP_029187521.1	_		signal	DeepTMHMM			1	31	1	31					
sequence	other	20261001_087c40ec	XP_029187521.1	_		outside	DeepTMHMM			32	217	1	186					
sequence	other	20261001_087c40ec	XP_029187521.1	_		membrane	DeepTMHMM			218	238	1	21					
sequence	other	20261001_087c40ec	XP_029187521.1	_		inside	DeepTMHMM			239	272	1	34					
sequence	other	20261001_087c40ec	XP_029191320.1	_		signal	DeepTMHMM			1	38	1	38					
sequence	other	20261001_087c40ec	XP_029191320.1	_		outside	DeepTMHMM			39	252	1	214					
sequence	other	20261001_087c40ec	XP_029191320.1	_		membrane	DeepTMHMM			253	275	1	23					
sequence	other	20261001_087c40ec	XP_029191320.1	_		inside	DeepTMHMM			276	407	1	132					
sequence	other	20261001_087c40ec	XP_029191321.1	_		signal	DeepTMHMM			1	38	1	38					
sequence	other	20261001_087c40ec	XP_029191321.1	_		outside	DeepTMHMM			39	252	1	214					
sequence	other	20261001_087c40ec	XP_029191321.1	_		membrane	DeepTMHMM			253	275	1	23					
sequence	other	20261001_087c40ec	XP_029191321.1	_		inside	DeepTMHMM			276	407	1	132					
sequence	other	20261001_087c40ec	XP_029191365.1	_		signal	DeepTMHMM			1	38	1	38					
sequence	other	20261001_087c40ec	XP_029191365.1	_		outside	DeepTMHMM			39	245	1	207					
sequence	other	20261001_087c40ec	XP_029191365.1	_		membrane	DeepTMHMM			246	267	1	22					
sequence	other	20261001_087c40ec	XP_029191365.1	_		inside	DeepTMHMM			268	539	1	272					
sequence	other	20261001_087c40ec	XP_029191374.1	_		signal	DeepTMHMM			1	29	1	29					
sequence	other	20261001_087c40ec	XP_029191374.1	_		outside	DeepTMHMM			30	335	1	306					
sequence	other	20261001_087c40ec	XP_029191374.1	_		membrane	DeepTMHMM			336	356	1	21					
sequence	other	20261001_087c40ec	XP_029191374.1	_		inside	DeepTMHMM			357	799	1	443					
sequence	other	20261001_087c40ec	XP_029191377.1	_		signal	DeepTMHMM			1	35	1	35					
sequence	other	20261001_087c40ec	XP_029191377.1	_		outside	DeepTMHMM			36	240	1	205					
sequence	other	20261001_087c40ec	XP_029191377.1	_		membrane	DeepTMHMM			241	261	1	21					
sequence	other	20261001_087c40ec	XP_029191377.1	_		inside	DeepTMHMM			262	471	1	210					
sequence	other	20261001_087c40ec	XP_029191378.1	_		signal	DeepTMHMM			1	35	1	35					
sequence	other	20261001_087c40ec	XP_029191378.1	_		outside	DeepTMHMM			36	240	1	205					
sequence	other	20261001_087c40ec	XP_029191378.1	_		membrane	DeepTMHMM			241	261	1	21					
sequence	other	20261001_087c40ec	XP_029191378.1	_		inside	DeepTMHMM			262	455	1	194					
sequence	other	20261001_087c40ec	XP_029191379.1	_		signal	DeepTMHMM			1	35	1	35					
sequence	other	20261001_087c40ec	XP_029191379.1	_		outside	DeepTMHMM			36	240	1	205					
sequence	other	20261001_087c40ec	XP_029191379.1	_		membrane	DeepTMHMM			241	261	1	21					
sequence	other	20261001_087c40ec	XP_029191379.1	_		inside	DeepTMHMM			262	397	1	136					
sequence	other	20261001_087c40ec	XP_029191380.1	_		signal	DeepTMHMM			1	35	1	35					
sequence	other	20261001_087c40ec	XP_029191380.1	_		outside	DeepTMHMM			36	240	1	205					
sequence	other	20261001_087c40ec	XP_029191380.1	_		membrane	DeepTMHMM			241	261	1	21					
sequence	other	20261001_087c40ec	XP_029191380.1	_		inside	DeepTMHMM			262	379	1	118					
sequence	other	20261001_087c40ec	XP_029191381.1	_		signal	DeepTMHMM			1	35	1	35					
sequence	other	20261001_087c40ec	XP_029191381.1	_		outside	DeepTMHMM			36	242	1	207					
sequence	other	20261001_087c40ec	XP_029191381.1	_		membrane	DeepTMHMM			243	261	1	19					
sequence	other	20261001_087c40ec	XP_029191381.1	_		inside	DeepTMHMM			262	388	1	127					
sequence	other	20261001_087c40ec	XP_029191383.1	_		signal	DeepTMHMM			1	20	1	20					
sequence	other	20261001_087c40ec	XP_029191383.1	_		outside	DeepTMHMM			21	199	1	179					
sequence	other	20261001_087c40ec	XP_029191383.1	_		membrane	DeepTMHMM			200	220	1	21					
sequence	other	20261001_087c40ec	XP_029191383.1	_		inside	DeepTMHMM			221	364	1	144					
sequence	other	20261001_087c40ec	XP_029191384.1	_		outside	DeepTMHMM			1	184	1	184					
sequence	other	20261001_087c40ec	XP_029191384.1	_		membrane	DeepTMHMM			185	205	1	21					
sequence	other	20261001_087c40ec	XP_029191384.1	_		inside	DeepTMHMM			206	349	1	144					
sequence	other	20261001_087c40ec	XP_029199050.1	_		signal	DeepTMHMM			1	22	1	22					
sequence	other	20261001_087c40ec	XP_029199050.1	_		outside	DeepTMHMM			23	323	1	301					
sequence	other	20261001_087c40ec	XP_029199050.1	_		membrane	DeepTMHMM			324	344	1	21					
sequence	other	20261001_087c40ec	XP_029199050.1	_		inside	DeepTMHMM			345	780	1	436					
sequence	other	20261001_087c40ec	XP_029199051.1	_		signal	DeepTMHMM			1	11	1	11					
sequence	other	20261001_087c40ec	XP_029199051.1	_		outside	DeepTMHMM			12	316	1	305					
sequence	other	20261001_087c40ec	XP_029199051.1	_		membrane	DeepTMHMM			317	341	1	25					
sequence	other	20261001_087c40ec	XP_029199051.1	_		inside	DeepTMHMM			342	773	1	432					
sequence	other	20261001_087c40ec	XP_029199052.1	_		signal	DeepTMHMM			1	19	1	19					
sequence	other	20261001_087c40ec	XP_029199052.1	_		outside	DeepTMHMM			20	310	1	291					
sequence	other	20261001_087c40ec	XP_029199052.1	_		membrane	DeepTMHMM			311	335	1	25					
sequence	other	20261001_087c40ec	XP_029199052.1	_		inside	DeepTMHMM			336	767	1	432					
sequence	other	20261001_087c40ec	XP_029199053.1	_		signal	DeepTMHMM			1	11	1	11					
sequence	other	20261001_087c40ec	XP_029199053.1	_		outside	DeepTMHMM			12	316	1	305					
sequence	other	20261001_087c40ec	XP_029199053.1	_		membrane	DeepTMHMM			317	341	1	25					
sequence	other	20261001_087c40ec	XP_029199053.1	_		inside	DeepTMHMM			342	724	1	383					
sequence	other	20261001_087c40ec	XP_029199054.1	_		signal	DeepTMHMM			1	19	1	19					
sequence	other	20261001_087c40ec	XP_029199054.1	_		outside	DeepTMHMM			20	310	1	291					
sequence	other	20261001_087c40ec	XP_029199054.1	_		membrane	DeepTMHMM			311	335	1	25					
sequence	other	20261001_087c40ec	XP_029199054.1	_		inside	DeepTMHMM			336	718	1	383					
sequence	other	20261001_087c40ec	XP_029199055.1	_		signal	DeepTMHMM			1	19	1	19					
sequence	other	20261001_087c40ec	XP_029199055.1	_		outside	DeepTMHMM			20	226	1	207					
sequence	other	20261001_087c40ec	XP_029199055.1	_		membrane	DeepTMHMM			227	247	1	21					
sequence	other	20261001_087c40ec	XP_029199055.1	_		inside	DeepTMHMM			248	448	1	201					
sequence	other	20261001_087c40ec	XP_029199056.1	_		signal	DeepTMHMM			1	19	1	19					
sequence	other	20261001_087c40ec	XP_029199056.1	_		outside	DeepTMHMM			20	226	1	207					
sequence	other	20261001_087c40ec	XP_029199056.1	_		membrane	DeepTMHMM			227	247	1	21					
sequence	other	20261001_087c40ec	XP_029199056.1	_		inside	DeepTMHMM			248	445	1	198					
sequence	other	20261001_087c40ec	XP_029202572.1	_		inside	DeepTMHMM			1	90	1	90					
sequence	other	20261001_087c40ec	XP_029202572.1	_		membrane	DeepTMHMM			91	100	1	10					
sequence	other	20261001_087c40ec	XP_029202572.1	_		outside	DeepTMHMM			101	420	1	320					
sequence	other	20261001_087c40ec	XP_029202572.1	_		membrane	DeepTMHMM			421	441	1	21					
sequence	other	20261001_087c40ec	XP_029202572.1	_		inside	DeepTMHMM			442	887	1	446					
sequence	other	20261001_087c40ec	XP_029202600.1	_		signal	DeepTMHMM			1	39	1	39					
sequence	other	20261001_087c40ec	XP_029202600.1	_		outside	DeepTMHMM			40	359	1	320					
sequence	other	20261001_087c40ec	XP_029202600.1	_		membrane	DeepTMHMM			360	379	1	20					
sequence	other	20261001_087c40ec	XP_029202600.1	_		inside	DeepTMHMM			380	919	1	540					
sequence	other	20261001_087c40ec	XP_029202601.1	_		signal	DeepTMHMM			1	45	1	45					
sequence	other	20261001_087c40ec	XP_029202601.1	_		outside	DeepTMHMM			46	307	1	262					
sequence	other	20261001_087c40ec	XP_029202601.1	_		membrane	DeepTMHMM			308	330	1	23					
sequence	other	20261001_087c40ec	XP_029202601.1	_		inside	DeepTMHMM			331	880	1	550					
sequence	other	20261001_087c40ec	XP_029202602.1	_		signal	DeepTMHMM			1	43	1	43					
sequence	other	20261001_087c40ec	XP_029202602.1	_		outside	DeepTMHMM			44	304	1	261					
sequence	other	20261001_087c40ec	XP_029202602.1	_		membrane	DeepTMHMM			305	327	1	23					
sequence	other	20261001_087c40ec	XP_029202602.1	_		inside	DeepTMHMM			328	878	1	551					
sequence	other	20261001_087c40ec	XP_029202603.1	_		signal	DeepTMHMM			1	45	1	45					
sequence	other	20261001_087c40ec	XP_029202603.1	_		outside	DeepTMHMM			46	272	1	227					
sequence	other	20261001_087c40ec	XP_029202603.1	_		membrane	DeepTMHMM			273	295	1	23					
sequence	other	20261001_087c40ec	XP_029202603.1	_		inside	DeepTMHMM			296	845	1	550					
sequence	other	20261001_087c40ec	XP_029205124.1	_		outside	DeepTMHMM			1	229	1	229					
sequence	other	20261001_087c40ec	XP_029205124.1	_		membrane	DeepTMHMM			230	252	1	23					
sequence	other	20261001_087c40ec	XP_029205124.1	_		inside	DeepTMHMM			253	392	1	140					
sequence	other	20261001_087c40ec	XP_029205125.1	_		signal	DeepTMHMM			1	22	1	22					
sequence	other	20261001_087c40ec	XP_029205125.1	_		outside	DeepTMHMM			23	218	1	196					
sequence	other	20261001_087c40ec	XP_029205125.1	_		membrane	DeepTMHMM			219	241	1	23					
sequence	other	20261001_087c40ec	XP_029205125.1	_		inside	DeepTMHMM			242	381	1	140					
sequence	other	20261001_087c40ec	XP_029205126.1	_		signal	DeepTMHMM			1	21	1	21					
sequence	other	20261001_087c40ec	XP_029205126.1	_		outside	DeepTMHMM			22	218	1	197					
sequence	other	20261001_087c40ec	XP_029205126.1	_		membrane	DeepTMHMM			219	241	1	23					
sequence	other	20261001_087c40ec	XP_029205126.1	_		inside	DeepTMHMM			242	381	1	140					
sequence	other	20261001_087c40ec	XP_029205348.1	_		signal	DeepTMHMM			1	23	1	23					
sequence	other	20261001_087c40ec	XP_029205348.1	_		outside	DeepTMHMM			24	222	1	199					
sequence	other	20261001_087c40ec	XP_029205348.1	_		membrane	DeepTMHMM			223	243	1	21					
sequence	other	20261001_087c40ec	XP_029205348.1	_		inside	DeepTMHMM			244	628	1	385					
sequence	other	20261001_087c40ec	XP_029205349.1	_		signal	DeepTMHMM			1	23	1	23					
sequence	other	20261001_087c40ec	XP_029205349.1	_		outside	DeepTMHMM			24	215	1	192					
sequence	other	20261001_087c40ec	XP_029205349.1	_		membrane	DeepTMHMM			216	236	1	21					
sequence	other	20261001_087c40ec	XP_029205349.1	_		inside	DeepTMHMM			237	621	1	385					
sequence	other	20261001_087c40ec	XP_029205350.1	_		signal	DeepTMHMM			1	23	1	23					
sequence	other	20261001_087c40ec	XP_029205350.1	_		outside	DeepTMHMM			24	215	1	192					
sequence	other	20261001_087c40ec	XP_029205350.1	_		membrane	DeepTMHMM			216	236	1	21					
sequence	other	20261001_087c40ec	XP_029205350.1	_		inside	DeepTMHMM			237	621	1	385					
sequence	other	20261001_087c40ec	XP_029205351.1	_		signal	DeepTMHMM			1	23	1	23					
sequence	other	20261001_087c40ec	XP_029205351.1	_		outside	DeepTMHMM			24	215	1	192					
sequence	other	20261001_087c40ec	XP_029205351.1	_		membrane	DeepTMHMM			216	236	1	21					
sequence	other	20261001_087c40ec	XP_029205351.1	_		inside	DeepTMHMM			237	621	1	385					
sequence	other	20261001_087c40ec	XP_029205352.1	_		signal	DeepTMHMM			1	10	1	10					
sequence	other	20261001_087c40ec	XP_029205352.1	_		outside	DeepTMHMM			11	201	1	191					
sequence	other	20261001_087c40ec	XP_029205352.1	_		membrane	DeepTMHMM			202	222	1	21					
sequence	other	20261001_087c40ec	XP_029205352.1	_		inside	DeepTMHMM			223	607	1	385					
sequence	other	20261001_087c40ec	XP_029205353.1	_		signal	DeepTMHMM			1	10	1	10					
sequence	other	20261001_087c40ec	XP_029205353.1	_		outside	DeepTMHMM			11	201	1	191					
sequence	other	20261001_087c40ec	XP_029205353.1	_		membrane	DeepTMHMM			202	222	1	21					
sequence	other	20261001_087c40ec	XP_029205353.1	_		inside	DeepTMHMM			223	607	1	385					
sequence	other	20261001_087c40ec	XP_029205354.1	_		signal	DeepTMHMM			1	23	1	23					
sequence	other	20261001_087c40ec	XP_029205354.1	_		outside	DeepTMHMM			24	222	1	199					
sequence	other	20261001_087c40ec	XP_029205354.1	_		membrane	DeepTMHMM			223	243	1	21					
sequence	other	20261001_087c40ec	XP_029205354.1	_		inside	DeepTMHMM			244	401	1	158					
sequence	other	20261001_087c40ec	XP_029205355.1	_		signal	DeepTMHMM			1	23	1	23					
sequence	other	20261001_087c40ec	XP_029205355.1	_		outside	DeepTMHMM			24	222	1	199					
sequence	other	20261001_087c40ec	XP_029205355.1	_		membrane	DeepTMHMM			223	243	1	21					
sequence	other	20261001_087c40ec	XP_029205355.1	_		inside	DeepTMHMM			244	376	1	133					
sequence	other	20261001_087c40ec	XP_029205356.1	_		signal	DeepTMHMM			1	23	1	23					
sequence	other	20261001_087c40ec	XP_029205356.1	_		outside	DeepTMHMM			24	215	1	192					
sequence	other	20261001_087c40ec	XP_029205356.1	_		membrane	DeepTMHMM			216	236	1	21					
sequence	other	20261001_087c40ec	XP_029205356.1	_		inside	DeepTMHMM			237	369	1	133					
sequence	other	20261001_087c40ec	XP_029209717.1	_		signal	DeepTMHMM			1	18	1	18					
sequence	other	20261001_087c40ec	XP_029209717.1	_		outside	DeepTMHMM			19	234	1	216					
sequence	other	20261001_087c40ec	XP_029209717.1	_		membrane	DeepTMHMM			235	255	1	21					
sequence	other	20261001_087c40ec	XP_029209717.1	_		inside	DeepTMHMM			256	386	1	131					
sequence	other	20261001_087c40ec	XP_029211764.1	_		signal	DeepTMHMM			1	26	1	26					
sequence	other	20261001_087c40ec	XP_029211764.1	_		outside	DeepTMHMM			27	340	1	314					
sequence	other	20261001_087c40ec	XP_029211764.1	_		membrane	DeepTMHMM			341	350	1	10					
sequence	other	20261001_087c40ec	XP_029211764.1	_		inside	DeepTMHMM			351	665	1	315					
sequence	other	20261001_087c40ec	XP_029211765.1	_		signal	DeepTMHMM			1	26	1	26					
sequence	other	20261001_087c40ec	XP_029211765.1	_		outside	DeepTMHMM			27	344	1	318					
sequence	other	20261001_087c40ec	XP_029211765.1	_		membrane	DeepTMHMM			345	354	1	10					
sequence	other	20261001_087c40ec	XP_029211765.1	_		inside	DeepTMHMM			355	665	1	311					
sequence	other	20261001_087c40ec	XP_029211766.1	_		signal	DeepTMHMM			1	26	1	26					
sequence	other	20261001_087c40ec	XP_029211766.1	_		outside	DeepTMHMM			27	316	1	290					
sequence	other	20261001_087c40ec	XP_029211766.1	_		membrane	DeepTMHMM			317	337	1	21					
sequence	other	20261001_087c40ec	XP_029211766.1	_		inside	DeepTMHMM			338	653	1	316					
sequence	other	20261001_087c40ec	XP_029211767.1	_		signal	DeepTMHMM			1	26	1	26					
sequence	other	20261001_087c40ec	XP_029211767.1	_		outside	DeepTMHMM			27	299	1	273					
sequence	other	20261001_087c40ec	XP_029211767.1	_		membrane	DeepTMHMM			300	309	1	10					
sequence	other	20261001_087c40ec	XP_029211767.1	_		inside	DeepTMHMM			310	625	1	316					
sequence	other	20261001_087c40ec	XP_029211768.1	_		signal	DeepTMHMM			1	49	1	49					
sequence	other	20261001_087c40ec	XP_029211768.1	_		outside	DeepTMHMM			50	242	1	193					
sequence	other	20261001_087c40ec	XP_029211768.1	_		membrane	DeepTMHMM			243	263	1	21					
sequence	other	20261001_087c40ec	XP_029211768.1	_		inside	DeepTMHMM			264	266	1	3					
sequence	other	20261001_087c40ec	XP_029211769.1	_		outside	DeepTMHMM			1	234	1	234					
sequence	other	20261001_087c40ec	XP_029211769.1	_		membrane	DeepTMHMM			235	255	1	21					
sequence	other	20261001_087c40ec	XP_029211769.1	_		inside	DeepTMHMM			256	258	1	3					
sequence	other	20261001_087c40ec	XP_029211770.1	_		signal	DeepTMHMM			1	20	1	20					
sequence	other	20261001_087c40ec	XP_029211770.1	_		outside	DeepTMHMM			21	213	1	193					
sequence	other	20261001_087c40ec	XP_029211770.1	_		membrane	DeepTMHMM			214	234	1	21					
sequence	other	20261001_087c40ec	XP_029211770.1	_		inside	DeepTMHMM			235	237	1	3					
sequence	other	20261001_087c40ec	XP_029211771.1	_		signal	DeepTMHMM			1	37	1	37					
sequence	other	20261001_087c40ec	XP_029211771.1	_		outside	DeepTMHMM			38	231	1	194					
sequence	other	20261001_087c40ec	XP_029211771.1	_		membrane	DeepTMHMM			232	252	1	21					
sequence	other	20261001_087c40ec	XP_029211771.1	_		inside	DeepTMHMM			253	253	1	1					
sequence	other	20261001_087c40ec	XP_029211772.1	_		signal	DeepTMHMM			1	20	1	20					
sequence	other	20261001_087c40ec	XP_029211772.1	_		outside	DeepTMHMM			21	214	1	194					
sequence	other	20261001_087c40ec	XP_029211772.1	_		membrane	DeepTMHMM			215	235	1	21					
sequence	other	20261001_087c40ec	XP_029211772.1	_		inside	DeepTMHMM			236	236	1	1					
sequence	other	20261001_087c40ec	XP_028390760.1	_		signal	DeepTMHMM			1	22	1	22					
sequence	other	20261001_087c40ec	XP_028390760.1	_		outside	DeepTMHMM			23	219	1	197					
sequence	other	20261001_087c40ec	XP_028390760.1	_		membrane	DeepTMHMM			220	240	1	21					
sequence	other	20261001_087c40ec	XP_028390760.1	_		inside	DeepTMHMM			241	370	1	130					
sequence	other	20261001_087c40ec	XP_028393664.1	_		signal	DeepTMHMM			1	32	1	32					
sequence	other	20261001_087c40ec	XP_028393664.1	_		outside	DeepTMHMM			33	246	1	214					
sequence	other	20261001_087c40ec	XP_028393664.1	_		membrane	DeepTMHMM			247	269	1	23					
sequence	other	20261001_087c40ec	XP_028393664.1	_		inside	DeepTMHMM			270	307	1	38					
sequence	other	20261001_087c40ec	XP_028393665.1	_		signal	DeepTMHMM			1	26	1	26					
sequence	other	20261001_087c40ec	XP_028393665.1	_		outside	DeepTMHMM			27	240	1	214					
sequence	other	20261001_087c40ec	XP_028393665.1	_		membrane	DeepTMHMM			241	263	1	23					
sequence	other	20261001_087c40ec	XP_028393665.1	_		inside	DeepTMHMM			264	301	1	38					
sequence	other	20261001_087c40ec	XP_028393666.1	_		signal	DeepTMHMM			1	26	1	26					
sequence	other	20261001_087c40ec	XP_028393666.1	_		outside	DeepTMHMM			27	240	1	214					
sequence	other	20261001_087c40ec	XP_028393666.1	_		membrane	DeepTMHMM			241	263	1	23					
sequence	other	20261001_087c40ec	XP_028393666.1	_		inside	DeepTMHMM			264	301	1	38					
sequence	other	20261001_087c40ec	XP_028394810.1	_		signal	DeepTMHMM			1	24	1	24					
sequence	other	20261001_087c40ec	XP_028394810.1	_		outside	DeepTMHMM			25	202	1	178					
sequence	other	20261001_087c40ec	XP_028394810.1	_		membrane	DeepTMHMM			203	223	1	21					
sequence	other	20261001_087c40ec	XP_028394810.1	_		inside	DeepTMHMM			224	269	1	46					
sequence	other	20261001_087c40ec	XP_028409369.1	_		signal	DeepTMHMM			1	19	1	19					
sequence	other	20261001_087c40ec	XP_028409369.1	_		outside	DeepTMHMM			20	202	1	183					
sequence	other	20261001_087c40ec	XP_028409369.1	_		membrane	DeepTMHMM			203	223	1	21					
sequence	other	20261001_087c40ec	XP_028409369.1	_		inside	DeepTMHMM			224	352	1	129					
sequence	other	20261001_087c40ec	XP_028409370.1	_		signal	DeepTMHMM			1	19	1	19					
sequence	other	20261001_087c40ec	XP_028409370.1	_		outside	DeepTMHMM			20	202	1	183					
sequence	other	20261001_087c40ec	XP_028409370.1	_		membrane	DeepTMHMM			203	223	1	21					
sequence	other	20261001_087c40ec	XP_028409370.1	_		inside	DeepTMHMM			224	352	1	129					
sequence	other	20261001_087c40ec	XP_028409371.1	_		signal	DeepTMHMM			1	19	1	19					
sequence	other	20261001_087c40ec	XP_028409371.1	_		outside	DeepTMHMM			20	202	1	183					
sequence	other	20261001_087c40ec	XP_028409371.1	_		membrane	DeepTMHMM			203	223	1	21					
sequence	other	20261001_087c40ec	XP_028409371.1	_		inside	DeepTMHMM			224	352	1	129					
sequence	other	20261001_087c40ec	XP_028409372.1	_		signal	DeepTMHMM			1	19	1	19					
sequence	other	20261001_087c40ec	XP_028409372.1	_		outside	DeepTMHMM			20	202	1	183					
sequence	other	20261001_087c40ec	XP_028409372.1	_		membrane	DeepTMHMM			203	223	1	21					
sequence	other	20261001_087c40ec	XP_028409372.1	_		inside	DeepTMHMM			224	352	1	129					
sequence	other	20261001_087c40ec	XP_028418190.1	_		signal	DeepTMHMM			1	19	1	19					
sequence	other	20261001_087c40ec	XP_028418190.1	_		outside	DeepTMHMM			20	202	1	183					
sequence	other	20261001_087c40ec	XP_028418190.1	_		membrane	DeepTMHMM			203	223	1	21					
sequence	other	20261001_087c40ec	XP_028418190.1	_		inside	DeepTMHMM			224	352	1	129					
sequence	other	20261001_087c40ec	XP_028418191.1	_		signal	DeepTMHMM			1	19	1	19					
sequence	other	20261001_087c40ec	XP_028418191.1	_		outside	DeepTMHMM			20	202	1	183					
sequence	other	20261001_087c40ec	XP_028418191.1	_		membrane	DeepTMHMM			203	223	1	21					
sequence	other	20261001_087c40ec	XP_028418191.1	_		inside	DeepTMHMM			224	352	1	129					
sequence	other	20261001_087c40ec	XP_028418192.1	_		signal	DeepTMHMM			1	19	1	19					
sequence	other	20261001_087c40ec	XP_028418192.1	_		outside	DeepTMHMM			20	202	1	183					
sequence	other	20261001_087c40ec	XP_028418192.1	_		membrane	DeepTMHMM			203	223	1	21					
sequence	other	20261001_087c40ec	XP_028418192.1	_		inside	DeepTMHMM			224	352	1	129					
sequence	other	20261001_087c40ec	XP_031554067.1	_		signal	DeepTMHMM			1	22	1	22					
sequence	other	20261001_087c40ec	XP_031554067.1	_		outside	DeepTMHMM			23	288	1	266					
sequence	other	20261001_087c40ec	XP_031554067.1	_		membrane	DeepTMHMM			289	309	1	21					
sequence	other	20261001_087c40ec	XP_031554067.1	_		inside	DeepTMHMM			310	441	1	132					
sequence	other	20261001_087c40ec	XP_031554068.1	_		signal	DeepTMHMM			1	22	1	22					
sequence	other	20261001_087c40ec	XP_031554068.1	_		outside	DeepTMHMM			23	287	1	265					
sequence	other	20261001_087c40ec	XP_031554068.1	_		membrane	DeepTMHMM			288	308	1	21					
sequence	other	20261001_087c40ec	XP_031554068.1	_		inside	DeepTMHMM			309	440	1	132					
sequence	other	20261001_087c40ec	XP_031554069.1	_		signal	DeepTMHMM			1	22	1	22					
sequence	other	20261001_087c40ec	XP_031554069.1	_		outside	DeepTMHMM			23	283	1	261					
sequence	other	20261001_087c40ec	XP_031554069.1	_		membrane	DeepTMHMM			284	304	1	21					
sequence	other	20261001_087c40ec	XP_031554069.1	_		inside	DeepTMHMM			305	436	1	132					
sequence	other	20261001_087c40ec	XP_031554070.1	_		signal	DeepTMHMM			1	18	1	18					
sequence	other	20261001_087c40ec	XP_031554070.1	_		outside	DeepTMHMM			19	279	1	261					
sequence	other	20261001_087c40ec	XP_031554070.1	_		membrane	DeepTMHMM			280	300	1	21					
sequence	other	20261001_087c40ec	XP_031554070.1	_		inside	DeepTMHMM			301	432	1	132					
sequence	other	20261001_087c40ec	XP_031555731.1	_		signal	DeepTMHMM			1	24	1	24					
sequence	other	20261001_087c40ec	XP_031555731.1	_		outside	DeepTMHMM			25	192	1	168					
sequence	other	20261001_087c40ec	XP_031555731.1	_		membrane	DeepTMHMM			193	213	1	21					
sequence	other	20261001_087c40ec	XP_031555731.1	_		inside	DeepTMHMM			214	366	1	153					
sequence	other	20261001_087c40ec	XP_031557249.1	_		signal	DeepTMHMM			1	22	1	22					
sequence	other	20261001_087c40ec	XP_031557249.1	_		outside	DeepTMHMM			23	178	1	156					
sequence	other	20261001_087c40ec	XP_031557249.1	_		membrane	DeepTMHMM			179	199	1	21					
sequence	other	20261001_087c40ec	XP_031557249.1	_		inside	DeepTMHMM			200	335	1	136					
sequence	other	20261001_087c40ec	XP_031558162.1	_		signal	DeepTMHMM			1	24	1	24					
sequence	other	20261001_087c40ec	XP_031558162.1	_		outside	DeepTMHMM			25	197	1	173					
sequence	other	20261001_087c40ec	XP_031558162.1	_		membrane	DeepTMHMM			198	207	1	10					
sequence	other	20261001_087c40ec	XP_031558162.1	_		inside	DeepTMHMM			208	208	1	1					
sequence	other	20261001_087c40ec	XP_031558162.1	_		membrane	DeepTMHMM			209	218	1	10					
sequence	other	20261001_087c40ec	XP_031558162.1	_		outside	DeepTMHMM			219	648	1	430					
sequence	other	20261001_087c40ec	XP_031558162.1	_		membrane	DeepTMHMM			649	671	1	23					
sequence	other	20261001_087c40ec	XP_031558162.1	_		inside	DeepTMHMM			672	1027	1	356					
sequence	other	20261001_087c40ec	XP_031560088.1	_		signal	DeepTMHMM			1	26	1	26					
sequence	other	20261001_087c40ec	XP_031560088.1	_		outside	DeepTMHMM			27	239	1	213					
sequence	other	20261001_087c40ec	XP_031560088.1	_		membrane	DeepTMHMM			240	261	1	22					
sequence	other	20261001_087c40ec	XP_031560088.1	_		inside	DeepTMHMM			262	709	1	448					
sequence	other	20261001_087c40ec	XP_031560093.1	_		signal	DeepTMHMM			1	21	1	21					
sequence	other	20261001_087c40ec	XP_031560093.1	_		outside	DeepTMHMM			22	325	1	304					
sequence	other	20261001_087c40ec	XP_031560093.1	_		membrane	DeepTMHMM			326	346	1	21					
sequence	other	20261001_087c40ec	XP_031560093.1	_		inside	DeepTMHMM			347	792	1	446					
sequence	other	20261001_087c40ec	XP_031560102.1	_		signal	DeepTMHMM			1	20	1	20					
sequence	other	20261001_087c40ec	XP_031560102.1	_		outside	DeepTMHMM			21	235	1	215					
sequence	other	20261001_087c40ec	XP_031560102.1	_		membrane	DeepTMHMM			236	257	1	22					
sequence	other	20261001_087c40ec	XP_031560102.1	_		inside	DeepTMHMM			258	705	1	448					
sequence	other	20261001_087c40ec	XP_031560103.1	_		signal	DeepTMHMM			1	20	1	20					
sequence	other	20261001_087c40ec	XP_031560103.1	_		outside	DeepTMHMM			21	235	1	215					
sequence	other	20261001_087c40ec	XP_031560103.1	_		membrane	DeepTMHMM			236	257	1	22					
sequence	other	20261001_087c40ec	XP_031560103.1	_		inside	DeepTMHMM			258	705	1	448					
sequence	other	20261001_087c40ec	XP_031560107.1	_		signal	DeepTMHMM			1	28	1	28					
sequence	other	20261001_087c40ec	XP_031560107.1	_		outside	DeepTMHMM			29	251	1	223					
sequence	other	20261001_087c40ec	XP_031560107.1	_		membrane	DeepTMHMM			252	272	1	21					
sequence	other	20261001_087c40ec	XP_031560107.1	_		inside	DeepTMHMM			273	348	1	76					
sequence	other	20261001_087c40ec	XP_031562066.1	_		signal	DeepTMHMM			1	38	1	38					
sequence	other	20261001_087c40ec	XP_031562066.1	_		outside	DeepTMHMM			39	267	1	229					
sequence	other	20261001_087c40ec	XP_031562066.1	_		membrane	DeepTMHMM			268	289	1	22					
sequence	other	20261001_087c40ec	XP_031562066.1	_		inside	DeepTMHMM			290	426	1	137					
sequence	other	20261001_087c40ec	XP_031562074.1	_		signal	DeepTMHMM			1	17	1	17					
sequence	other	20261001_087c40ec	XP_031562074.1	_		outside	DeepTMHMM			18	246	1	229					
sequence	other	20261001_087c40ec	XP_031562074.1	_		membrane	DeepTMHMM			247	268	1	22					
sequence	other	20261001_087c40ec	XP_031562074.1	_		inside	DeepTMHMM			269	405	1	137					
sequence	other	20261001_087c40ec	XP_031562097.1	_		signal	DeepTMHMM			1	18	1	18					
sequence	other	20261001_087c40ec	XP_031562097.1	_		outside	DeepTMHMM			19	226	1	208					
sequence	other	20261001_087c40ec	XP_031562097.1	_		membrane	DeepTMHMM			227	245	1	19					
sequence	other	20261001_087c40ec	XP_031562097.1	_		inside	DeepTMHMM			246	437	1	192					
sequence	other	20261001_087c40ec	XP_031563475.1	_		inside	DeepTMHMM			1	89	1	89					
sequence	other	20261001_087c40ec	XP_031563475.1	_		membrane	DeepTMHMM			90	99	1	10					
sequence	other	20261001_087c40ec	XP_031563475.1	_		outside	DeepTMHMM			100	327	1	228					
sequence	other	20261001_087c40ec	XP_031563475.1	_		membrane	DeepTMHMM			328	349	1	22					
sequence	other	20261001_087c40ec	XP_031563475.1	_		inside	DeepTMHMM			350	386	1	37					
sequence	other	20261001_087c40ec	XP_031567815.1	_		outside	DeepTMHMM			1	120	1	120					
sequence	other	20261001_087c40ec	XP_031567815.1	_		membrane	DeepTMHMM			121	141	1	21					
sequence	other	20261001_087c40ec	XP_031567815.1	_		inside	DeepTMHMM			142	313	1	172					
sequence	other	20261001_087c40ec	XP_031574373.1	_		inside	DeepTMHMM			1	55	1	55					
sequence	other	20261001_087c40ec	XP_031574373.1	_		membrane	DeepTMHMM			56	65	1	10					
sequence	other	20261001_087c40ec	XP_031574373.1	_		outside	DeepTMHMM			66	292	1	227					
sequence	other	20261001_087c40ec	XP_031574373.1	_		membrane	DeepTMHMM			293	314	1	22					
sequence	other	20261001_087c40ec	XP_031574373.1	_		inside	DeepTMHMM			315	536	1	222					
sequence	other	20261001_087c40ec	XP_031574374.1	_		inside	DeepTMHMM			1	55	1	55					
sequence	other	20261001_087c40ec	XP_031574374.1	_		membrane	DeepTMHMM			56	65	1	10					
sequence	other	20261001_087c40ec	XP_031574374.1	_		outside	DeepTMHMM			66	292	1	227					
sequence	other	20261001_087c40ec	XP_031574374.1	_		membrane	DeepTMHMM			293	314	1	22					
sequence	other	20261001_087c40ec	XP_031574374.1	_		inside	DeepTMHMM			315	531	1	217					
sequence	other	20261001_087c40ec	XP_031574375.1	_		signal	DeepTMHMM			1	60	1	60					
sequence	other	20261001_087c40ec	XP_031574375.1	_		outside	DeepTMHMM			61	284	1	224					
sequence	other	20261001_087c40ec	XP_031574375.1	_		membrane	DeepTMHMM			285	305	1	21					
sequence	other	20261001_087c40ec	XP_031574375.1	_		inside	DeepTMHMM			306	527	1	222					
sequence	other	20261001_087c40ec	XP_031574379.1	_		signal	DeepTMHMM			1	26	1	26					
sequence	other	20261001_087c40ec	XP_031574379.1	_		outside	DeepTMHMM			27	217	1	191					
sequence	other	20261001_087c40ec	XP_031574379.1	_		membrane	DeepTMHMM			218	239	1	22					
sequence	other	20261001_087c40ec	XP_031574379.1	_		inside	DeepTMHMM			240	265	1	26					
sequence	other	20261001_087c40ec	XP_031574380.1	_		signal	DeepTMHMM			1	26	1	26					
sequence	other	20261001_087c40ec	XP_031574380.1	_		outside	DeepTMHMM			27	217	1	191					
sequence	other	20261001_087c40ec	XP_031574380.1	_		membrane	DeepTMHMM			218	239	1	22					
sequence	other	20261001_087c40ec	XP_031574380.1	_		inside	DeepTMHMM			240	265	1	26					
sequence	other	20261001_087c40ec	XP_029181165.2	_		inside	DeepTMHMM			1	65	1	65					
sequence	other	20261001_087c40ec	XP_029181165.2	_		membrane	DeepTMHMM			66	75	1	10					
sequence	other	20261001_087c40ec	XP_029181165.2	_		outside	DeepTMHMM			76	296	1	221					
sequence	other	20261001_087c40ec	XP_029181165.2	_		membrane	DeepTMHMM			297	317	1	21					
sequence	other	20261001_087c40ec	XP_029181165.2	_		inside	DeepTMHMM			318	488	1	171					
sequence	other	20261001_087c40ec	XP_029181166.2	_		inside	DeepTMHMM			1	65	1	65					
sequence	other	20261001_087c40ec	XP_029181166.2	_		membrane	DeepTMHMM			66	75	1	10					
sequence	other	20261001_087c40ec	XP_029181166.2	_		outside	DeepTMHMM			76	296	1	221					
sequence	other	20261001_087c40ec	XP_029181166.2	_		membrane	DeepTMHMM			297	317	1	21					
sequence	other	20261001_087c40ec	XP_029181166.2	_		inside	DeepTMHMM			318	476	1	159					
sequence	other	20261001_087c40ec	XP_029181167.2	_		inside	DeepTMHMM			1	65	1	65					
sequence	other	20261001_087c40ec	XP_029181167.2	_		membrane	DeepTMHMM			66	75	1	10					
sequence	other	20261001_087c40ec	XP_029181167.2	_		outside	DeepTMHMM			76	296	1	221					
sequence	other	20261001_087c40ec	XP_029181167.2	_		membrane	DeepTMHMM			297	317	1	21					
sequence	other	20261001_087c40ec	XP_029181167.2	_		inside	DeepTMHMM			318	475	1	158					
sequence	other	20261001_087c40ec	XP_029181169.2	_		signal	DeepTMHMM			1	46	1	46					
sequence	other	20261001_087c40ec	XP_029181169.2	_		outside	DeepTMHMM			47	261	1	215					
sequence	other	20261001_087c40ec	XP_029181169.2	_		membrane	DeepTMHMM			262	282	1	21					
sequence	other	20261001_087c40ec	XP_029181169.2	_		inside	DeepTMHMM			283	453	1	171					
sequence	other	20261001_087c40ec	XP_029181171.2	_		signal	DeepTMHMM			1	28	1	28					
sequence	other	20261001_087c40ec	XP_029181171.2	_		outside	DeepTMHMM			29	243	1	215					
sequence	other	20261001_087c40ec	XP_029181171.2	_		membrane	DeepTMHMM			244	264	1	21					
sequence	other	20261001_087c40ec	XP_029181171.2	_		inside	DeepTMHMM			265	435	1	171					
sequence	other	20261001_087c40ec	XP_029187520.2	_		signal	DeepTMHMM			1	31	1	31					
sequence	other	20261001_087c40ec	XP_029187520.2	_		outside	DeepTMHMM			32	215	1	184					
sequence	other	20261001_087c40ec	XP_029187520.2	_		membrane	DeepTMHMM			216	236	1	21					
sequence	other	20261001_087c40ec	XP_029187520.2	_		inside	DeepTMHMM			237	301	1	65					
sequence	other	20261001_087c40ec	XP_029187521.2	_		signal	DeepTMHMM			1	31	1	31					
sequence	other	20261001_087c40ec	XP_029187521.2	_		outside	DeepTMHMM			32	217	1	186					
sequence	other	20261001_087c40ec	XP_029187521.2	_		membrane	DeepTMHMM			218	238	1	21					
sequence	other	20261001_087c40ec	XP_029187521.2	_		inside	DeepTMHMM			239	272	1	34					
sequence	other	20261001_087c40ec	XP_029191320.2	_		signal	DeepTMHMM			1	38	1	38					
sequence	other	20261001_087c40ec	XP_029191320.2	_		outside	DeepTMHMM			39	256	1	218					
sequence	other	20261001_087c40ec	XP_029191320.2	_		membrane	DeepTMHMM			257	279	1	23					
sequence	other	20261001_087c40ec	XP_029191320.2	_		inside	DeepTMHMM			280	411	1	132					
sequence	other	20261001_087c40ec	XP_029191321.2	_		signal	DeepTMHMM			1	38	1	38					
sequence	other	20261001_087c40ec	XP_029191321.2	_		outside	DeepTMHMM			39	256	1	218					
sequence	other	20261001_087c40ec	XP_029191321.2	_		membrane	DeepTMHMM			257	279	1	23					
sequence	other	20261001_087c40ec	XP_029191321.2	_		inside	DeepTMHMM			280	411	1	132					
sequence	other	20261001_087c40ec	XP_029191365.2	_		signal	DeepTMHMM			1	38	1	38					
sequence	other	20261001_087c40ec	XP_029191365.2	_		outside	DeepTMHMM			39	245	1	207					
sequence	other	20261001_087c40ec	XP_029191365.2	_		membrane	DeepTMHMM			246	267	1	22					
sequence	other	20261001_087c40ec	XP_029191365.2	_		inside	DeepTMHMM			268	542	1	275					
sequence	other	20261001_087c40ec	XP_029191387.2	_		signal	DeepTMHMM			1	27	1	27					
sequence	other	20261001_087c40ec	XP_029191387.2	_		outside	DeepTMHMM			28	234	1	207					
sequence	other	20261001_087c40ec	XP_029191387.2	_		membrane	DeepTMHMM			235	258	1	24					
sequence	other	20261001_087c40ec	XP_029191387.2	_		inside	DeepTMHMM			259	391	1	133					
sequence	other	20261001_087c40ec	XP_029199050.2	_		signal	DeepTMHMM			1	22	1	22					
sequence	other	20261001_087c40ec	XP_029199050.2	_		outside	DeepTMHMM			23	324	1	302					
sequence	other	20261001_087c40ec	XP_029199050.2	_		membrane	DeepTMHMM			325	345	1	21					
sequence	other	20261001_087c40ec	XP_029199050.2	_		inside	DeepTMHMM			346	777	1	432					
sequence	other	20261001_087c40ec	XP_029199052.2	_		signal	DeepTMHMM			1	21	1	21					
sequence	other	20261001_087c40ec	XP_029199052.2	_		outside	DeepTMHMM			22	320	1	299					
sequence	other	20261001_087c40ec	XP_029199052.2	_		membrane	DeepTMHMM			321	341	1	21					
sequence	other	20261001_087c40ec	XP_029199052.2	_		inside	DeepTMHMM			342	782	1	441					
sequence	other	20261001_087c40ec	XP_029199054.2	_		signal	DeepTMHMM			1	21	1	21					
sequence	other	20261001_087c40ec	XP_029199054.2	_		outside	DeepTMHMM			22	316	1	295					
sequence	other	20261001_087c40ec	XP_029199054.2	_		membrane	DeepTMHMM			317	340	1	24					
sequence	other	20261001_087c40ec	XP_029199054.2	_		inside	DeepTMHMM			341	733	1	393					
sequence	other	20261001_087c40ec	XP_029202600.2	_		signal	DeepTMHMM			1	39	1	39					
sequence	other	20261001_087c40ec	XP_029202600.2	_		outside	DeepTMHMM			40	359	1	320					
sequence	other	20261001_087c40ec	XP_029202600.2	_		membrane	DeepTMHMM			360	379	1	20					
sequence	other	20261001_087c40ec	XP_029202600.2	_		inside	DeepTMHMM			380	919	1	540					
sequence	other	20261001_087c40ec	XP_029205125.2	_		signal	DeepTMHMM			1	21	1	21					
sequence	other	20261001_087c40ec	XP_029205125.2	_		outside	DeepTMHMM			22	210	1	189					
sequence	other	20261001_087c40ec	XP_029205125.2	_		membrane	DeepTMHMM			211	233	1	23					
sequence	other	20261001_087c40ec	XP_029205125.2	_		inside	DeepTMHMM			234	373	1	140					
sequence	other	20261001_087c40ec	XP_029205126.2	_		signal	DeepTMHMM			1	21	1	21					
sequence	other	20261001_087c40ec	XP_029205126.2	_		outside	DeepTMHMM			22	210	1	189					
sequence	other	20261001_087c40ec	XP_029205126.2	_		membrane	DeepTMHMM			211	233	1	23					
sequence	other	20261001_087c40ec	XP_029205126.2	_		inside	DeepTMHMM			234	373	1	140					
sequence	other	20261001_087c40ec	XP_029205348.2	_		signal	DeepTMHMM			1	23	1	23					
sequence	other	20261001_087c40ec	XP_029205348.2	_		outside	DeepTMHMM			24	222	1	199					
sequence	other	20261001_087c40ec	XP_029205348.2	_		membrane	DeepTMHMM			223	243	1	21					
sequence	other	20261001_087c40ec	XP_029205348.2	_		inside	DeepTMHMM			244	628	1	385					
sequence	other	20261001_087c40ec	XP_029205350.2	_		signal	DeepTMHMM			1	23	1	23					
sequence	other	20261001_087c40ec	XP_029205350.2	_		outside	DeepTMHMM			24	215	1	192					
sequence	other	20261001_087c40ec	XP_029205350.2	_		membrane	DeepTMHMM			216	236	1	21					
sequence	other	20261001_087c40ec	XP_029205350.2	_		inside	DeepTMHMM			237	621	1	385					
sequence	other	20261001_087c40ec	XP_029205353.2	_		signal	DeepTMHMM			1	10	1	10					
sequence	other	20261001_087c40ec	XP_029205353.2	_		outside	DeepTMHMM			11	201	1	191					
sequence	other	20261001_087c40ec	XP_029205353.2	_		membrane	DeepTMHMM			202	222	1	21					
sequence	other	20261001_087c40ec	XP_029205353.2	_		inside	DeepTMHMM			223	607	1	385					
sequence	other	20261001_087c40ec	XP_029205354.2	_		signal	DeepTMHMM			1	23	1	23					
sequence	other	20261001_087c40ec	XP_029205354.2	_		outside	DeepTMHMM			24	222	1	199					
sequence	other	20261001_087c40ec	XP_029205354.2	_		membrane	DeepTMHMM			223	243	1	21					
sequence	other	20261001_087c40ec	XP_029205354.2	_		inside	DeepTMHMM			244	401	1	158					
sequence	other	20261001_087c40ec	XP_029205355.2	_		signal	DeepTMHMM			1	23	1	23					
sequence	other	20261001_087c40ec	XP_029205355.2	_		outside	DeepTMHMM			24	222	1	199					
sequence	other	20261001_087c40ec	XP_029205355.2	_		membrane	DeepTMHMM			223	243	1	21					
sequence	other	20261001_087c40ec	XP_029205355.2	_		inside	DeepTMHMM			244	376	1	133					
sequence	other	20261001_087c40ec	XP_029209717.2	_		signal	DeepTMHMM			1	18	1	18					
sequence	other	20261001_087c40ec	XP_029209717.2	_		outside	DeepTMHMM			19	234	1	216					
sequence	other	20261001_087c40ec	XP_029209717.2	_		membrane	DeepTMHMM			235	255	1	21					
sequence	other	20261001_087c40ec	XP_029209717.2	_		inside	DeepTMHMM			256	386	1	131					
sequence	other	20261001_087c40ec	XP_044163673.1	_		signal	DeepTMHMM			1	23	1	23					
sequence	other	20261001_087c40ec	XP_044163673.1	_		outside	DeepTMHMM			24	222	1	199					
sequence	other	20261001_087c40ec	XP_044163673.1	_		membrane	DeepTMHMM			223	243	1	21					
sequence	other	20261001_087c40ec	XP_044163673.1	_		inside	DeepTMHMM			244	401	1	158					
sequence	other	20261001_087c40ec	XP_044169717.1	_		signal	DeepTMHMM			1	45	1	45					
sequence	other	20261001_087c40ec	XP_044169717.1	_		outside	DeepTMHMM			46	306	1	261					
sequence	other	20261001_087c40ec	XP_044169717.1	_		membrane	DeepTMHMM			307	329	1	23					
sequence	other	20261001_087c40ec	XP_044169717.1	_		inside	DeepTMHMM			330	880	1	551					
sequence	other	20261001_087c40ec	XP_044169718.1	_		signal	DeepTMHMM			1	43	1	43					
sequence	other	20261001_087c40ec	XP_044169718.1	_		outside	DeepTMHMM			44	304	1	261					
sequence	other	20261001_087c40ec	XP_044169718.1	_		membrane	DeepTMHMM			305	327	1	23					
sequence	other	20261001_087c40ec	XP_044169718.1	_		inside	DeepTMHMM			328	878	1	551					
sequence	other	20261001_087c40ec	XP_044169719.1	_		signal	DeepTMHMM			1	45	1	45					
sequence	other	20261001_087c40ec	XP_044169719.1	_		outside	DeepTMHMM			46	272	1	227					
sequence	other	20261001_087c40ec	XP_044169719.1	_		membrane	DeepTMHMM			273	295	1	23					
sequence	other	20261001_087c40ec	XP_044169719.1	_		inside	DeepTMHMM			296	845	1	550					
sequence	other	20261001_087c40ec	XP_044169721.1	_		signal	DeepTMHMM			1	41	1	41					
sequence	other	20261001_087c40ec	XP_044169721.1	_		outside	DeepTMHMM			42	272	1	231					
sequence	other	20261001_087c40ec	XP_044169721.1	_		membrane	DeepTMHMM			273	295	1	23					
sequence	other	20261001_087c40ec	XP_044169721.1	_		inside	DeepTMHMM			296	842	1	547					
sequence	other	20261001_087c40ec	XP_044176328.1	_		signal	DeepTMHMM			1	34	1	34					
sequence	other	20261001_087c40ec	XP_044176328.1	_		outside	DeepTMHMM			35	241	1	207					
sequence	other	20261001_087c40ec	XP_044176328.1	_		membrane	DeepTMHMM			242	260	1	19					
sequence	other	20261001_087c40ec	XP_044176328.1	_		inside	DeepTMHMM			261	504	1	244					
sequence	other	20261001_087c40ec	XP_044176329.1	_		signal	DeepTMHMM			1	34	1	34					
sequence	other	20261001_087c40ec	XP_044176329.1	_		outside	DeepTMHMM			35	241	1	207					
sequence	other	20261001_087c40ec	XP_044176329.1	_		membrane	DeepTMHMM			242	260	1	19					
sequence	other	20261001_087c40ec	XP_044176329.1	_		inside	DeepTMHMM			261	484	1	224					
sequence	other	20261001_087c40ec	XP_044176330.1	_		signal	DeepTMHMM			1	34	1	34					
sequence	other	20261001_087c40ec	XP_044176330.1	_		outside	DeepTMHMM			35	241	1	207					
sequence	other	20261001_087c40ec	XP_044176330.1	_		membrane	DeepTMHMM			242	260	1	19					
sequence	other	20261001_087c40ec	XP_044176330.1	_		inside	DeepTMHMM			261	442	1	182					
sequence	other	20261001_087c40ec	XP_044176331.1	_		signal	DeepTMHMM			1	35	1	35					
sequence	other	20261001_087c40ec	XP_044176331.1	_		outside	DeepTMHMM			36	240	1	205					
sequence	other	20261001_087c40ec	XP_044176331.1	_		membrane	DeepTMHMM			241	261	1	21					
sequence	other	20261001_087c40ec	XP_044176331.1	_		inside	DeepTMHMM			262	470	1	209					
sequence	other	20261001_087c40ec	XP_044176333.1	_		signal	DeepTMHMM			1	35	1	35					
sequence	other	20261001_087c40ec	XP_044176333.1	_		outside	DeepTMHMM			36	239	1	204					
sequence	other	20261001_087c40ec	XP_044176333.1	_		membrane	DeepTMHMM			240	264	1	25					
sequence	other	20261001_087c40ec	XP_044176333.1	_		inside	DeepTMHMM			265	297	1	33					
sequence	other	20261001_087c40ec	XP_044176371.1	_		signal	DeepTMHMM			1	22	1	22					
sequence	other	20261001_087c40ec	XP_044176371.1	_		outside	DeepTMHMM			23	324	1	302					
sequence	other	20261001_087c40ec	XP_044176371.1	_		membrane	DeepTMHMM			325	345	1	21					
sequence	other	20261001_087c40ec	XP_044176371.1	_		inside	DeepTMHMM			346	786	1	441					
sequence	other	20261001_087c40ec	XP_044176372.1	_		signal	DeepTMHMM			1	22	1	22					
sequence	other	20261001_087c40ec	XP_044176372.1	_		outside	DeepTMHMM			23	324	1	302					
sequence	other	20261001_087c40ec	XP_044176372.1	_		membrane	DeepTMHMM			325	345	1	21					
sequence	other	20261001_087c40ec	XP_044176372.1	_		inside	DeepTMHMM			346	850	1	505					
sequence	other	20261001_087c40ec	XP_044181015.1	_		signal	DeepTMHMM			1	49	1	49					
sequence	other	20261001_087c40ec	XP_044181015.1	_		outside	DeepTMHMM			50	253	1	204					
sequence	other	20261001_087c40ec	XP_044181015.1	_		membrane	DeepTMHMM			254	274	1	21					
sequence	other	20261001_087c40ec	XP_044181015.1	_		inside	DeepTMHMM			275	349	1	75					
sequence	other	20261001_087c40ec	XP_044182307.1	_		signal	DeepTMHMM			1	21	1	21					
sequence	other	20261001_087c40ec	XP_044182307.1	_		outside	DeepTMHMM			22	210	1	189					
sequence	other	20261001_087c40ec	XP_044182307.1	_		membrane	DeepTMHMM			211	233	1	23					
sequence	other	20261001_087c40ec	XP_044182307.1	_		inside	DeepTMHMM			234	373	1	140					
sequence	other	20261001_087c40ec	XP_044183485.1	_		signal	DeepTMHMM			1	24	1	24					
sequence	other	20261001_087c40ec	XP_044183485.1	_		outside	DeepTMHMM			25	215	1	191					
sequence	other	20261001_087c40ec	XP_044183485.1	_		membrane	DeepTMHMM			216	236	1	21					
sequence	other	20261001_087c40ec	XP_044183485.1	_		inside	DeepTMHMM			237	301	1	65					
sequence	other	20261001_087c40ec	XP_044183486.1	_		signal	DeepTMHMM			1	24	1	24					
sequence	other	20261001_087c40ec	XP_044183486.1	_		outside	DeepTMHMM			25	217	1	193					
sequence	other	20261001_087c40ec	XP_044183486.1	_		membrane	DeepTMHMM			218	238	1	21					
sequence	other	20261001_087c40ec	XP_044183486.1	_		inside	DeepTMHMM			239	272	1	34					
sequence	other	20261001_087c40ec	XP_044184797.1	_		inside	DeepTMHMM			1	342	1	342					
sequence	other	20261001_087c40ec	XP_044184949.1	_		signal	DeepTMHMM			1	35	1	35					
sequence	other	20261001_087c40ec	XP_044184949.1	_		outside	DeepTMHMM			36	357	1	322					
sequence	other	20261001_087c40ec	XP_044184949.1	_		membrane	DeepTMHMM			358	379	1	22					
sequence	other	20261001_087c40ec	XP_044184949.1	_		inside	DeepTMHMM			380	840	1	461					
sequence	other	20261001_087c40ec	XP_046844624.1	_		signal	DeepTMHMM			1	23	1	23					
sequence	other	20261001_087c40ec	XP_046844624.1	_		outside	DeepTMHMM			24	192	1	169					
sequence	other	20261001_087c40ec	XP_046844624.1	_		membrane	DeepTMHMM			193	213	1	21					
sequence	other	20261001_087c40ec	XP_046844624.1	_		inside	DeepTMHMM			214	259	1	46					
sequence	other	20261001_087c40ec	XP_046850328.1	_		outside	DeepTMHMM			1	303	1	303					
sequence	other	20261001_087c40ec	XP_046850328.1	_		membrane	DeepTMHMM			304	325	1	22					
sequence	other	20261001_087c40ec	XP_046850328.1	_		inside	DeepTMHMM			326	490	1	165					
sequence	other	20261001_087c40ec	XP_046850329.1	_		outside	DeepTMHMM			1	301	1	301					
sequence	other	20261001_087c40ec	XP_046850329.1	_		membrane	DeepTMHMM			302	326	1	25					
sequence	other	20261001_087c40ec	XP_046850329.1	_		inside	DeepTMHMM			327	479	1	153					
sequence	other	20261001_087c40ec	XP_046850330.1	_		signal	DeepTMHMM			1	26	1	26					
sequence	other	20261001_087c40ec	XP_046850330.1	_		outside	DeepTMHMM			27	239	1	213					
sequence	other	20261001_087c40ec	XP_046850330.1	_		membrane	DeepTMHMM			240	261	1	22					
sequence	other	20261001_087c40ec	XP_046850330.1	_		inside	DeepTMHMM			262	426	1	165					
sequence	other	20261001_087c40ec	XP_046850331.1	_		signal	DeepTMHMM			1	24	1	24					
sequence	other	20261001_087c40ec	XP_046850331.1	_		outside	DeepTMHMM			25	237	1	213					
sequence	other	20261001_087c40ec	XP_046850331.1	_		membrane	DeepTMHMM			238	259	1	22					
sequence	other	20261001_087c40ec	XP_046850331.1	_		inside	DeepTMHMM			260	424	1	165					
sequence	other	20261001_087c40ec	XP_046862334.1	_		signal	DeepTMHMM			1	27	1	27					
sequence	other	20261001_087c40ec	XP_046862334.1	_		outside	DeepTMHMM			28	217	1	190					
sequence	other	20261001_087c40ec	XP_046862334.1	_		membrane	DeepTMHMM			218	238	1	21					
sequence	other	20261001_087c40ec	XP_046862334.1	_		inside	DeepTMHMM			239	365	1	127					
sequence	other	20261001_087c40ec	XP_046862335.1	_		signal	DeepTMHMM			1	26	1	26					
sequence	other	20261001_087c40ec	XP_046862335.1	_		outside	DeepTMHMM			27	216	1	190					
sequence	other	20261001_087c40ec	XP_046862335.1	_		membrane	DeepTMHMM			217	237	1	21					
sequence	other	20261001_087c40ec	XP_046862335.1	_		inside	DeepTMHMM			238	364	1	127					
sequence	other	20261001_087c40ec	XP_046862336.1	_		signal	DeepTMHMM			1	24	1	24					
sequence	other	20261001_087c40ec	XP_046862336.1	_		outside	DeepTMHMM			25	218	1	194					
sequence	other	20261001_087c40ec	XP_046862336.1	_		membrane	DeepTMHMM			219	239	1	21					
sequence	other	20261001_087c40ec	XP_046862336.1	_		inside	DeepTMHMM			240	298	1	59					
sequence	other	20261001_087c40ec	XP_058940027.1	_		signal	DeepTMHMM			1	48	1	48					
sequence	other	20261001_087c40ec	XP_058940027.1	_		outside	DeepTMHMM			49	266	1	218					
sequence	other	20261001_087c40ec	XP_058940027.1	_		membrane	DeepTMHMM			267	287	1	21					
sequence	other	20261001_087c40ec	XP_058940027.1	_		inside	DeepTMHMM			288	426	1	139					
sequence	other	20261001_087c40ec	XP_058940028.1	_		signal	DeepTMHMM			1	48	1	48					
sequence	other	20261001_087c40ec	XP_058940028.1	_		outside	DeepTMHMM			49	266	1	218					
sequence	other	20261001_087c40ec	XP_058940028.1	_		membrane	DeepTMHMM			267	287	1	21					
sequence	other	20261001_087c40ec	XP_058940028.1	_		inside	DeepTMHMM			288	425	1	138					
sequence	other	20261001_087c40ec	XP_058940030.1	_		signal	DeepTMHMM			1	23	1	23					
sequence	other	20261001_087c40ec	XP_058940030.1	_		outside	DeepTMHMM			24	239	1	216					
sequence	other	20261001_087c40ec	XP_058940030.1	_		membrane	DeepTMHMM			240	260	1	21					
sequence	other	20261001_087c40ec	XP_058940030.1	_		inside	DeepTMHMM			261	399	1	139					
sequence	other	20261001_087c40ec	XP_058941055.1	_		signal	DeepTMHMM			1	21	1	21					
sequence	other	20261001_087c40ec	XP_058941055.1	_		outside	DeepTMHMM			22	278	1	257					
sequence	other	20261001_087c40ec	XP_058941055.1	_		membrane	DeepTMHMM			279	288	1	10					
sequence	other	20261001_087c40ec	XP_058941055.1	_		inside	DeepTMHMM			289	436	1	148					
sequence	other	20261001_087c40ec	XP_058941063.1	_		signal	DeepTMHMM			1	48	1	48					
sequence	other	20261001_087c40ec	XP_058941063.1	_		outside	DeepTMHMM			49	240	1	192					
sequence	other	20261001_087c40ec	XP_058941063.1	_		membrane	DeepTMHMM			241	261	1	21					
sequence	other	20261001_087c40ec	XP_058941063.1	_		inside	DeepTMHMM			262	446	1	185					
sequence	other	20261001_087c40ec	XP_058941069.1	_		signal	DeepTMHMM			1	21	1	21					
sequence	other	20261001_087c40ec	XP_058941069.1	_		outside	DeepTMHMM			22	276	1	255					
sequence	other	20261001_087c40ec	XP_058941071.1	_		signal	DeepTMHMM			1	49	1	49					
sequence	other	20261001_087c40ec	XP_058941071.1	_		outside	DeepTMHMM			50	242	1	193					
sequence	other	20261001_087c40ec	XP_058941071.1	_		membrane	DeepTMHMM			243	264	1	22					
sequence	other	20261001_087c40ec	XP_058941071.1	_		inside	DeepTMHMM			265	451	1	187					
sequence	other	20261001_087c40ec	XP_058941074.1	_		signal	DeepTMHMM			1	53	1	53					
sequence	other	20261001_087c40ec	XP_058941074.1	_		outside	DeepTMHMM			54	274	1	221					
sequence	other	20261001_087c40ec	XP_058941074.1	_		membrane	DeepTMHMM			275	297	1	23					
sequence	other	20261001_087c40ec	XP_058941074.1	_		inside	DeepTMHMM			298	448	1	151					
sequence	other	20261001_087c40ec	XP_058941078.1	_		signal	DeepTMHMM			1	49	1	49					
sequence	other	20261001_087c40ec	XP_058941078.1	_		outside	DeepTMHMM			50	246	1	197					
sequence	other	20261001_087c40ec	XP_058941078.1	_		membrane	DeepTMHMM			247	268	1	22					
sequence	other	20261001_087c40ec	XP_058941078.1	_		inside	DeepTMHMM			269	471	1	203					
sequence	other	20261001_087c40ec	XP_058941097.1	_		inside	DeepTMHMM			1	49	1	49					
sequence	other	20261001_087c40ec	XP_058941097.1	_		membrane	DeepTMHMM			50	61	1	12					
sequence	other	20261001_087c40ec	XP_058941097.1	_		outside	DeepTMHMM			62	324	1	263					
sequence	other	20261001_087c40ec	XP_058941097.1	_		membrane	DeepTMHMM			325	343	1	19					
sequence	other	20261001_087c40ec	XP_058941097.1	_		inside	DeepTMHMM			344	503	1	160					
sequence	other	20261001_087c40ec	XP_058941099.1	_		signal	DeepTMHMM			1	25	1	25					
sequence	other	20261001_087c40ec	XP_058941099.1	_		outside	DeepTMHMM			26	226	1	201					
sequence	other	20261001_087c40ec	XP_058941099.1	_		membrane	DeepTMHMM			227	248	1	22					
sequence	other	20261001_087c40ec	XP_058941099.1	_		inside	DeepTMHMM			249	310	1	62					
sequence	other	20261001_087c40ec	XP_058941100.1	_		signal	DeepTMHMM			1	25	1	25					
sequence	other	20261001_087c40ec	XP_058941100.1	_		outside	DeepTMHMM			26	227	1	202					
sequence	other	20261001_087c40ec	XP_058941100.1	_		membrane	DeepTMHMM			228	248	1	21					
sequence	other	20261001_087c40ec	XP_058941100.1	_		inside	DeepTMHMM			249	310	1	62					
sequence	other	20261001_087c40ec	XP_058941109.1	_		signal	DeepTMHMM			1	25	1	25					
sequence	other	20261001_087c40ec	XP_058941109.1	_		outside	DeepTMHMM			26	227	1	202					
sequence	other	20261001_087c40ec	XP_058941109.1	_		membrane	DeepTMHMM			228	248	1	21					
sequence	other	20261001_087c40ec	XP_058941109.1	_		inside	DeepTMHMM			249	292	1	44					
sequence	other	20261001_087c40ec	XP_058942793.1	_		signal	DeepTMHMM			1	18	1	18					
sequence	other	20261001_087c40ec	XP_058942793.1	_		outside	DeepTMHMM			19	223	1	205					
sequence	other	20261001_087c40ec	XP_058942793.1	_		membrane	DeepTMHMM			224	244	1	21					
sequence	other	20261001_087c40ec	XP_058942793.1	_		inside	DeepTMHMM			245	415	1	171					
sequence	other	20261001_087c40ec	XP_058946720.1	_		signal	DeepTMHMM			1	32	1	32					
sequence	other	20261001_087c40ec	XP_058946720.1	_		outside	DeepTMHMM			33	256	1	224					
sequence	other	20261001_087c40ec	XP_058946720.1	_		membrane	DeepTMHMM			257	278	1	22					
sequence	other	20261001_087c40ec	XP_058946720.1	_		inside	DeepTMHMM			279	323	1	45					
sequence	other	20261001_087c40ec	XP_058946742.1	_		signal	DeepTMHMM			1	26	1	26					
sequence	other	20261001_087c40ec	XP_058946742.1	_		outside	DeepTMHMM			27	209	1	183					
sequence	other	20261001_087c40ec	XP_058946742.1	_		membrane	DeepTMHMM			210	230	1	21					
sequence	other	20261001_087c40ec	XP_058946742.1	_		inside	DeepTMHMM			231	282	1	52					
sequence	other	20261001_087c40ec	XP_058946743.1	_		signal	DeepTMHMM			1	26	1	26					
sequence	other	20261001_087c40ec	XP_058946743.1	_		outside	DeepTMHMM			27	209	1	183					
sequence	other	20261001_087c40ec	XP_058946743.1	_		membrane	DeepTMHMM			210	230	1	21					
sequence	other	20261001_087c40ec	XP_058946743.1	_		inside	DeepTMHMM			231	282	1	52					
sequence	other	20261001_087c40ec	XP_058947655.1	_		signal	DeepTMHMM			1	35	1	35					
sequence	other	20261001_087c40ec	XP_058947655.1	_		outside	DeepTMHMM			36	372	1	337					
sequence	other	20261001_087c40ec	XP_058947655.1	_		membrane	DeepTMHMM			373	393	1	21					
sequence	other	20261001_087c40ec	XP_058947655.1	_		inside	DeepTMHMM			394	556	1	163					
sequence	other	20261001_087c40ec	XP_058947656.1	_		signal	DeepTMHMM			1	35	1	35					
sequence	other	20261001_087c40ec	XP_058947656.1	_		outside	DeepTMHMM			36	372	1	337					
sequence	other	20261001_087c40ec	XP_058947656.1	_		membrane	DeepTMHMM			373	393	1	21					
sequence	other	20261001_087c40ec	XP_058947656.1	_		inside	DeepTMHMM			394	556	1	163					
sequence	other	20261001_087c40ec	XP_058947658.1	_		signal	DeepTMHMM			1	36	1	36					
sequence	other	20261001_087c40ec	XP_058947658.1	_		outside	DeepTMHMM			37	371	1	335					
sequence	other	20261001_087c40ec	XP_058947658.1	_		membrane	DeepTMHMM			372	392	1	21					
sequence	other	20261001_087c40ec	XP_058947658.1	_		inside	DeepTMHMM			393	555	1	163					
sequence	other	20261001_087c40ec	XP_058948530.1	_		signal	DeepTMHMM			1	20	1	20					
sequence	other	20261001_087c40ec	XP_058948530.1	_		outside	DeepTMHMM			21	219	1	199					
sequence	other	20261001_087c40ec	XP_058948530.1	_		membrane	DeepTMHMM			220	241	1	22					
sequence	other	20261001_087c40ec	XP_058948530.1	_		inside	DeepTMHMM			242	319	1	78					
sequence	other	20261001_087c40ec	XP_058948623.1	_		signal	DeepTMHMM			1	22	1	22					
sequence	other	20261001_087c40ec	XP_058948623.1	_		outside	DeepTMHMM			23	211	1	189					
sequence	other	20261001_087c40ec	XP_058948623.1	_		membrane	DeepTMHMM			212	232	1	21					
sequence	other	20261001_087c40ec	XP_058948623.1	_		inside	DeepTMHMM			233	648	1	416					
sequence	other	20261001_087c40ec	XP_058948624.1	_		signal	DeepTMHMM			1	22	1	22					
sequence	other	20261001_087c40ec	XP_058948624.1	_		outside	DeepTMHMM			23	211	1	189					
sequence	other	20261001_087c40ec	XP_058948624.1	_		membrane	DeepTMHMM			212	232	1	21					
sequence	other	20261001_087c40ec	XP_058948624.1	_		inside	DeepTMHMM			233	648	1	416					
sequence	other	20261001_087c40ec	XP_058948625.1	_		signal	DeepTMHMM			1	22	1	22					
sequence	other	20261001_087c40ec	XP_058948625.1	_		outside	DeepTMHMM			23	211	1	189					
sequence	other	20261001_087c40ec	XP_058948625.1	_		membrane	DeepTMHMM			212	232	1	21					
sequence	other	20261001_087c40ec	XP_058948625.1	_		inside	DeepTMHMM			233	648	1	416					
sequence	other	20261001_087c40ec	XP_058948627.1	_		signal	DeepTMHMM			1	22	1	22					
sequence	other	20261001_087c40ec	XP_058948627.1	_		outside	DeepTMHMM			23	211	1	189					
sequence	other	20261001_087c40ec	XP_058948627.1	_		membrane	DeepTMHMM			212	232	1	21					
sequence	other	20261001_087c40ec	XP_058948627.1	_		inside	DeepTMHMM			233	640	1	408					
sequence	other	20261001_087c40ec	XP_058948628.1	_		signal	DeepTMHMM			1	21	1	21					
sequence	other	20261001_087c40ec	XP_058948628.1	_		outside	DeepTMHMM			22	424	1	403					
sequence	other	20261001_087c40ec	XP_058948629.1	_		signal	DeepTMHMM			1	21	1	21					
sequence	other	20261001_087c40ec	XP_058948629.1	_		outside	DeepTMHMM			22	424	1	403					
sequence	other	20261001_087c40ec	XP_058948630.1	_		signal	DeepTMHMM			1	21	1	21					
sequence	other	20261001_087c40ec	XP_058948630.1	_		outside	DeepTMHMM			22	424	1	403					
sequence	other	20261001_087c40ec	XP_058948634.1	_		signal	DeepTMHMM			1	22	1	22					
sequence	other	20261001_087c40ec	XP_058948634.1	_		outside	DeepTMHMM			23	207	1	185					
sequence	other	20261001_087c40ec	XP_058948634.1	_		membrane	DeepTMHMM			208	229	1	22					
sequence	other	20261001_087c40ec	XP_058948634.1	_		inside	DeepTMHMM			230	663	1	434					
sequence	other	20261001_087c40ec	XP_058948635.1	_		signal	DeepTMHMM			1	22	1	22					
sequence	other	20261001_087c40ec	XP_058948635.1	_		outside	DeepTMHMM			23	207	1	185					
sequence	other	20261001_087c40ec	XP_058948635.1	_		membrane	DeepTMHMM			208	229	1	22					
sequence	other	20261001_087c40ec	XP_058948635.1	_		inside	DeepTMHMM			230	663	1	434					
sequence	other	20261001_087c40ec	XP_058948636.1	_		signal	DeepTMHMM			1	22	1	22					
sequence	other	20261001_087c40ec	XP_058948636.1	_		outside	DeepTMHMM			23	207	1	185					
sequence	other	20261001_087c40ec	XP_058948636.1	_		membrane	DeepTMHMM			208	229	1	22					
sequence	other	20261001_087c40ec	XP_058948636.1	_		inside	DeepTMHMM			230	663	1	434					
sequence	other	20261001_087c40ec	XP_058948637.1	_		signal	DeepTMHMM			1	22	1	22					
sequence	other	20261001_087c40ec	XP_058948637.1	_		outside	DeepTMHMM			23	207	1	185					
sequence	other	20261001_087c40ec	XP_058948637.1	_		membrane	DeepTMHMM			208	229	1	22					
sequence	other	20261001_087c40ec	XP_058948637.1	_		inside	DeepTMHMM			230	656	1	427					
sequence	other	20261001_087c40ec	XP_058949409.1	_		signal	DeepTMHMM			1	20	1	20					
sequence	other	20261001_087c40ec	XP_058949409.1	_		outside	DeepTMHMM			21	219	1	199					
sequence	other	20261001_087c40ec	XP_058949409.1	_		membrane	DeepTMHMM			220	240	1	21					
sequence	other	20261001_087c40ec	XP_058949409.1	_		inside	DeepTMHMM			241	372	1	132					
sequence	other	20261001_087c40ec	XP_058949410.1	_		signal	DeepTMHMM			1	20	1	20					
sequence	other	20261001_087c40ec	XP_058949410.1	_		outside	DeepTMHMM			21	204	1	184					
sequence	other	20261001_087c40ec	XP_058949410.1	_		membrane	DeepTMHMM			205	225	1	21					
sequence	other	20261001_087c40ec	XP_058949410.1	_		inside	DeepTMHMM			226	470	1	245					
sequence	other	20261001_087c40ec	XP_058949501.1	_		signal	DeepTMHMM			1	26	1	26					
sequence	other	20261001_087c40ec	XP_058949501.1	_		outside	DeepTMHMM			27	213	1	187					
sequence	other	20261001_087c40ec	XP_058949501.1	_		membrane	DeepTMHMM			214	232	1	19					
sequence	other	20261001_087c40ec	XP_058949501.1	_		inside	DeepTMHMM			233	438	1	206					
sequence	other	20261001_087c40ec	XP_058949502.1	_		signal	DeepTMHMM			1	16	1	16					
sequence	other	20261001_087c40ec	XP_058949502.1	_		outside	DeepTMHMM			17	199	1	183					
sequence	other	20261001_087c40ec	XP_058949502.1	_		membrane	DeepTMHMM			200	221	1	22					
sequence	other	20261001_087c40ec	XP_058949502.1	_		inside	DeepTMHMM			222	428	1	207					
sequence	other	20261001_087c40ec	XP_058949882.1	_		signal	DeepTMHMM			1	20	1	20					
sequence	other	20261001_087c40ec	XP_058949882.1	_		outside	DeepTMHMM			21	356	1	336					
sequence	other	20261001_087c40ec	XP_058949882.1	_		membrane	DeepTMHMM			357	377	1	21					
sequence	other	20261001_087c40ec	XP_058949882.1	_		inside	DeepTMHMM			378	945	1	568					
sequence	other	20261001_468cf3dd	XP_058957090.1	_		signal	DeepTMHMM			1	23	1	23					
sequence	other	20261001_468cf3dd	XP_058957090.1	_		outside	DeepTMHMM			24	335	1	312					
sequence	other	20261001_468cf3dd	XP_058957090.1	_		membrane	DeepTMHMM			336	356	1	21					
sequence	other	20261001_468cf3dd	XP_058957090.1	_		inside	DeepTMHMM			357	818	1	462					
sequence	other	20261001_468cf3dd	XP_058957091.1	_		signal	DeepTMHMM			1	23	1	23					
sequence	other	20261001_468cf3dd	XP_058957091.1	_		outside	DeepTMHMM			24	335	1	312					
sequence	other	20261001_468cf3dd	XP_058957091.1	_		membrane	DeepTMHMM			336	356	1	21					
sequence	other	20261001_468cf3dd	XP_058957091.1	_		inside	DeepTMHMM			357	818	1	462					
sequence	other	20261001_468cf3dd	XP_058957092.1	_		signal	DeepTMHMM			1	21	1	21					
sequence	other	20261001_468cf3dd	XP_058957092.1	_		outside	DeepTMHMM			22	336	1	315					
sequence	other	20261001_468cf3dd	XP_058957092.1	_		membrane	DeepTMHMM			337	357	1	21					
sequence	other	20261001_468cf3dd	XP_058957092.1	_		inside	DeepTMHMM			358	738	1	381					
sequence	other	20261001_468cf3dd	XP_058957093.1	_		signal	DeepTMHMM			1	21	1	21					
sequence	other	20261001_468cf3dd	XP_058957093.1	_		outside	DeepTMHMM			22	336	1	315					
sequence	other	20261001_468cf3dd	XP_058957093.1	_		membrane	DeepTMHMM			337	357	1	21					
sequence	other	20261001_468cf3dd	XP_058957093.1	_		inside	DeepTMHMM			358	738	1	381					
sequence	other	20261001_468cf3dd	XP_058957094.1	_		signal	DeepTMHMM			1	21	1	21					
sequence	other	20261001_468cf3dd	XP_058957094.1	_		outside	DeepTMHMM			22	336	1	315					
sequence	other	20261001_468cf3dd	XP_058957094.1	_		membrane	DeepTMHMM			337	357	1	21					
sequence	other	20261001_468cf3dd	XP_058957094.1	_		inside	DeepTMHMM			358	738	1	381					
sequence	other	20261001_468cf3dd	XP_058957096.1	_		signal	DeepTMHMM			1	53	1	53					
sequence	other	20261001_468cf3dd	XP_058957096.1	_		outside	DeepTMHMM			54	273	1	220					
sequence	other	20261001_468cf3dd	XP_058957096.1	_		membrane	DeepTMHMM			274	294	1	21					
sequence	other	20261001_468cf3dd	XP_058957096.1	_		inside	DeepTMHMM			295	459	1	165					
sequence	other	20261001_468cf3dd	XP_058957137.1	_		signal	DeepTMHMM			1	21	1	21					
sequence	other	20261001_468cf3dd	XP_058957137.1	_		outside	DeepTMHMM			22	278	1	257					
sequence	other	20261001_468cf3dd	XP_058957137.1	_		membrane	DeepTMHMM			279	288	1	10					
sequence	other	20261001_468cf3dd	XP_058957137.1	_		inside	DeepTMHMM			289	436	1	148					
sequence	other	20261001_468cf3dd	XP_058957139.1	_		inside	DeepTMHMM			1	90	1	90					
sequence	other	20261001_468cf3dd	XP_058957139.1	_		membrane	DeepTMHMM			91	102	1	12					
sequence	other	20261001_468cf3dd	XP_058957139.1	_		outside	DeepTMHMM			103	365	1	263					
sequence	other	20261001_468cf3dd	XP_058957139.1	_		membrane	DeepTMHMM			366	385	1	20					
sequence	other	20261001_468cf3dd	XP_058957139.1	_		inside	DeepTMHMM			386	543	1	158					
sequence	other	20261001_468cf3dd	XP_058957180.1	_		signal	DeepTMHMM			1	48	1	48					
sequence	other	20261001_468cf3dd	XP_058957180.1	_		outside	DeepTMHMM			49	240	1	192					
sequence	other	20261001_468cf3dd	XP_058957180.1	_		membrane	DeepTMHMM			241	261	1	21					
sequence	other	20261001_468cf3dd	XP_058957180.1	_		inside	DeepTMHMM			262	446	1	185					
sequence	other	20261001_468cf3dd	XP_058957181.1	_		signal	DeepTMHMM			1	48	1	48					
sequence	other	20261001_468cf3dd	XP_058957181.1	_		outside	DeepTMHMM			49	240	1	192					
sequence	other	20261001_468cf3dd	XP_058957181.1	_		membrane	DeepTMHMM			241	261	1	21					
sequence	other	20261001_468cf3dd	XP_058957181.1	_		inside	DeepTMHMM			262	445	1	184					
sequence	other	20261001_468cf3dd	XP_058957183.1	_		signal	DeepTMHMM			1	22	1	22					
sequence	other	20261001_468cf3dd	XP_058957183.1	_		outside	DeepTMHMM			23	328	1	306					
sequence	other	20261001_468cf3dd	XP_058957183.1	_		membrane	DeepTMHMM			329	350	1	22					
sequence	other	20261001_468cf3dd	XP_058957183.1	_		inside	DeepTMHMM			351	802	1	452					
sequence	other	20261001_468cf3dd	XP_058957186.1	_		outside	DeepTMHMM			1	278	1	278					
sequence	other	20261001_468cf3dd	XP_058957186.1	_		membrane	DeepTMHMM			279	301	1	23					
sequence	other	20261001_468cf3dd	XP_058957186.1	_		inside	DeepTMHMM			302	753	1	452					
sequence	other	20261001_468cf3dd	XP_058957187.1	_		signal	DeepTMHMM			1	49	1	49					
sequence	other	20261001_468cf3dd	XP_058957187.1	_		outside	DeepTMHMM			50	242	1	193					
sequence	other	20261001_468cf3dd	XP_058957187.1	_		membrane	DeepTMHMM			243	263	1	21					
sequence	other	20261001_468cf3dd	XP_058957187.1	_		inside	DeepTMHMM			264	454	1	191					
sequence	other	20261001_468cf3dd	XP_058957836.1	_		signal	DeepTMHMM			1	26	1	26					
sequence	other	20261001_468cf3dd	XP_058957836.1	_		outside	DeepTMHMM			27	209	1	183					
sequence	other	20261001_468cf3dd	XP_058957836.1	_		membrane	DeepTMHMM			210	230	1	21					
sequence	other	20261001_468cf3dd	XP_058957836.1	_		inside	DeepTMHMM			231	282	1	52					
sequence	other	20261001_468cf3dd	XP_058957837.1	_		signal	DeepTMHMM			1	26	1	26					
sequence	other	20261001_468cf3dd	XP_058957837.1	_		outside	DeepTMHMM			27	209	1	183					
sequence	other	20261001_468cf3dd	XP_058957837.1	_		membrane	DeepTMHMM			210	230	1	21					
sequence	other	20261001_468cf3dd	XP_058957837.1	_		inside	DeepTMHMM			231	282	1	52					
sequence	other	20261001_468cf3dd	XP_058957841.1	_		signal	DeepTMHMM			1	33	1	33					
sequence	other	20261001_468cf3dd	XP_058957841.1	_		outside	DeepTMHMM			34	230	1	197					
sequence	other	20261001_468cf3dd	XP_058957841.1	_		membrane	DeepTMHMM			231	251	1	21					
sequence	other	20261001_468cf3dd	XP_058957841.1	_		inside	DeepTMHMM			252	455	1	204					
sequence	other	20261001_468cf3dd	XP_058957843.1	_		signal	DeepTMHMM			1	31	1	31					
sequence	other	20261001_468cf3dd	XP_058957843.1	_		outside	DeepTMHMM			32	228	1	197					
sequence	other	20261001_468cf3dd	XP_058957843.1	_		membrane	DeepTMHMM			229	249	1	21					
sequence	other	20261001_468cf3dd	XP_058957843.1	_		inside	DeepTMHMM			250	453	1	204					
sequence	other	20261001_468cf3dd	XP_058957844.1	_		signal	DeepTMHMM			1	23	1	23					
sequence	other	20261001_468cf3dd	XP_058957844.1	_		outside	DeepTMHMM			24	220	1	197					
sequence	other	20261001_468cf3dd	XP_058957844.1	_		membrane	DeepTMHMM			221	241	1	21					
sequence	other	20261001_468cf3dd	XP_058957844.1	_		inside	DeepTMHMM			242	445	1	204					
sequence	other	20261001_468cf3dd	XP_058957845.1	_		signal	DeepTMHMM			1	23	1	23					
sequence	other	20261001_468cf3dd	XP_058957845.1	_		outside	DeepTMHMM			24	220	1	197					
sequence	other	20261001_468cf3dd	XP_058957845.1	_		membrane	DeepTMHMM			221	241	1	21					
sequence	other	20261001_468cf3dd	XP_058957845.1	_		inside	DeepTMHMM			242	445	1	204					
sequence	other	20261001_468cf3dd	XP_058957848.1	_		signal	DeepTMHMM			1	38	1	38					
sequence	other	20261001_468cf3dd	XP_058957848.1	_		outside	DeepTMHMM			39	221	1	183					
sequence	other	20261001_468cf3dd	XP_058957848.1	_		membrane	DeepTMHMM			222	243	1	22					
sequence	other	20261001_468cf3dd	XP_058957848.1	_		inside	DeepTMHMM			244	288	1	45					
sequence	other	20261001_468cf3dd	XP_058957849.1	_		signal	DeepTMHMM			1	37	1	37					
sequence	other	20261001_468cf3dd	XP_058957849.1	_		outside	DeepTMHMM			38	220	1	183					
sequence	other	20261001_468cf3dd	XP_058957849.1	_		membrane	DeepTMHMM			221	242	1	22					
sequence	other	20261001_468cf3dd	XP_058957849.1	_		inside	DeepTMHMM			243	287	1	45					
sequence	other	20261001_468cf3dd	XP_058957850.1	_		signal	DeepTMHMM			1	27	1	27					
sequence	other	20261001_468cf3dd	XP_058957850.1	_		outside	DeepTMHMM			28	210	1	183					
sequence	other	20261001_468cf3dd	XP_058957850.1	_		membrane	DeepTMHMM			211	232	1	22					
sequence	other	20261001_468cf3dd	XP_058957850.1	_		inside	DeepTMHMM			233	277	1	45					
sequence	other	20261001_468cf3dd	XP_058957851.1	_		signal	DeepTMHMM			1	27	1	27					
sequence	other	20261001_468cf3dd	XP_058957851.1	_		outside	DeepTMHMM			28	210	1	183					
sequence	other	20261001_468cf3dd	XP_058957851.1	_		membrane	DeepTMHMM			211	232	1	22					
sequence	other	20261001_468cf3dd	XP_058957851.1	_		inside	DeepTMHMM			233	277	1	45					
sequence	other	20261001_468cf3dd	XP_058957852.1	_		signal	DeepTMHMM			1	27	1	27					
sequence	other	20261001_468cf3dd	XP_058957852.1	_		outside	DeepTMHMM			28	210	1	183					
sequence	other	20261001_468cf3dd	XP_058957852.1	_		membrane	DeepTMHMM			211	232	1	22					
sequence	other	20261001_468cf3dd	XP_058957852.1	_		inside	DeepTMHMM			233	277	1	45					
sequence	other	20261001_468cf3dd	XP_058957853.1	_		signal	DeepTMHMM			1	27	1	27					
sequence	other	20261001_468cf3dd	XP_058957853.1	_		outside	DeepTMHMM			28	210	1	183					
sequence	other	20261001_468cf3dd	XP_058957853.1	_		membrane	DeepTMHMM			211	232	1	22					
sequence	other	20261001_468cf3dd	XP_058957853.1	_		inside	DeepTMHMM			233	277	1	45					
sequence	other	20261001_468cf3dd	XP_058968047.1	_		signal	DeepTMHMM			1	24	1	24					
sequence	other	20261001_468cf3dd	XP_058968047.1	_		outside	DeepTMHMM			25	267	1	243					
sequence	other	20261001_468cf3dd	XP_058968047.1	_		membrane	DeepTMHMM			268	286	1	19					
sequence	other	20261001_468cf3dd	XP_058968047.1	_		inside	DeepTMHMM			287	549	1	263					
sequence	other	20261001_468cf3dd	XP_058968048.1	_		signal	DeepTMHMM			1	15	1	15					
sequence	other	20261001_468cf3dd	XP_058968048.1	_		outside	DeepTMHMM			16	258	1	243					
sequence	other	20261001_468cf3dd	XP_058968048.1	_		membrane	DeepTMHMM			259	277	1	19					
sequence	other	20261001_468cf3dd	XP_058968048.1	_		inside	DeepTMHMM			278	540	1	263					
sequence	other	20261001_468cf3dd	XP_058968049.1	_		signal	DeepTMHMM			1	13	1	13					
sequence	other	20261001_468cf3dd	XP_058968049.1	_		outside	DeepTMHMM			14	254	1	241					
sequence	other	20261001_468cf3dd	XP_058968049.1	_		membrane	DeepTMHMM			255	273	1	19					
sequence	other	20261001_468cf3dd	XP_058968049.1	_		inside	DeepTMHMM			274	536	1	263					
sequence	other	20261001_468cf3dd	XP_058968335.1	_		signal	DeepTMHMM			1	21	1	21					
sequence	other	20261001_468cf3dd	XP_058968335.1	_		outside	DeepTMHMM			22	191	1	170					
sequence	other	20261001_468cf3dd	XP_058968368.1	_		signal	DeepTMHMM			1	22	1	22					
sequence	other	20261001_468cf3dd	XP_058968368.1	_		outside	DeepTMHMM			23	195	1	173					
sequence	other	20261001_468cf3dd	XP_058968368.1	_		membrane	DeepTMHMM			196	216	1	21					
sequence	other	20261001_468cf3dd	XP_058968368.1	_		inside	DeepTMHMM			217	737	1	521					
sequence	other	20261001_468cf3dd	XP_058968438.1	_		signal	DeepTMHMM			1	24	1	24					
sequence	other	20261001_468cf3dd	XP_058968438.1	_		outside	DeepTMHMM			25	194	1	170					
sequence	other	20261001_468cf3dd	XP_058968438.1	_		membrane	DeepTMHMM			195	215	1	21					
sequence	other	20261001_468cf3dd	XP_058968438.1	_		inside	DeepTMHMM			216	544	1	329					
sequence	other	20261001_468cf3dd	XP_058968605.1	_		signal	DeepTMHMM			1	19	1	19					
sequence	other	20261001_468cf3dd	XP_058968605.1	_		outside	DeepTMHMM			20	156	1	137					
sequence	other	20261001_468cf3dd	XP_058968605.1	_		membrane	DeepTMHMM			157	177	1	21					
sequence	other	20261001_468cf3dd	XP_058968605.1	_		inside	DeepTMHMM			178	318	1	141					
sequence	other	20261001_468cf3dd	XP_058969003.1	_		signal	DeepTMHMM			1	18	1	18					
sequence	other	20261001_468cf3dd	XP_058969003.1	_		outside	DeepTMHMM			19	395	1	377					
sequence	other	20261001_468cf3dd	XP_058969003.1	_		membrane	DeepTMHMM			396	415	1	20					
sequence	other	20261001_468cf3dd	XP_058969003.1	_		inside	DeepTMHMM			416	939	1	524					
sequence	other	20261001_468cf3dd	XP_058969004.1	_		signal	DeepTMHMM			1	18	1	18					
sequence	other	20261001_468cf3dd	XP_058969004.1	_		outside	DeepTMHMM			19	390	1	372					
sequence	other	20261001_468cf3dd	XP_058969004.1	_		membrane	DeepTMHMM			391	410	1	20					
sequence	other	20261001_468cf3dd	XP_058969004.1	_		inside	DeepTMHMM			411	970	1	560					
sequence	other	20261001_468cf3dd	XP_067016259.1	_		signal	DeepTMHMM			1	31	1	31					
sequence	other	20261001_468cf3dd	XP_067016259.1	_		outside	DeepTMHMM			32	215	1	184					
sequence	other	20261001_468cf3dd	XP_067016259.1	_		membrane	DeepTMHMM			216	236	1	21					
sequence	other	20261001_468cf3dd	XP_067016259.1	_		inside	DeepTMHMM			237	301	1	65					
sequence	other	20261001_468cf3dd	XP_067016260.1	_		signal	DeepTMHMM			1	31	1	31					
sequence	other	20261001_468cf3dd	XP_067016260.1	_		outside	DeepTMHMM			32	217	1	186					
sequence	other	20261001_468cf3dd	XP_067016260.1	_		membrane	DeepTMHMM			218	238	1	21					
sequence	other	20261001_468cf3dd	XP_067016260.1	_		inside	DeepTMHMM			239	272	1	34					
sequence	other	20261001_468cf3dd	XP_067024906.1	_		outside	DeepTMHMM			1	291	1	291					
sequence	other	20261001_468cf3dd	XP_067024906.1	_		membrane	DeepTMHMM			292	314	1	23					
sequence	other	20261001_468cf3dd	XP_067024906.1	_		inside	DeepTMHMM			315	452	1	138					
sequence	other	20261001_468cf3dd	XP_067024907.1	_		outside	DeepTMHMM			1	288	1	288					
sequence	other	20261001_468cf3dd	XP_067024907.1	_		membrane	DeepTMHMM			289	311	1	23					
sequence	other	20261001_468cf3dd	XP_067024907.1	_		inside	DeepTMHMM			312	449	1	138					
sequence	other	20261001_468cf3dd	XP_067024908.1	_		outside	DeepTMHMM			1	288	1	288					
sequence	other	20261001_468cf3dd	XP_067024908.1	_		membrane	DeepTMHMM			289	311	1	23					
sequence	other	20261001_468cf3dd	XP_067024908.1	_		inside	DeepTMHMM			312	449	1	138					
sequence	other	20261001_468cf3dd	XP_067024909.1	_		outside	DeepTMHMM			1	284	1	284					
sequence	other	20261001_468cf3dd	XP_067024909.1	_		membrane	DeepTMHMM			285	307	1	23					
sequence	other	20261001_468cf3dd	XP_067024909.1	_		inside	DeepTMHMM			308	445	1	138					
sequence	other	20261001_468cf3dd	XP_067024911.1	_		outside	DeepTMHMM			1	284	1	284					
sequence	other	20261001_468cf3dd	XP_067024911.1	_		membrane	DeepTMHMM			285	307	1	23					
sequence	other	20261001_468cf3dd	XP_067024911.1	_		inside	DeepTMHMM			308	445	1	138					
sequence	other	20261001_468cf3dd	XP_067024912.1	_		signal	DeepTMHMM			1	43	1	43					
sequence	other	20261001_468cf3dd	XP_067024912.1	_		outside	DeepTMHMM			44	258	1	215					
sequence	other	20261001_468cf3dd	XP_067024912.1	_		membrane	DeepTMHMM			259	281	1	23					
sequence	other	20261001_468cf3dd	XP_067024912.1	_		inside	DeepTMHMM			282	419	1	138					
sequence	other	20261001_468cf3dd	XP_067024913.1	_		signal	DeepTMHMM			1	12	1	12					
sequence	other	20261001_468cf3dd	XP_067024913.1	_		outside	DeepTMHMM			13	227	1	215					
sequence	other	20261001_468cf3dd	XP_067024913.1	_		membrane	DeepTMHMM			228	250	1	23					
sequence	other	20261001_468cf3dd	XP_067024913.1	_		inside	DeepTMHMM			251	388	1	138					
sequence	other	20261001_468cf3dd	XP_067024914.1	_		signal	DeepTMHMM			1	12	1	12					
sequence	other	20261001_468cf3dd	XP_067024914.1	_		outside	DeepTMHMM			13	227	1	215					
sequence	other	20261001_468cf3dd	XP_067024914.1	_		membrane	DeepTMHMM			228	250	1	23					
sequence	other	20261001_468cf3dd	XP_067024914.1	_		inside	DeepTMHMM			251	388	1	138					
sequence	other	20261001_468cf3dd	XP_067024915.1	_		signal	DeepTMHMM			1	12	1	12					
sequence	other	20261001_468cf3dd	XP_067024915.1	_		outside	DeepTMHMM			13	227	1	215					
sequence	other	20261001_468cf3dd	XP_067024915.1	_		membrane	DeepTMHMM			228	250	1	23					
sequence	other	20261001_468cf3dd	XP_067024915.1	_		inside	DeepTMHMM			251	388	1	138					
sequence	other	20261001_468cf3dd	XP_067024916.1	_		signal	DeepTMHMM			1	60	1	60					
sequence	other	20261001_468cf3dd	XP_067024916.1	_		outside	DeepTMHMM			61	277	1	217					
sequence	other	20261001_468cf3dd	XP_067024916.1	_		membrane	DeepTMHMM			278	300	1	23					
sequence	other	20261001_468cf3dd	XP_067024916.1	_		inside	DeepTMHMM			301	440	1	140					
sequence	other	20261001_468cf3dd	XP_067024917.1	_		signal	DeepTMHMM			1	54	1	54					
sequence	other	20261001_468cf3dd	XP_067024917.1	_		outside	DeepTMHMM			55	269	1	215					
sequence	other	20261001_468cf3dd	XP_067024917.1	_		membrane	DeepTMHMM			270	292	1	23					
sequence	other	20261001_468cf3dd	XP_067024917.1	_		inside	DeepTMHMM			293	432	1	140					
sequence	other	20261001_468cf3dd	XP_067024918.1	_		signal	DeepTMHMM			1	21	1	21					
sequence	other	20261001_468cf3dd	XP_067024918.1	_		outside	DeepTMHMM			22	237	1	216					
sequence	other	20261001_468cf3dd	XP_067024918.1	_		membrane	DeepTMHMM			238	260	1	23					
sequence	other	20261001_468cf3dd	XP_067024918.1	_		inside	DeepTMHMM			261	400	1	140					
sequence	other	20261001_468cf3dd	XP_067024922.1	_		signal	DeepTMHMM			1	25	1	25					
sequence	other	20261001_468cf3dd	XP_067024922.1	_		outside	DeepTMHMM			26	222	1	197					
sequence	other	20261001_468cf3dd	XP_067024922.1	_		membrane	DeepTMHMM			223	245	1	23					
sequence	other	20261001_468cf3dd	XP_067024922.1	_		inside	DeepTMHMM			246	378	1	133					
sequence	other	20261001_468cf3dd	XP_067024923.1	_		signal	DeepTMHMM			1	12	1	12					
sequence	other	20261001_468cf3dd	XP_067024923.1	_		outside	DeepTMHMM			13	209	1	197					
sequence	other	20261001_468cf3dd	XP_067024923.1	_		membrane	DeepTMHMM			210	232	1	23					
sequence	other	20261001_468cf3dd	XP_067024923.1	_		inside	DeepTMHMM			233	365	1	133					
sequence	other	20261001_468cf3dd	XP_067025513.1	_		signal	DeepTMHMM			1	23	1	23					
sequence	other	20261001_468cf3dd	XP_067025513.1	_		outside	DeepTMHMM			24	215	1	192					
sequence	other	20261001_468cf3dd	XP_067025513.1	_		membrane	DeepTMHMM			216	236	1	21					
sequence	other	20261001_468cf3dd	XP_067025513.1	_		inside	DeepTMHMM			237	621	1	385					
sequence	other	20261001_468cf3dd	XP_067025521.1	_		signal	DeepTMHMM			1	23	1	23					
sequence	other	20261001_468cf3dd	XP_067025521.1	_		outside	DeepTMHMM			24	222	1	199					
sequence	other	20261001_468cf3dd	XP_067025521.1	_		membrane	DeepTMHMM			223	243	1	21					
sequence	other	20261001_468cf3dd	XP_067025521.1	_		inside	DeepTMHMM			244	401	1	158					
sequence	other	20261001_468cf3dd	XP_067025528.1	_		signal	DeepTMHMM			1	23	1	23					
sequence	other	20261001_468cf3dd	XP_067025528.1	_		outside	DeepTMHMM			24	222	1	199					
sequence	other	20261001_468cf3dd	XP_067025528.1	_		membrane	DeepTMHMM			223	243	1	21					
sequence	other	20261001_468cf3dd	XP_067025528.1	_		inside	DeepTMHMM			244	376	1	133					
sequence	other	20261001_468cf3dd	XP_067025535.1	_		signal	DeepTMHMM			1	23	1	23					
sequence	other	20261001_468cf3dd	XP_067025535.1	_		outside	DeepTMHMM			24	215	1	192					
sequence	other	20261001_468cf3dd	XP_067025535.1	_		membrane	DeepTMHMM			216	236	1	21					
sequence	other	20261001_468cf3dd	XP_067025535.1	_		inside	DeepTMHMM			237	369	1	133					
sequence	other	20261001_468cf3dd	XP_067025542.1	_		outside	DeepTMHMM			1	201	1	201					
sequence	other	20261001_468cf3dd	XP_067025542.1	_		membrane	DeepTMHMM			202	222	1	21					
sequence	other	20261001_468cf3dd	XP_067025542.1	_		inside	DeepTMHMM			223	380	1	158					
sequence	other	20261001_468cf3dd	XP_067040105.1	_		signal	DeepTMHMM			1	22	1	22					
sequence	other	20261001_468cf3dd	XP_067040105.1	_		outside	DeepTMHMM			23	324	1	302					
sequence	other	20261001_468cf3dd	XP_067040105.1	_		membrane	DeepTMHMM			325	345	1	21					
sequence	other	20261001_468cf3dd	XP_067040105.1	_		inside	DeepTMHMM			346	781	1	436					
sequence	other	20261001_468cf3dd	XP_067041087.1	_		signal	DeepTMHMM			1	33	1	33					
sequence	other	20261001_468cf3dd	XP_067041087.1	_		outside	DeepTMHMM			34	212	1	179					
sequence	other	20261001_468cf3dd	XP_067041087.1	_		membrane	DeepTMHMM			213	233	1	21					
sequence	other	20261001_468cf3dd	XP_067041087.1	_		inside	DeepTMHMM			234	368	1	135					
sequence	other	20261001_468cf3dd	XP_067041087.1	_		membrane	DeepTMHMM			369	378	1	10					
sequence	other	20261001_468cf3dd	XP_067041087.1	_		outside	DeepTMHMM			379	595	1	217					
sequence	other	20261001_468cf3dd	XP_067041087.1	_		membrane	DeepTMHMM			596	618	1	23					
sequence	other	20261001_468cf3dd	XP_067041087.1	_		inside	DeepTMHMM			619	751	1	133					
sequence	other	20261001_468cf3dd	XP_067041651.1	_		signal	DeepTMHMM			1	25	1	25					
sequence	other	20261001_468cf3dd	XP_067041651.1	_		outside	DeepTMHMM			26	329	1	304					
sequence	other	20261001_468cf3dd	XP_067041651.1	_		membrane	DeepTMHMM			330	353	1	24					
sequence	other	20261001_468cf3dd	XP_067041651.1	_		inside	DeepTMHMM			354	861	1	508					
sequence	other	20261001_468cf3dd	XP_067041652.1	_		signal	DeepTMHMM			1	24	1	24					
sequence	other	20261001_468cf3dd	XP_067041652.1	_		outside	DeepTMHMM			25	328	1	304					
sequence	other	20261001_468cf3dd	XP_067041652.1	_		membrane	DeepTMHMM			329	352	1	24					
sequence	other	20261001_468cf3dd	XP_067041652.1	_		inside	DeepTMHMM			353	860	1	508					
sequence	other	20261001_468cf3dd	XP_067041653.1	_		signal	DeepTMHMM			1	21	1	21					
sequence	other	20261001_468cf3dd	XP_067041653.1	_		outside	DeepTMHMM			22	325	1	304					
sequence	other	20261001_468cf3dd	XP_067041653.1	_		membrane	DeepTMHMM			326	346	1	21					
sequence	other	20261001_468cf3dd	XP_067041653.1	_		inside	DeepTMHMM			347	789	1	443					
sequence	other	20261001_468cf3dd	XP_067041654.1	_		signal	DeepTMHMM			1	21	1	21					
sequence	other	20261001_468cf3dd	XP_067041654.1	_		outside	DeepTMHMM			22	325	1	304					
sequence	other	20261001_468cf3dd	XP_067041654.1	_		membrane	DeepTMHMM			326	346	1	21					
sequence	other	20261001_468cf3dd	XP_067041654.1	_		inside	DeepTMHMM			347	789	1	443					
sequence	other	20261001_468cf3dd	XP_067041655.1	_		signal	DeepTMHMM			1	21	1	21					
sequence	other	20261001_468cf3dd	XP_067041655.1	_		outside	DeepTMHMM			22	325	1	304					
sequence	other	20261001_468cf3dd	XP_067041655.1	_		membrane	DeepTMHMM			326	346	1	21					
sequence	other	20261001_468cf3dd	XP_067041655.1	_		inside	DeepTMHMM			347	789	1	443					
sequence	other	20261001_468cf3dd	XP_067041657.1	_		signal	DeepTMHMM			1	21	1	21					
sequence	other	20261001_468cf3dd	XP_067041657.1	_		outside	DeepTMHMM			22	325	1	304					
sequence	other	20261001_468cf3dd	XP_067041657.1	_		membrane	DeepTMHMM			326	346	1	21					
sequence	other	20261001_468cf3dd	XP_067041657.1	_		inside	DeepTMHMM			347	789	1	443					
sequence	other	20261001_468cf3dd	XP_067041658.1	_		signal	DeepTMHMM			1	22	1	22					
sequence	other	20261001_468cf3dd	XP_067041658.1	_		outside	DeepTMHMM			23	324	1	302					
sequence	other	20261001_468cf3dd	XP_067041658.1	_		membrane	DeepTMHMM			325	345	1	21					
sequence	other	20261001_468cf3dd	XP_067041658.1	_		inside	DeepTMHMM			346	777	1	432					
sequence	other	20261001_468cf3dd	XP_067041678.1	_		signal	DeepTMHMM			1	35	1	35					
sequence	other	20261001_468cf3dd	XP_067041678.1	_		outside	DeepTMHMM			36	242	1	207					
sequence	other	20261001_468cf3dd	XP_067041678.1	_		membrane	DeepTMHMM			243	264	1	22					
sequence	other	20261001_468cf3dd	XP_067041678.1	_		inside	DeepTMHMM			265	538	1	274					
sequence	other	20261001_468cf3dd	XP_067041680.1	_		signal	DeepTMHMM			1	35	1	35					
sequence	other	20261001_468cf3dd	XP_067041680.1	_		outside	DeepTMHMM			36	242	1	207					
sequence	other	20261001_468cf3dd	XP_067041680.1	_		membrane	DeepTMHMM			243	261	1	19					
sequence	other	20261001_468cf3dd	XP_067041680.1	_		inside	DeepTMHMM			262	514	1	253					
sequence	other	20261001_468cf3dd	XP_067041690.1	_		signal	DeepTMHMM			1	36	1	36					
sequence	other	20261001_468cf3dd	XP_067041690.1	_		outside	DeepTMHMM			37	241	1	205					
sequence	other	20261001_468cf3dd	XP_067041690.1	_		membrane	DeepTMHMM			242	262	1	21					
sequence	other	20261001_468cf3dd	XP_067041690.1	_		inside	DeepTMHMM			263	456	1	194					
sequence	other	20261001_468cf3dd	XP_067041703.1	_		signal	DeepTMHMM			1	38	1	38					
sequence	other	20261001_468cf3dd	XP_067041703.1	_		outside	DeepTMHMM			39	255	1	217					
sequence	other	20261001_468cf3dd	XP_067041703.1	_		membrane	DeepTMHMM			256	278	1	23					
sequence	other	20261001_468cf3dd	XP_067041703.1	_		inside	DeepTMHMM			279	410	1	132					
sequence	other	20261001_468cf3dd	XP_067041704.1	_		signal	DeepTMHMM			1	38	1	38					
sequence	other	20261001_468cf3dd	XP_067041704.1	_		outside	DeepTMHMM			39	255	1	217					
sequence	other	20261001_468cf3dd	XP_067041704.1	_		membrane	DeepTMHMM			256	278	1	23					
sequence	other	20261001_468cf3dd	XP_067041704.1	_		inside	DeepTMHMM			279	410	1	132					
sequence	other	20261001_468cf3dd	XP_067041705.1	_		signal	DeepTMHMM			1	38	1	38					
sequence	other	20261001_468cf3dd	XP_067041705.1	_		outside	DeepTMHMM			39	255	1	217					
sequence	other	20261001_468cf3dd	XP_067041705.1	_		membrane	DeepTMHMM			256	278	1	23					
sequence	other	20261001_468cf3dd	XP_067041705.1	_		inside	DeepTMHMM			279	410	1	132					
sequence	other	20261001_468cf3dd	XP_067041945.1	_		signal	DeepTMHMM			1	19	1	19					
sequence	other	20261001_468cf3dd	XP_067041945.1	_		outside	DeepTMHMM			20	238	1	219					
sequence	other	20261001_468cf3dd	XP_067041945.1	_		membrane	DeepTMHMM			239	248	1	10					
sequence	other	20261001_468cf3dd	XP_067041945.1	_		inside	DeepTMHMM			249	433	1	185					
sequence	other	20261001_468cf3dd	XP_067041953.1	_		signal	DeepTMHMM			1	19	1	19					
sequence	other	20261001_468cf3dd	XP_067041953.1	_		outside	DeepTMHMM			20	310	1	291					
sequence	other	20261001_468cf3dd	XP_067041953.1	_		membrane	DeepTMHMM			311	335	1	25					
sequence	other	20261001_468cf3dd	XP_067041953.1	_		inside	DeepTMHMM			336	767	1	432					
sequence	other	20261001_468cf3dd	XP_067043623.1	_		signal	DeepTMHMM			1	37	1	37					
sequence	other	20261001_468cf3dd	XP_067043623.1	_		outside	DeepTMHMM			38	359	1	322					
sequence	other	20261001_468cf3dd	XP_067043623.1	_		membrane	DeepTMHMM			360	379	1	20					
sequence	other	20261001_468cf3dd	XP_067043623.1	_		inside	DeepTMHMM			380	1043	1	664					
sequence	other	20261001_468cf3dd	XP_067043625.1	_		signal	DeepTMHMM			1	37	1	37					
sequence	other	20261001_468cf3dd	XP_067043625.1	_		outside	DeepTMHMM			38	359	1	322					
sequence	other	20261001_468cf3dd	XP_067043625.1	_		membrane	DeepTMHMM			360	379	1	20					
sequence	other	20261001_468cf3dd	XP_067043625.1	_		inside	DeepTMHMM			380	1028	1	649					
sequence	other	20261001_468cf3dd	XP_067043939.1	_		signal	DeepTMHMM			1	23	1	23					
sequence	other	20261001_468cf3dd	XP_067043939.1	_		outside	DeepTMHMM			24	341	1	318					
sequence	other	20261001_468cf3dd	XP_067043939.1	_		membrane	DeepTMHMM			342	362	1	21					
sequence	other	20261001_468cf3dd	XP_067043939.1	_		inside	DeepTMHMM			363	918	1	556					
sequence	other	20261001_468cf3dd	XP_067043940.1	_		signal	DeepTMHMM			1	39	1	39					
sequence	other	20261001_468cf3dd	XP_067043940.1	_		outside	DeepTMHMM			40	359	1	320					
sequence	other	20261001_468cf3dd	XP_067043940.1	_		membrane	DeepTMHMM			360	379	1	20					
sequence	other	20261001_468cf3dd	XP_067043940.1	_		inside	DeepTMHMM			380	919	1	540					
sequence	other	20261001_468cf3dd	XP_067043941.1	_		signal	DeepTMHMM			1	45	1	45					
sequence	other	20261001_468cf3dd	XP_067043941.1	_		outside	DeepTMHMM			46	307	1	262					
sequence	other	20261001_468cf3dd	XP_067043941.1	_		membrane	DeepTMHMM			308	330	1	23					
sequence	other	20261001_468cf3dd	XP_067043941.1	_		inside	DeepTMHMM			331	880	1	550					
sequence	other	20261001_468cf3dd	XP_067043942.1	_		signal	DeepTMHMM			1	43	1	43					
sequence	other	20261001_468cf3dd	XP_067043942.1	_		outside	DeepTMHMM			44	304	1	261					
sequence	other	20261001_468cf3dd	XP_067043942.1	_		membrane	DeepTMHMM			305	327	1	23					
sequence	other	20261001_468cf3dd	XP_067043942.1	_		inside	DeepTMHMM			328	878	1	551					
sequence	other	20261001_468cf3dd	XP_067043943.1	_		signal	DeepTMHMM			1	45	1	45					
sequence	other	20261001_468cf3dd	XP_067043943.1	_		outside	DeepTMHMM			46	272	1	227					
sequence	other	20261001_468cf3dd	XP_067043943.1	_		membrane	DeepTMHMM			273	295	1	23					
sequence	other	20261001_468cf3dd	XP_067043943.1	_		inside	DeepTMHMM			296	845	1	550					
sequence	other	20261001_468cf3dd	XP_067043944.1	_		signal	DeepTMHMM			1	45	1	45					
sequence	other	20261001_468cf3dd	XP_067043944.1	_		outside	DeepTMHMM			46	189	1	144					
sequence	other	20261001_468cf3dd	XP_067043944.1	_		membrane	DeepTMHMM			190	199	1	10					
sequence	other	20261001_468cf3dd	XP_067043944.1	_		inside	DeepTMHMM			200	836	1	637					
sequence	other	20261001_468cf3dd	XP_067045412.1	_		signal	DeepTMHMM			1	47	1	47					
sequence	other	20261001_468cf3dd	XP_067045412.1	_		outside	DeepTMHMM			48	282	1	235					
sequence	other	20261001_468cf3dd	XP_067045412.1	_		membrane	DeepTMHMM			283	305	1	23					
sequence	other	20261001_468cf3dd	XP_067045412.1	_		inside	DeepTMHMM			306	867	1	562					
sequence	other	20261001_468cf3dd	XP_067045652.1	_		signal	DeepTMHMM			1	24	1	24					
sequence	other	20261001_468cf3dd	XP_067045652.1	_		outside	DeepTMHMM			25	239	1	215					
sequence	other	20261001_468cf3dd	XP_067045652.1	_		membrane	DeepTMHMM			240	260	1	21					
sequence	other	20261001_468cf3dd	XP_067045652.1	_		inside	DeepTMHMM			261	431	1	171					
sequence	other	20261001_468cf3dd	XP_067045654.1	_		signal	DeepTMHMM			1	24	1	24					
sequence	other	20261001_468cf3dd	XP_067045654.1	_		outside	DeepTMHMM			25	239	1	215					
sequence	other	20261001_468cf3dd	XP_067045654.1	_		membrane	DeepTMHMM			240	260	1	21					
sequence	other	20261001_468cf3dd	XP_067045654.1	_		inside	DeepTMHMM			261	419	1	159					
sequence	other	20261001_468cf3dd	XP_067045655.1	_		signal	DeepTMHMM			1	24	1	24					
sequence	other	20261001_468cf3dd	XP_067045655.1	_		outside	DeepTMHMM			25	239	1	215					
sequence	other	20261001_468cf3dd	XP_067045655.1	_		membrane	DeepTMHMM			240	260	1	21					
sequence	other	20261001_468cf3dd	XP_067045655.1	_		inside	DeepTMHMM			261	418	1	158					
sequence	other	20261001_468cf3dd	XP_067045656.1	_		signal	DeepTMHMM			1	46	1	46					
sequence	other	20261001_468cf3dd	XP_067045656.1	_		outside	DeepTMHMM			47	261	1	215					
sequence	other	20261001_468cf3dd	XP_067045656.1	_		membrane	DeepTMHMM			262	282	1	21					
sequence	other	20261001_468cf3dd	XP_067045656.1	_		inside	DeepTMHMM			283	453	1	171					
sequence	other	20261001_468cf3dd	XP_067045665.1	_		signal	DeepTMHMM			1	46	1	46					
sequence	other	20261001_468cf3dd	XP_067045665.1	_		outside	DeepTMHMM			47	261	1	215					
sequence	other	20261001_468cf3dd	XP_067045665.1	_		membrane	DeepTMHMM			262	282	1	21					
sequence	other	20261001_468cf3dd	XP_067045665.1	_		inside	DeepTMHMM			283	441	1	159					
sequence	other	20261001_468cf3dd	XP_067045673.1	_		signal	DeepTMHMM			1	46	1	46					
sequence	other	20261001_468cf3dd	XP_067045673.1	_		outside	DeepTMHMM			47	261	1	215					
sequence	other	20261001_468cf3dd	XP_067045673.1	_		membrane	DeepTMHMM			262	282	1	21					
sequence	other	20261001_468cf3dd	XP_067045673.1	_		inside	DeepTMHMM			283	440	1	158					
sequence	other	20261001_468cf3dd	XP_067045680.1	_		signal	DeepTMHMM			1	28	1	28					
sequence	other	20261001_468cf3dd	XP_067045680.1	_		outside	DeepTMHMM			29	243	1	215					
sequence	other	20261001_468cf3dd	XP_067045680.1	_		membrane	DeepTMHMM			244	264	1	21					
sequence	other	20261001_468cf3dd	XP_067045680.1	_		inside	DeepTMHMM			265	435	1	171					
sequence	other	20261001_468cf3dd	XP_067045689.1	_		signal	DeepTMHMM			1	28	1	28					
sequence	other	20261001_468cf3dd	XP_067045689.1	_		outside	DeepTMHMM			29	243	1	215					
sequence	other	20261001_468cf3dd	XP_067045689.1	_		membrane	DeepTMHMM			244	264	1	21					
sequence	other	20261001_468cf3dd	XP_067045689.1	_		inside	DeepTMHMM			265	435	1	171					
sequence	other	20261001_468cf3dd	XP_067045697.1	_		signal	DeepTMHMM			1	28	1	28					
sequence	other	20261001_468cf3dd	XP_067045697.1	_		outside	DeepTMHMM			29	243	1	215					
sequence	other	20261001_468cf3dd	XP_067045697.1	_		membrane	DeepTMHMM			244	264	1	21					
sequence	other	20261001_468cf3dd	XP_067045697.1	_		inside	DeepTMHMM			265	423	1	159					
sequence	other	20261001_468cf3dd	XP_067049263.1	_		signal	DeepTMHMM			1	18	1	18					
sequence	other	20261001_468cf3dd	XP_067049263.1	_		outside	DeepTMHMM			19	234	1	216					
sequence	other	20261001_468cf3dd	XP_067049263.1	_		membrane	DeepTMHMM			235	255	1	21					
sequence	other	20261001_468cf3dd	XP_067049263.1	_		inside	DeepTMHMM			256	386	1	131					
sequence	other	20261001_468cf3dd	XP_067056588.1	_		signal	DeepTMHMM			1	26	1	26					
sequence	other	20261001_468cf3dd	XP_067056588.1	_		outside	DeepTMHMM			27	316	1	290					
sequence	other	20261001_468cf3dd	XP_067056588.1	_		membrane	DeepTMHMM			317	337	1	21					
sequence	other	20261001_468cf3dd	XP_067056588.1	_		inside	DeepTMHMM			338	653	1	316					
sequence	other	20261001_468cf3dd	XP_067056589.1	_		signal	DeepTMHMM			1	26	1	26					
sequence	other	20261001_468cf3dd	XP_067056589.1	_		outside	DeepTMHMM			27	316	1	290					
sequence	other	20261001_468cf3dd	XP_067056589.1	_		membrane	DeepTMHMM			317	337	1	21					
sequence	other	20261001_468cf3dd	XP_067056589.1	_		inside	DeepTMHMM			338	653	1	316					
sequence	other	20261001_468cf3dd	XP_067056590.1	_		signal	DeepTMHMM			1	26	1	26					
sequence	other	20261001_468cf3dd	XP_067056590.1	_		outside	DeepTMHMM			27	316	1	290					
sequence	other	20261001_468cf3dd	XP_067056590.1	_		membrane	DeepTMHMM			317	337	1	21					
sequence	other	20261001_468cf3dd	XP_067056590.1	_		inside	DeepTMHMM			338	653	1	316					
sequence	other	20261001_468cf3dd	XP_067056591.1	_		signal	DeepTMHMM			1	26	1	26					
sequence	other	20261001_468cf3dd	XP_067056591.1	_		outside	DeepTMHMM			27	316	1	290					
sequence	other	20261001_468cf3dd	XP_067056591.1	_		membrane	DeepTMHMM			317	337	1	21					
sequence	other	20261001_468cf3dd	XP_067056591.1	_		inside	DeepTMHMM			338	653	1	316					
sequence	other	20261001_468cf3dd	XP_058940027.2	_		signal	DeepTMHMM			1	29	1	29					
sequence	other	20261001_468cf3dd	XP_058940027.2	_		outside	DeepTMHMM			30	247	1	218					
sequence	other	20261001_468cf3dd	XP_058940027.2	_		membrane	DeepTMHMM			248	268	1	21					
sequence	other	20261001_468cf3dd	XP_058940027.2	_		inside	DeepTMHMM			269	407	1	139					
sequence	other	20261001_468cf3dd	XP_058940028.2	_		signal	DeepTMHMM			1	29	1	29					
sequence	other	20261001_468cf3dd	XP_058940028.2	_		outside	DeepTMHMM			30	247	1	218					
sequence	other	20261001_468cf3dd	XP_058940028.2	_		membrane	DeepTMHMM			248	268	1	21					
sequence	other	20261001_468cf3dd	XP_058940028.2	_		inside	DeepTMHMM			269	406	1	138					
sequence	other	20261001_468cf3dd	XP_058940030.2	_		signal	DeepTMHMM			1	23	1	23					
sequence	other	20261001_468cf3dd	XP_058940030.2	_		outside	DeepTMHMM			24	239	1	216					
sequence	other	20261001_468cf3dd	XP_058940030.2	_		membrane	DeepTMHMM			240	260	1	21					
sequence	other	20261001_468cf3dd	XP_058940030.2	_		inside	DeepTMHMM			261	399	1	139					
sequence	other	20261001_468cf3dd	XP_058941069.2	_		signal	DeepTMHMM			1	21	1	21					
sequence	other	20261001_468cf3dd	XP_058941069.2	_		outside	DeepTMHMM			22	286	1	265					
sequence	other	20261001_468cf3dd	XP_058941071.2	_		signal	DeepTMHMM			1	49	1	49					
sequence	other	20261001_468cf3dd	XP_058941071.2	_		outside	DeepTMHMM			50	242	1	193					
sequence	other	20261001_468cf3dd	XP_058941071.2	_		membrane	DeepTMHMM			243	263	1	21					
sequence	other	20261001_468cf3dd	XP_058941071.2	_		inside	DeepTMHMM			264	454	1	191					
sequence	other	20261001_468cf3dd	XP_058941078.2	_		signal	DeepTMHMM			1	49	1	49					
sequence	other	20261001_468cf3dd	XP_058941078.2	_		outside	DeepTMHMM			50	246	1	197					
sequence	other	20261001_468cf3dd	XP_058941078.2	_		membrane	DeepTMHMM			247	268	1	22					
sequence	other	20261001_468cf3dd	XP_058941078.2	_		inside	DeepTMHMM			269	471	1	203					
sequence	other	20261001_468cf3dd	XP_058941097.2	_		inside	DeepTMHMM			1	49	1	49					
sequence	other	20261001_468cf3dd	XP_058941097.2	_		membrane	DeepTMHMM			50	59	1	10					
sequence	other	20261001_468cf3dd	XP_058941097.2	_		outside	DeepTMHMM			60	324	1	265					
sequence	other	20261001_468cf3dd	XP_058941097.2	_		membrane	DeepTMHMM			325	343	1	19					
sequence	other	20261001_468cf3dd	XP_058941097.2	_		inside	DeepTMHMM			344	503	1	160					
sequence	other	20261001_468cf3dd	XP_058947656.2	_		signal	DeepTMHMM			1	35	1	35					
sequence	other	20261001_468cf3dd	XP_058947656.2	_		outside	DeepTMHMM			36	372	1	337					
sequence	other	20261001_468cf3dd	XP_058947656.2	_		membrane	DeepTMHMM			373	393	1	21					
sequence	other	20261001_468cf3dd	XP_058947656.2	_		inside	DeepTMHMM			394	556	1	163					
sequence	other	20261001_468cf3dd	XP_058947658.2	_		signal	DeepTMHMM			1	36	1	36					
sequence	other	20261001_468cf3dd	XP_058947658.2	_		outside	DeepTMHMM			37	371	1	335					
sequence	other	20261001_468cf3dd	XP_058947658.2	_		membrane	DeepTMHMM			372	392	1	21					
sequence	other	20261001_468cf3dd	XP_058947658.2	_		inside	DeepTMHMM			393	555	1	163					
sequence	other	20261001_468cf3dd	XP_058949501.2	_		signal	DeepTMHMM			1	26	1	26					
sequence	other	20261001_468cf3dd	XP_058949501.2	_		outside	DeepTMHMM			27	213	1	187					
sequence	other	20261001_468cf3dd	XP_058949501.2	_		membrane	DeepTMHMM			214	232	1	19					
sequence	other	20261001_468cf3dd	XP_058949501.2	_		inside	DeepTMHMM			233	438	1	206					
sequence	other	20261001_468cf3dd	XP_058949502.2	_		signal	DeepTMHMM			1	16	1	16					
sequence	other	20261001_468cf3dd	XP_058949502.2	_		outside	DeepTMHMM			17	199	1	183					
sequence	other	20261001_468cf3dd	XP_058949502.2	_		membrane	DeepTMHMM			200	221	1	22					
sequence	other	20261001_468cf3dd	XP_058949502.2	_		inside	DeepTMHMM			222	428	1	207					
sequence	other	20261001_468cf3dd	XP_058949882.2	_		signal	DeepTMHMM			1	20	1	20					
sequence	other	20261001_468cf3dd	XP_058949882.2	_		outside	DeepTMHMM			21	356	1	336					
sequence	other	20261001_468cf3dd	XP_058949882.2	_		membrane	DeepTMHMM			357	377	1	21					
sequence	other	20261001_468cf3dd	XP_058949882.2	_		inside	DeepTMHMM			378	945	1	568					
sequence	other	20261001_468cf3dd	XP_058957092.2	_		signal	DeepTMHMM			1	21	1	21					
sequence	other	20261001_468cf3dd	XP_058957092.2	_		outside	DeepTMHMM			22	333	1	312					
sequence	other	20261001_468cf3dd	XP_058957092.2	_		membrane	DeepTMHMM			334	354	1	21					
sequence	other	20261001_468cf3dd	XP_058957092.2	_		inside	DeepTMHMM			355	734	1	380					
sequence	other	20261001_468cf3dd	XP_058957137.2	_		signal	DeepTMHMM			1	21	1	21					
sequence	other	20261001_468cf3dd	XP_058957137.2	_		outside	DeepTMHMM			22	278	1	257					
sequence	other	20261001_468cf3dd	XP_058957137.2	_		membrane	DeepTMHMM			279	288	1	10					
sequence	other	20261001_468cf3dd	XP_058957137.2	_		inside	DeepTMHMM			289	436	1	148					
sequence	other	20261001_468cf3dd	XP_058957183.2	_		signal	DeepTMHMM			1	22	1	22					
sequence	other	20261001_468cf3dd	XP_058957183.2	_		outside	DeepTMHMM			23	327	1	305					
sequence	other	20261001_468cf3dd	XP_058957183.2	_		membrane	DeepTMHMM			328	350	1	23					
sequence	other	20261001_468cf3dd	XP_058957183.2	_		inside	DeepTMHMM			351	802	1	452					
sequence	other	20261001_468cf3dd	XP_058957843.2	_		signal	DeepTMHMM			1	23	1	23					
sequence	other	20261001_468cf3dd	XP_058957843.2	_		outside	DeepTMHMM			24	220	1	197					
sequence	other	20261001_468cf3dd	XP_058957843.2	_		membrane	DeepTMHMM			221	241	1	21					
sequence	other	20261001_468cf3dd	XP_058957843.2	_		inside	DeepTMHMM			242	445	1	204					
sequence	other	20261001_468cf3dd	XP_058957844.2	_		signal	DeepTMHMM			1	23	1	23					
sequence	other	20261001_468cf3dd	XP_058957844.2	_		outside	DeepTMHMM			24	220	1	197					
sequence	other	20261001_468cf3dd	XP_058957844.2	_		membrane	DeepTMHMM			221	241	1	21					
sequence	other	20261001_468cf3dd	XP_058957844.2	_		inside	DeepTMHMM			242	445	1	204					
sequence	other	20261001_468cf3dd	XP_058957845.2	_		signal	DeepTMHMM			1	23	1	23					
sequence	other	20261001_468cf3dd	XP_058957845.2	_		outside	DeepTMHMM			24	220	1	197					
sequence	other	20261001_468cf3dd	XP_058957845.2	_		membrane	DeepTMHMM			221	241	1	21					
sequence	other	20261001_468cf3dd	XP_058957845.2	_		inside	DeepTMHMM			242	445	1	204					
sequence	other	20261001_468cf3dd	XP_058957850.2	_		signal	DeepTMHMM			1	32	1	32					
sequence	other	20261001_468cf3dd	XP_058957850.2	_		outside	DeepTMHMM			33	215	1	183					
sequence	other	20261001_468cf3dd	XP_058957850.2	_		membrane	DeepTMHMM			216	237	1	22					
sequence	other	20261001_468cf3dd	XP_058957850.2	_		inside	DeepTMHMM			238	282	1	45					
sequence	other	20261001_468cf3dd	XP_058957851.2	_		signal	DeepTMHMM			1	32	1	32					
sequence	other	20261001_468cf3dd	XP_058957851.2	_		outside	DeepTMHMM			33	215	1	183					
sequence	other	20261001_468cf3dd	XP_058957851.2	_		membrane	DeepTMHMM			216	237	1	22					
sequence	other	20261001_468cf3dd	XP_058957851.2	_		inside	DeepTMHMM			238	282	1	45					
sequence	other	20261001_468cf3dd	XP_058968047.2	_		signal	DeepTMHMM			1	24	1	24					
sequence	other	20261001_468cf3dd	XP_058968047.2	_		outside	DeepTMHMM			25	267	1	243					
sequence	other	20261001_468cf3dd	XP_058968047.2	_		membrane	DeepTMHMM			268	286	1	19					
sequence	other	20261001_468cf3dd	XP_058968047.2	_		inside	DeepTMHMM			287	549	1	263					
sequence	other	20261001_468cf3dd	XP_058968048.2	_		signal	DeepTMHMM			1	15	1	15					
sequence	other	20261001_468cf3dd	XP_058968048.2	_		outside	DeepTMHMM			16	258	1	243					
sequence	other	20261001_468cf3dd	XP_058968048.2	_		membrane	DeepTMHMM			259	277	1	19					
sequence	other	20261001_468cf3dd	XP_058968048.2	_		inside	DeepTMHMM			278	540	1	263					
sequence	other	20261001_468cf3dd	XP_058968049.2	_		signal	DeepTMHMM			1	13	1	13					
sequence	other	20261001_468cf3dd	XP_058968049.2	_		outside	DeepTMHMM			14	254	1	241					
sequence	other	20261001_468cf3dd	XP_058968049.2	_		membrane	DeepTMHMM			255	273	1	19					
sequence	other	20261001_468cf3dd	XP_058968049.2	_		inside	DeepTMHMM			274	536	1	263					
sequence	other	20261001_468cf3dd	XP_058968368.2	_		signal	DeepTMHMM			1	22	1	22					
sequence	other	20261001_468cf3dd	XP_058968368.2	_		outside	DeepTMHMM			23	195	1	173					
sequence	other	20261001_468cf3dd	XP_058968368.2	_		membrane	DeepTMHMM			196	216	1	21					
sequence	other	20261001_468cf3dd	XP_058968368.2	_		inside	DeepTMHMM			217	737	1	521					
sequence	other	20261001_468cf3dd	XP_058968605.2	_		signal	DeepTMHMM			1	19	1	19					
sequence	other	20261001_468cf3dd	XP_058968605.2	_		outside	DeepTMHMM			20	156	1	137					
sequence	other	20261001_468cf3dd	XP_058968605.2	_		membrane	DeepTMHMM			157	177	1	21					
sequence	other	20261001_468cf3dd	XP_058968605.2	_		inside	DeepTMHMM			178	318	1	141					
sequence	other	20261001_468cf3dd	XP_058969004.2	_		signal	DeepTMHMM			1	18	1	18					
sequence	other	20261001_468cf3dd	XP_058969004.2	_		outside	DeepTMHMM			19	428	1	410					
sequence	other	20261001_468cf3dd	XP_058969004.2	_		membrane	DeepTMHMM			429	449	1	21					
sequence	other	20261001_468cf3dd	XP_058969004.2	_		inside	DeepTMHMM			450	1012	1	563					
sequence	other	20261001_468cf3dd	XP_066016958.1	_		signal	DeepTMHMM			1	21	1	21					
sequence	other	20261001_468cf3dd	XP_066016958.1	_		outside	DeepTMHMM			22	341	1	320					
sequence	other	20261001_468cf3dd	XP_066016958.1	_		membrane	DeepTMHMM			342	351	1	10					
sequence	other	20261001_468cf3dd	XP_066016958.1	_		inside	DeepTMHMM			352	715	1	364					
sequence	other	20261001_468cf3dd	XP_066017039.1	_		signal	DeepTMHMM			1	22	1	22					
sequence	other	20261001_468cf3dd	XP_066017039.1	_		outside	DeepTMHMM			23	216	1	194					
sequence	other	20261001_468cf3dd	XP_066017039.1	_		membrane	DeepTMHMM			217	237	1	21					
sequence	other	20261001_468cf3dd	XP_066017039.1	_		inside	DeepTMHMM			238	640	1	403					
sequence	other	20261001_468cf3dd	XP_066017040.1	_		signal	DeepTMHMM			1	22	1	22					
sequence	other	20261001_468cf3dd	XP_066017040.1	_		outside	DeepTMHMM			23	216	1	194					
sequence	other	20261001_468cf3dd	XP_066017040.1	_		membrane	DeepTMHMM			217	237	1	21					
sequence	other	20261001_468cf3dd	XP_066017040.1	_		inside	DeepTMHMM			238	640	1	403					
sequence	other	20261001_468cf3dd	XP_066017172.1	_		signal	DeepTMHMM			1	48	1	48					
sequence	other	20261001_468cf3dd	XP_066017172.1	_		outside	DeepTMHMM			49	240	1	192					
sequence	other	20261001_468cf3dd	XP_066017172.1	_		membrane	DeepTMHMM			241	261	1	21					
sequence	other	20261001_468cf3dd	XP_066017172.1	_		inside	DeepTMHMM			262	446	1	185					
sequence	other	20261001_468cf3dd	XP_066017173.1	_		signal	DeepTMHMM			1	48	1	48					
sequence	other	20261001_468cf3dd	XP_066017173.1	_		outside	DeepTMHMM			49	240	1	192					
sequence	other	20261001_468cf3dd	XP_066017173.1	_		membrane	DeepTMHMM			241	261	1	21					
sequence	other	20261001_468cf3dd	XP_066017173.1	_		inside	DeepTMHMM			262	445	1	184					
sequence	other	20261001_468cf3dd	XP_066017177.1	_		signal	DeepTMHMM			1	21	1	21					
sequence	other	20261001_468cf3dd	XP_066017177.1	_		outside	DeepTMHMM			22	278	1	257					
sequence	other	20261001_468cf3dd	XP_066017177.1	_		membrane	DeepTMHMM			279	288	1	10					
sequence	other	20261001_468cf3dd	XP_066017177.1	_		inside	DeepTMHMM			289	436	1	148					
sequence	other	20261001_468cf3dd	XP_066017237.1	_		signal	DeepTMHMM			1	48	1	48					
sequence	other	20261001_468cf3dd	XP_066017237.1	_		outside	DeepTMHMM			49	240	1	192					
sequence	other	20261001_468cf3dd	XP_066017237.1	_		membrane	DeepTMHMM			241	261	1	21					
sequence	other	20261001_468cf3dd	XP_066017237.1	_		inside	DeepTMHMM			262	446	1	185					
sequence	other	20261001_468cf3dd	XP_066017238.1	_		signal	DeepTMHMM			1	48	1	48					
sequence	other	20261001_468cf3dd	XP_066017238.1	_		outside	DeepTMHMM			49	240	1	192					
sequence	other	20261001_468cf3dd	XP_066017238.1	_		membrane	DeepTMHMM			241	261	1	21					
sequence	other	20261001_468cf3dd	XP_066017238.1	_		inside	DeepTMHMM			262	445	1	184					
sequence	other	20261001_468cf3dd	XP_066017266.1	_		outside	DeepTMHMM			1	136	1	136					
sequence	other	20261001_468cf3dd	XP_066017266.1	_		membrane	DeepTMHMM			137	157	1	21					
sequence	other	20261001_468cf3dd	XP_066017266.1	_		inside	DeepTMHMM			158	678	1	521					
sequence	other	20261001_468cf3dd	XP_066017353.1	_		outside	DeepTMHMM			1	266	1	266					
sequence	other	20261001_468cf3dd	XP_066017353.1	_		membrane	DeepTMHMM			267	276	1	10					
sequence	other	20261001_468cf3dd	XP_066017353.1	_		inside	DeepTMHMM			277	424	1	148					
sequence	other	20261001_468cf3dd	XP_066017431.1	_		signal	DeepTMHMM			1	25	1	25					
sequence	other	20261001_468cf3dd	XP_066017431.1	_		outside	DeepTMHMM			26	227	1	202					
sequence	other	20261001_468cf3dd	XP_066017431.1	_		membrane	DeepTMHMM			228	248	1	21					
sequence	other	20261001_468cf3dd	XP_066017431.1	_		inside	DeepTMHMM			249	310	1	62					
sequence	other	20261001_468cf3dd	XP_066017432.1	_		signal	DeepTMHMM			1	25	1	25					
sequence	other	20261001_468cf3dd	XP_066017432.1	_		outside	DeepTMHMM			26	227	1	202					
sequence	other	20261001_468cf3dd	XP_066017432.1	_		membrane	DeepTMHMM			228	248	1	21					
sequence	other	20261001_468cf3dd	XP_066017432.1	_		inside	DeepTMHMM			249	292	1	44					
sequence	other	20261001_468cf3dd	XP_066017549.1	_		signal	DeepTMHMM			1	25	1	25					
sequence	other	20261001_468cf3dd	XP_066017549.1	_		outside	DeepTMHMM			26	227	1	202					
sequence	other	20261001_468cf3dd	XP_066017549.1	_		membrane	DeepTMHMM			228	248	1	21					
sequence	other	20261001_468cf3dd	XP_066017549.1	_		inside	DeepTMHMM			249	310	1	62					
sequence	other	20261001_468cf3dd	XP_066017730.1	_		signal	DeepTMHMM			1	24	1	24					
sequence	other	20261001_468cf3dd	XP_066017730.1	_		outside	DeepTMHMM			25	195	1	171					
sequence	other	20261001_468cf3dd	XP_066017730.1	_		membrane	DeepTMHMM			196	216	1	21					
sequence	other	20261001_468cf3dd	XP_066017730.1	_		inside	DeepTMHMM			217	612	1	396					
sequence	other	20261001_468cf3dd	XP_066017799.1	_		signal	DeepTMHMM			1	21	1	21					
sequence	other	20261001_468cf3dd	XP_066017799.1	_		outside	DeepTMHMM			22	192	1	171					
sequence	other	20261001_468cf3dd	XP_066017799.1	_		membrane	DeepTMHMM			193	213	1	21					
sequence	other	20261001_468cf3dd	XP_066017799.1	_		inside	DeepTMHMM			214	504	1	291					
sequence	other	20261001_468cf3dd	XP_066022024.1	_		signal	DeepTMHMM			1	35	1	35					
sequence	other	20261001_468cf3dd	XP_066022024.1	_		outside	DeepTMHMM			36	372	1	337					
sequence	other	20261001_468cf3dd	XP_066022024.1	_		membrane	DeepTMHMM			373	393	1	21					
sequence	other	20261001_468cf3dd	XP_066022024.1	_		inside	DeepTMHMM			394	556	1	163					
sequence	other	20261001_468cf3dd	XP_066024898.1	_		signal	DeepTMHMM			1	18	1	18					
sequence	other	20261001_468cf3dd	XP_066024898.1	_		outside	DeepTMHMM			19	223	1	205					
sequence	other	20261001_468cf3dd	XP_066024898.1	_		membrane	DeepTMHMM			224	244	1	21					
sequence	other	20261001_468cf3dd	XP_066024898.1	_		inside	DeepTMHMM			245	415	1	171					
sequence	other	20261001_468cf3dd	XP_066024904.1	_		signal	DeepTMHMM			1	26	1	26					
sequence	other	20261001_468cf3dd	XP_066024904.1	_		outside	DeepTMHMM			27	231	1	205					
sequence	other	20261001_468cf3dd	XP_066024904.1	_		membrane	DeepTMHMM			232	255	1	24					
sequence	other	20261001_468cf3dd	XP_066024904.1	_		inside	DeepTMHMM			256	279	1	24					
sequence	other	20261001_468cf3dd	XP_066024905.1	_		signal	DeepTMHMM			1	26	1	26					
sequence	other	20261001_468cf3dd	XP_066024905.1	_		outside	DeepTMHMM			27	231	1	205					
sequence	other	20261001_468cf3dd	XP_066024905.1	_		membrane	DeepTMHMM			232	255	1	24					
sequence	other	20261001_468cf3dd	XP_066024905.1	_		inside	DeepTMHMM			256	279	1	24					
sequence	other	20261001_468cf3dd	XP_066025362.1	_		signal	DeepTMHMM			1	24	1	24					
sequence	other	20261001_468cf3dd	XP_066025362.1	_		outside	DeepTMHMM			25	223	1	199					
sequence	other	20261001_468cf3dd	XP_066025362.1	_		membrane	DeepTMHMM			224	245	1	22					
sequence	other	20261001_468cf3dd	XP_066025362.1	_		inside	DeepTMHMM			246	323	1	78					
sequence	other	20261001_468cf3dd	XP_066026686.1	_		signal	DeepTMHMM			1	18	1	18					
sequence	other	20261001_468cf3dd	XP_066026686.1	_		outside	DeepTMHMM			19	428	1	410					
sequence	other	20261001_468cf3dd	XP_066026686.1	_		membrane	DeepTMHMM			429	449	1	21					
sequence	other	20261001_468cf3dd	XP_066026686.1	_		inside	DeepTMHMM			450	1011	1	562					
sequence	other	20261001_468cf3dd	XP_066026687.1	_		signal	DeepTMHMM			1	18	1	18					
sequence	other	20261001_468cf3dd	XP_066026687.1	_		outside	DeepTMHMM			19	428	1	410					
sequence	other	20261001_468cf3dd	XP_066026687.1	_		membrane	DeepTMHMM			429	449	1	21					
sequence	other	20261001_468cf3dd	XP_066026687.1	_		inside	DeepTMHMM			450	1010	1	561					
sequence	other	20261001_468cf3dd	XP_066026688.1	_		signal	DeepTMHMM			1	18	1	18					
sequence	other	20261001_468cf3dd	XP_066026688.1	_		outside	DeepTMHMM			19	420	1	402					
sequence	other	20261001_468cf3dd	XP_066026688.1	_		membrane	DeepTMHMM			421	440	1	20					
sequence	other	20261001_468cf3dd	XP_066026688.1	_		inside	DeepTMHMM			441	1004	1	564					
sequence	other	20261001_468cf3dd	XP_066026689.1	_		signal	DeepTMHMM			1	18	1	18					
sequence	other	20261001_468cf3dd	XP_066026689.1	_		outside	DeepTMHMM			19	395	1	377					
sequence	other	20261001_468cf3dd	XP_066026689.1	_		membrane	DeepTMHMM			396	414	1	19					
sequence	other	20261001_468cf3dd	XP_066026689.1	_		inside	DeepTMHMM			415	978	1	564					
sequence	other	20261001_468cf3dd	XP_066027285.1	_		signal	DeepTMHMM			1	18	1	18					
sequence	other	20261001_468cf3dd	XP_066027285.1	_		outside	DeepTMHMM			19	395	1	377					
sequence	other	20261001_468cf3dd	XP_066027285.1	_		membrane	DeepTMHMM			396	415	1	20					
sequence	other	20261001_468cf3dd	XP_066027285.1	_		inside	DeepTMHMM			416	933	1	518					
sequence	other	20261001_468cf3dd	XP_066030393.1	_		signal	DeepTMHMM			1	26	1	26					
sequence	other	20261001_468cf3dd	XP_066030393.1	_		outside	DeepTMHMM			27	209	1	183					
sequence	other	20261001_468cf3dd	XP_066030393.1	_		membrane	DeepTMHMM			210	231	1	22					
sequence	other	20261001_468cf3dd	XP_066030393.1	_		inside	DeepTMHMM			232	438	1	207					
sequence	other	20261001_468cf3dd	XP_066030394.1	_		signal	DeepTMHMM			1	18	1	18					
sequence	other	20261001_468cf3dd	XP_066030394.1	_		outside	DeepTMHMM			19	201	1	183					
sequence	other	20261001_468cf3dd	XP_066030394.1	_		membrane	DeepTMHMM			202	223	1	22					
sequence	other	20261001_468cf3dd	XP_066030394.1	_		inside	DeepTMHMM			224	430	1	207					
sequence	other	20261001_468cf3dd	XP_066030395.1	_		signal	DeepTMHMM			1	17	1	17					
sequence	other	20261001_468cf3dd	XP_066030395.1	_		outside	DeepTMHMM			18	200	1	183					
sequence	other	20261001_468cf3dd	XP_066030395.1	_		membrane	DeepTMHMM			201	222	1	22					
sequence	other	20261001_468cf3dd	XP_066030395.1	_		inside	DeepTMHMM			223	429	1	207					
sequence	other	20261001_468cf3dd	XP_066030396.1	_		signal	DeepTMHMM			1	16	1	16					
sequence	other	20261001_468cf3dd	XP_066030396.1	_		outside	DeepTMHMM			17	203	1	187					
sequence	other	20261001_468cf3dd	XP_066030396.1	_		membrane	DeepTMHMM			204	222	1	19					
sequence	other	20261001_468cf3dd	XP_066030396.1	_		inside	DeepTMHMM			223	428	1	206					
sequence	other	20261001_468cf3dd	XP_066030397.1	_		signal	DeepTMHMM			1	10	1	10					
sequence	other	20261001_468cf3dd	XP_066030397.1	_		outside	DeepTMHMM			11	188	1	178					
sequence	other	20261001_468cf3dd	XP_066030397.1	_		membrane	DeepTMHMM			189	210	1	22					
sequence	other	20261001_468cf3dd	XP_066030397.1	_		inside	DeepTMHMM			211	417	1	207					
sequence	other	20261001_468cf3dd	XP_066030398.1	_		signal	DeepTMHMM			1	20	1	20					
sequence	other	20261001_468cf3dd	XP_066030398.1	_		outside	DeepTMHMM			21	221	1	201					
sequence	other	20261001_468cf3dd	XP_066030398.1	_		membrane	DeepTMHMM			222	242	1	21					
sequence	other	20261001_468cf3dd	XP_066030398.1	_		inside	DeepTMHMM			243	383	1	141					
sequence	other	20261001_468cf3dd	XP_066030399.1	_		signal	DeepTMHMM			1	20	1	20					
sequence	other	20261001_468cf3dd	XP_066030399.1	_		outside	DeepTMHMM			21	221	1	201					
sequence	other	20261001_468cf3dd	XP_066030399.1	_		membrane	DeepTMHMM			222	242	1	21					
sequence	other	20261001_468cf3dd	XP_066030399.1	_		inside	DeepTMHMM			243	383	1	141					
sequence	other	20261001_468cf3dd	XP_066030400.1	_		signal	DeepTMHMM			1	16	1	16					
sequence	other	20261001_468cf3dd	XP_066030400.1	_		outside	DeepTMHMM			17	215	1	199					
sequence	other	20261001_468cf3dd	XP_066030400.1	_		membrane	DeepTMHMM			216	236	1	21					
sequence	other	20261001_468cf3dd	XP_066030400.1	_		inside	DeepTMHMM			237	377	1	141					
sequence	other	20261001_468cf3dd	XP_066030401.1	_		signal	DeepTMHMM			1	16	1	16					
sequence	other	20261001_468cf3dd	XP_066030401.1	_		outside	DeepTMHMM			17	215	1	199					
sequence	other	20261001_468cf3dd	XP_066030401.1	_		membrane	DeepTMHMM			216	236	1	21					
sequence	other	20261001_468cf3dd	XP_066030401.1	_		inside	DeepTMHMM			237	377	1	141					
sequence	other	20261001_468cf3dd	XP_066030402.1	_		signal	DeepTMHMM			1	10	1	10					
sequence	other	20261001_468cf3dd	XP_066030402.1	_		outside	DeepTMHMM			11	207	1	197					
sequence	other	20261001_468cf3dd	XP_066030402.1	_		membrane	DeepTMHMM			208	228	1	21					
sequence	other	20261001_468cf3dd	XP_066030402.1	_		inside	DeepTMHMM			229	369	1	141					
sequence	other	20261001_468cf3dd	XP_068717472.1	_		signal	DeepTMHMM			1	22	1	22					
sequence	other	20261001_468cf3dd	XP_068717472.1	_		outside	DeepTMHMM			23	350	1	328					
sequence	other	20261001_468cf3dd	XP_068717472.1	_		membrane	DeepTMHMM			351	371	1	21					
sequence	other	20261001_468cf3dd	XP_068717472.1	_		inside	DeepTMHMM			372	964	1	593					
sequence	other	20261001_468cf3dd	XP_068717473.1	_		signal	DeepTMHMM			1	22	1	22					
sequence	other	20261001_468cf3dd	XP_068717473.1	_		outside	DeepTMHMM			23	349	1	327					
sequence	other	20261001_468cf3dd	XP_068717473.1	_		membrane	DeepTMHMM			350	370	1	21					
sequence	other	20261001_468cf3dd	XP_068717473.1	_		inside	DeepTMHMM			371	963	1	593					
sequence	other	20261001_468cf3dd	XP_068717474.1	_		signal	DeepTMHMM			1	22	1	22					
sequence	other	20261001_468cf3dd	XP_068717474.1	_		outside	DeepTMHMM			23	350	1	328					
sequence	other	20261001_468cf3dd	XP_068717474.1	_		membrane	DeepTMHMM			351	371	1	21					
sequence	other	20261001_468cf3dd	XP_068717474.1	_		inside	DeepTMHMM			372	941	1	570					
sequence	other	20261001_468cf3dd	XP_068718142.1	_		signal	DeepTMHMM			1	37	1	37					
sequence	other	20261001_468cf3dd	XP_068718142.1	_		outside	DeepTMHMM			38	268	1	231					
sequence	other	20261001_468cf3dd	XP_068718142.1	_		membrane	DeepTMHMM			269	290	1	22					
sequence	other	20261001_468cf3dd	XP_068718142.1	_		inside	DeepTMHMM			291	915	1	625					
sequence	other	20261001_468cf3dd	XP_068718143.1	_		signal	DeepTMHMM			1	37	1	37					
sequence	other	20261001_468cf3dd	XP_068718143.1	_		outside	DeepTMHMM			38	269	1	232					
sequence	other	20261001_468cf3dd	XP_068718143.1	_		membrane	DeepTMHMM			270	290	1	21					
sequence	other	20261001_468cf3dd	XP_068718143.1	_		inside	DeepTMHMM			291	913	1	623					
sequence	other	20261001_468cf3dd	XP_068718144.1	_		signal	DeepTMHMM			1	22	1	22					
sequence	other	20261001_468cf3dd	XP_068718144.1	_		outside	DeepTMHMM			23	322	1	300					
sequence	other	20261001_468cf3dd	XP_068718144.1	_		membrane	DeepTMHMM			323	345	1	23					
sequence	other	20261001_468cf3dd	XP_068718144.1	_		inside	DeepTMHMM			346	789	1	444					
sequence	other	20261001_468cf3dd	XP_068718145.1	_		signal	DeepTMHMM			1	22	1	22					
sequence	other	20261001_468cf3dd	XP_068718145.1	_		outside	DeepTMHMM			23	322	1	300					
sequence	other	20261001_468cf3dd	XP_068718145.1	_		membrane	DeepTMHMM			323	345	1	23					
sequence	other	20261001_468cf3dd	XP_068718145.1	_		inside	DeepTMHMM			346	788	1	443					
sequence	other	20261001_468cf3dd	XP_068718146.1	_		signal	DeepTMHMM			1	37	1	37					
sequence	other	20261001_468cf3dd	XP_068718146.1	_		outside	DeepTMHMM			38	347	1	310					
sequence	other	20261001_468cf3dd	XP_068718146.1	_		membrane	DeepTMHMM			348	370	1	23					
sequence	other	20261001_468cf3dd	XP_068718146.1	_		inside	DeepTMHMM			371	709	1	339					
sequence	other	20261001_468cf3dd	XP_068718147.1	_		signal	DeepTMHMM			1	37	1	37					
sequence	other	20261001_468cf3dd	XP_068718147.1	_		outside	DeepTMHMM			38	347	1	310					
sequence	other	20261001_468cf3dd	XP_068718147.1	_		membrane	DeepTMHMM			348	370	1	23					
sequence	other	20261001_468cf3dd	XP_068718147.1	_		inside	DeepTMHMM			371	709	1	339					
sequence	other	20261001_468cf3dd	XP_068718148.1	_		signal	DeepTMHMM			1	16	1	16					
sequence	other	20261001_468cf3dd	XP_068718148.1	_		outside	DeepTMHMM			17	320	1	304					
sequence	other	20261001_468cf3dd	XP_068718148.1	_		membrane	DeepTMHMM			321	343	1	23					
sequence	other	20261001_468cf3dd	XP_068718148.1	_		inside	DeepTMHMM			344	682	1	339					
sequence	other	20261001_468cf3dd	XP_068718149.1	_		signal	DeepTMHMM			1	16	1	16					
sequence	other	20261001_468cf3dd	XP_068718149.1	_		outside	DeepTMHMM			17	320	1	304					
sequence	other	20261001_468cf3dd	XP_068718149.1	_		membrane	DeepTMHMM			321	343	1	23					
sequence	other	20261001_468cf3dd	XP_068718149.1	_		inside	DeepTMHMM			344	682	1	339					
sequence	other	20261001_468cf3dd	XP_068718150.1	_		outside	DeepTMHMM			1	284	1	284					
sequence	other	20261001_468cf3dd	XP_068718150.1	_		membrane	DeepTMHMM			285	307	1	23					
sequence	other	20261001_468cf3dd	XP_068718150.1	_		inside	DeepTMHMM			308	646	1	339					
sequence	other	20261001_468cf3dd	XP_068718152.1	_		signal	DeepTMHMM			1	19	1	19					
sequence	other	20261001_468cf3dd	XP_068718152.1	_		outside	DeepTMHMM			20	329	1	310					
sequence	other	20261001_468cf3dd	XP_068718152.1	_		membrane	DeepTMHMM			330	339	1	10					
sequence	other	20261001_468cf3dd	XP_068718152.1	_		inside	DeepTMHMM			340	620	1	281					
sequence	other	20261001_468cf3dd	XP_068718153.1	_		signal	DeepTMHMM			1	34	1	34					
sequence	other	20261001_468cf3dd	XP_068718153.1	_		outside	DeepTMHMM			35	248	1	214					
sequence	other	20261001_468cf3dd	XP_068718153.1	_		membrane	DeepTMHMM			249	265	1	17					
sequence	other	20261001_468cf3dd	XP_068718153.1	_		inside	DeepTMHMM			266	499	1	234					
sequence	other	20261001_468cf3dd	XP_068718154.1	_		signal	DeepTMHMM			1	34	1	34					
sequence	other	20261001_468cf3dd	XP_068718154.1	_		outside	DeepTMHMM			35	248	1	214					
sequence	other	20261001_468cf3dd	XP_068718154.1	_		membrane	DeepTMHMM			249	265	1	17					
sequence	other	20261001_468cf3dd	XP_068718154.1	_		inside	DeepTMHMM			266	498	1	233					
sequence	other	20261001_468cf3dd	XP_068718155.1	_		signal	DeepTMHMM			1	34	1	34					
sequence	other	20261001_468cf3dd	XP_068718155.1	_		outside	DeepTMHMM			35	249	1	215					
sequence	other	20261001_468cf3dd	XP_068718155.1	_		membrane	DeepTMHMM			250	272	1	23					
sequence	other	20261001_468cf3dd	XP_068718155.1	_		inside	DeepTMHMM			273	477	1	205					
sequence	other	20261001_468cf3dd	XP_068718156.1	_		signal	DeepTMHMM			1	34	1	34					
sequence	other	20261001_468cf3dd	XP_068718156.1	_		outside	DeepTMHMM			35	245	1	211					
sequence	other	20261001_468cf3dd	XP_068718156.1	_		membrane	DeepTMHMM			246	267	1	22					
sequence	other	20261001_468cf3dd	XP_068718156.1	_		inside	DeepTMHMM			268	475	1	208					
sequence	other	20261001_468cf3dd	XP_068718157.1	_		signal	DeepTMHMM			1	34	1	34					
sequence	other	20261001_468cf3dd	XP_068718157.1	_		outside	DeepTMHMM			35	245	1	211					
sequence	other	20261001_468cf3dd	XP_068718157.1	_		membrane	DeepTMHMM			246	267	1	22					
sequence	other	20261001_468cf3dd	XP_068718157.1	_		inside	DeepTMHMM			268	474	1	207					
sequence	other	20261001_468cf3dd	XP_068718158.1	_		signal	DeepTMHMM			1	34	1	34					
sequence	other	20261001_468cf3dd	XP_068718158.1	_		outside	DeepTMHMM			35	249	1	215					
sequence	other	20261001_468cf3dd	XP_068718158.1	_		membrane	DeepTMHMM			250	272	1	23					
sequence	other	20261001_468cf3dd	XP_068718158.1	_		inside	DeepTMHMM			273	474	1	202					
sequence	other	20261001_468cf3dd	XP_068718160.1	_		outside	DeepTMHMM			1	165	1	165					
sequence	other	20261001_468cf3dd	XP_068718160.1	_		membrane	DeepTMHMM			166	186	1	21					
sequence	other	20261001_468cf3dd	XP_068718160.1	_		inside	DeepTMHMM			187	444	1	258					
sequence	other	20261001_468cf3dd	XP_068718161.1	_		outside	DeepTMHMM			1	165	1	165					
sequence	other	20261001_468cf3dd	XP_068718161.1	_		membrane	DeepTMHMM			166	186	1	21					
sequence	other	20261001_468cf3dd	XP_068718161.1	_		inside	DeepTMHMM			187	442	1	256					
sequence	other	20261001_468cf3dd	XP_068718162.1	_		signal	DeepTMHMM			1	37	1	37					
sequence	other	20261001_468cf3dd	XP_068718162.1	_		outside	DeepTMHMM			38	270	1	233					
sequence	other	20261001_468cf3dd	XP_068718162.1	_		membrane	DeepTMHMM			271	291	1	21					
sequence	other	20261001_468cf3dd	XP_068718162.1	_		inside	DeepTMHMM			292	438	1	147					
sequence	other	20261001_468cf3dd	XP_068718172.1	_		signal	DeepTMHMM			1	52	1	52					
sequence	other	20261001_468cf3dd	XP_068718172.1	_		outside	DeepTMHMM			53	291	1	239					
sequence	other	20261001_468cf3dd	XP_068718172.1	_		membrane	DeepTMHMM			292	314	1	23					
sequence	other	20261001_468cf3dd	XP_068718172.1	_		inside	DeepTMHMM			315	357	1	43					
sequence	other	20261001_468cf3dd	XP_068718173.1	_		signal	DeepTMHMM			1	36	1	36					
sequence	other	20261001_468cf3dd	XP_068718173.1	_		outside	DeepTMHMM			37	275	1	239					
sequence	other	20261001_468cf3dd	XP_068718173.1	_		membrane	DeepTMHMM			276	298	1	23					
sequence	other	20261001_468cf3dd	XP_068718173.1	_		inside	DeepTMHMM			299	341	1	43					
sequence	other	20261001_468cf3dd	XP_068718176.1	_		signal	DeepTMHMM			1	37	1	37					
sequence	other	20261001_468cf3dd	XP_068718176.1	_		outside	DeepTMHMM			38	269	1	232					
sequence	other	20261001_468cf3dd	XP_068718176.1	_		membrane	DeepTMHMM			270	290	1	21					
sequence	other	20261001_468cf3dd	XP_068718176.1	_		inside	DeepTMHMM			291	337	1	47					
sequence	other	20261001_468cf3dd	XP_068718177.1	_		signal	DeepTMHMM			1	37	1	37					
sequence	other	20261001_468cf3dd	XP_068718177.1	_		outside	DeepTMHMM			38	270	1	233					
sequence	other	20261001_468cf3dd	XP_068718177.1	_		membrane	DeepTMHMM			271	291	1	21					
sequence	other	20261001_468cf3dd	XP_068718177.1	_		inside	DeepTMHMM			292	333	1	42					
sequence	other	20261001_468cf3dd	XP_068718178.1	_		signal	DeepTMHMM			1	34	1	34					
sequence	other	20261001_468cf3dd	XP_068718178.1	_		outside	DeepTMHMM			35	249	1	215					
sequence	other	20261001_468cf3dd	XP_068718178.1	_		membrane	DeepTMHMM			250	272	1	23					
sequence	other	20261001_468cf3dd	XP_068718178.1	_		inside	DeepTMHMM			273	321	1	49					
sequence	other	20261001_468cf3dd	XP_068718670.1	_		signal	DeepTMHMM			1	47	1	47					
sequence	other	20261001_468cf3dd	XP_068718670.1	_		outside	DeepTMHMM			48	275	1	228					
sequence	other	20261001_468cf3dd	XP_068718670.1	_		membrane	DeepTMHMM			276	296	1	21					
sequence	other	20261001_468cf3dd	XP_068718670.1	_		inside	DeepTMHMM			297	442	1	146					
sequence	other	20261001_468cf3dd	XP_068719280.1	_		signal	DeepTMHMM			1	23	1	23					
sequence	other	20261001_468cf3dd	XP_068719280.1	_		outside	DeepTMHMM			24	192	1	169					
sequence	other	20261001_468cf3dd	XP_068719280.1	_		membrane	DeepTMHMM			193	215	1	23					
sequence	other	20261001_468cf3dd	XP_068719280.1	_		inside	DeepTMHMM			216	555	1	340					
sequence	other	20261001_468cf3dd	XP_068719282.1	_		signal	DeepTMHMM			1	23	1	23					
sequence	other	20261001_468cf3dd	XP_068719282.1	_		outside	DeepTMHMM			24	192	1	169					
sequence	other	20261001_468cf3dd	XP_068719282.1	_		membrane	DeepTMHMM			193	215	1	23					
sequence	other	20261001_468cf3dd	XP_068719282.1	_		inside	DeepTMHMM			216	555	1	340					
sequence	other	20261001_468cf3dd	XP_068719283.1	_		signal	DeepTMHMM			1	23	1	23					
sequence	other	20261001_468cf3dd	XP_068719283.1	_		outside	DeepTMHMM			24	192	1	169					
sequence	other	20261001_468cf3dd	XP_068719283.1	_		membrane	DeepTMHMM			193	215	1	23					
sequence	other	20261001_468cf3dd	XP_068719283.1	_		inside	DeepTMHMM			216	555	1	340					
sequence	other	20261001_468cf3dd	XP_068719545.1	_		signal	DeepTMHMM			1	36	1	36					
sequence	other	20261001_468cf3dd	XP_068719545.1	_		outside	DeepTMHMM			37	440	1	404					
sequence	other	20261001_468cf3dd	XP_068719545.1	_		membrane	DeepTMHMM			441	450	1	10					
sequence	other	20261001_468cf3dd	XP_068719545.1	_		inside	DeepTMHMM			451	598	1	148					
sequence	other	20261001_468cf3dd	XP_068719596.1	_		signal	DeepTMHMM			1	21	1	21					
sequence	other	20261001_468cf3dd	XP_068719596.1	_		outside	DeepTMHMM			22	184	1	163					
sequence	other	20261001_468cf3dd	XP_068719596.1	_		membrane	DeepTMHMM			185	207	1	23					
sequence	other	20261001_468cf3dd	XP_068719596.1	_		inside	DeepTMHMM			208	568	1	361					
sequence	other	20261001_468cf3dd	XP_068719597.1	_		signal	DeepTMHMM			1	21	1	21					
sequence	other	20261001_468cf3dd	XP_068719597.1	_		outside	DeepTMHMM			22	184	1	163					
sequence	other	20261001_468cf3dd	XP_068719597.1	_		membrane	DeepTMHMM			185	207	1	23					
sequence	other	20261001_468cf3dd	XP_068719597.1	_		inside	DeepTMHMM			208	568	1	361					
sequence	other	20261001_468cf3dd	XP_068719689.1	_		signal	DeepTMHMM			1	21	1	21					
sequence	other	20261001_468cf3dd	XP_068719689.1	_		outside	DeepTMHMM			22	197	1	176					
sequence	other	20261001_468cf3dd	XP_068719689.1	_		membrane	DeepTMHMM			198	218	1	21					
sequence	other	20261001_468cf3dd	XP_068719689.1	_		inside	DeepTMHMM			219	364	1	146					
sequence	other	20261001_468cf3dd	XP_068720297.1	_		signal	DeepTMHMM			1	23	1	23					
sequence	other	20261001_468cf3dd	XP_068720297.1	_		outside	DeepTMHMM			24	207	1	184					
sequence	other	20261001_468cf3dd	XP_068720297.1	_		membrane	DeepTMHMM			208	228	1	21					
sequence	other	20261001_468cf3dd	XP_068720297.1	_		inside	DeepTMHMM			229	662	1	434					
sequence	other	20261001_468cf3dd	XP_068721786.1	_		signal	DeepTMHMM			1	25	1	25					
sequence	other	20261001_468cf3dd	XP_068721786.1	_		outside	DeepTMHMM			26	287	1	262					
sequence	other	20261001_468cf3dd	XP_068721786.1	_		membrane	DeepTMHMM			288	308	1	21					
sequence	other	20261001_468cf3dd	XP_068721786.1	_		inside	DeepTMHMM			309	469	1	161					
sequence	other	20261001_468cf3dd	XP_068722288.1	_		signal	DeepTMHMM			1	33	1	33					
sequence	other	20261001_468cf3dd	XP_068722288.1	_		outside	DeepTMHMM			34	221	1	188					
sequence	other	20261001_468cf3dd	XP_068722288.1	_		membrane	DeepTMHMM			222	242	1	21					
sequence	other	20261001_468cf3dd	XP_068722288.1	_		inside	DeepTMHMM			243	302	1	60					
sequence	other	20261001_468cf3dd	XP_068722299.1	_		signal	DeepTMHMM			1	33	1	33					
sequence	other	20261001_468cf3dd	XP_068722299.1	_		outside	DeepTMHMM			34	221	1	188					
sequence	other	20261001_468cf3dd	XP_068722299.1	_		membrane	DeepTMHMM			222	242	1	21					
sequence	other	20261001_468cf3dd	XP_068722299.1	_		inside	DeepTMHMM			243	278	1	36					
sequence	other	20261001_468cf3dd	XP_068722702.1	_		signal	DeepTMHMM			1	19	1	19					
sequence	other	20261001_468cf3dd	XP_068722702.1	_		outside	DeepTMHMM			20	218	1	199					
sequence	other	20261001_468cf3dd	XP_068722702.1	_		membrane	DeepTMHMM			219	241	1	23					
sequence	other	20261001_468cf3dd	XP_068722702.1	_		inside	DeepTMHMM			242	420	1	179					
sequence	other	20261001_468cf3dd	XP_068725763.1	_		signal	DeepTMHMM			1	22	1	22					
sequence	other	20261001_468cf3dd	XP_068725763.1	_		outside	DeepTMHMM			23	186	1	164					
sequence	other	20261001_468cf3dd	XP_068728531.1	_		signal	DeepTMHMM			1	23	1	23					
sequence	other	20261001_468cf3dd	XP_068728531.1	_		outside	DeepTMHMM			24	219	1	196					
sequence	other	20261001_468cf3dd	XP_068728531.1	_		membrane	DeepTMHMM			220	240	1	21					
sequence	other	20261001_468cf3dd	XP_068728531.1	_		inside	DeepTMHMM			241	624	1	384					
sequence	other	20261001_468cf3dd	XP_068728532.1	_		signal	DeepTMHMM			1	23	1	23					
sequence	other	20261001_468cf3dd	XP_068728532.1	_		outside	DeepTMHMM			24	219	1	196					
sequence	other	20261001_468cf3dd	XP_068728532.1	_		membrane	DeepTMHMM			220	240	1	21					
sequence	other	20261001_468cf3dd	XP_068728532.1	_		inside	DeepTMHMM			241	624	1	384					
sequence	other	20261001_468cf3dd	XP_068728533.1	_		signal	DeepTMHMM			1	23	1	23					
sequence	other	20261001_468cf3dd	XP_068728533.1	_		outside	DeepTMHMM			24	219	1	196					
sequence	other	20261001_468cf3dd	XP_068728533.1	_		membrane	DeepTMHMM			220	240	1	21					
sequence	other	20261001_468cf3dd	XP_068728533.1	_		inside	DeepTMHMM			241	624	1	384					
sequence	other	20261001_468cf3dd	XP_068728534.1	_		signal	DeepTMHMM			1	23	1	23					
sequence	other	20261001_468cf3dd	XP_068728534.1	_		outside	DeepTMHMM			24	217	1	194					
sequence	other	20261001_468cf3dd	XP_068728534.1	_		membrane	DeepTMHMM			218	240	1	23					
sequence	other	20261001_468cf3dd	XP_068728534.1	_		inside	DeepTMHMM			241	373	1	133					
sequence	other	20261001_468cf3dd	XP_068732231.1	_		signal	DeepTMHMM			1	28	1	28					
sequence	other	20261001_468cf3dd	XP_068732231.1	_		outside	DeepTMHMM			29	244	1	216					
sequence	other	20261001_468cf3dd	XP_068732231.1	_		membrane	DeepTMHMM			245	265	1	21					
sequence	other	20261001_468cf3dd	XP_068732231.1	_		inside	DeepTMHMM			266	439	1	174					
sequence	other	20261001_468cf3dd	XP_068732232.1	_		signal	DeepTMHMM			1	22	1	22					
sequence	other	20261001_468cf3dd	XP_068732232.1	_		outside	DeepTMHMM			23	238	1	216					
sequence	other	20261001_468cf3dd	XP_068732232.1	_		membrane	DeepTMHMM			239	259	1	21					
sequence	other	20261001_468cf3dd	XP_068732232.1	_		inside	DeepTMHMM			260	433	1	174					
sequence	other	20261001_468cf3dd	XP_068732233.1	_		signal	DeepTMHMM			1	28	1	28					
sequence	other	20261001_468cf3dd	XP_068732233.1	_		outside	DeepTMHMM			29	244	1	216					
sequence	other	20261001_468cf3dd	XP_068732233.1	_		membrane	DeepTMHMM			245	265	1	21					
sequence	other	20261001_468cf3dd	XP_068732233.1	_		inside	DeepTMHMM			266	422	1	157					
sequence	other	20261001_468cf3dd	XP_068732234.1	_		signal	DeepTMHMM			1	22	1	22					
sequence	other	20261001_468cf3dd	XP_068732234.1	_		outside	DeepTMHMM			23	238	1	216					
sequence	other	20261001_468cf3dd	XP_068732234.1	_		membrane	DeepTMHMM			239	259	1	21					
sequence	other	20261001_468cf3dd	XP_068732234.1	_		inside	DeepTMHMM			260	416	1	157					
sequence	other	20261001_468cf3dd	XP_068753835.1	_		signal	DeepTMHMM			1	20	1	20					
sequence	other	20261001_468cf3dd	XP_068753835.1	_		outside	DeepTMHMM			21	236	1	216					
sequence	other	20261001_468cf3dd	XP_068753835.1	_		membrane	DeepTMHMM			237	257	1	21					
sequence	other	20261001_468cf3dd	XP_068753835.1	_		inside	DeepTMHMM			258	387	1	130					
sequence	other	20261001_468cf3dd	XP_068761210.1	_		signal	DeepTMHMM			1	22	1	22					
sequence	other	20261001_468cf3dd	XP_068761210.1	_		outside	DeepTMHMM			23	194	1	172					
sequence	other	20261001_468cf3dd	XP_068761210.1	_		membrane	DeepTMHMM			195	218	1	24					
sequence	other	20261001_468cf3dd	XP_068761210.1	_		inside	DeepTMHMM			219	799	1	581					
sequence	other	20261001_468cf3dd	XP_068761211.1	_		signal	DeepTMHMM			1	22	1	22					
sequence	other	20261001_468cf3dd	XP_068761211.1	_		outside	DeepTMHMM			23	193	1	171					
sequence	other	20261001_468cf3dd	XP_068761211.1	_		membrane	DeepTMHMM			194	217	1	24					
sequence	other	20261001_468cf3dd	XP_068761211.1	_		inside	DeepTMHMM			218	798	1	581					
sequence	other	20261001_468cf3dd	XP_068761212.1	_		signal	DeepTMHMM			1	22	1	22					
sequence	other	20261001_468cf3dd	XP_068761212.1	_		outside	DeepTMHMM			23	194	1	172					
sequence	other	20261001_468cf3dd	XP_068761212.1	_		membrane	DeepTMHMM			195	218	1	24					
sequence	other	20261001_468cf3dd	XP_068761212.1	_		inside	DeepTMHMM			219	798	1	580					
sequence	other	20261001_468cf3dd	XP_068673354.1	_		signal	DeepTMHMM			1	17	1	17					
sequence	other	20261001_468cf3dd	XP_068673354.1	_		outside	DeepTMHMM			18	226	1	209					
sequence	other	20261001_468cf3dd	XP_068673354.1	_		membrane	DeepTMHMM			227	236	1	10					
sequence	other	20261001_468cf3dd	XP_068673354.1	_		inside	DeepTMHMM			237	329	1	93					
sequence	other	20261001_468cf3dd	XP_068673355.1	_		signal	DeepTMHMM			1	17	1	17					
sequence	other	20261001_468cf3dd	XP_068673355.1	_		outside	DeepTMHMM			18	226	1	209					
sequence	other	20261001_468cf3dd	XP_068673355.1	_		membrane	DeepTMHMM			227	236	1	10					
sequence	other	20261001_468cf3dd	XP_068673355.1	_		inside	DeepTMHMM			237	329	1	93					
sequence	other	20261001_468cf3dd	XP_068673356.1	_		signal	DeepTMHMM			1	17	1	17					
sequence	other	20261001_468cf3dd	XP_068673356.1	_		outside	DeepTMHMM			18	202	1	185					
sequence	other	20261001_468cf3dd	XP_068673356.1	_		membrane	DeepTMHMM			203	212	1	10					
sequence	other	20261001_468cf3dd	XP_068673356.1	_		inside	DeepTMHMM			213	308	1	96					
sequence	other	20261001_468cf3dd	XP_068673357.1	_		signal	DeepTMHMM			1	17	1	17					
sequence	other	20261001_468cf3dd	XP_068673357.1	_		outside	DeepTMHMM			18	205	1	188					
sequence	other	20261001_468cf3dd	XP_068673357.1	_		membrane	DeepTMHMM			206	215	1	10					
sequence	other	20261001_468cf3dd	XP_068673357.1	_		inside	DeepTMHMM			216	307	1	92					
sequence	other	20261001_468cf3dd	XP_068673358.1	_		signal	DeepTMHMM			1	17	1	17					
sequence	other	20261001_468cf3dd	XP_068673358.1	_		outside	DeepTMHMM			18	295	1	278					
sequence	other	20261001_468cf3dd	XP_068673359.1	_		signal	DeepTMHMM			1	17	1	17					
sequence	other	20261001_468cf3dd	XP_068673359.1	_		outside	DeepTMHMM			18	274	1	257					
sequence	other	20261001_468cf3dd	XP_068673360.1	_		signal	DeepTMHMM			1	17	1	17					
sequence	other	20261001_468cf3dd	XP_068673360.1	_		outside	DeepTMHMM			18	273	1	256					
sequence	other	20261001_468cf3dd	XP_068673816.1	_		signal	DeepTMHMM			1	21	1	21					
sequence	other	20261001_468cf3dd	XP_068673816.1	_		outside	DeepTMHMM			22	350	1	329					
sequence	other	20261001_468cf3dd	XP_068673816.1	_		membrane	DeepTMHMM			351	371	1	21					
sequence	other	20261001_468cf3dd	XP_068673816.1	_		inside	DeepTMHMM			372	965	1	594					
sequence	other	20261001_468cf3dd	XP_068673817.1	_		signal	DeepTMHMM			1	21	1	21					
sequence	other	20261001_468cf3dd	XP_068673817.1	_		outside	DeepTMHMM			22	350	1	329					
sequence	other	20261001_468cf3dd	XP_068673817.1	_		membrane	DeepTMHMM			351	371	1	21					
sequence	other	20261001_468cf3dd	XP_068673817.1	_		inside	DeepTMHMM			372	965	1	594					
sequence	other	20261001_468cf3dd	XP_068673818.1	_		signal	DeepTMHMM			1	21	1	21					
sequence	other	20261001_468cf3dd	XP_068673818.1	_		outside	DeepTMHMM			22	349	1	328					
sequence	other	20261001_468cf3dd	XP_068673818.1	_		membrane	DeepTMHMM			350	370	1	21					
sequence	other	20261001_468cf3dd	XP_068673818.1	_		inside	DeepTMHMM			371	964	1	594					
sequence	other	20261001_468cf3dd	XP_068673819.1	_		signal	DeepTMHMM			1	21	1	21					
sequence	other	20261001_468cf3dd	XP_068673819.1	_		outside	DeepTMHMM			22	350	1	329					
sequence	other	20261001_468cf3dd	XP_068673819.1	_		membrane	DeepTMHMM			351	371	1	21					
sequence	other	20261001_468cf3dd	XP_068673819.1	_		inside	DeepTMHMM			372	942	1	571					
sequence	other	20261001_468cf3dd	XP_068673820.1	_		signal	DeepTMHMM			1	22	1	22					
sequence	other	20261001_468cf3dd	XP_068673820.1	_		outside	DeepTMHMM			23	202	1	180					
sequence	other	20261001_468cf3dd	XP_068673820.1	_		membrane	DeepTMHMM			203	226	1	24					
sequence	other	20261001_468cf3dd	XP_068673820.1	_		inside	DeepTMHMM			227	809	1	583					
sequence	other	20261001_468cf3dd	XP_068673822.1	_		signal	DeepTMHMM			1	22	1	22					
sequence	other	20261001_468cf3dd	XP_068673822.1	_		outside	DeepTMHMM			23	201	1	179					
sequence	other	20261001_468cf3dd	XP_068673822.1	_		membrane	DeepTMHMM			202	225	1	24					
sequence	other	20261001_468cf3dd	XP_068673822.1	_		inside	DeepTMHMM			226	808	1	583					
sequence	other	20261001_468cf3dd	XP_068673823.1	_		signal	DeepTMHMM			1	21	1	21					
sequence	other	20261001_468cf3dd	XP_068673823.1	_		outside	DeepTMHMM			22	343	1	322					
sequence	other	20261001_468cf3dd	XP_068673823.1	_		membrane	DeepTMHMM			344	364	1	21					
sequence	other	20261001_468cf3dd	XP_068673823.1	_		inside	DeepTMHMM			365	923	1	559					
sequence	other	20261001_468cf3dd	XP_068673824.1	_		signal	DeepTMHMM			1	21	1	21					
sequence	other	20261001_468cf3dd	XP_068673824.1	_		outside	DeepTMHMM			22	343	1	322					
sequence	other	20261001_468cf3dd	XP_068673824.1	_		membrane	DeepTMHMM			344	364	1	21					
sequence	other	20261001_468cf3dd	XP_068673824.1	_		inside	DeepTMHMM			365	804	1	440					
sequence	other	20261001_468cf3dd	XP_068673825.1	_		signal	DeepTMHMM			1	21	1	21					
sequence	other	20261001_468cf3dd	XP_068673825.1	_		outside	DeepTMHMM			22	343	1	322					
sequence	other	20261001_468cf3dd	XP_068673825.1	_		membrane	DeepTMHMM			344	364	1	21					
sequence	other	20261001_468cf3dd	XP_068673825.1	_		inside	DeepTMHMM			365	795	1	431					
sequence	other	20261001_468cf3dd	XP_068681672.1	_		signal	DeepTMHMM			1	23	1	23					
sequence	other	20261001_468cf3dd	XP_068681672.1	_		outside	DeepTMHMM			24	219	1	196					
sequence	other	20261001_468cf3dd	XP_068681672.1	_		membrane	DeepTMHMM			220	240	1	21					
sequence	other	20261001_468cf3dd	XP_068681672.1	_		inside	DeepTMHMM			241	624	1	384					
sequence	other	20261001_468cf3dd	XP_068681673.1	_		signal	DeepTMHMM			1	23	1	23					
sequence	other	20261001_468cf3dd	XP_068681673.1	_		outside	DeepTMHMM			24	219	1	196					
sequence	other	20261001_468cf3dd	XP_068681673.1	_		membrane	DeepTMHMM			220	240	1	21					
sequence	other	20261001_468cf3dd	XP_068681673.1	_		inside	DeepTMHMM			241	624	1	384					
sequence	other	20261001_468cf3dd	XP_068681674.1	_		signal	DeepTMHMM			1	23	1	23					
sequence	other	20261001_468cf3dd	XP_068681674.1	_		outside	DeepTMHMM			24	217	1	194					
sequence	other	20261001_468cf3dd	XP_068681674.1	_		membrane	DeepTMHMM			218	240	1	23					
sequence	other	20261001_468cf3dd	XP_068681674.1	_		inside	DeepTMHMM			241	373	1	133					
sequence	other	20261001_468cf3dd	XP_068686061.1	_		signal	DeepTMHMM			1	28	1	28					
sequence	other	20261001_468cf3dd	XP_068686061.1	_		outside	DeepTMHMM			29	243	1	215					
sequence	other	20261001_468cf3dd	XP_068686061.1	_		membrane	DeepTMHMM			244	264	1	21					
sequence	other	20261001_468cf3dd	XP_068686061.1	_		inside	DeepTMHMM			265	438	1	174					
sequence	other	20261001_468cf3dd	XP_068686062.1	_		signal	DeepTMHMM			1	22	1	22					
sequence	other	20261001_468cf3dd	XP_068686062.1	_		outside	DeepTMHMM			23	237	1	215					
sequence	other	20261001_468cf3dd	XP_068686062.1	_		membrane	DeepTMHMM			238	258	1	21					
sequence	other	20261001_468cf3dd	XP_068686062.1	_		inside	DeepTMHMM			259	432	1	174					
sequence	other	20261001_468cf3dd	XP_068686063.1	_		signal	DeepTMHMM			1	28	1	28					
sequence	other	20261001_468cf3dd	XP_068686063.1	_		outside	DeepTMHMM			29	243	1	215					
sequence	other	20261001_468cf3dd	XP_068686063.1	_		membrane	DeepTMHMM			244	264	1	21					
sequence	other	20261001_468cf3dd	XP_068686063.1	_		inside	DeepTMHMM			265	421	1	157					
sequence	other	20261001_468cf3dd	XP_068686064.1	_		signal	DeepTMHMM			1	22	1	22					
sequence	other	20261001_468cf3dd	XP_068686064.1	_		outside	DeepTMHMM			23	237	1	215					
sequence	other	20261001_468cf3dd	XP_068686064.1	_		membrane	DeepTMHMM			238	258	1	21					
sequence	other	20261001_468cf3dd	XP_068686064.1	_		inside	DeepTMHMM			259	415	1	157					
sequence	other	20261001_468cf3dd	XP_068689545.1	_		signal	DeepTMHMM			1	33	1	33					
sequence	other	20261001_468cf3dd	XP_068689545.1	_		outside	DeepTMHMM			34	221	1	188					
sequence	other	20261001_468cf3dd	XP_068689545.1	_		membrane	DeepTMHMM			222	242	1	21					
sequence	other	20261001_468cf3dd	XP_068689545.1	_		inside	DeepTMHMM			243	302	1	60					
sequence	other	20261001_468cf3dd	XP_068689546.1	_		signal	DeepTMHMM			1	33	1	33					
sequence	other	20261001_468cf3dd	XP_068689546.1	_		outside	DeepTMHMM			34	221	1	188					
sequence	other	20261001_468cf3dd	XP_068689546.1	_		membrane	DeepTMHMM			222	242	1	21					
sequence	other	20261001_468cf3dd	XP_068689546.1	_		inside	DeepTMHMM			243	302	1	60					
sequence	other	20261001_468cf3dd	XP_068690058.1	_		inside	DeepTMHMM			1	65	1	65					
sequence	other	20261001_468cf3dd	XP_068690058.1	_		membrane	DeepTMHMM			66	75	1	10					
sequence	other	20261001_468cf3dd	XP_068690058.1	_		outside	DeepTMHMM			76	260	1	185					
sequence	other	20261001_468cf3dd	XP_068690058.1	_		membrane	DeepTMHMM			261	281	1	21					
sequence	other	20261001_468cf3dd	XP_068690058.1	_		inside	DeepTMHMM			282	316	1	35					
sequence	other	20261001_468cf3dd	XP_068690586.1	_		signal	DeepTMHMM			1	33	1	33					
sequence	other	20261001_468cf3dd	XP_068690586.1	_		outside	DeepTMHMM			34	221	1	188					
sequence	other	20261001_468cf3dd	XP_068690586.1	_		membrane	DeepTMHMM			222	242	1	21					
sequence	other	20261001_468cf3dd	XP_068690586.1	_		inside	DeepTMHMM			243	277	1	35					
sequence	other	20261001_468cf3dd	XP_068690587.1	_		signal	DeepTMHMM			1	33	1	33					
sequence	other	20261001_468cf3dd	XP_068690587.1	_		outside	DeepTMHMM			34	221	1	188					
sequence	other	20261001_468cf3dd	XP_068690587.1	_		membrane	DeepTMHMM			222	242	1	21					
sequence	other	20261001_468cf3dd	XP_068690587.1	_		inside	DeepTMHMM			243	277	1	35					
sequence	other	20261001_468cf3dd	XP_068694590.1	_		signal	DeepTMHMM			1	26	1	26					
sequence	other	20261001_468cf3dd	XP_068694590.1	_		outside	DeepTMHMM			27	157	1	131					
sequence	other	20261001_468cf3dd	XP_068694600.1	_		signal	DeepTMHMM			1	41	1	41					
sequence	other	20261001_468cf3dd	XP_068694600.1	_		outside	DeepTMHMM			42	229	1	188					
sequence	other	20261001_468cf3dd	XP_068694600.1	_		membrane	DeepTMHMM			230	250	1	21					
sequence	other	20261001_468cf3dd	XP_068694600.1	_		inside	DeepTMHMM			251	310	1	60					
sequence	other	20261001_468cf3dd	XP_068694601.1	_		signal	DeepTMHMM			1	32	1	32					
sequence	other	20261001_468cf3dd	XP_068694601.1	_		outside	DeepTMHMM			33	220	1	188					
sequence	other	20261001_468cf3dd	XP_068694601.1	_		membrane	DeepTMHMM			221	241	1	21					
sequence	other	20261001_468cf3dd	XP_068694601.1	_		inside	DeepTMHMM			242	301	1	60					
sequence	other	20261001_468cf3dd	XP_068694603.1	_		signal	DeepTMHMM			1	32	1	32					
sequence	other	20261001_468cf3dd	XP_068694603.1	_		outside	DeepTMHMM			33	220	1	188					
sequence	other	20261001_468cf3dd	XP_068694603.1	_		membrane	DeepTMHMM			221	241	1	21					
sequence	other	20261001_468cf3dd	XP_068694603.1	_		inside	DeepTMHMM			242	301	1	60					
sequence	other	20261001_468cf3dd	XP_068694604.1	_		signal	DeepTMHMM			1	32	1	32					
sequence	other	20261001_468cf3dd	XP_068694604.1	_		outside	DeepTMHMM			33	220	1	188					
sequence	other	20261001_468cf3dd	XP_068694604.1	_		membrane	DeepTMHMM			221	241	1	21					
sequence	other	20261001_468cf3dd	XP_068694604.1	_		inside	DeepTMHMM			242	301	1	60					
sequence	other	20261001_468cf3dd	XP_068697811.1	_		signal	DeepTMHMM			1	10	1	10					
sequence	other	20261001_468cf3dd	XP_068697811.1	_		outside	DeepTMHMM			11	248	1	238					
sequence	other	20261001_468cf3dd	XP_068700204.1	_		signal	DeepTMHMM			1	20	1	20					
sequence	other	20261001_468cf3dd	XP_068700204.1	_		outside	DeepTMHMM			21	234	1	214					
sequence	other	20261001_468cf3dd	XP_068700204.1	_		membrane	DeepTMHMM			235	255	1	21					
sequence	other	20261001_468cf3dd	XP_068700204.1	_		inside	DeepTMHMM			256	386	1	131					
sequence	other	20261001_468cf3dd	XP_068701051.1	_		signal	DeepTMHMM			1	47	1	47					
sequence	other	20261001_468cf3dd	XP_068701051.1	_		outside	DeepTMHMM			48	275	1	228					
sequence	other	20261001_468cf3dd	XP_068701051.1	_		membrane	DeepTMHMM			276	296	1	21					
sequence	other	20261001_468cf3dd	XP_068701051.1	_		inside	DeepTMHMM			297	442	1	146					
sequence	other	20261001_468cf3dd	XP_068701052.1	_		outside	DeepTMHMM			1	235	1	235					
sequence	other	20261001_468cf3dd	XP_068701052.1	_		membrane	DeepTMHMM			236	257	1	22					
sequence	other	20261001_468cf3dd	XP_068701052.1	_		inside	DeepTMHMM			258	402	1	145					
sequence	other	20261001_468cf3dd	XP_068702623.1	_		signal	DeepTMHMM			1	23	1	23					
sequence	other	20261001_468cf3dd	XP_068702623.1	_		outside	DeepTMHMM			24	192	1	169					
sequence	other	20261001_468cf3dd	XP_068702623.1	_		membrane	DeepTMHMM			193	215	1	23					
sequence	other	20261001_468cf3dd	XP_068702623.1	_		inside	DeepTMHMM			216	622	1	407					
