Protein_ID,Localizations,Signals,Membrane types,Cytoplasm,Nucleus,Extracellular,Cell membrane,Mitochondrion,Plastid,Endoplasmic reticulum,Lysosome/Vacuole,Golgi apparatus,Peroxisome,Peripheral,Transmembrane,Lipid anchor,Soluble
CAE7148725.1,Cytoplasm,,Soluble,0.5745000243186951,0.16419999301433563,0.02930000051856041,0.3783999979496002,0.21130000054836273,0.022700000554323196,0.08699999749660492,0.18230000138282776,0.12240000069141388,0.05220000073313713,0.5095999836921692,0.09220000356435776,0.17569999396800995,0.7202000021934509
CAL1125524.1,Cytoplasm,Nuclear export signal,Soluble,0.6664999723434448,0.4648999869823456,0.05389999970793724,0.25429999828338623,0.1941000074148178,0.12479999661445618,0.18070000410079956,0.18080000579357147,0.09849999845027924,0.10090000182390213,0.4738999903202057,0.11649999767541885,0.09040000289678574,0.7723000049591064
CAE7040342.1,Cytoplasm,,Peripheral|Soluble,0.7883999943733215,0.2353000044822693,0.09390000253915787,0.18799999356269836,0.22040000557899475,0.10989999771118164,0.09910000115633011,0.181099995970726,0.1071000024676323,0.06319999694824219,0.6988999843597412,0.07190000265836716,0.0843999981880188,0.7846999764442444
CAK9078540.1,Mitochondrion,Mitochondrial transit peptide,Peripheral|Soluble,0.2624000012874603,0.17430000007152557,0.040699999779462814,0.03269999846816063,0.870199978351593,0.00930000003427267,0.029899999499320984,0.04309999942779541,0.035999998450279236,0.002199999988079071,0.7164000272750854,0.057100001722574234,0.060499999672174454,0.7939000129699707
CAK9081987.1,Mitochondrion,Mitochondrial transit peptide,Peripheral|Soluble,0.2531000077724457,0.1776999980211258,0.04179999977350235,0.031599998474121094,0.8651000261306763,0.008200000040233135,0.028999999165534973,0.040699999779462814,0.03319999948143959,0.002099999925121665,0.7134000062942505,0.05719999969005585,0.05939999967813492,0.7940000295639038
CAE7252427.1,Mitochondrion,Mitochondrial transit peptide,Peripheral|Soluble,0.26269999146461487,0.16740000247955322,0.027899999171495438,0.0414000004529953,0.868399977684021,0.02979999966919422,0.015699999406933784,0.040699999779462814,0.035999998450279236,0.002099999925121665,0.7184000015258789,0.05920000001788139,0.05660000070929527,0.8021000027656555
OLP76846.1,Mitochondrion,Mitochondrial transit peptide,Transmembrane,0.19429999589920044,0.18649999797344208,0.0340999998152256,0.14180000126361847,0.6363999843597412,0.014299999922513962,0.08089999854564667,0.061799999326467514,0.12189999967813492,0.009999999776482582,0.2152000069618225,0.8921999931335449,0.23559999465942383,0.24449999630451202
CAL1143282.1,Cytoplasm,,Peripheral|Soluble,0.6608999967575073,0.32269999384880066,0.08269999921321869,0.1340000033378601,0.08500000089406967,0.0551999993622303,0.08720000088214874,0.2142000049352646,0.10909999907016754,0.12080000340938568,0.6766999959945679,0.061000000685453415,0.07329999655485153,0.8062999844551086
CAK9041929.1,Cytoplasm|Nucleus,,Soluble,0.6553999781608582,0.5059000253677368,0.08410000056028366,0.14419999718666077,0.12409999966621399,0.019500000402331352,0.03500000014901161,0.2623000144958496,0.1331000030040741,0.07360000163316727,0.4648999869823456,0.041999999433755875,0.10869999974966049,0.8187999725341797
CAK9039425.1,Cytoplasm|Nucleus,,Soluble,0.6553999781608582,0.5059000253677368,0.08410000056028366,0.14419999718666077,0.12409999966621399,0.019500000402331352,0.03500000014901161,0.2623000144958496,0.1331000030040741,0.07360000163316727,0.4648999869823456,0.041999999433755875,0.10869999974966049,0.8187999725341797
CAE8636868.1,Cytoplasm,,Peripheral|Soluble,0.6258999705314636,0.4471000134944916,0.12229999899864197,0.2363000065088272,0.2167000025510788,0.2791999876499176,0.19660000503063202,0.186599999666214,0.13779999315738678,0.13539999723434448,0.6477000117301941,0.09200000017881393,0.07169999927282333,0.777400016784668
CAL1151264.1,Mitochondrion,Mitochondrial transit peptide,Peripheral,0.3652999997138977,0.18979999423027039,0.03280000016093254,0.08070000261068344,0.7077999711036682,0.008799999952316284,0.13040000200271606,0.06790000200271606,0.09690000116825104,0.03189999982714653,0.6929000020027161,0.43880000710487366,0.11739999800920486,0.3822000026702881
CAK9058825.1,Mitochondrion,Mitochondrial transit peptide,Soluble,0.24130000174045563,0.22550000250339508,0.0364999994635582,0.04010000079870224,0.7670000195503235,0.0015999999595806003,0.040699999779462814,0.05959999933838844,0.0348999984562397,0.002899999963119626,0.5378000140190125,0.032999999821186066,0.05139999836683273,0.8442999720573425
CAE8610151.1,Cytoplasm,Nuclear localization signal,Peripheral|Soluble,0.809499979019165,0.23849999904632568,0.11829999834299088,0.1793999969959259,0.1988999992609024,0.07590000331401825,0.08780000358819962,0.18070000410079956,0.17560000717639923,0.009999999776482582,0.6434000134468079,0.11240000277757645,0.1347000002861023,0.7439000010490417
CAE8618239.1,Mitochondrion,Mitochondrial transit peptide,Soluble,0.20749999582767487,0.15870000422000885,0.022199999541044235,0.061799999326467514,0.7753000259399414,0.005100000184029341,0.04659999907016754,0.057999998331069946,0.05299999937415123,0.001500000013038516,0.5684000253677368,0.03440000116825104,0.04490000009536743,0.8252999782562256
CAE8599192.1,Cytoplasm|Nucleus,Nuclear localization signal,Soluble,0.5332000255584717,0.512499988079071,0.032499998807907104,0.08879999816417694,0.17309999465942383,0.017999999225139618,0.1071000024676323,0.1193000003695488,0.04309999942779541,0.019500000402331352,0.5321999788284302,0.029200000688433647,0.04569999873638153,0.8414999842643738
CAK9058997.1,Mitochondrion,Mitochondrial transit peptide,Soluble,0.21789999306201935,0.1720999926328659,0.03539999946951866,0.03700000047683716,0.8575999736785889,0.0019000000320374966,0.03759999945759773,0.05979999899864197,0.039900001138448715,0.0015999999595806003,0.5212000012397766,0.04490000009536743,0.042399998754262924,0.8421000242233276
CAK9058823.1,Mitochondrion,Mitochondrial transit peptide,Soluble,0.21940000355243683,0.17000000178813934,0.03629999980330467,0.03759999945759773,0.8549000024795532,0.0020000000949949026,0.03849999979138374,0.06080000102519989,0.040699999779462814,0.0015999999595806003,0.5232999920845032,0.04520000144839287,0.04259999841451645,0.8411999940872192
CAK9019282.1,Mitochondrion,Mitochondrial transit peptide,Peripheral|Soluble,0.1143999993801117,0.13330000638961792,0.04100000113248825,0.0885000005364418,0.9325000047683716,0.021800000220537186,0.021400000900030136,0.04100000113248825,0.019899999722838402,0.007799999788403511,0.6172000169754028,0.12759999930858612,0.09960000216960907,0.6776000261306763
CAK9019221.1,Mitochondrion,Mitochondrial transit peptide,Peripheral|Soluble,0.1143999993801117,0.13330000638961792,0.04100000113248825,0.0885000005364418,0.9325000047683716,0.021800000220537186,0.021400000900030136,0.04100000113248825,0.019899999722838402,0.007799999788403511,0.6172000169754028,0.12759999930858612,0.09960000216960907,0.6776000261306763
CAK9043536.1,Mitochondrion,Mitochondrial transit peptide,Peripheral|Soluble,0.1143999993801117,0.13330000638961792,0.04100000113248825,0.0885000005364418,0.9325000047683716,0.021800000220537186,0.021400000900030136,0.04100000113248825,0.019899999722838402,0.007799999788403511,0.6172000169754028,0.12759999930858612,0.09960000216960907,0.6776000261306763
CAK8989595.1,Mitochondrion,Mitochondrial transit peptide,Soluble,0.13529999554157257,0.1185000017285347,0.025599999353289604,0.10719999670982361,0.9315999746322632,0.029500000178813934,0.020999999716877937,0.03519999980926514,0.01850000023841858,0.013700000010430813,0.5796999931335449,0.13109999895095825,0.10170000046491623,0.7016000151634216
CAK9015398.1,Mitochondrion,Mitochondrial transit peptide,Soluble,0.13529999554157257,0.1185000017285347,0.025599999353289604,0.10719999670982361,0.9315999746322632,0.029500000178813934,0.020999999716877937,0.03519999980926514,0.01850000023841858,0.013700000010430813,0.5796999931335449,0.13109999895095825,0.10170000046491623,0.7016000151634216
OLP99646.1,Mitochondrion,Mitochondrial transit peptide,Soluble,0.39239999651908875,0.31690001487731934,0.06480000168085098,0.18629999458789825,0.5525000095367432,0.00930000003427267,0.2565999925136566,0.07999999821186066,0.1371999979019165,0.031199999153614044,0.48489999771118164,0.18479999899864197,0.08160000294446945,0.7099000215530396
CAL1134569.1,Mitochondrion,Mitochondrial transit peptide,Peripheral|Soluble,0.10400000214576721,0.11389999836683273,0.03200000151991844,0.11400000005960464,0.9323999881744385,0.031199999153614044,0.024399999529123306,0.032499998807907104,0.018400000408291817,0.0071000000461936,0.6072999835014343,0.11569999903440475,0.09549999982118607,0.6988000273704529
CAL1145937.1,Mitochondrion,Mitochondrial transit peptide,Peripheral|Soluble,0.10769999772310257,0.10360000282526016,0.029899999499320984,0.1096000000834465,0.8948000073432922,0.08730000257492065,0.03350000083446503,0.03840000182390213,0.027300000190734863,0.018799999728798866,0.6463000178337097,0.13040000200271606,0.10980000346899033,0.6736000180244446
CAE6917623.1,Mitochondrion,Mitochondrial transit peptide,Peripheral|Soluble,0.13529999554157257,0.15369999408721924,0.023000000044703484,0.08579999953508377,0.9218999743461609,0.014999999664723873,0.03889999911189079,0.02979999966919422,0.016100000590085983,0.014999999664723873,0.625,0.12099999934434891,0.10040000081062317,0.6916000247001648
CAE8607616.1,Mitochondrion,Mitochondrial transit peptide,Soluble,0.13950000703334808,0.13539999723434448,0.01640000008046627,0.125,0.9190000295639038,0.05480000004172325,0.04479999840259552,0.04659999907016754,0.020400000736117363,0.02370000071823597,0.598800003528595,0.12880000472068787,0.10109999775886536,0.7016000151634216
CAE8617090.1,Mitochondrion,Mitochondrial transit peptide,Peripheral|Soluble,0.13089999556541443,0.1500999927520752,0.02710000053048134,0.07900000363588333,0.9391000270843506,0.011500000022351742,0.03449999913573265,0.03669999912381172,0.019999999552965164,0.011500000022351742,0.6050999760627747,0.12099999934434891,0.09610000252723694,0.7027999758720398
CAE8629657.1,Mitochondrion,Mitochondrial transit peptide,Peripheral|Soluble,0.12919999659061432,0.11670000106096268,0.026100000366568565,0.12520000338554382,0.9412000179290771,0.01810000091791153,0.02930000051856041,0.03060000017285347,0.014000000432133675,0.012799999676644802,0.6183000206947327,0.12520000338554382,0.09709999710321426,0.6934999823570251
CAE8587208.1,Mitochondrion,Mitochondrial transit peptide,Peripheral|Soluble,0.1340000033378601,0.12720000743865967,0.020500000566244125,0.11559999734163284,0.9352999925613403,0.021299999207258224,0.04100000113248825,0.026200000196695328,0.01549999974668026,0.013899999670684338,0.6216999888420105,0.12129999697208405,0.10029999911785126,0.694599986076355
CAE8637675.1,Mitochondrion,Mitochondrial transit peptide,Soluble,0.15189999341964722,0.16329999268054962,0.038100000470876694,0.08900000154972076,0.8317000269889832,0.0786999985575676,0.07029999792575836,0.06239999830722809,0.06199999898672104,0.007199999876320362,0.5600000023841858,0.1445000022649765,0.14079999923706055,0.7164000272750854
CAE8587209.1,Mitochondrion,Mitochondrial transit peptide,Soluble,0.12200000137090683,0.12950000166893005,0.01810000091791153,0.11249999701976776,0.9208999872207642,0.04740000143647194,0.050599999725818634,0.04639999940991402,0.02850000001490116,0.025800000876188278,0.5950000286102295,0.12489999830722809,0.11309999972581863,0.7031999826431274
CAE8587207.1,Mitochondrion,Mitochondrial transit peptide,Soluble,0.21389999985694885,0.13680000603199005,0.03840000182390213,0.12030000239610672,0.8503000140190125,0.007799999788403511,0.05920000001788139,0.030899999663233757,0.03009999915957451,0.028200000524520874,0.4966000020503998,0.1216999962925911,0.14820000529289246,0.7254999876022339
CAK8989596.1,Mitochondrion,Mitochondrial transit peptide,Soluble,0.14030000567436218,0.0982000008225441,0.02930000051856041,0.09650000184774399,0.9210000038146973,0.027899999171495438,0.020800000056624413,0.039900001138448715,0.025699999183416367,0.01140000019222498,0.492000013589859,0.1509000062942505,0.10570000112056732,0.6855000257492065
CAK9048657.1,Mitochondrion,Mitochondrial transit peptide,Soluble,0.40720000863075256,0.12080000340938568,0.03889999911189079,0.09749999642372131,0.7968999743461609,0.030400000512599945,0.07739999890327454,0.19329999387264252,0.26919999718666077,0.24410000443458557,0.49300000071525574,0.12240000069141388,0.041200000792741776,0.8052999973297119
CAL1163110.1,Mitochondrion,Mitochondrial transit peptide,Soluble,0.37139999866485596,0.10440000146627426,0.027899999171495438,0.049800001084804535,0.7702000141143799,0.019999999552965164,0.07100000232458115,0.12430000305175781,0.1437000036239624,0.04450000077486038,0.538100004196167,0.12020000070333481,0.05640000104904175,0.7803000211715698
CAL1134270.1,Mitochondrion,Mitochondrial transit peptide,Soluble,0.10559999942779541,0.10580000281333923,0.022299999371170998,0.11559999734163284,0.9519000053405762,0.020800000056624413,0.07029999792575836,0.08429999649524689,0.04010000079870224,0.06369999796152115,0.5860000252723694,0.17149999737739563,0.11680000275373459,0.6869999766349792
CAE7590873.1,Cytoplasm,Nuclear export signal,Soluble,0.5586000084877014,0.49059998989105225,0.028599999845027924,0.24060000479221344,0.2222999930381775,0.026000000536441803,0.46219998598098755,0.1680999994277954,0.13289999961853027,0.1467999964952469,0.5052000284194946,0.21529999375343323,0.06710000336170197,0.7091000080108643
CAK9102358.1,Mitochondrion,Mitochondrial transit peptide,Peripheral|Soluble,0.07890000194311142,0.08030000329017639,0.017899999395012856,0.15690000355243683,0.8245999813079834,0.049800001084804535,0.04100000113248825,0.06790000200271606,0.06790000200271606,0.025699999183416367,0.7921000123023987,0.062199998646974564,0.35370001196861267,0.597100019454956
CAK9064171.1,Mitochondrion,Mitochondrial transit peptide,Peripheral|Soluble,0.07890000194311142,0.08030000329017639,0.017899999395012856,0.15690000355243683,0.8245999813079834,0.049800001084804535,0.04100000113248825,0.06790000200271606,0.06790000200271606,0.025699999183416367,0.7921000123023987,0.062199998646974564,0.35370001196861267,0.597100019454956
CAE7831214.1,Mitochondrion,Mitochondrial transit peptide,Peripheral|Soluble,0.1193000003695488,0.17319999635219574,0.027300000190734863,0.13850000500679016,0.8159000277519226,0.023099999874830246,0.06700000166893005,0.06109999865293503,0.06759999692440033,0.04809999838471413,0.7494999766349792,0.08290000259876251,0.30379998683929443,0.604200005531311
OLQ01740.1,Mitochondrion,Mitochondrial transit peptide,Peripheral|Soluble,0.12020000070333481,0.16369999945163727,0.029500000178813934,0.14100000262260437,0.8420000076293945,0.015300000086426735,0.07360000163316727,0.0649000033736229,0.07339999824762344,0.03280000016093254,0.7454000115394592,0.08529999852180481,0.37380000948905945,0.5993000268936157
CAE7894424.1,Mitochondrion,Mitochondrial transit peptide,Soluble,0.09260000288486481,0.11429999768733978,0.05609999969601631,0.10170000046491623,0.8263000249862671,0.032600000500679016,0.04529999941587448,0.0414000004529953,0.025100000202655792,0.04699999839067459,0.43389999866485596,0.1657000035047531,0.08789999783039093,0.6960999965667725
CAL1132654.1,Mitochondrion,Mitochondrial transit peptide,Peripheral|Soluble,0.09139999747276306,0.10100000351667404,0.013399999588727951,0.10199999809265137,0.8907999992370605,0.05139999836683273,0.05400000140070915,0.056299999356269836,0.03869999945163727,0.0284000001847744,0.7479000091552734,0.05270000174641609,0.2782000005245209,0.6281999945640564
CAE7034163.1,Mitochondrion,Mitochondrial transit peptide,Peripheral|Soluble,0.11640000343322754,0.04919999837875366,0.11749999970197678,0.133200004696846,0.7188000082969666,0.04639999940991402,0.18559999763965607,0.050999999046325684,0.10760000348091125,0.1657000035047531,0.7882999777793884,0.045499999076128006,0.3109000027179718,0.6233000159263611
CAK9013758.1,Cytoplasm,Peroxisomal targeting signal,Transmembrane,0.4043999910354614,0.08160000294446945,0.12020000070333481,0.3043000102043152,0.17659999430179596,0.10520000010728836,0.15850000083446503,0.29989999532699585,0.25870001316070557,0.2953999936580658,0.3465000092983246,0.9700999855995178,0.04410000145435333,0.11110000312328339
CAE8584351.1,Mitochondrion,Mitochondrial transit peptide,Peripheral|Soluble,0.08009999990463257,0.0689999982714653,0.01590000092983246,0.09009999781847,0.829200029373169,0.047200001776218414,0.04569999873638153,0.05380000174045563,0.08869999647140503,0.01769999973475933,0.7601000070571899,0.08250000327825546,0.23819999396800995,0.632099986076355
CAE8586644.1,Mitochondrion,Mitochondrial transit peptide,Peripheral|Soluble,0.08009999990463257,0.0689999982714653,0.01590000092983246,0.09009999781847,0.829200029373169,0.047200001776218414,0.04569999873638153,0.05380000174045563,0.08869999647140503,0.01769999973475933,0.7601000070571899,0.08250000327825546,0.23819999396800995,0.632099986076355
CAE8624445.1,Mitochondrion,Mitochondrial transit peptide,Peripheral|Soluble,0.09300000220537186,0.03929999843239784,0.026399999856948853,0.07959999889135361,0.745199978351593,0.049300000071525574,0.061000000685453415,0.03620000183582306,0.07519999891519547,0.01600000075995922,0.7882000207901001,0.060100000351667404,0.18479999899864197,0.6309999823570251
CAE8643503.1,Mitochondrion,Mitochondrial transit peptide,Peripheral|Soluble,0.09740000218153,0.07100000232458115,0.02250000089406967,0.09440000355243683,0.8629999756813049,0.03610000014305115,0.04259999841451645,0.06599999964237213,0.11050000041723251,0.02250000089406967,0.7692999839782715,0.09080000221729279,0.225600004196167,0.619700014591217
CAK9086843.1,Cell membrane,Transmembrane domain,Transmembrane,0.23199999332427979,0.07370000332593918,0.058400001376867294,0.5523999929428101,0.13809999823570251,0.046300001442432404,0.4226999878883362,0.41850000619888306,0.20160000026226044,0.012400000356137753,0.2992999851703644,0.932699978351593,0.05790000036358833,0.17180000245571136
CAE8637694.1,Cytoplasm,,Peripheral|Soluble,0.5356000065803528,0.30070000886917114,0.39329999685287476,0.15610000491142273,0.21850000321865082,0.0272000003606081,0.10809999704360962,0.2143000066280365,0.09489999711513519,0.050999999046325684,0.6309000253677368,0.06949999928474426,0.3212999999523163,0.6632999777793884
CAE8634536.1,Cytoplasm,Nuclear localization signal,Soluble,0.6909000277519226,0.303600013256073,0.08240000158548355,0.15299999713897705,0.12359999865293503,0.008500000461935997,0.15029999613761902,0.1412000060081482,0.19290000200271606,0.01080000028014183,0.4984999895095825,0.09239999949932098,0.07450000196695328,0.7675999999046326
CAL1133237.1,Mitochondrion,Mitochondrial transit peptide,Peripheral|Soluble,0.09220000356435776,0.0949999988079071,0.014700000174343586,0.13249999284744263,0.7781000137329102,0.2395000010728836,0.07500000298023224,0.07500000298023224,0.047200001776218414,0.04600000008940697,0.6704000234603882,0.13819999992847443,0.13089999556541443,0.6245999932289124
CAK9102649.1,Mitochondrion,Mitochondrial transit peptide,Peripheral|Soluble,0.18529999256134033,0.11069999635219574,0.0731000006198883,0.038600001484155655,0.6697999835014343,0.09489999711513519,0.13539999723434448,0.05180000141263008,0.17980000376701355,0.09009999781847,0.6746000051498413,0.12839999794960022,0.1340000033378601,0.6399000287055969
CAK9118467.1,Cell membrane|Endoplasmic reticulum,Signal peptide|Transmembrane domain,Transmembrane,0.1859000027179718,0.08330000191926956,0.027899999171495438,0.5659999847412109,0.10719999670982361,0.004699999932199717,0.6373000144958496,0.558899998664856,0.6025999784469604,0.002300000051036477,0.1656000018119812,0.9678000211715698,0.0737999975681305,0.10769999772310257
CAK9023964.1,Cell membrane,Signal peptide|Transmembrane domain,Transmembrane,0.25760000944137573,0.10050000250339508,0.015699999406933784,0.5982000231742859,0.10949999839067459,0.005100000184029341,0.5464000105857849,0.5223000049591064,0.573199987411499,0.004000000189989805,0.16410000622272491,0.9753999710083008,0.10180000215768814,0.08479999750852585
CAK9113772.1,Cell membrane|Endoplasmic reticulum,Signal peptide|Transmembrane domain,Transmembrane,0.1873999983072281,0.08219999819993973,0.027799999341368675,0.5789999961853027,0.10689999908208847,0.004999999888241291,0.6363000273704529,0.5684999823570251,0.6060000061988831,0.002199999988079071,0.16619999706745148,0.9672999978065491,0.0674000009894371,0.10760000348091125
CAK9115557.1,Cell membrane,Transmembrane domain,Transmembrane,0.2563999891281128,0.10279999673366547,0.01549999974668026,0.6251999735832214,0.1120000034570694,0.0044999998062849045,0.5582000017166138,0.4999000132083893,0.5597000122070312,0.0034000000450760126,0.15850000083446503,0.9761999845504761,0.08720000088214874,0.08910000324249268
CAK9056491.1,Cell membrane,Transmembrane domain,Transmembrane,0.2563999891281128,0.10279999673366547,0.01549999974668026,0.6251999735832214,0.1120000034570694,0.0044999998062849045,0.5582000017166138,0.4999000132083893,0.5597000122070312,0.0034000000450760126,0.15850000083446503,0.9761999845504761,0.08720000088214874,0.08910000324249268
CAK9115379.1,Cell membrane,Transmembrane domain,Transmembrane,0.2581000030040741,0.10279999673366547,0.015599999576807022,0.6189000010490417,0.10830000042915344,0.004600000102072954,0.5569999814033508,0.49570000171661377,0.5616000294685364,0.0032999999821186066,0.14880000054836273,0.9778000116348267,0.0917000025510788,0.0885000005364418
CAE7316578.1,Cell membrane,Signal peptide|Transmembrane domain,Transmembrane,0.2667999863624573,0.10249999910593033,0.014800000004470348,0.586899995803833,0.1111999973654747,0.005400000140070915,0.541700005531311,0.5347999930381775,0.5625,0.004399999976158142,0.1590999960899353,0.9758999943733215,0.09849999845027924,0.08380000293254852
CAE7512503.1,Cell membrane,Signal peptide|Transmembrane domain,Transmembrane,0.27619999647140503,0.1096000000834465,0.016300000250339508,0.5899999737739563,0.10350000113248825,0.005200000014156103,0.5188000202178955,0.5473999977111816,0.5511000156402588,0.004399999976158142,0.14890000224113464,0.9760000109672546,0.10360000282526016,0.08550000190734863
OLP91352.1,Endoplasmic reticulum,Transmembrane domain,Transmembrane,0.3138999938964844,0.08590000122785568,0.017000000923871994,0.3675999939441681,0.2046000063419342,0.007600000128149986,0.46059998869895935,0.4180000126361847,0.4571000039577484,0.019300000742077827,0.2021999955177307,0.968500018119812,0.06750000268220901,0.08860000222921371
CAK9066834.1,Cytoplasm,,Transmembrane,0.2890999913215637,0.26030001044273376,0.0142000000923872,0.3560999929904938,0.19089999794960022,0.03689999878406525,0.21979999542236328,0.21709999442100525,0.20440000295639038,0.03310000151395798,0.11919999867677689,0.9269999861717224,0.07329999655485153,0.1746000051498413
CAK9067332.1,Cell membrane,Signal peptide|Transmembrane domain,Transmembrane,0.25920000672340393,0.10170000046491623,0.015599999576807022,0.6198999881744385,0.11050000041723251,0.004600000102072954,0.5590000152587891,0.5073999762535095,0.5576000213623047,0.0031999999191612005,0.15970000624656677,0.9736999869346619,0.0877000018954277,0.09319999814033508
CAK9066096.1,Lysosome/Vacuole,Transmembrane domain,Transmembrane,0.24629999697208405,0.11379999667406082,0.0215000007301569,0.4618000090122223,0.08609999716281891,0.016699999570846558,0.567300021648407,0.678600013256073,0.5579000115394592,0.01140000019222498,0.07479999959468842,0.9804999828338623,0.12970000505447388,0.10419999808073044
CAL1172295.1,Lysosome/Vacuole,Transmembrane domain,Transmembrane,0.288100004196167,0.15880000591278076,0.014800000004470348,0.36410000920295715,0.08349999785423279,0.012500000186264515,0.5234000086784363,0.6538000106811523,0.47040000557899475,0.011800000444054604,0.08950000256299973,0.9627000093460083,0.09640000015497208,0.12770000100135803
CAE7404220.1,Lysosome/Vacuole,Transmembrane domain,Transmembrane,0.301800012588501,0.1664000004529953,0.017899999395012856,0.3862999975681305,0.1143999993801117,0.015399999916553497,0.43140000104904175,0.6046000123023987,0.4779999852180481,0.01899999938905239,0.12200000137090683,0.9642000198364258,0.08630000054836273,0.10400000214576721
CAE8599884.1,Lysosome/Vacuole,Transmembrane domain,Transmembrane,0.2231999933719635,0.11980000138282776,0.012199999764561653,0.4945000112056732,0.09260000288486481,0.016300000250339508,0.49869999289512634,0.5663999915122986,0.48730000853538513,0.014600000344216824,0.06719999760389328,0.9412000179290771,0.13500000536441803,0.17299999296665192
CAL1170237.1,Nucleus,Nuclear localization signal,Transmembrane,0.2736000120639801,0.4609000086784363,0.03310000151395798,0.2062000036239624,0.23080000281333923,0.008299999870359898,0.2565999925136566,0.1753000020980835,0.24480000138282776,0.00930000003427267,0.21819999814033508,0.9419000148773193,0.04879999905824661,0.15379999577999115
CAE7366873.1,Cytoplasm,Peroxisomal targeting signal,Soluble,0.7164000272750854,0.25099998712539673,0.05770000070333481,0.16169999539852142,0.4738999903202057,0.18930000066757202,0.2660999894142151,0.09380000084638596,0.1761000007390976,0.5339000225067139,0.5450999736785889,0.18320000171661377,0.08730000257492065,0.6812000274658203
CAK9101015.1,Lysosome/Vacuole,Transmembrane domain,Transmembrane,0.30820000171661377,0.10689999908208847,0.019899999722838402,0.424699991941452,0.08730000257492065,0.019500000402331352,0.3776000142097473,0.5763999819755554,0.5020999908447266,0.00559999980032444,0.11659999936819077,0.9706000089645386,0.07249999791383743,0.10849999636411667
CAK9066522.1,Lysosome/Vacuole,Signal peptide|Transmembrane domain,Transmembrane,0.2361000031232834,0.11180000007152557,0.02930000051856041,0.5228999853134155,0.1014999970793724,0.025200000032782555,0.45739999413490295,0.6172999739646912,0.569599986076355,0.014399999752640724,0.07540000230073929,0.9775000214576721,0.13359999656677246,0.1088000014424324
CAK9101060.1,Lysosome/Vacuole,Transmembrane domain,Transmembrane,0.3098999857902527,0.10559999942779541,0.01979999989271164,0.4239000082015991,0.08659999817609787,0.019300000742077827,0.3797000050544739,0.5774999856948853,0.5034000277519226,0.005499999970197678,0.11590000241994858,0.9703999757766724,0.0723000019788742,0.10890000313520432
CAK8989292.1,Lysosome/Vacuole,Transmembrane domain,Transmembrane,0.30880001187324524,0.10499999672174454,0.019899999722838402,0.42820000648498535,0.08820000290870667,0.019500000402331352,0.38019999861717224,0.5752999782562256,0.5038999915122986,0.00559999980032444,0.1168999969959259,0.97079998254776,0.07240000367164612,0.1080000028014183
CAE7264577.1,Lysosome/Vacuole,Transmembrane domain,Transmembrane,0.31349998712539673,0.1096000000834465,0.01730000041425228,0.4307999908924103,0.08730000257492065,0.015599999576807022,0.4065999984741211,0.5789999961853027,0.4805000126361847,0.006000000052154064,0.10040000081062317,0.9684000015258789,0.06849999725818634,0.1103999987244606
CAK8989155.1,Lysosome/Vacuole,Transmembrane domain,Transmembrane,0.387800008058548,0.11940000206232071,0.018799999728798866,0.44110000133514404,0.1143999993801117,0.0142000000923872,0.4196999967098236,0.5659999847412109,0.5530999898910522,0.006399999838322401,0.13850000500679016,0.9569000005722046,0.062199998646974564,0.1428000032901764
CAE7535686.1,Mitochondrion,Mitochondrial transit peptide,Peripheral|Soluble,0.23250000178813934,0.11060000211000443,0.042399998754262924,0.05119999870657921,0.8982999920845032,0.028200000524520874,0.013100000098347664,0.03180000185966492,0.04830000177025795,0.0010999999940395355,0.7633000016212463,0.05620000138878822,0.052400000393390656,0.7998999953269958
CAE7292687.1,Lysosome/Vacuole,Transmembrane domain,Transmembrane,0.24879999458789825,0.16910000145435333,0.019300000742077827,0.4047999978065491,0.12349999696016312,0.020500000566244125,0.5745000243186951,0.5835999846458435,0.4828000068664551,0.010900000110268593,0.10080000013113022,0.9695000052452087,0.0738999992609024,0.10719999670982361
CAL1125029.1,Endoplasmic reticulum,,Transmembrane,0.3765999972820282,0.09960000216960907,0.03060000017285347,0.27970001101493835,0.3068000078201294,0.0803999975323677,0.7324000000953674,0.37700000405311584,0.37599998712539673,0.02630000002682209,0.31459999084472656,0.9564999938011169,0.09629999846220016,0.11400000005960464
CAK9057637.1,Cytoplasm,Nuclear export signal,Peripheral|Soluble,0.6310999989509583,0.4788999855518341,0.04039999842643738,0.15729999542236328,0.18629999458789825,0.011699999682605267,0.4772999882698059,0.2890999913215637,0.2946000099182129,0.03959999978542328,0.603600025177002,0.12970000505447388,0.09399999678134918,0.7448999881744385
CAL1126741.1,Nucleus,Nuclear localization signal,Soluble,0.3677000105381012,0.5231000185012817,0.14059999585151672,0.2678999900817871,0.1776999980211258,0.03359999880194664,0.44530001282691956,0.0868000015616417,0.1712000072002411,0.030300000682473183,0.4724999964237213,0.21410000324249268,0.10080000013113022,0.7465999722480774
CAK9039316.1,Extracellular,Signal peptide,Peripheral|Soluble,0.20440000295639038,0.0820000022649765,0.6158000230789185,0.11020000278949738,0.2387000024318695,0.22990000247955322,0.3628999888896942,0.26969999074935913,0.31709998846054077,0.0674000009894371,0.6395999789237976,0.1639000028371811,0.13500000536441803,0.6859999895095825
CAK9041836.1,Extracellular,Signal peptide,Peripheral|Soluble,0.20440000295639038,0.0820000022649765,0.6158000230789185,0.11020000278949738,0.2387000024318695,0.22990000247955322,0.3628999888896942,0.26969999074935913,0.31709998846054077,0.0674000009894371,0.6395999789237976,0.1639000028371811,0.13500000536441803,0.6859999895095825
CAK9072805.1,Cytoplasm,Nuclear export signal,Soluble,0.6261000037193298,0.4553999900817871,0.039400000125169754,0.13120000064373016,0.18060000240802765,0.013500000350177288,0.5008999705314636,0.30979999899864197,0.2867000102996826,0.0348999984562397,0.5978000164031982,0.13079999387264252,0.08479999750852585,0.7432000041007996
OLP86809.1,Cytoplasm,,Soluble,0.3393999934196472,0.27959999442100525,0.19380000233650208,0.2856000065803528,0.062199998646974564,0.03869999945163727,0.188400000333786,0.13220000267028809,0.07670000195503235,0.007199999876320362,0.46149998903274536,0.2919999957084656,0.1624000072479248,0.6484000086784363
CAL1124936.1,Endoplasmic reticulum,,Transmembrane,0.4113999903202057,0.2467000037431717,0.055799998342990875,0.18170000612735748,0.1274999976158142,0.03139999881386757,0.5662999749183655,0.09399999678134918,0.22869999706745148,0.017799999564886093,0.2531999945640564,0.9402999877929688,0.08699999749660492,0.1363999992609024
CAK9023444.1,Endoplasmic reticulum,,Transmembrane,0.26649999618530273,0.11789999902248383,0.014100000262260437,0.2264000028371811,0.1736000031232834,0.06350000202655792,0.6679999828338623,0.3172000050544739,0.4246000051498413,0.01850000023841858,0.19509999454021454,0.9580000042915344,0.08389999717473984,0.1152999997138977
CAK9109567.1,Endoplasmic reticulum,,Transmembrane,0.26649999618530273,0.11789999902248383,0.014100000262260437,0.2264000028371811,0.1736000031232834,0.06350000202655792,0.6679999828338623,0.3172000050544739,0.4246000051498413,0.01850000023841858,0.19509999454021454,0.9580000042915344,0.08389999717473984,0.1152999997138977
CAK9109573.1,Endoplasmic reticulum,,Transmembrane,0.26649999618530273,0.11789999902248383,0.014100000262260437,0.2264000028371811,0.1736000031232834,0.06350000202655792,0.6679999828338623,0.3172000050544739,0.4246000051498413,0.01850000023841858,0.19509999454021454,0.9580000042915344,0.08389999717473984,0.1152999997138977
CAK9019952.1,Endoplasmic reticulum,,Transmembrane,0.26649999618530273,0.11789999902248383,0.014100000262260437,0.2264000028371811,0.1736000031232834,0.06350000202655792,0.6679999828338623,0.3172000050544739,0.4246000051498413,0.01850000023841858,0.19509999454021454,0.9580000042915344,0.08389999717473984,0.1152999997138977
CAK9023442.1,Endoplasmic reticulum,,Transmembrane,0.26649999618530273,0.11789999902248383,0.014100000262260437,0.2264000028371811,0.1736000031232834,0.06350000202655792,0.6679999828338623,0.3172000050544739,0.4246000051498413,0.01850000023841858,0.19509999454021454,0.9580000042915344,0.08389999717473984,0.1152999997138977
CAK9020019.1,Endoplasmic reticulum,,Transmembrane,0.26649999618530273,0.11789999902248383,0.014100000262260437,0.2264000028371811,0.1736000031232834,0.06350000202655792,0.6679999828338623,0.3172000050544739,0.4246000051498413,0.01850000023841858,0.19509999454021454,0.9580000042915344,0.08389999717473984,0.1152999997138977
CAK9113535.1,Endoplasmic reticulum,,Transmembrane,0.26649999618530273,0.11789999902248383,0.014100000262260437,0.2264000028371811,0.1736000031232834,0.06350000202655792,0.6679999828338623,0.3172000050544739,0.4246000051498413,0.01850000023841858,0.19509999454021454,0.9580000042915344,0.08389999717473984,0.1152999997138977
CAK9041931.1,Cytoplasm,,Peripheral|Soluble,0.5935999751091003,0.3190000057220459,0.20010000467300415,0.1446000039577484,0.15850000083446503,0.06159999966621399,0.20669999718666077,0.3330000042915344,0.23589999973773956,0.034299999475479126,0.6985999941825867,0.01140000019222498,0.1582999974489212,0.8289999961853027
CAK9039427.1,Cytoplasm,,Peripheral|Soluble,0.5935999751091003,0.3190000057220459,0.20010000467300415,0.1446000039577484,0.15850000083446503,0.06159999966621399,0.20669999718666077,0.3330000042915344,0.23589999973773956,0.034299999475479126,0.6985999941825867,0.01140000019222498,0.1582999974489212,0.8289999961853027
CAE8627780.1,Mitochondrion,Mitochondrial transit peptide,Peripheral|Soluble,0.25,0.05990000069141388,0.029600000008940697,0.06650000065565109,0.8626999855041504,0.042100001126527786,0.0406000018119812,0.05270000174641609,0.06610000133514404,0.005900000222027302,0.6937999725341797,0.035999998450279236,0.12950000166893005,0.7317000031471252
CAE8625947.1,Endoplasmic reticulum,Signal peptide|Transmembrane domain,Transmembrane,0.13089999556541443,0.13109999895095825,0.051899999380111694,0.14579999446868896,0.25690001249313354,0.042500000447034836,0.8668000102043152,0.273499995470047,0.40939998626708984,0.03180000185966492,0.3109999895095825,0.9110999703407288,0.17839999496936798,0.08749999850988388
OLP90119.1,Endoplasmic reticulum,Signal peptide,Transmembrane,0.22589999437332153,0.33180001378059387,0.04740000143647194,0.21940000355243683,0.13040000200271606,0.014600000344216824,0.6003999710083008,0.17309999465942383,0.27129998803138733,0.02850000001490116,0.29589998722076416,0.7287999987602234,0.3319000005722046,0.19179999828338623
CAE7214199.1,Endoplasmic reticulum,Signal peptide|Transmembrane domain,Transmembrane,0.1898999959230423,0.1266999989748001,0.034299999475479126,0.2858999967575073,0.1266999989748001,0.015599999576807022,0.847100019454956,0.4138000011444092,0.5940999984741211,0.06459999829530716,0.34549999237060547,0.8804000020027161,0.2745000123977661,0.07859999686479568
CAE7244313.1,Cytoplasm,Nuclear localization signal,Peripheral|Soluble,0.6499000191688538,0.28060001134872437,0.14710000157356262,0.15279999375343323,0.17350000143051147,0.035100001841783524,0.2386000007390976,0.3935000002384186,0.3287999927997589,0.01119999960064888,0.6011999845504761,0.018699999898672104,0.2506999969482422,0.7950000166893005
CAK9114223.1,Peroxisome,Peroxisomal targeting signal,Soluble,0.29109999537467957,0.24619999527931213,0.022700000554323196,0.11969999969005585,0.10119999945163727,0.003800000064074993,0.05480000004172325,0.21580000221729279,0.11900000274181366,0.9850000143051147,0.5094000101089478,0.1014999970793724,0.09319999814033508,0.7943999767303467
CAE8589763.1,Endoplasmic reticulum,Signal peptide|Transmembrane domain,Transmembrane,0.19220000505447388,0.22769999504089355,0.0649000033736229,0.2460000067949295,0.2190999984741211,0.011900000274181366,0.48159998655319214,0.1632000058889389,0.36500000953674316,0.07880000025033951,0.33959999680519104,0.854200005531311,0.20649999380111694,0.13079999387264252
CAK9029770.1,Mitochondrion,Mitochondrial transit peptide,Peripheral|Soluble,0.22030000388622284,0.055399999022483826,0.02539999969303608,0.06279999762773514,0.8154000043869019,0.012299999594688416,0.11400000005960464,0.07010000199079514,0.16130000352859497,0.007699999958276749,0.7149999737739563,0.04309999942779541,0.09920000284910202,0.7217000126838684
CAL1161436.1,Endoplasmic reticulum,Signal peptide|Transmembrane domain,Transmembrane,0.19439999759197235,0.15710000693798065,0.020400000736117363,0.44780001044273376,0.17339999973773956,0.02290000021457672,0.7558000087738037,0.3102000057697296,0.48010000586509705,0.055799998342990875,0.18529999256134033,0.9470000267028809,0.2903999984264374,0.11779999732971191
CAE8638541.1,Cytoplasm,Nuclear localization signal,Soluble,0.5821999907493591,0.2635999917984009,0.16349999606609344,0.04879999905824661,0.3276999890804291,0.06369999796152115,0.2054000049829483,0.08479999750852585,0.1307000070810318,0.00800000037997961,0.31310001015663147,0.03610000014305115,0.04450000077486038,0.8560000061988831
CAE8621905.1,Cytoplasm,Nuclear localization signal,Soluble,0.5791000127792358,0.28949999809265137,0.14390000700950623,0.05530000105500221,0.3073999881744385,0.06369999796152115,0.20720000565052032,0.08900000154972076,0.12399999797344208,0.010999999940395355,0.3278000056743622,0.03779999911785126,0.040800001472234726,0.8593999743461609
CAE8592492.1,Cell membrane,Signal peptide|Transmembrane domain,Transmembrane,0.225600004196167,0.20589999854564667,0.08110000193119049,0.43050000071525574,0.22419999539852142,0.031099999323487282,0.42730000615119934,0.20669999718666077,0.24580000340938568,0.037700001150369644,0.25699999928474426,0.890500009059906,0.13230000436306,0.21310000121593475
CAE8582839.1,Cytoplasm,Nuclear localization signal,Soluble,0.576200008392334,0.28279998898506165,0.15330000221729279,0.05559999868273735,0.3046000003814697,0.059700001031160355,0.20499999821186066,0.08489999920129776,0.12399999797344208,0.010999999940395355,0.33239999413490295,0.041200000792741776,0.039500001817941666,0.8586000204086304
CAL1171331.1,Cytoplasm,Nuclear localization signal,Soluble,0.6295999884605408,0.2653000056743622,0.18310000002384186,0.04410000145435333,0.38269999623298645,0.03220000118017197,0.18459999561309814,0.05530000105500221,0.08789999783039093,0.0035000001080334187,0.2994000017642975,0.04340000078082085,0.03449999913573265,0.8708999752998352
CAE7293635.1,Cytoplasm,Nuclear localization signal,Soluble,0.5961999893188477,0.4788999855518341,0.08720000088214874,0.10610000044107437,0.2526000142097473,0.023399999365210533,0.21969999372959137,0.061500001698732376,0.07660000026226044,0.0071000000461936,0.3971000015735626,0.05909999832510948,0.04450000077486038,0.8456000089645386
CAK9013234.1,Cytoplasm,,Soluble,0.5133000016212463,0.22220000624656677,0.32359999418258667,0.15199999511241913,0.2012999951839447,0.008999999612569809,0.2676999866962433,0.20640000700950623,0.2624000012874603,0.005499999970197678,0.4424000084400177,0.06159999966621399,0.06700000166893005,0.8126999735832214
CAK9094362.1,Cytoplasm,,Soluble,0.49390000104904175,0.22519999742507935,0.32850000262260437,0.13660000264644623,0.18930000066757202,0.008799999952316284,0.2451000064611435,0.16509999334812164,0.24140000343322754,0.007199999876320362,0.39820000529289246,0.062199998646974564,0.09260000288486481,0.8101999759674072
CAK9094360.1,Cytoplasm,,Soluble,0.49390000104904175,0.22519999742507935,0.32850000262260437,0.13660000264644623,0.18930000066757202,0.008799999952316284,0.2451000064611435,0.16509999334812164,0.24140000343322754,0.007199999876320362,0.39820000529289246,0.062199998646974564,0.09260000288486481,0.8101999759674072
CAK9094361.1,Cytoplasm,,Soluble,0.49390000104904175,0.22519999742507935,0.32850000262260437,0.13660000264644623,0.18930000066757202,0.008799999952316284,0.2451000064611435,0.16509999334812164,0.24140000343322754,0.007199999876320362,0.39820000529289246,0.062199998646974564,0.09260000288486481,0.8101999759674072
CAK9013232.1,Cytoplasm,Nuclear localization signal,Soluble,0.6351000070571899,0.2784000039100647,0.15060000121593475,0.0502999983727932,0.3921999931335449,0.029200000688433647,0.16419999301433563,0.05469999834895134,0.09669999778270721,0.003700000001117587,0.30410000681877136,0.04780000075697899,0.03680000081658363,0.8697999715805054
CAK9004744.1,Cytoplasm,Nuclear localization signal,Soluble,0.6335999965667725,0.27730000019073486,0.15479999780654907,0.051100000739097595,0.39899998903274536,0.029600000008940697,0.1647000014781952,0.05649999901652336,0.09549999982118607,0.003700000001117587,0.29679998755455017,0.04639999940991402,0.0364999994635582,0.870199978351593
CAK9004738.1,Cytoplasm,Nuclear localization signal,Soluble,0.6319000124931335,0.2761000096797943,0.15729999542236328,0.050700001418590546,0.39969998598098755,0.02969999983906746,0.16429999470710754,0.0568000003695488,0.09480000287294388,0.003800000064074993,0.29809999465942383,0.04619999974966049,0.03660000115633011,0.8697999715805054
CAK9004755.1,Cytoplasm,Nuclear localization signal,Soluble,0.6319000124931335,0.2761000096797943,0.15729999542236328,0.050700001418590546,0.39969998598098755,0.02969999983906746,0.16429999470710754,0.0568000003695488,0.09480000287294388,0.003800000064074993,0.29809999465942383,0.04619999974966049,0.03660000115633011,0.8697999715805054
CAK9004756.1,Cytoplasm,Nuclear localization signal,Soluble,0.6319000124931335,0.2761000096797943,0.15729999542236328,0.050700001418590546,0.39969998598098755,0.02969999983906746,0.16429999470710754,0.0568000003695488,0.09480000287294388,0.003800000064074993,0.29809999465942383,0.04619999974966049,0.03660000115633011,0.8697999715805054
CAK9004754.1,Cytoplasm,Nuclear localization signal,Soluble,0.6319000124931335,0.2761000096797943,0.15729999542236328,0.050700001418590546,0.39969998598098755,0.02969999983906746,0.16429999470710754,0.0568000003695488,0.09480000287294388,0.003800000064074993,0.29809999465942383,0.04619999974966049,0.03660000115633011,0.8697999715805054
CAK9004751.1,Cytoplasm,Nuclear localization signal,Soluble,0.6319000124931335,0.2761000096797943,0.15729999542236328,0.050700001418590546,0.39969998598098755,0.02969999983906746,0.16429999470710754,0.0568000003695488,0.09480000287294388,0.003800000064074993,0.29809999465942383,0.04619999974966049,0.03660000115633011,0.8697999715805054
CAK9004748.1,Cytoplasm,Nuclear localization signal,Soluble,0.6376000046730042,0.27250000834465027,0.14749999344348907,0.05139999836683273,0.39320001006126404,0.029600000008940697,0.16859999299049377,0.05380000174045563,0.09700000286102295,0.003599999938160181,0.29809999465942383,0.04800000041723251,0.03759999945759773,0.871999979019165
CAK9004740.1,Cytoplasm,Nuclear localization signal,Soluble,0.6385999917984009,0.2736999988555908,0.15000000596046448,0.05169999971985817,0.3935999870300293,0.029100000858306885,0.16619999706745148,0.05380000174045563,0.09600000083446503,0.003599999938160181,0.3003000020980835,0.04780000075697899,0.038100000470876694,0.8712000250816345
CAK9004742.1,Cytoplasm,Nuclear localization signal,Soluble,0.6366999745368958,0.2718999981880188,0.15559999644756317,0.05130000039935112,0.39559999108314514,0.029600000008940697,0.1647000014781952,0.05620000138878822,0.093299999833107,0.0035000001080334187,0.2928999960422516,0.04619999974966049,0.03759999945759773,0.8715999722480774
CAK9004752.1,Cytoplasm,Nuclear localization signal,Soluble,0.6352999806404114,0.27140000462532043,0.15649999678134918,0.05209999904036522,0.4007999897003174,0.029500000178813934,0.1664000004529953,0.05590000003576279,0.09399999678134918,0.003700000001117587,0.29429998993873596,0.046300001442432404,0.03790000081062317,0.8712000250816345
CAK9004746.1,Cytoplasm,Nuclear localization signal,Soluble,0.6352999806404114,0.27140000462532043,0.15649999678134918,0.05209999904036522,0.4007999897003174,0.029500000178813934,0.1664000004529953,0.05590000003576279,0.09399999678134918,0.003700000001117587,0.29429998993873596,0.046300001442432404,0.03790000081062317,0.8712000250816345
CAK9004749.1,Cytoplasm,Nuclear localization signal,Soluble,0.6352999806404114,0.27140000462532043,0.15649999678134918,0.05209999904036522,0.4007999897003174,0.029500000178813934,0.1664000004529953,0.05590000003576279,0.09399999678134918,0.003700000001117587,0.29429998993873596,0.046300001442432404,0.03790000081062317,0.8712000250816345
CAK9004745.1,Cytoplasm,Nuclear localization signal,Soluble,0.6352999806404114,0.27140000462532043,0.15649999678134918,0.05209999904036522,0.4007999897003174,0.029500000178813934,0.1664000004529953,0.05590000003576279,0.09399999678134918,0.003700000001117587,0.29429998993873596,0.046300001442432404,0.03790000081062317,0.8712000250816345
CAK9013230.1,Cytoplasm,,Soluble,0.6280999779701233,0.26170000433921814,0.19470000267028809,0.07829999923706055,0.23240000009536743,0.031300000846385956,0.13269999623298645,0.0575999990105629,0.14399999380111694,0.033799998462200165,0.25699999928474426,0.12150000035762787,0.17679999768733978,0.786899983882904
CAK9004747.1,Cytoplasm,Nuclear localization signal,Soluble,0.6402000188827515,0.2687000036239624,0.1581999957561493,0.05180000141263008,0.40299999713897705,0.028599999845027924,0.17239999771118164,0.05460000038146973,0.0997999981045723,0.003599999938160181,0.3037000000476837,0.04800000041723251,0.03970000147819519,0.8702999949455261
CAK9004753.1,Cytoplasm,Nuclear localization signal,Soluble,0.6376000046730042,0.2660999894142151,0.16220000386238098,0.05119999870657921,0.4000000059604645,0.027499999850988388,0.16760000586509705,0.05660000070929527,0.09759999811649323,0.003599999938160181,0.2930999994277954,0.04729999974370003,0.03830000013113022,0.8708000183105469
CAK9004710.1,Cytoplasm,Nuclear localization signal,Soluble,0.6679999828338623,0.27709999680519104,0.1679999977350235,0.05040000006556511,0.3425999879837036,0.030899999663233757,0.1860000044107437,0.07169999927282333,0.1281999945640564,0.009700000286102295,0.2957000136375427,0.062199998646974564,0.0632999986410141,0.8467000126838684
CAL1150024.1,Endoplasmic reticulum,Signal peptide|Transmembrane domain,Transmembrane,0.1940000057220459,0.31869998574256897,0.026900000870227814,0.3718999922275543,0.12479999661445618,0.010999999940395355,0.5235999822616577,0.16779999434947968,0.29490000009536743,0.017500000074505806,0.2574999928474426,0.9455999732017517,0.21559999883174896,0.10189999639987946
CAE8604966.1,Peroxisome,Peroxisomal targeting signal,Soluble,0.262800008058548,0.17520000040531158,0.13809999823570251,0.1738000065088272,0.17569999396800995,0.044199999421834946,0.07000000029802322,0.08709999918937683,0.05950000137090683,0.847000002861023,0.48069998621940613,0.11890000104904175,0.08609999716281891,0.7253999710083008
CAE8601752.1,Peroxisome,Peroxisomal targeting signal,Soluble,0.18970000743865967,0.13349999487400055,0.08630000054836273,0.13689999282360077,0.21070000529289246,0.04529999941587448,0.07490000128746033,0.07240000367164612,0.04430000111460686,0.7462000250816345,0.5192999839782715,0.13019999861717224,0.10080000013113022,0.6802999973297119
CAE8615010.1,Peroxisome,Peroxisomal targeting signal,Soluble,0.1597999930381775,0.15199999511241913,0.028200000524520874,0.09510000050067902,0.32749998569488525,0.009499999694526196,0.08079999685287476,0.0575999990105629,0.05469999834895134,0.9138000011444092,0.474700003862381,0.12150000035762787,0.09399999678134918,0.6873000264167786
CAE8597421.1,Mitochondrion,Mitochondrial transit peptide,Peripheral|Soluble,0.2312999963760376,0.16740000247955322,0.017999999225139618,0.10700000077486038,0.7634999752044678,0.010999999940395355,0.05180000141263008,0.04540000110864639,0.032999999821186066,0.044599998742341995,0.7771000266075134,0.14010000228881836,0.12860000133514404,0.6018999814987183
CAL1142634.1,Endoplasmic reticulum,Signal peptide|Transmembrane domain,Transmembrane,0.27390000224113464,0.22259999811649323,0.21879999339580536,0.2669999897480011,0.3084000051021576,0.23829999566078186,0.6973000168800354,0.21250000596046448,0.18549999594688416,0.14030000567436218,0.3334999978542328,0.8780999779701233,0.37299999594688416,0.22619999945163727
CAE7319963.1,Endoplasmic reticulum,Signal peptide,Soluble,0.2337999939918518,0.09610000252723694,0.1932000070810318,0.2743000090122223,0.06120000034570694,0.010700000450015068,0.8931999802589417,0.4122999906539917,0.34880000352859497,0.07569999992847443,0.5310999751091003,0.06769999861717224,0.2635999917984009,0.7329000234603882
CAL1145175.1,Endoplasmic reticulum,,Transmembrane,0.3621000051498413,0.2572999894618988,0.2085999995470047,0.2498999983072281,0.3903999924659729,0.11949999630451202,0.5374000072479248,0.13920000195503235,0.15639999508857727,0.04919999837875366,0.2924000024795532,0.8960000276565552,0.19380000233650208,0.2011999934911728
CAE8610471.1,Peroxisome,Peroxisomal targeting signal,Soluble,0.23389999568462372,0.18219999969005585,0.07450000196695328,0.0934000015258789,0.16099999845027924,0.006099999882280827,0.06889999657869339,0.04910000041127205,0.08889999985694885,0.9872000217437744,0.5085999965667725,0.13689999282360077,0.13500000536441803,0.7376000285148621
CAE8585568.1,Cytoplasm|Nucleus,Nuclear localization signal,Soluble,0.48969998955726624,0.54830002784729,0.1535000056028366,0.18019999563694,0.033799998462200165,0.01730000041425228,0.3077000081539154,0.1386999934911728,0.17440000176429749,0.09860000014305115,0.41530001163482666,0.2021999955177307,0.1298000067472458,0.7312999963760376
CAE7366862.1,Cytoplasm,Nuclear export signal,Soluble,0.6658999919891357,0.29109999537467957,0.06769999861717224,0.2287999987602234,0.29600000381469727,0.20730000734329224,0.10790000110864639,0.2232999950647354,0.09189999848604202,0.07039999961853027,0.461899995803833,0.11760000139474869,0.07079999893903732,0.7508999705314636
CAE7248497.1,Extracellular|Lysosome/Vacuole|Golgi apparatus,Signal peptide,Soluble,0.1656000018119812,0.04580000042915344,0.8816999793052673,0.16089999675750732,0.06419999897480011,0.008999999612569809,0.46860000491142273,0.6599000096321106,0.7069000005722046,0.007300000172108412,0.524399995803833,0.032999999821186066,0.11580000072717667,0.8377000093460083
CAE7764006.1,Mitochondrion,Mitochondrial transit peptide,Peripheral|Soluble,0.3553999960422516,0.10100000351667404,0.06870000064373016,0.10159999877214432,0.611299991607666,0.04969999939203262,0.22259999811649323,0.09669999778270721,0.3206999897956848,0.01590000092983246,0.6388000249862671,0.3248000144958496,0.11789999902248383,0.560699999332428
OLP93518.1,Mitochondrion,Mitochondrial transit peptide,Peripheral|Soluble,0.375,0.12110000103712082,0.06639999896287918,0.11869999766349792,0.6462000012397766,0.040699999779462814,0.20329999923706055,0.07599999755620956,0.25769999623298645,0.011800000444054604,0.6226000189781189,0.32199999690055847,0.1193000003695488,0.5656999945640564
CAK9102099.1,Cytoplasm,Nuclear localization signal,Soluble,0.5317000150680542,0.3188000023365021,0.13510000705718994,0.14169999957084656,0.016200000420212746,0.012500000186264515,0.06469999998807907,0.11959999799728394,0.17309999465942383,0.0012000000569969416,0.4650999903678894,0.027899999171495438,0.29019999504089355,0.8389999866485596
CAK9112254.1,Mitochondrion,Mitochondrial transit peptide,Soluble,0.15929999947547913,0.04899999871850014,0.0215000007301569,0.13459999859333038,0.8988999724388123,0.06449999660253525,0.045099999755620956,0.04529999941587448,0.04729999974370003,0.00930000003427267,0.5663999915122986,0.07599999755620956,0.13130000233650208,0.6991999745368958
CAK9022845.1,Cytoplasm,Mitochondrial transit peptide,Soluble,0.4275999963283539,0.12099999934434891,0.12470000237226486,0.1704999953508377,0.5654000043869019,0.032600000500679016,0.34130001068115234,0.13619999587535858,0.30250000953674316,0.07559999823570251,0.5705999732017517,0.08399999886751175,0.3799999952316284,0.7050999999046326
OLQ13841.1,Cytoplasm,,Soluble,0.7843999862670898,0.2736000120639801,0.0575999990105629,0.08940000087022781,0.27480000257492065,0.004600000102072954,0.227400004863739,0.2076999992132187,0.3179999887943268,0.1096000000834465,0.5011000037193298,0.17599999904632568,0.14550000429153442,0.7184000015258789
CAE7413111.1,Cytoplasm,,Soluble,0.6146000027656555,0.24860000610351562,0.061400000005960464,0.1185000017285347,0.33009999990463257,0.03720000013709068,0.131400004029274,0.047200001776218414,0.09880000352859497,0.13850000500679016,0.5601999759674072,0.2321999967098236,0.18979999423027039,0.6549999713897705
CAL1174009.1,Endoplasmic reticulum,,Transmembrane,0.30219998955726624,0.18520000576972961,0.09459999948740005,0.4262000024318695,0.2637999951839447,0.029899999499320984,0.5961999893188477,0.4198000133037567,0.40529999136924744,0.023399999365210533,0.3840999901294708,0.8366000056266785,0.09049999713897705,0.24950000643730164
CAL1124885.1,Cytoplasm,,Soluble,0.4765999913215637,0.2305999994277954,0.17839999496936798,0.09539999812841415,0.33320000767707825,0.2484000027179718,0.18230000138282776,0.21580000221729279,0.20340000092983246,0.16609999537467957,0.5852000117301941,0.12160000205039978,0.11869999766349792,0.7239000201225281
CAE7370737.1,Cytoplasm,,Soluble,0.5504000186920166,0.4571000039577484,0.0706000030040741,0.07970000058412552,0.11580000072717667,0.013700000010430813,0.1738000065088272,0.14499999582767487,0.259799987077713,0.036400001496076584,0.34049999713897705,0.05139999836683273,0.11749999970197678,0.866599977016449
OLP88390.1,Cytoplasm,Signal peptide,Soluble,0.32829999923706055,0.2962999939918518,0.1793999969959259,0.2621000111103058,0.2694000005722046,0.026599999517202377,0.4300000071525574,0.2651999890804291,0.1890999972820282,0.016499999910593033,0.5641999840736389,0.2224999964237213,0.25270000100135803,0.5968999862670898
CAE7452293.1,Mitochondrion,Mitochondrial transit peptide,Soluble,0.14419999718666077,0.06830000132322311,0.023800000548362732,0.12080000340938568,0.8759999871253967,0.07450000196695328,0.030799999833106995,0.06030000001192093,0.05640000104904175,0.010099999606609344,0.5999000072479248,0.07190000265836716,0.11429999768733978,0.7121000289916992
CAE8637643.1,Extracellular|Golgi apparatus,Signal peptide,Soluble,0.24420000612735748,0.08739999681711197,0.7286999821662903,0.11630000174045563,0.09790000319480896,0.01489999983459711,0.5410000085830688,0.570900022983551,0.695900022983551,0.016100000590085983,0.49219998717308044,0.053700000047683716,0.11410000175237656,0.7856000065803528
CAE7574529.1,Cytoplasm,Nuclear localization signal,Peripheral|Soluble,0.7501999735832214,0.4584999978542328,0.07900000363588333,0.0551999993622303,0.14419999718666077,0.003100000089034438,0.2069000005722046,0.13289999961853027,0.29109999537467957,0.10029999911785126,0.6018000245094299,0.11900000274181366,0.20389999449253082,0.7188000082969666
CAL1164183.1,Mitochondrion,Mitochondrial transit peptide,Lipid anchor|Soluble,0.3614000082015991,0.06129999831318855,0.09939999878406525,0.5479999780654907,0.6923999786376953,0.028300000354647636,0.21879999339580536,0.3269999921321869,0.20389999449253082,0.11079999804496765,0.5728999972343445,0.09520000219345093,0.8773999810218811,0.5964000225067139
CAK9048154.1,Extracellular,Signal peptide,Soluble,0.2621000111103058,0.0737999975681305,0.6371999979019165,0.13300000131130219,0.11900000274181366,0.00430000014603138,0.5133000016212463,0.5806999802589417,0.5493000149726868,0.012600000016391277,0.45989999175071716,0.04340000078082085,0.11869999766349792,0.8492000102996826
CAK9047979.1,Extracellular,Signal peptide,Soluble,0.2621000111103058,0.0737999975681305,0.6371999979019165,0.13300000131130219,0.11900000274181366,0.00430000014603138,0.5133000016212463,0.5806999802589417,0.5493000149726868,0.012600000016391277,0.45989999175071716,0.04340000078082085,0.11869999766349792,0.8492000102996826
OLP88307.1,Plastid,,Peripheral|Transmembrane,0.10980000346899033,0.03840000182390213,0.11779999732971191,0.10419999808073044,0.28630000352859497,0.48019999265670776,0.19020000100135803,0.11299999803304672,0.37540000677108765,0.008799999952316284,0.78329998254776,0.520799994468689,0.0843999981880188,0.2451999932527542
CAE7944191.1,Plastid,,Peripheral,0.12039999663829803,0.038100000470876694,0.13109999895095825,0.09880000352859497,0.29739999771118164,0.46239998936653137,0.1876000016927719,0.11659999936819077,0.4174000024795532,0.010599999688565731,0.7272999882698059,0.49950000643730164,0.07180000096559525,0.2671999931335449
CAE8621441.1,Cytoplasm,Nuclear localization signal,Soluble,0.7483999729156494,0.2775999903678894,0.10180000215768814,0.14900000393390656,0.02539999969303608,0.0052999998442828655,0.1152999997138977,0.11829999834299088,0.21799999475479126,0.0010000000474974513,0.49070000648498535,0.039000000804662704,0.249099999666214,0.8198000192642212
CAK9093426.1,Cytoplasm,,Soluble,0.7620999813079834,0.21230000257492065,0.07069999724626541,0.21209999918937683,0.29679998755455017,0.03620000183582306,0.11190000176429749,0.43050000071525574,0.1941000074148178,0.04410000145435333,0.5679000020027161,0.07900000363588333,0.17309999465942383,0.7664999961853027
CAK9106441.1,Cytoplasm,,Soluble,0.7620999813079834,0.21230000257492065,0.07069999724626541,0.21209999918937683,0.29679998755455017,0.03620000183582306,0.11190000176429749,0.43050000071525574,0.1941000074148178,0.04410000145435333,0.5679000020027161,0.07900000363588333,0.17309999465942383,0.7664999961853027
CAE7238264.1,Mitochondrion,Mitochondrial transit peptide,Peripheral|Soluble,0.2800999879837036,0.042500000447034836,0.05950000137090683,0.3930000066757202,0.8564000129699707,0.017999999225139618,0.11720000207424164,0.18019999563694,0.11169999837875366,0.06300000101327896,0.6998000144958496,0.07599999755620956,0.6707000136375427,0.6866999864578247
OLQ01873.1,Plastid,,Peripheral|Transmembrane,0.12030000239610672,0.03269999846816063,0.08789999783039093,0.12070000171661377,0.23659999668598175,0.5608999729156494,0.17569999396800995,0.12039999663829803,0.3416999876499176,0.006500000134110451,0.7213000059127808,0.5418999791145325,0.06650000065565109,0.24379999935626984
CAE7463195.1,Plastid,,Peripheral|Transmembrane,0.12030000239610672,0.03269999846816063,0.08789999783039093,0.12070000171661377,0.23659999668598175,0.5608999729156494,0.17569999396800995,0.12039999663829803,0.3416999876499176,0.006500000134110451,0.7213000059127808,0.5418999791145325,0.06650000065565109,0.24379999935626984
CAE8601536.1,Cytoplasm,Nuclear localization signal,Soluble,0.6381000280380249,0.34360000491142273,0.04600000008940697,0.05050000175833702,0.18970000743865967,0.01769999973475933,0.16220000386238098,0.16850000619888306,0.2303999960422516,0.0015999999595806003,0.2667999863624573,0.02850000001490116,0.057500001043081284,0.8920999765396118
CAE8614114.1,Cytoplasm,Nuclear localization signal,Soluble,0.6381000280380249,0.34360000491142273,0.04600000008940697,0.05050000175833702,0.18970000743865967,0.01769999973475933,0.16220000386238098,0.16850000619888306,0.2303999960422516,0.0015999999595806003,0.2667999863624573,0.02850000001490116,0.057500001043081284,0.8920999765396118
CAE8628551.1,Peroxisome,Peroxisomal targeting signal,Peripheral|Soluble,0.3919999897480011,0.1428000032901764,0.10859999805688858,0.27300000190734863,0.19349999725818634,0.023600000888109207,0.25859999656677246,0.120899997651577,0.28519999980926514,0.8036999702453613,0.6079000234603882,0.03550000116229057,0.26460000872612,0.7781000137329102
OLP77995.1,Cytoplasm,Nuclear localization signal,Soluble,0.6510000228881836,0.3625999987125397,0.05260000005364418,0.04580000042915344,0.18449999392032623,0.021199999377131462,0.16859999299049377,0.1738000065088272,0.25769999623298645,0.0027000000700354576,0.29409998655319214,0.029899999499320984,0.07079999893903732,0.894599974155426
CAE8637888.1,Cytoplasm,Peroxisomal targeting signal,Soluble,0.7767999768257141,0.14550000429153442,0.06499999761581421,0.35420000553131104,0.1624000072479248,0.04809999838471413,0.08540000021457672,0.3003000020980835,0.29910001158714294,0.26820001006126404,0.5537999868392944,0.08780000358819962,0.22450000047683716,0.7361999750137329
CAK9006207.1,Plastid,,Peripheral,0.13619999587535858,0.03449999913573265,0.13689999282360077,0.11169999837875366,0.3255000114440918,0.41100001335144043,0.19580000638961792,0.1534000039100647,0.40119999647140503,0.004699999932199717,0.7483000159263611,0.39100000262260437,0.05570000037550926,0.31209999322891235
CAK9081463.1,Plastid,,Peripheral,0.13619999587535858,0.03449999913573265,0.13689999282360077,0.11169999837875366,0.3255000114440918,0.41100001335144043,0.19580000638961792,0.1534000039100647,0.40119999647140503,0.004699999932199717,0.7483000159263611,0.39100000262260437,0.05570000037550926,0.31209999322891235
CAE8622551.1,Cytoplasm,Nuclear localization signal,Soluble,0.6424999833106995,0.337799996137619,0.047600001096725464,0.04969999939203262,0.18119999766349792,0.017999999225139618,0.1573999971151352,0.17030000686645508,0.23409999907016754,0.0015999999595806003,0.2637999951839447,0.02850000001490116,0.0575999990105629,0.8925999999046326
CAK9024527.1,Cytoplasm,,Soluble,0.6757000088691711,0.3447999954223633,0.050200000405311584,0.043299999088048935,0.2094999998807907,0.023600000888109207,0.19059999287128448,0.1695999950170517,0.2825999855995178,0.0031999999191612005,0.30300000309944153,0.02759999968111515,0.0746999979019165,0.9042999744415283
CAK9057716.1,Cytoplasm,,Soluble,0.6757000088691711,0.3447999954223633,0.050200000405311584,0.043299999088048935,0.2094999998807907,0.023600000888109207,0.19059999287128448,0.1695999950170517,0.2825999855995178,0.0031999999191612005,0.30300000309944153,0.02759999968111515,0.0746999979019165,0.9042999744415283
CAL1164991.1,Mitochondrion,Mitochondrial transit peptide,Peripheral|Soluble,0.30309998989105225,0.08820000290870667,0.0478999987244606,0.09120000153779984,0.7750999927520752,0.052000001072883606,0.15620000660419464,0.06080000102519989,0.14900000393390656,0.01209999993443489,0.6061999797821045,0.27300000190734863,0.1623000055551529,0.6133000254631042
CAE8587277.1,Cytoplasm,Nuclear localization signal,Soluble,0.6398000121116638,0.3458000123500824,0.045899998396635056,0.05000000074505806,0.18459999561309814,0.01769999973475933,0.15929999947547913,0.16940000653266907,0.23000000417232513,0.0015999999595806003,0.26499998569488525,0.028999999165534973,0.05739999935030937,0.891700029373169
CAE8585673.1,Cytoplasm,Nuclear localization signal,Soluble,0.6409000158309937,0.3416000008583069,0.04699999839067459,0.050200000405311584,0.1876000016927719,0.01759999990463257,0.16009999811649323,0.1703999936580658,0.2328999936580658,0.0015999999595806003,0.2671999931335449,0.02879999950528145,0.05810000002384186,0.8913000226020813
CAE8597182.1,Cytoplasm,Nuclear localization signal,Soluble,0.6409000158309937,0.3416000008583069,0.04699999839067459,0.050200000405311584,0.1876000016927719,0.01759999990463257,0.16009999811649323,0.1703999936580658,0.2328999936580658,0.0015999999595806003,0.2671999931335449,0.02879999950528145,0.05810000002384186,0.8913000226020813
CAE8628843.1,Mitochondrion,Mitochondrial transit peptide,Peripheral|Soluble,0.20110000669956207,0.04179999977350235,0.03629999980330467,0.10840000212192535,0.8748999834060669,0.0357000008225441,0.04560000076889992,0.03420000150799751,0.08820000290870667,0.005200000014156103,0.6353999972343445,0.07649999856948853,0.1289999932050705,0.7339000105857849
CAE8584199.1,Cytoplasm,Nuclear localization signal,Soluble,0.6389999985694885,0.3353999853134155,0.04800000041723251,0.04919999837875366,0.19519999623298645,0.01720000058412552,0.1573999971151352,0.17679999768733978,0.24580000340938568,0.002199999988079071,0.26429998874664307,0.031099999323487282,0.061500001698732376,0.8891000151634216
CAE8597872.1,Cytoplasm,Nuclear localization signal,Soluble,0.6316999793052673,0.3093999922275543,0.04910000041127205,0.04439999908208847,0.1777999997138977,0.01889999955892563,0.16590000689029694,0.18119999766349792,0.2587999999523163,0.0017999999690800905,0.2736999988555908,0.02850000001490116,0.06300000101327896,0.8883000016212463
CAE8601414.1,Cytoplasm,Nuclear localization signal,Soluble,0.6316999793052673,0.3093999922275543,0.04910000041127205,0.04439999908208847,0.1777999997138977,0.01889999955892563,0.16590000689029694,0.18119999766349792,0.2587999999523163,0.0017999999690800905,0.2736999988555908,0.02850000001490116,0.06300000101327896,0.8883000016212463
CAE8584201.1,Cytoplasm,Nuclear localization signal,Soluble,0.6380000114440918,0.3353999853134155,0.04690000042319298,0.04839999973773956,0.19339999556541443,0.01679999940097332,0.1573999971151352,0.1777999997138977,0.24799999594688416,0.002099999925121665,0.2662999927997589,0.031199999153614044,0.06069999933242798,0.8881999850273132
CAE8584203.1,Cytoplasm,Nuclear localization signal,Soluble,0.6376000046730042,0.33570000529289246,0.04780000075697899,0.04919999837875366,0.19480000436306,0.016899999231100082,0.15729999542236328,0.17649999260902405,0.24639999866485596,0.002199999988079071,0.26669999957084656,0.031099999323487282,0.061500001698732376,0.8880000114440918
CAE8593306.1,Cytoplasm,Nuclear localization signal,Soluble,0.637499988079071,0.3346000015735626,0.0471000000834465,0.04780000075697899,0.19300000369548798,0.016699999570846558,0.15539999306201935,0.17739999294281006,0.24609999358654022,0.002099999925121665,0.266400009393692,0.031099999323487282,0.05939999967813492,0.8884000182151794
CAE8593305.1,Cytoplasm,Nuclear localization signal,Soluble,0.6323000192642212,0.34599998593330383,0.045899998396635056,0.052000001072883606,0.18770000338554382,0.01510000042617321,0.16200000047683716,0.17219999432563782,0.24130000174045563,0.002099999925121665,0.26330000162124634,0.031199999153614044,0.06120000034570694,0.8881999850273132
CAE8604451.1,Cytoplasm,,Soluble,0.6236000061035156,0.3305000066757202,0.04740000143647194,0.04650000110268593,0.19509999454021454,0.01889999955892563,0.15289999544620514,0.19169999659061432,0.2476000040769577,0.002099999925121665,0.2615000009536743,0.03139999881386757,0.0617000013589859,0.8880000114440918
CAK9045743.1,Cytoplasm,Nuclear localization signal,Soluble,0.6639999747276306,0.34689998626708984,0.04580000042915344,0.0471000000834465,0.20059999823570251,0.02280000038444996,0.186599999666214,0.17880000174045563,0.2888000011444092,0.0027000000700354576,0.29319998621940613,0.031700000166893005,0.0674000009894371,0.8998000025749207
CAK9037431.1,Cytoplasm,Nuclear localization signal,Soluble,0.7301999926567078,0.29030001163482666,0.04450000077486038,0.16089999675750732,0.28029999136924744,0.1468999981880188,0.13040000200271606,0.3336000144481659,0.12690000236034393,0.016599999740719795,0.48730000853538513,0.10559999942779541,0.052799999713897705,0.758400022983551
CAE8603294.1,Cytoplasm,Nuclear localization signal,Soluble,0.48750001192092896,0.3513000011444092,0.30979999899864197,0.09309999644756317,0.07859999686479568,0.013000000268220901,0.22390000522136688,0.08410000056028366,0.09870000183582306,9.999999747378752e-05,0.34689998626708984,0.058400001376867294,0.06549999862909317,0.7391999959945679
CAE8587143.1,Cytoplasm,Nuclear localization signal,Soluble,0.5254999995231628,0.39800000190734863,0.13339999318122864,0.07410000264644623,0.09179999679327011,0.010400000028312206,0.2946999967098236,0.06679999828338623,0.07320000231266022,9.999999747378752e-05,0.3546999990940094,0.03500000014901161,0.046799998730421066,0.786899983882904
CAK9021910.1,Cytoplasm,,Transmembrane,0.6323000192642212,0.1940000057220459,0.10610000044107437,0.17790000140666962,0.6208000183105469,0.10050000250339508,0.4293999969959259,0.3386000096797943,0.4088999927043915,0.15520000457763672,0.4657000005245209,0.7204999923706055,0.41830000281333923,0.43700000643730164
CAE8593307.1,Cytoplasm|Nucleus,Nuclear localization signal,Soluble,0.6118000149726868,0.5419999957084656,0.15919999778270721,0.040699999779462814,0.10409999638795853,0.00419999985024333,0.14910000562667847,0.11100000143051147,0.23600000143051147,0.0272000003606081,0.3431999981403351,0.07989999651908875,0.16349999606609344,0.8440999984741211
CAE7647247.1,Cytoplasm,Nuclear localization signal,Soluble,0.5403000116348267,0.46230000257492065,0.1257999986410141,0.05820000171661377,0.11089999973773956,0.010499999858438969,0.26409998536109924,0.05000000074505806,0.10719999670982361,9.999999747378752e-05,0.36160001158714294,0.03460000082850456,0.043699998408555984,0.7861999869346619
CAE8582618.1,Cytoplasm,Nuclear localization signal,Soluble,0.6402999758720398,0.3409999907016754,0.04800000041723251,0.0494999997317791,0.18060000240802765,0.017799999564886093,0.1582999974489212,0.16869999468326569,0.23119999468326569,0.0015999999595806003,0.263700008392334,0.02850000001490116,0.05689999833703041,0.8925999999046326
CAE8595870.1,Cytoplasm,Nuclear localization signal,Soluble,0.6402999758720398,0.3409999907016754,0.04800000041723251,0.0494999997317791,0.18060000240802765,0.017799999564886093,0.1582999974489212,0.16869999468326569,0.23119999468326569,0.0015999999595806003,0.263700008392334,0.02850000001490116,0.05689999833703041,0.8925999999046326
CAE8596068.1,Cytoplasm,Nuclear localization signal,Soluble,0.527899980545044,0.3962000012397766,0.13349999487400055,0.07410000264644623,0.09290000051259995,0.010300000198185444,0.296099990606308,0.066600002348423,0.07349999994039536,9.999999747378752e-05,0.3538999855518341,0.03500000014901161,0.04659999907016754,0.7871000170707703
CAE8636535.1,Cytoplasm,Nuclear localization signal,Soluble,0.527899980545044,0.3962000012397766,0.13349999487400055,0.07410000264644623,0.09290000051259995,0.010300000198185444,0.296099990606308,0.066600002348423,0.07349999994039536,9.999999747378752e-05,0.3538999855518341,0.03500000014901161,0.04659999907016754,0.7871000170707703
CAE8615139.1,Cytoplasm,Nuclear localization signal,Soluble,0.527899980545044,0.3962000012397766,0.13349999487400055,0.07410000264644623,0.09290000051259995,0.010300000198185444,0.296099990606308,0.066600002348423,0.07349999994039536,9.999999747378752e-05,0.3538999855518341,0.03500000014901161,0.04659999907016754,0.7871000170707703
OLP87758.1,Cytoplasm,Nuclear localization signal,Soluble,0.6625000238418579,0.35190001130104065,0.05260000005364418,0.04170000180602074,0.15569999814033508,0.017400000244379044,0.1746000051498413,0.16910000145435333,0.2547000050544739,0.001500000013038516,0.27469998598098755,0.03099999949336052,0.06849999725818634,0.8968999981880188
CAE8622987.1,Cytoplasm,Nuclear localization signal,Soluble,0.5264999866485596,0.39340001344680786,0.13680000603199005,0.07580000162124634,0.09369999915361404,0.010700000450015068,0.2973000109195709,0.06589999794960022,0.07530000060796738,9.999999747378752e-05,0.3644999861717224,0.03539999946951866,0.04740000143647194,0.7828999757766724
CAE8599068.1,Cytoplasm,Nuclear localization signal,Soluble,0.5264999866485596,0.39340001344680786,0.13680000603199005,0.07580000162124634,0.09369999915361404,0.010700000450015068,0.2973000109195709,0.06589999794960022,0.07530000060796738,9.999999747378752e-05,0.3644999861717224,0.03539999946951866,0.04740000143647194,0.7828999757766724
CAE7900126.1,Cytoplasm,Nuclear localization signal,Soluble,0.6625000238418579,0.35190001130104065,0.05260000005364418,0.04170000180602074,0.15569999814033508,0.017400000244379044,0.1746000051498413,0.16910000145435333,0.2547000050544739,0.001500000013038516,0.27469998598098755,0.03099999949336052,0.06849999725818634,0.8968999981880188
CAE8594486.1,Cytoplasm,Nuclear localization signal,Soluble,0.5264999866485596,0.39340001344680786,0.13680000603199005,0.07580000162124634,0.09369999915361404,0.010700000450015068,0.2973000109195709,0.06589999794960022,0.07530000060796738,9.999999747378752e-05,0.3644999861717224,0.03539999946951866,0.04740000143647194,0.7828999757766724
CAE8628212.1,Cytoplasm,Nuclear localization signal,Soluble,0.5260999798774719,0.39469999074935913,0.13729999959468842,0.07450000196695328,0.0940999984741211,0.010499999858438969,0.2985000014305115,0.06689999997615814,0.07580000162124634,9.999999747378752e-05,0.3628999888896942,0.03420000150799751,0.04749999940395355,0.779699981212616
CAE8618037.1,Cytoplasm,Nuclear localization signal,Soluble,0.5260999798774719,0.39469999074935913,0.13729999959468842,0.07450000196695328,0.0940999984741211,0.010499999858438969,0.2985000014305115,0.06689999997615814,0.07580000162124634,9.999999747378752e-05,0.3628999888896942,0.03420000150799751,0.04749999940395355,0.779699981212616
CAE8636533.1,Cytoplasm,Nuclear localization signal,Soluble,0.5260999798774719,0.39469999074935913,0.13729999959468842,0.07450000196695328,0.0940999984741211,0.010499999858438969,0.2985000014305115,0.06689999997615814,0.07580000162124634,9.999999747378752e-05,0.3628999888896942,0.03420000150799751,0.04749999940395355,0.779699981212616
CAE8636539.1,Cytoplasm,Nuclear localization signal,Soluble,0.5260999798774719,0.39469999074935913,0.13729999959468842,0.07450000196695328,0.0940999984741211,0.010499999858438969,0.2985000014305115,0.06689999997615814,0.07580000162124634,9.999999747378752e-05,0.3628999888896942,0.03420000150799751,0.04749999940395355,0.779699981212616
CAE8598160.1,Cytoplasm,Nuclear localization signal,Soluble,0.5260999798774719,0.39469999074935913,0.13729999959468842,0.07450000196695328,0.0940999984741211,0.010499999858438969,0.2985000014305115,0.06689999997615814,0.07580000162124634,9.999999747378752e-05,0.3628999888896942,0.03420000150799751,0.04749999940395355,0.779699981212616
CAE8628211.1,Cytoplasm,Nuclear localization signal,Soluble,0.5260999798774719,0.39469999074935913,0.13729999959468842,0.07450000196695328,0.0940999984741211,0.010499999858438969,0.2985000014305115,0.06689999997615814,0.07580000162124634,9.999999747378752e-05,0.3628999888896942,0.03420000150799751,0.04749999940395355,0.779699981212616
CAE8615019.1,Cytoplasm,Nuclear localization signal,Soluble,0.5231999754905701,0.39489999413490295,0.13079999387264252,0.07259999960660934,0.09109999984502792,0.012000000104308128,0.289900004863739,0.07020000368356705,0.07819999754428864,9.999999747378752e-05,0.3587000072002411,0.03720000013709068,0.0494999997317791,0.7771999835968018
CAE8596066.1,Cytoplasm,Nuclear localization signal,Soluble,0.5260999798774719,0.39469999074935913,0.13729999959468842,0.07450000196695328,0.0940999984741211,0.010499999858438969,0.2985000014305115,0.06689999997615814,0.07580000162124634,9.999999747378752e-05,0.3628999888896942,0.03420000150799751,0.04749999940395355,0.779699981212616
CAE8636538.1,Cytoplasm,Nuclear localization signal,Soluble,0.5260999798774719,0.39469999074935913,0.13729999959468842,0.07450000196695328,0.0940999984741211,0.010499999858438969,0.2985000014305115,0.06689999997615814,0.07580000162124634,9.999999747378752e-05,0.3628999888896942,0.03420000150799751,0.04749999940395355,0.779699981212616
CAE6970979.1,Cytoplasm,Nuclear localization signal,Soluble,0.6635000109672546,0.3582000136375427,0.05389999970793724,0.043800000101327896,0.16439999639987946,0.01730000041425228,0.17970000207424164,0.1615999937057495,0.250900000333786,0.0015999999595806003,0.26969999074935913,0.03229999914765358,0.06729999929666519,0.8988000154495239
CAE8598863.1,Cytoplasm,Nuclear localization signal,Soluble,0.5274999737739563,0.3946000039577484,0.13120000064373016,0.07450000196695328,0.0925000011920929,0.010700000450015068,0.29820001125335693,0.06759999692440033,0.07509999722242355,9.999999747378752e-05,0.35690000653266907,0.0357000008225441,0.047200001776218414,0.7829999923706055
OLP80394.1,Cytoplasm,Nuclear localization signal,Peripheral,0.5379999876022339,0.29190000891685486,0.24889999628067017,0.15889999270439148,0.09920000284910202,0.03020000085234642,0.2827000021934509,0.11110000312328339,0.23989999294281006,0.001500000013038516,0.6797999739646912,0.1395999938249588,0.4302999973297119,0.4731000065803528
CAE8596065.1,Cytoplasm,Nuclear localization signal,Soluble,0.5331000089645386,0.40630000829696655,0.1356000006198883,0.07180000096559525,0.09679999947547913,0.010300000198185444,0.29580000042915344,0.06729999929666519,0.0786999985575676,9.999999747378752e-05,0.36649999022483826,0.03449999913573265,0.045499999076128006,0.777899980545044
CAL1135924.1,Cytoplasm,Nuclear localization signal,Soluble,0.704200029373169,0.45570001006126404,0.08659999817609787,0.2046000063419342,0.05220000073313713,0.02630000002682209,0.11420000344514847,0.08540000021457672,0.12430000305175781,0.25870001316070557,0.36809998750686646,0.1282999962568283,0.10270000249147415,0.7842000126838684
CAE8596064.1,Cytoplasm,Nuclear localization signal,Soluble,0.5331000089645386,0.40630000829696655,0.1356000006198883,0.07180000096559525,0.09679999947547913,0.010300000198185444,0.29580000042915344,0.06729999929666519,0.0786999985575676,9.999999747378752e-05,0.36649999022483826,0.03449999913573265,0.045499999076128006,0.777899980545044
CAE8606358.1,Golgi apparatus,,Peripheral|Transmembrane,0.11720000207424164,0.03449999913573265,0.0934000015258789,0.0966000035405159,0.31610000133514404,0.2840999960899353,0.2824000120162964,0.17020000517368317,0.46470001339912415,0.019700000062584877,0.7267000079154968,0.5443000197410583,0.044599998742341995,0.2387000024318695
CAE8606359.1,Golgi apparatus,,Peripheral|Transmembrane,0.11720000207424164,0.03449999913573265,0.0934000015258789,0.0966000035405159,0.31610000133514404,0.2840999960899353,0.2824000120162964,0.17020000517368317,0.46470001339912415,0.019700000062584877,0.7267000079154968,0.5443000197410583,0.044599998742341995,0.2387000024318695
CAE8597045.1,Golgi apparatus,,Peripheral|Transmembrane,0.11720000207424164,0.03449999913573265,0.0934000015258789,0.0966000035405159,0.31610000133514404,0.2840999960899353,0.2824000120162964,0.17020000517368317,0.46470001339912415,0.019700000062584877,0.7267000079154968,0.5443000197410583,0.044599998742341995,0.2387000024318695
CAE8597046.1,Golgi apparatus,,Peripheral|Transmembrane,0.11720000207424164,0.03449999913573265,0.0934000015258789,0.0966000035405159,0.31610000133514404,0.2840999960899353,0.2824000120162964,0.17020000517368317,0.46470001339912415,0.019700000062584877,0.7267000079154968,0.5443000197410583,0.044599998742341995,0.2387000024318695
CAE7035065.1,Cytoplasm,Nuclear localization signal,Soluble,0.5419999957084656,0.461899995803833,0.1242000013589859,0.05909999832510948,0.1152999997138977,0.009800000116229057,0.2680000066757202,0.04960000142455101,0.10450000315904617,9.999999747378752e-05,0.36410000920295715,0.03420000150799751,0.04270000010728836,0.7843000292778015
CAE8611273.1,Cytoplasm,Nuclear localization signal,Soluble,0.6245999932289124,0.3303000032901764,0.04769999906420708,0.04560000076889992,0.19370000064373016,0.019300000742077827,0.1535000056028366,0.1898999959230423,0.24650000035762787,0.002099999925121665,0.26190000772476196,0.031300000846385956,0.0617000013589859,0.8881000280380249
CAE7035069.1,Cytoplasm,Nuclear localization signal,Soluble,0.5419999957084656,0.461899995803833,0.1242000013589859,0.05909999832510948,0.1152999997138977,0.009800000116229057,0.2680000066757202,0.04960000142455101,0.10450000315904617,9.999999747378752e-05,0.36410000920295715,0.03420000150799751,0.04270000010728836,0.7843000292778015
CAE8582557.1,Cytoplasm,Nuclear localization signal,Soluble,0.6463000178337097,0.337799996137619,0.04729999974370003,0.04910000041127205,0.1737000048160553,0.018200000748038292,0.15629999339580536,0.15559999644756317,0.22010000050067902,0.0013000000035390258,0.2574999928474426,0.028200000524520874,0.05420000106096268,0.8964999914169312
CAK9026145.1,Mitochondrion,Mitochondrial transit peptide,Lipid anchor|Soluble,0.40299999713897705,0.05869999900460243,0.09109999984502792,0.5188999772071838,0.7138000130653381,0.027799999341368675,0.22609999775886536,0.31700000166893005,0.21490000188350677,0.12620000541210175,0.5982000231742859,0.1046999990940094,0.8639000058174133,0.6026999950408936
CAE8594193.1,Cytoplasm,Peroxisomal targeting signal,Soluble,0.6690000295639038,0.2206999957561493,0.07519999891519547,0.1664000004529953,0.23420000076293945,0.07419999688863754,0.10670000314712524,0.1500999927520752,0.16609999537467957,0.3163999915122986,0.43560001254081726,0.1469999998807907,0.12710000574588776,0.7441999912261963
CAE8622686.1,Cytoplasm,Peroxisomal targeting signal,Soluble,0.6690000295639038,0.2206999957561493,0.07519999891519547,0.1664000004529953,0.23420000076293945,0.07419999688863754,0.10670000314712524,0.1500999927520752,0.16609999537467957,0.3163999915122986,0.43560001254081726,0.1469999998807907,0.12710000574588776,0.7441999912261963
CAK9110739.1,Nucleus,Nuclear localization signal,Soluble,0.4228000044822693,0.47940000891685486,0.24979999661445618,0.09049999713897705,0.05820000171661377,0.029600000008940697,0.26269999146461487,0.039500001817941666,0.11270000040531158,0.00139999995008111,0.40540000796318054,0.05779999867081642,0.11410000175237656,0.7318000197410583
CAK9053208.1,Nucleus,Nuclear localization signal,Soluble,0.4228000044822693,0.47940000891685486,0.24979999661445618,0.09049999713897705,0.05820000171661377,0.029600000008940697,0.26269999146461487,0.039500001817941666,0.11270000040531158,0.00139999995008111,0.40540000796318054,0.05779999867081642,0.11410000175237656,0.7318000197410583
CAE7353421.1,Extracellular|Lysosome/Vacuole|Golgi apparatus,Signal peptide,Soluble,0.22190000116825104,0.07209999859333038,0.7226999998092651,0.14300000667572021,0.09120000153779984,0.00989999994635582,0.570900022983551,0.6823999881744385,0.6926000118255615,0.0038999998942017555,0.45719999074935913,0.04820000007748604,0.07880000025033951,0.8396000266075134
CAE7241699.1,Cytoplasm,Nuclear localization signal,Soluble,0.5511000156402588,0.45969998836517334,0.12030000239610672,0.06040000170469284,0.10700000077486038,0.009800000116229057,0.27790001034736633,0.047600001096725464,0.10199999809265137,9.999999747378752e-05,0.3571999967098236,0.03550000116229057,0.04050000011920929,0.7889000177383423
CAE7940695.1,Cytoplasm,Peroxisomal targeting signal,Soluble,0.6207000017166138,0.15189999341964722,0.23430000245571136,0.11779999732971191,0.5274999737739563,0.32820001244544983,0.4447000026702881,0.367000013589859,0.3495999872684479,0.11180000007152557,0.526199996471405,0.1451999992132187,0.09380000084638596,0.7114999890327454
CAK9113803.1,Extracellular|Golgi apparatus,Signal peptide,Soluble,0.2078000009059906,0.09780000150203705,0.826200008392334,0.1459999978542328,0.1444000005722046,0.00279999990016222,0.48969998955726624,0.4975000023841858,0.6729999780654907,0.01860000006854534,0.4862000048160553,0.05050000175833702,0.13040000200271606,0.8320000171661377
CAK9108861.1,Extracellular|Golgi apparatus,Signal peptide,Soluble,0.16120000183582306,0.0869000032544136,0.8525000214576721,0.12960000336170197,0.12060000002384186,0.003000000026077032,0.4250999987125397,0.5192000269889832,0.718500018119812,0.01730000041425228,0.5401999950408936,0.04349999874830246,0.10999999940395355,0.8166999816894531
CAE8626530.1,Endoplasmic reticulum,Signal peptide,Peripheral|Soluble,0.424699991941452,0.16249999403953552,0.22100000083446503,0.3061999976634979,0.218299999833107,0.13269999623298645,0.5884000062942505,0.3546999990940094,0.46619999408721924,0.12330000102519989,0.6373999714851379,0.20589999854564667,0.2092999964952469,0.6347000002861023
CAE8606046.1,Cytoplasm,,Soluble,0.8970000147819519,0.13770000636577606,0.07490000128746033,0.2168000042438507,0.4641000032424927,0.023800000548362732,0.31630000472068787,0.16619999706745148,0.36559998989105225,0.039799999445676804,0.41769999265670776,0.050599999725818634,0.4059000015258789,0.7943000197410583
CAK9005868.1,Golgi apparatus,,Peripheral,0.147599995136261,0.035100001841783524,0.17149999737739563,0.12530000507831573,0.3167000114917755,0.36980000138282776,0.19480000436306,0.1446000039577484,0.3953000009059906,0.005799999926239252,0.7182000279426575,0.41510000824928284,0.07580000162124634,0.3075999915599823
OLP90340.1,Nucleus,Nuclear localization signal,Soluble,0.3637999892234802,0.6306999921798706,0.05959999933838844,0.1264999955892563,0.10329999774694443,0.010400000028312206,0.14000000059604645,0.05779999867081642,0.07670000195503235,0.0027000000700354576,0.5102999806404114,0.12700000405311584,0.09700000286102295,0.7613999843597412
CAL1135221.1,Cytoplasm,Nuclear localization signal,Soluble,0.6660000085830688,0.3531000018119812,0.05849999934434891,0.04340000078082085,0.19499999284744263,0.021900000050663948,0.16740000247955322,0.1648000031709671,0.24400000274181366,0.002400000113993883,0.2858000099658966,0.026499999687075615,0.07180000096559525,0.8989999890327454
CAE7449733.1,Plastid,,Peripheral,0.12020000070333481,0.04610000178217888,0.1436000019311905,0.1143999993801117,0.36959999799728394,0.4618000090122223,0.1932000070810318,0.12219999730587006,0.39640000462532043,0.009800000116229057,0.756600022315979,0.4846999943256378,0.11969999969005585,0.2678000032901764
CAL1146491.1,Endoplasmic reticulum,,Transmembrane,0.24400000274181366,0.08829999715089798,0.05700000002980232,0.2134000062942505,0.35359999537467957,0.07259999960660934,0.42660000920295715,0.16220000386238098,0.3402000069618225,0.02070000022649765,0.517300009727478,0.616599977016449,0.09030000120401382,0.30480000376701355
CAL1167182.1,Cytoplasm,Nuclear localization signal,Soluble,0.4896000027656555,0.4189999997615814,0.22669999301433563,0.052400000393390656,0.10769999772310257,0.03629999980330467,0.33410000801086426,0.05079999938607216,0.16060000658035278,0.0003000000142492354,0.34700000286102295,0.050999999046325684,0.04729999974370003,0.7842000126838684
CAK9069878.1,Cytoplasm,Nuclear localization signal,Soluble,0.5302000045776367,0.4496999979019165,0.12409999966621399,0.05270000174641609,0.125900000333786,0.01510000042617321,0.23119999468326569,0.04919999837875366,0.08659999817609787,0.00019999999494757503,0.35339999198913574,0.03269999846816063,0.04089999943971634,0.7728999853134155
CAK9005457.1,Cytoplasm,Nuclear localization signal,Soluble,0.5302000045776367,0.4496999979019165,0.12409999966621399,0.05270000174641609,0.125900000333786,0.01510000042617321,0.23119999468326569,0.04919999837875366,0.08659999817609787,0.00019999999494757503,0.35339999198913574,0.03269999846816063,0.04089999943971634,0.7728999853134155
CAK9069876.1,Cytoplasm,Nuclear localization signal,Soluble,0.5428000092506409,0.4406000077724457,0.11869999766349792,0.050200000405311584,0.1298000067472458,0.01759999990463257,0.2468000054359436,0.04769999906420708,0.08760000020265579,0.00019999999494757503,0.336899995803833,0.0333000011742115,0.040699999779462814,0.7735999822616577
CAK9005458.1,Cytoplasm,Nuclear localization signal,Soluble,0.5428000092506409,0.4406000077724457,0.11869999766349792,0.050200000405311584,0.1298000067472458,0.01759999990463257,0.2468000054359436,0.04769999906420708,0.08760000020265579,0.00019999999494757503,0.336899995803833,0.0333000011742115,0.040699999779462814,0.7735999822616577
CAL1167183.1,Cytoplasm,Nuclear localization signal,Soluble,0.47679999470710754,0.43970000743865967,0.23080000281333923,0.04919999837875366,0.11490000039339066,0.032999999821186066,0.32600000500679016,0.05090000107884407,0.15569999814033508,0.0003000000142492354,0.364300012588501,0.04729999974370003,0.0478999987244606,0.7634000182151794
CAK9055314.1,Cytoplasm,Nuclear localization signal,Soluble,0.5388000011444092,0.4580000042915344,0.14319999516010284,0.05950000137090683,0.1136000007390976,0.010200000368058681,0.2599000036716461,0.047600001096725464,0.09830000251531601,0.0,0.3646000027656555,0.031300000846385956,0.03739999979734421,0.774399995803833
CAK9055315.1,Cytoplasm,Nuclear localization signal,Soluble,0.5388000011444092,0.4580000042915344,0.14319999516010284,0.05950000137090683,0.1136000007390976,0.010200000368058681,0.2599000036716461,0.047600001096725464,0.09830000251531601,0.0,0.3646000027656555,0.031300000846385956,0.03739999979734421,0.774399995803833
OLP80397.1,Cell membrane,Transmembrane domain,Transmembrane,0.34279999136924744,0.20559999346733093,0.13220000267028809,0.6132000088691711,0.23600000143051147,0.02710000053048134,0.4032999873161316,0.29829999804496765,0.26969999074935913,0.009100000374019146,0.4869000017642975,0.727400004863739,0.15219999849796295,0.24879999458789825
CAK9078368.1,Extracellular,Signal peptide,Soluble,0.21780000627040863,0.09570000320672989,0.8511999845504761,0.15399999916553497,0.06459999829530716,0.04820000007748604,0.31790000200271606,0.4503999948501587,0.38920000195503235,0.0032999999821186066,0.4814999997615814,0.09359999746084213,0.17980000376701355,0.7225000262260437
CAL1145190.1,Cytoplasm,Nuclear localization signal,Soluble,0.5281999707221985,0.3319999873638153,0.1889999955892563,0.16439999639987946,0.15610000491142273,0.021700000390410423,0.19140000641345978,0.12080000340938568,0.10949999839067459,0.004399999976158142,0.52920001745224,0.1379999965429306,0.16590000689029694,0.751800000667572
CAL1136215.1,Golgi apparatus,,Peripheral|Soluble,0.14300000667572021,0.026799999177455902,0.25940001010894775,0.08579999953508377,0.26339998841285706,0.15549999475479126,0.2937000095844269,0.26010000705718994,0.6061999797821045,0.01360000018030405,0.7853000164031982,0.08829999715089798,0.08250000327825546,0.5568000078201294
CAE7287242.1,Golgi apparatus,Signal peptide,Peripheral|Soluble,0.14270000159740448,0.02669999934732914,0.24709999561309814,0.12860000133514404,0.18140000104904175,0.09350000321865082,0.3808000087738037,0.3294000029563904,0.6707000136375427,0.004699999932199717,0.795799970626831,0.0851999968290329,0.09139999747276306,0.5440999865531921
CAE7762028.1,Golgi apparatus,Signal peptide,Peripheral|Soluble,0.1476999968290329,0.02419999986886978,0.21150000393390656,0.120899997651577,0.19189999997615814,0.0771000012755394,0.3025999963283539,0.250900000333786,0.6614000201225281,0.004100000020116568,0.8108000159263611,0.09790000319480896,0.09589999914169312,0.508899986743927
CAE7550460.1,Golgi apparatus,Signal peptide,Peripheral,0.15680000185966492,0.03200000151991844,0.2696000039577484,0.10849999636411667,0.16009999811649323,0.3310999870300293,0.27000001072883606,0.22269999980926514,0.652400016784668,0.011500000022351742,0.7390999794006348,0.19359999895095825,0.11800000071525574,0.39320001006126404
CAK9078599.1,Endoplasmic reticulum,Signal peptide,Peripheral|Soluble,0.18129999935626984,0.07119999825954437,0.24250000715255737,0.08250000327825546,0.1639000028371811,0.09120000153779984,0.5081999897956848,0.12710000574588776,0.4927999973297119,0.07400000095367432,0.6460999846458435,0.15230000019073486,0.08829999715089798,0.6172999739646912
CAE8607896.1,Cytoplasm,Nuclear localization signal,Soluble,0.6377000212669373,0.3028999865055084,0.05220000073313713,0.15230000019073486,0.29670000076293945,0.03280000016093254,0.19679999351501465,0.060600001364946365,0.08349999785423279,0.0031999999191612005,0.42419999837875366,0.05000000074505806,0.04529999941587448,0.7671999931335449
CAE8634048.1,Cytoplasm,Nuclear localization signal,Soluble,0.6365000009536743,0.3050000071525574,0.05209999904036522,0.15109999477863312,0.29440000653266907,0.03269999846816063,0.20250000059604645,0.061500001698732376,0.08569999784231186,0.003000000026077032,0.427700012922287,0.049300000071525574,0.04560000076889992,0.76910001039505
CAE8634943.1,Cytoplasm,Nuclear localization signal,Soluble,0.6365000009536743,0.3050000071525574,0.05209999904036522,0.15109999477863312,0.29440000653266907,0.03269999846816063,0.20250000059604645,0.061500001698732376,0.08569999784231186,0.003000000026077032,0.427700012922287,0.049300000071525574,0.04560000076889992,0.76910001039505
CAE8599698.1,Cytoplasm,Nuclear localization signal,Soluble,0.6365000009536743,0.3050000071525574,0.05209999904036522,0.15109999477863312,0.29440000653266907,0.03269999846816063,0.20250000059604645,0.061500001698732376,0.08569999784231186,0.003000000026077032,0.427700012922287,0.049300000071525574,0.04560000076889992,0.76910001039505
CAE8583582.1,Cytoplasm,Nuclear localization signal,Soluble,0.6365000009536743,0.3050000071525574,0.05209999904036522,0.15109999477863312,0.29440000653266907,0.03269999846816063,0.20250000059604645,0.061500001698732376,0.08569999784231186,0.003000000026077032,0.427700012922287,0.049300000071525574,0.04560000076889992,0.76910001039505
CAE8634046.1,Cytoplasm,Nuclear localization signal,Soluble,0.6365000009536743,0.3050000071525574,0.05209999904036522,0.15109999477863312,0.29440000653266907,0.03269999846816063,0.20250000059604645,0.061500001698732376,0.08569999784231186,0.003000000026077032,0.427700012922287,0.049300000071525574,0.04560000076889992,0.76910001039505
CAE8607894.1,Cytoplasm,Nuclear localization signal,Soluble,0.6365000009536743,0.3050000071525574,0.05209999904036522,0.15109999477863312,0.29440000653266907,0.03269999846816063,0.20250000059604645,0.061500001698732376,0.08569999784231186,0.003000000026077032,0.427700012922287,0.049300000071525574,0.04560000076889992,0.76910001039505
CAE8599697.1,Cytoplasm,Nuclear localization signal,Soluble,0.6365000009536743,0.3050000071525574,0.05209999904036522,0.15109999477863312,0.29440000653266907,0.03269999846816063,0.20250000059604645,0.061500001698732376,0.08569999784231186,0.003000000026077032,0.427700012922287,0.049300000071525574,0.04560000076889992,0.76910001039505
CAE8634047.1,Cytoplasm,Nuclear localization signal,Soluble,0.6365000009536743,0.3050000071525574,0.05209999904036522,0.15109999477863312,0.29440000653266907,0.03269999846816063,0.20250000059604645,0.061500001698732376,0.08569999784231186,0.003000000026077032,0.427700012922287,0.049300000071525574,0.04560000076889992,0.76910001039505
CAE8597311.1,Cytoplasm,Nuclear localization signal,Soluble,0.6365000009536743,0.3050000071525574,0.05209999904036522,0.15109999477863312,0.29440000653266907,0.03269999846816063,0.20250000059604645,0.061500001698732376,0.08569999784231186,0.003000000026077032,0.427700012922287,0.049300000071525574,0.04560000076889992,0.76910001039505
CAE8624342.1,Cytoplasm,Nuclear localization signal,Soluble,0.6365000009536743,0.3050000071525574,0.05209999904036522,0.15109999477863312,0.29440000653266907,0.03269999846816063,0.20250000059604645,0.061500001698732376,0.08569999784231186,0.003000000026077032,0.427700012922287,0.049300000071525574,0.04560000076889992,0.76910001039505
CAE8607893.1,Cytoplasm,Nuclear localization signal,Soluble,0.6365000009536743,0.3050000071525574,0.05209999904036522,0.15109999477863312,0.29440000653266907,0.03269999846816063,0.20250000059604645,0.061500001698732376,0.08569999784231186,0.003000000026077032,0.427700012922287,0.049300000071525574,0.04560000076889992,0.76910001039505
CAE8616607.1,Cytoplasm,Nuclear localization signal,Soluble,0.6365000009536743,0.3050000071525574,0.05209999904036522,0.15109999477863312,0.29440000653266907,0.03269999846816063,0.20250000059604645,0.061500001698732376,0.08569999784231186,0.003000000026077032,0.427700012922287,0.049300000071525574,0.04560000076889992,0.76910001039505
CAE8624343.1,Cytoplasm,Nuclear localization signal,Soluble,0.6365000009536743,0.3050000071525574,0.05209999904036522,0.15109999477863312,0.29440000653266907,0.03269999846816063,0.20250000059604645,0.061500001698732376,0.08569999784231186,0.003000000026077032,0.427700012922287,0.049300000071525574,0.04560000076889992,0.76910001039505
CAE8607895.1,Cytoplasm,Nuclear localization signal,Soluble,0.6365000009536743,0.3050000071525574,0.05209999904036522,0.15109999477863312,0.29440000653266907,0.03269999846816063,0.20250000059604645,0.061500001698732376,0.08569999784231186,0.003000000026077032,0.427700012922287,0.049300000071525574,0.04560000076889992,0.76910001039505
CAE8601178.1,Cytoplasm|Nucleus,Nuclear localization signal,Soluble,0.5971999764442444,0.5788999795913696,0.09730000048875809,0.11860000342130661,0.31529998779296875,0.12449999898672104,0.13439999520778656,0.02319999970495701,0.04410000145435333,0.007000000216066837,0.4537000060081482,0.1851000040769577,0.10980000346899033,0.6881999969482422
CAL1136211.1,Golgi apparatus,Signal peptide,Peripheral|Soluble,0.18479999899864197,0.04769999906420708,0.12049999833106995,0.15780000388622284,0.23180000483989716,0.06360000371932983,0.45910000801086426,0.2849000096321106,0.6880999803543091,0.032600000500679016,0.7103000283241272,0.14300000667572021,0.14180000126361847,0.5742999911308289
CAE8604048.1,Cytoplasm,Nuclear localization signal,Soluble,0.6401000022888184,0.3059999942779541,0.052400000393390656,0.14820000529289246,0.29589998722076416,0.031300000846385956,0.2101999968290329,0.06319999694824219,0.09009999781847,0.002899999963119626,0.43380001187324524,0.04830000177025795,0.04729999974370003,0.771399974822998
CAE8601177.1,Cytoplasm,Nuclear localization signal,Soluble,0.6401000022888184,0.3059999942779541,0.052400000393390656,0.14820000529289246,0.29589998722076416,0.031300000846385956,0.2101999968290329,0.06319999694824219,0.09009999781847,0.002899999963119626,0.43380001187324524,0.04830000177025795,0.04729999974370003,0.771399974822998
CAE8594132.1,Cytoplasm,Nuclear localization signal,Soluble,0.6401000022888184,0.3059999942779541,0.052400000393390656,0.14820000529289246,0.29589998722076416,0.031300000846385956,0.2101999968290329,0.06319999694824219,0.09009999781847,0.002899999963119626,0.43380001187324524,0.04830000177025795,0.04729999974370003,0.771399974822998
CAE8601180.1,Cytoplasm,Nuclear localization signal,Soluble,0.6401000022888184,0.3059999942779541,0.052400000393390656,0.14820000529289246,0.29589998722076416,0.031300000846385956,0.2101999968290329,0.06319999694824219,0.09009999781847,0.002899999963119626,0.43380001187324524,0.04830000177025795,0.04729999974370003,0.771399974822998
CAE8594135.1,Cytoplasm,Nuclear localization signal,Soluble,0.6401000022888184,0.3059999942779541,0.052400000393390656,0.14820000529289246,0.29589998722076416,0.031300000846385956,0.2101999968290329,0.06319999694824219,0.09009999781847,0.002899999963119626,0.43380001187324524,0.04830000177025795,0.04729999974370003,0.771399974822998
CAE8594134.1,Cytoplasm,Nuclear localization signal,Soluble,0.6401000022888184,0.3059999942779541,0.052400000393390656,0.14820000529289246,0.29589998722076416,0.031300000846385956,0.2101999968290329,0.06319999694824219,0.09009999781847,0.002899999963119626,0.43380001187324524,0.04830000177025795,0.04729999974370003,0.771399974822998
CAE8604050.1,Cytoplasm,Nuclear localization signal,Soluble,0.6401000022888184,0.3059999942779541,0.052400000393390656,0.14820000529289246,0.29589998722076416,0.031300000846385956,0.2101999968290329,0.06319999694824219,0.09009999781847,0.002899999963119626,0.43380001187324524,0.04830000177025795,0.04729999974370003,0.771399974822998
CAE8594131.1,Cytoplasm,Nuclear localization signal,Soluble,0.6401000022888184,0.3059999942779541,0.052400000393390656,0.14820000529289246,0.29589998722076416,0.031300000846385956,0.2101999968290329,0.06319999694824219,0.09009999781847,0.002899999963119626,0.43380001187324524,0.04830000177025795,0.04729999974370003,0.771399974822998
CAE8594133.1,Cytoplasm,Nuclear localization signal,Soluble,0.6401000022888184,0.3059999942779541,0.052400000393390656,0.14820000529289246,0.29589998722076416,0.031300000846385956,0.2101999968290329,0.06319999694824219,0.09009999781847,0.002899999963119626,0.43380001187324524,0.04830000177025795,0.04729999974370003,0.771399974822998
CAE8604049.1,Cytoplasm,Nuclear localization signal,Soluble,0.6401000022888184,0.3059999942779541,0.052400000393390656,0.14820000529289246,0.29589998722076416,0.031300000846385956,0.2101999968290329,0.06319999694824219,0.09009999781847,0.002899999963119626,0.43380001187324524,0.04830000177025795,0.04729999974370003,0.771399974822998
OLP82331.1,Extracellular|Golgi apparatus,Signal peptide,Soluble,0.30059999227523804,0.10050000250339508,0.6973000168800354,0.43650001287460327,0.13009999692440033,0.02449999935925007,0.46299999952316284,0.5697000026702881,0.7153000235557556,0.00570000009611249,0.5073999762535095,0.32249999046325684,0.05860000103712082,0.6589000225067139
CAE8582731.1,Cytoplasm,Nuclear localization signal,Soluble,0.6341999769210815,0.3068000078201294,0.05290000140666962,0.14800000190734863,0.2867000102996826,0.032499998807907104,0.2013999968767166,0.05730000138282776,0.08299999684095383,0.0026000000070780516,0.42250001430511475,0.048700001090765,0.042399998754262924,0.7731000185012817
OLP84698.1,Golgi apparatus,Signal peptide,Peripheral|Soluble,0.1655000001192093,0.049300000071525574,0.18070000410079956,0.1768999993801117,0.23579999804496765,0.06920000165700912,0.3833000063896179,0.2865999937057495,0.5274999737739563,0.008999999612569809,0.6247000098228455,0.22759999334812164,0.131400004029274,0.566100001335144
CAK9075685.1,Cytoplasm,Nuclear localization signal,Peripheral|Soluble,0.7671999931335449,0.1678999960422516,0.195700004696846,0.3440999984741211,0.15760000050067902,0.1469999998807907,0.46810001134872437,0.27219998836517334,0.36500000953674316,0.006200000178068876,0.732699990272522,0.0681999996304512,0.1607999950647354,0.6919000148773193
CAE8617127.1,Cytoplasm,,Soluble,0.5004000067710876,0.42890000343322754,0.09130000323057175,0.20149999856948853,0.21729999780654907,0.05400000140070915,0.2567000091075897,0.04230000078678131,0.09380000084638596,0.09120000153779984,0.2386000007390976,0.15440000593662262,0.45739999413490295,0.7013999819755554
CAK9092461.1,Cytoplasm|Nucleus,Nuclear localization signal,Soluble,0.6298999786376953,0.5303999781608582,0.05609999969601631,0.0997999981045723,0.15039999783039093,0.014299999922513962,0.3716000020503998,0.039799999445676804,0.1624000072479248,0.002400000113993883,0.34860000014305115,0.021700000390410423,0.07689999788999557,0.8837000131607056
CAK8987554.1,Cytoplasm|Nucleus,Nuclear localization signal,Soluble,0.6298999786376953,0.5303999781608582,0.05609999969601631,0.0997999981045723,0.15039999783039093,0.014299999922513962,0.3716000020503998,0.039799999445676804,0.1624000072479248,0.002400000113993883,0.34860000014305115,0.021700000390410423,0.07689999788999557,0.8837000131607056
CAK9009462.1,Endoplasmic reticulum,Signal peptide,Soluble,0.37220001220703125,0.21789999306201935,0.27410000562667847,0.164900004863739,0.4496999979019165,0.07339999824762344,0.510200023651123,0.13019999861717224,0.32019999623298645,0.11590000241994858,0.4941999912261963,0.4699000120162964,0.09539999812841415,0.5016999840736389
CAE7533677.1,Cytoplasm,Nuclear localization signal,Soluble,0.6735000014305115,0.3034000098705292,0.03799999877810478,0.14079999923706055,0.34860000014305115,0.030799999833106995,0.17219999432563782,0.04919999837875366,0.05719999969005585,0.0020000000949949026,0.47040000557899475,0.03370000049471855,0.05299999937415123,0.7193999886512756
CAE8585457.1,Cytoplasm,Peroxisomal targeting signal,Peripheral|Soluble,0.49070000648498535,0.18490000069141388,0.08669999986886978,0.13210000097751617,0.4657999873161316,0.21089999377727509,0.0908999964594841,0.2892000079154968,0.2232999950647354,0.4278999865055084,0.6026999950408936,0.08839999884366989,0.06909999996423721,0.7437000274658203
CAE7354454.1,Cytoplasm,Nuclear localization signal,Soluble,0.6599000096321106,0.188400000333786,0.23309999704360962,0.11240000277757645,0.11389999836683273,0.013299999758601189,0.2500999867916107,0.22529999911785126,0.16339999437332153,0.004600000102072954,0.5756999850273132,0.0357000008225441,0.13979999721050262,0.8295000195503235
CAL1162863.1,Cytoplasm|Nucleus,Nuclear localization signal,Soluble,0.670199990272522,0.5504999756813049,0.05480000004172325,0.10119999945163727,0.10019999742507935,0.011699999682605267,0.32359999418258667,0.04230000078678131,0.1152999997138977,0.00139999995008111,0.3172000050544739,0.023099999874830246,0.05649999901652336,0.8930000066757202
CAL1158176.1,Cytoplasm|Nucleus,Nuclear localization signal,Soluble,0.670199990272522,0.5504999756813049,0.05480000004172325,0.10119999945163727,0.10019999742507935,0.011699999682605267,0.32359999418258667,0.04230000078678131,0.1152999997138977,0.00139999995008111,0.3172000050544739,0.023099999874830246,0.05649999901652336,0.8930000066757202
OLP91812.1,Cytoplasm,,Soluble,0.6384000182151794,0.19580000638961792,0.037700001150369644,0.13840000331401825,0.1808999925851822,0.011699999682605267,0.04479999840259552,0.06340000033378601,0.029600000008940697,0.01940000057220459,0.5044999718666077,0.11990000307559967,0.07289999723434448,0.6847000122070312
CAE8581498.1,Cytoplasm,Nuclear localization signal,Soluble,0.6646999716758728,0.3116999864578247,0.029999999329447746,0.10620000213384628,0.2517000138759613,0.03060000017285347,0.28529998660087585,0.042100001126527786,0.10170000046491623,0.002400000113993883,0.4620000123977661,0.041600000113248825,0.06679999828338623,0.7182000279426575
CAE8605786.1,Cytoplasm|Nucleus,Nuclear localization signal,Soluble,0.6176000237464905,0.5655999779701233,0.06930000334978104,0.05350000038743019,0.09220000356435776,0.013500000350177288,0.23010000586509705,0.04610000178217888,0.0778999999165535,0.0006000000284984708,0.29350000619888306,0.03460000082850456,0.03319999948143959,0.8863000273704529
CAE8605783.1,Cytoplasm|Nucleus,Nuclear localization signal,Soluble,0.6176000237464905,0.5655999779701233,0.06930000334978104,0.05350000038743019,0.09220000356435776,0.013500000350177288,0.23010000586509705,0.04610000178217888,0.0778999999165535,0.0006000000284984708,0.29350000619888306,0.03460000082850456,0.03319999948143959,0.8863000273704529
CAE8621368.1,Cytoplasm|Nucleus,Nuclear localization signal,Soluble,0.6176000237464905,0.5655999779701233,0.06930000334978104,0.05350000038743019,0.09220000356435776,0.013500000350177288,0.23010000586509705,0.04610000178217888,0.0778999999165535,0.0006000000284984708,0.29350000619888306,0.03460000082850456,0.03319999948143959,0.8863000273704529
CAE8621226.1,Cytoplasm|Nucleus,Nuclear localization signal,Soluble,0.6176000237464905,0.5655999779701233,0.06930000334978104,0.05350000038743019,0.09220000356435776,0.013500000350177288,0.23010000586509705,0.04610000178217888,0.0778999999165535,0.0006000000284984708,0.29350000619888306,0.03460000082850456,0.03319999948143959,0.8863000273704529
CAE8605785.1,Cytoplasm|Nucleus,Nuclear localization signal,Soluble,0.6176000237464905,0.5655999779701233,0.06930000334978104,0.05350000038743019,0.09220000356435776,0.013500000350177288,0.23010000586509705,0.04610000178217888,0.0778999999165535,0.0006000000284984708,0.29350000619888306,0.03460000082850456,0.03319999948143959,0.8863000273704529
CAE8608200.1,Cytoplasm|Nucleus,Nuclear localization signal,Soluble,0.6251999735832214,0.5726000070571899,0.07989999651908875,0.05779999867081642,0.09049999713897705,0.01140000019222498,0.21729999780654907,0.05719999969005585,0.08590000122785568,0.00039999998989515007,0.2912999987602234,0.034699998795986176,0.035100001841783524,0.8849999904632568
CAE8643812.1,Golgi apparatus,,Peripheral|Soluble,0.12790000438690186,0.03759999945759773,0.14499999582767487,0.08500000089406967,0.2648000121116638,0.0722000002861023,0.24400000274181366,0.17509999871253967,0.4918999969959259,0.011099999770522118,0.7968999743461609,0.120899997651577,0.06729999929666519,0.5192999839782715
CAE8598954.1,Golgi apparatus,,Peripheral|Soluble,0.12549999356269836,0.03689999878406525,0.14429999887943268,0.08709999918937683,0.25699999928474426,0.07280000299215317,0.24070000648498535,0.17509999871253967,0.5005000233650208,0.01119999960064888,0.7968999743461609,0.12060000002384186,0.06509999930858612,0.5166000127792358
CAE8611289.1,Cytoplasm,,Soluble,0.3037000000476837,0.1842000037431717,0.04569999873638153,0.17810000479221344,0.3968000113964081,0.05570000037550926,0.17069999873638153,0.06650000065565109,0.17190000414848328,0.2858000099658966,0.4000000059604645,0.12639999389648438,0.041099999099969864,0.8220999836921692
CAE7380557.1,Mitochondrion,Mitochondrial transit peptide,Peripheral|Soluble,0.3221000134944916,0.24719999730587006,0.10520000010728836,0.19009999930858612,0.757099986076355,0.13600000739097595,0.29600000381469727,0.21310000121593475,0.33009999990463257,0.25049999356269836,0.6951000094413757,0.14839999377727509,0.13379999995231628,0.6528000235557556
CAK8996820.1,Cytoplasm,,Soluble,0.597599983215332,0.24609999358654022,0.09049999713897705,0.08860000222921371,0.24639999866485596,0.020800000056624413,0.08889999985694885,0.027799999341368675,0.042100001126527786,0.011300000362098217,0.4699999988079071,0.0658000037074089,0.06129999831318855,0.7177000045776367
CAE8605784.1,Cytoplasm|Nucleus,Nuclear localization signal,Soluble,0.6175000071525574,0.5630999803543091,0.06809999793767929,0.04969999939203262,0.08910000324249268,0.01269999984651804,0.22550000250339508,0.047200001776218414,0.08340000361204147,0.0005000000237487257,0.29190000891685486,0.03519999980926514,0.03280000016093254,0.8844000101089478
CAE7460826.1,Cytoplasm,Nuclear localization signal,Soluble,0.6626999974250793,0.3034000098705292,0.03359999880194664,0.11190000176429749,0.32120001316070557,0.029999999329447746,0.14900000393390656,0.0414000004529953,0.05620000138878822,0.0015999999595806003,0.43529999256134033,0.0364999994635582,0.04529999941587448,0.7329999804496765
CAK9012345.1,Mitochondrion,Mitochondrial transit peptide,Peripheral|Soluble,0.13850000500679016,0.09229999780654907,0.07739999890327454,0.09279999881982803,0.9277999997138977,0.018200000748038292,0.015599999576807022,0.12210000306367874,0.06239999830722809,0.004800000227987766,0.6883999705314636,0.09780000150203705,0.08340000361204147,0.6425999999046326
CAE7944760.1,Cell membrane,Transmembrane domain,Transmembrane,0.16140000522136688,0.18940000236034393,0.03920000046491623,0.4853000044822693,0.17329999804496765,0.09430000185966492,0.43650001287460327,0.21070000529289246,0.2542000114917755,0.023600000888109207,0.2524000108242035,0.9229000210762024,0.09950000047683716,0.16329999268054962
CAK9012343.1,Mitochondrion,Mitochondrial transit peptide,Peripheral|Soluble,0.13529999554157257,0.09989999979734421,0.0640999972820282,0.09290000051259995,0.9413999915122986,0.01730000041425228,0.013700000010430813,0.11259999871253967,0.052299998700618744,0.00430000014603138,0.6672999858856201,0.11919999867677689,0.06019999831914902,0.6784999966621399
CAK9092010.1,Mitochondrion,Mitochondrial transit peptide,Peripheral|Soluble,0.13529999554157257,0.09989999979734421,0.0640999972820282,0.09290000051259995,0.9413999915122986,0.01730000041425228,0.013700000010430813,0.11259999871253967,0.052299998700618744,0.00430000014603138,0.6672999858856201,0.11919999867677689,0.06019999831914902,0.6784999966621399
CAE8601983.1,Golgi apparatus,,Peripheral|Soluble,0.11020000278949738,0.027300000190734863,0.14910000562667847,0.08730000257492065,0.2206999957561493,0.1712000072002411,0.2549999952316284,0.19979999959468842,0.6062999963760376,0.006399999838322401,0.7680000066757202,0.1274999976158142,0.05490000173449516,0.5138999819755554
OLP91123.1,Cytoplasm,Nuclear localization signal,Soluble,0.6633999943733215,0.29030001163482666,0.03460000082850456,0.11890000104904175,0.32829999923706055,0.029500000178813934,0.15449999272823334,0.04129999876022339,0.05400000140070915,0.0015999999595806003,0.4244999885559082,0.03779999911785126,0.047600001096725464,0.7361000180244446
CAE8610046.1,Golgi apparatus,,Peripheral|Soluble,0.12880000472068787,0.034299999475479126,0.13289999961853027,0.08630000054836273,0.2660999894142151,0.10740000009536743,0.25940001010894775,0.18870000541210175,0.5274999737739563,0.009399999864399433,0.7879999876022339,0.11990000307559967,0.06669999659061432,0.5300999879837036
CAE8615608.1,Cytoplasm,,Peripheral|Soluble,0.6291000247001648,0.24529999494552612,0.335099995136261,0.15230000019073486,0.24060000479221344,0.03869999945163727,0.09629999846220016,0.16110000014305115,0.1128000020980835,0.00279999990016222,0.6736000180244446,0.05180000141263008,0.11860000342130661,0.7558000087738037
CAE7445158.1,Cytoplasm|Nucleus,Nuclear localization signal,Soluble,0.6924999952316284,0.5314000248908997,0.08190000057220459,0.051600001752376556,0.10429999977350235,0.013399999588727951,0.2621999979019165,0.0625,0.08889999985694885,0.0008999999845400453,0.2630000114440918,0.030899999663233757,0.03750000149011612,0.8938000202178955
CAL1143768.1,Cytoplasm,,Peripheral|Soluble,0.48660001158714294,0.3034999966621399,0.030700000002980232,0.2085999995470047,0.3084999918937683,0.020099999383091927,0.20100000500679016,0.1818999946117401,0.1534000039100647,0.035599999129772186,0.6764000058174133,0.23589999973773956,0.18729999661445618,0.6108999848365784
CAE7219877.1,Cytoplasm,Nuclear localization signal,Soluble,0.6816999912261963,0.2833999991416931,0.03779999911785126,0.14319999516010284,0.3537999987602234,0.025599999353289604,0.19850000739097595,0.04560000076889992,0.05779999867081642,0.001500000013038516,0.4361000061035156,0.034299999475479126,0.0478999987244606,0.7361999750137329
CAE8604035.1,Golgi apparatus,,Peripheral|Soluble,0.13429999351501465,0.03720000013709068,0.16529999673366547,0.08470000326633453,0.2547999918460846,0.09430000185966492,0.2718999981880188,0.18850000202655792,0.534600019454956,0.00800000037997961,0.7943000197410583,0.1251000016927719,0.06909999996423721,0.510699987411499
CAE8611849.1,Cytoplasm|Nucleus,Nuclear localization signal,Soluble,0.6279000043869019,0.5644999742507935,0.06710000336170197,0.051600001752376556,0.08839999884366989,0.012900000438094139,0.22840000689029694,0.041200000792741776,0.07729999721050262,0.0005000000237487257,0.28780001401901245,0.03530000150203705,0.033399999141693115,0.8899999856948853
CAE8620117.1,Golgi apparatus,,Peripheral|Soluble,0.1273999959230423,0.03480000048875809,0.13619999587535858,0.08879999816417694,0.2709999978542328,0.11819999665021896,0.27070000767707825,0.1941000074148178,0.538100004196167,0.009800000116229057,0.7929999828338623,0.11879999935626984,0.06289999932050705,0.5253000259399414
CAE8620120.1,Golgi apparatus,,Peripheral|Soluble,0.12770000100135803,0.034699998795986176,0.13359999656677246,0.08609999716281891,0.267300009727478,0.10499999672174454,0.25690001249313354,0.1860000044107437,0.5238000154495239,0.009700000286102295,0.7901999950408936,0.12139999866485596,0.06350000202655792,0.5271999835968018
CAE8620119.1,Golgi apparatus,,Peripheral|Soluble,0.12680000066757202,0.036400001496076584,0.15369999408721924,0.08730000257492065,0.26179999113082886,0.1136000007390976,0.26980000734329224,0.19779999554157257,0.545199990272522,0.010599999688565731,0.7950000166893005,0.11720000207424164,0.06669999659061432,0.5289999842643738
CAE8620116.1,Golgi apparatus,,Peripheral|Soluble,0.1348000019788742,0.03700000047683716,0.16519999504089355,0.08569999784231186,0.25999999046325684,0.08150000125169754,0.2703999876976013,0.1818999946117401,0.5353999733924866,0.009200000204145908,0.791100025177002,0.1242000013589859,0.07039999961853027,0.5159000158309937
CAE8620118.1,Golgi apparatus,,Peripheral|Soluble,0.13490000367164612,0.03700000047683716,0.16619999706745148,0.08449999988079071,0.2538999915122986,0.09350000321865082,0.27079999446868896,0.18719999492168427,0.5342000126838684,0.007899999618530273,0.7914000153541565,0.1257999986410141,0.07039999961853027,0.5117999911308289
CAE8604036.1,Golgi apparatus,,Peripheral|Soluble,0.12870000302791595,0.03440000116825104,0.1331000030040741,0.08640000224113464,0.2669000029563904,0.10700000077486038,0.2603999972343445,0.1898999959230423,0.5291000008583069,0.009499999694526196,0.7885000109672546,0.11940000206232071,0.06700000166893005,0.5307999849319458
CAE8610045.1,Golgi apparatus,,Peripheral|Soluble,0.12890000641345978,0.03449999913573265,0.13429999351501465,0.08550000190734863,0.26840001344680786,0.10729999840259552,0.2597000002861023,0.1899999976158142,0.5285999774932861,0.009600000455975533,0.7889999747276306,0.11919999867677689,0.06759999692440033,0.5318999886512756
CAK8993712.1,Cytoplasm,Nuclear localization signal,Soluble,0.6604999899864197,0.30309998989105225,0.03739999979734421,0.11299999803304672,0.31439998745918274,0.025599999353289604,0.1535000056028366,0.04010000079870224,0.05260000005364418,0.0010000000474974513,0.4593999981880188,0.03709999844431877,0.04129999876022339,0.7347000241279602
CAK9001482.1,Cytoplasm,Nuclear localization signal,Soluble,0.6604999899864197,0.30309998989105225,0.03739999979734421,0.11299999803304672,0.31439998745918274,0.025599999353289604,0.1535000056028366,0.04010000079870224,0.05260000005364418,0.0010000000474974513,0.4593999981880188,0.03709999844431877,0.04129999876022339,0.7347000241279602
CAK8993761.1,Cytoplasm,Nuclear localization signal,Soluble,0.6604999899864197,0.30309998989105225,0.03739999979734421,0.11299999803304672,0.31439998745918274,0.025599999353289604,0.1535000056028366,0.04010000079870224,0.05260000005364418,0.0010000000474974513,0.4593999981880188,0.03709999844431877,0.04129999876022339,0.7347000241279602
CAK8996862.1,Cytoplasm,Nuclear localization signal,Soluble,0.6604999899864197,0.30309998989105225,0.03739999979734421,0.11299999803304672,0.31439998745918274,0.025599999353289604,0.1535000056028366,0.04010000079870224,0.05260000005364418,0.0010000000474974513,0.4593999981880188,0.03709999844431877,0.04129999876022339,0.7347000241279602
CAK9043003.1,Cytoplasm,Nuclear localization signal,Soluble,0.6604999899864197,0.30309998989105225,0.03739999979734421,0.11299999803304672,0.31439998745918274,0.025599999353289604,0.1535000056028366,0.04010000079870224,0.05260000005364418,0.0010000000474974513,0.4593999981880188,0.03709999844431877,0.04129999876022339,0.7347000241279602
CAK9108212.1,Cytoplasm,Nuclear localization signal,Soluble,0.6604999899864197,0.30309998989105225,0.03739999979734421,0.11299999803304672,0.31439998745918274,0.025599999353289604,0.1535000056028366,0.04010000079870224,0.05260000005364418,0.0010000000474974513,0.4593999981880188,0.03709999844431877,0.04129999876022339,0.7347000241279602
OLP80981.1,Mitochondrion,Mitochondrial transit peptide,Peripheral,0.3449000120162964,0.13950000703334808,0.09210000187158585,0.3296999931335449,0.5809000134468079,0.12759999930858612,0.21220000088214874,0.1712000072002411,0.30820000171661377,0.37860000133514404,0.5863999724388123,0.4368000030517578,0.5898000001907349,0.3659999966621399
OLP91120.1,Cytoplasm,,Soluble,0.4749000072479248,0.22370000183582306,0.23119999468326569,0.09000000357627869,0.4724000096321106,0.06639999896287918,0.3515999913215637,0.0940999984741211,0.1281999945640564,0.01119999960064888,0.43849998712539673,0.05939999967813492,0.047200001776218414,0.7164999842643738
CAL1140890.1,Cytoplasm|Nucleus,Nuclear localization signal,Soluble,0.6658999919891357,0.5516999959945679,0.09070000052452087,0.05339999869465828,0.10140000283718109,0.021900000050663948,0.1776999980211258,0.04479999840259552,0.09539999812841415,0.0007999999797903001,0.26260000467300415,0.03869999945163727,0.027499999850988388,0.8860999941825867
CAK9066807.1,Cytoplasm,Signal peptide,Soluble,0.6222000122070312,0.2337999939918518,0.5633999705314636,0.24169999361038208,0.2312999963760376,0.026799999177455902,0.314300000667572,0.44369998574256897,0.5674999952316284,0.07259999960660934,0.4104999899864197,0.09860000014305115,0.07739999890327454,0.8553000092506409
CAL1143737.1,Cytoplasm,Nuclear localization signal,Soluble,0.6606000065803528,0.3050999939441681,0.038600001484155655,0.10909999907016754,0.30160000920295715,0.023399999365210533,0.14270000159740448,0.03739999979734421,0.049300000071525574,0.0008999999845400453,0.45210000872612,0.03720000013709068,0.03869999945163727,0.7360000014305115
CAE8605096.1,Cytoplasm,Nuclear localization signal,Soluble,0.6236000061035156,0.4514000117778778,0.08250000327825546,0.09030000120401382,0.19619999825954437,0.04859999939799309,0.26570001244544983,0.05119999870657921,0.0860000029206276,0.0017999999690800905,0.3630000054836273,0.029999999329447746,0.1451999992132187,0.7800999879837036
CAE8621135.1,Cytoplasm,Nuclear localization signal,Soluble,0.6236000061035156,0.4514000117778778,0.08250000327825546,0.09030000120401382,0.19619999825954437,0.04859999939799309,0.26570001244544983,0.05119999870657921,0.0860000029206276,0.0017999999690800905,0.3630000054836273,0.029999999329447746,0.1451999992132187,0.7800999879837036
CAE8637884.1,Cytoplasm,Nuclear localization signal,Soluble,0.6236000061035156,0.4514000117778778,0.08250000327825546,0.09030000120401382,0.19619999825954437,0.04859999939799309,0.26570001244544983,0.05119999870657921,0.0860000029206276,0.0017999999690800905,0.3630000054836273,0.029999999329447746,0.1451999992132187,0.7800999879837036
CAE8603688.1,Cytoplasm,Nuclear localization signal,Soluble,0.6236000061035156,0.4514000117778778,0.08250000327825546,0.09030000120401382,0.19619999825954437,0.04859999939799309,0.26570001244544983,0.05119999870657921,0.0860000029206276,0.0017999999690800905,0.3630000054836273,0.029999999329447746,0.1451999992132187,0.7800999879837036
CAE8610159.1,Cytoplasm,Nuclear localization signal,Soluble,0.6236000061035156,0.4514000117778778,0.08250000327825546,0.09030000120401382,0.19619999825954437,0.04859999939799309,0.26570001244544983,0.05119999870657921,0.0860000029206276,0.0017999999690800905,0.3630000054836273,0.029999999329447746,0.1451999992132187,0.7800999879837036
CAE8603687.1,Cytoplasm,Nuclear localization signal,Soluble,0.6236000061035156,0.4514000117778778,0.08250000327825546,0.09030000120401382,0.19619999825954437,0.04859999939799309,0.26570001244544983,0.05119999870657921,0.0860000029206276,0.0017999999690800905,0.3630000054836273,0.029999999329447746,0.1451999992132187,0.7800999879837036
CAE8605098.1,Cytoplasm,Nuclear localization signal,Soluble,0.6236000061035156,0.4514000117778778,0.08250000327825546,0.09030000120401382,0.19619999825954437,0.04859999939799309,0.26570001244544983,0.05119999870657921,0.0860000029206276,0.0017999999690800905,0.3630000054836273,0.029999999329447746,0.1451999992132187,0.7800999879837036
CAE8630124.1,Cytoplasm,Nuclear localization signal,Soluble,0.6236000061035156,0.4514000117778778,0.08250000327825546,0.09030000120401382,0.19619999825954437,0.04859999939799309,0.26570001244544983,0.05119999870657921,0.0860000029206276,0.0017999999690800905,0.3630000054836273,0.029999999329447746,0.1451999992132187,0.7800999879837036
CAE8605095.1,Cytoplasm,Nuclear localization signal,Soluble,0.6236000061035156,0.4514000117778778,0.08250000327825546,0.09030000120401382,0.19619999825954437,0.04859999939799309,0.26570001244544983,0.05119999870657921,0.0860000029206276,0.0017999999690800905,0.3630000054836273,0.029999999329447746,0.1451999992132187,0.7800999879837036
CAE8603690.1,Cytoplasm,Nuclear localization signal,Soluble,0.6236000061035156,0.4514000117778778,0.08250000327825546,0.09030000120401382,0.19619999825954437,0.04859999939799309,0.26570001244544983,0.05119999870657921,0.0860000029206276,0.0017999999690800905,0.3630000054836273,0.029999999329447746,0.1451999992132187,0.7800999879837036
CAE8605097.1,Cytoplasm,Nuclear localization signal,Soluble,0.6236000061035156,0.4514000117778778,0.08250000327825546,0.09030000120401382,0.19619999825954437,0.04859999939799309,0.26570001244544983,0.05119999870657921,0.0860000029206276,0.0017999999690800905,0.3630000054836273,0.029999999329447746,0.1451999992132187,0.7800999879837036
CAE8637317.1,Cytoplasm,Nuclear localization signal,Soluble,0.6236000061035156,0.4514000117778778,0.08250000327825546,0.09030000120401382,0.19619999825954437,0.04859999939799309,0.26570001244544983,0.05119999870657921,0.0860000029206276,0.0017999999690800905,0.3630000054836273,0.029999999329447746,0.1451999992132187,0.7800999879837036
OLQ14078.1,Cell membrane,Signal peptide|Transmembrane domain,Transmembrane,0.16779999434947968,0.08079999685287476,0.04360000044107437,0.6448000073432922,0.21439999341964722,0.08009999990463257,0.45100000500679016,0.2198999971151352,0.38769999146461487,0.031099999323487282,0.26109999418258667,0.9276999831199646,0.10689999908208847,0.12950000166893005
CAE8614307.1,Cytoplasm,Nuclear localization signal,Soluble,0.5439000129699707,0.47440001368522644,0.12890000641345978,0.10029999911785126,0.1648000031709671,0.19939999282360077,0.17399999499320984,0.03840000182390213,0.0746999979019165,0.03099999949336052,0.41100001335144043,0.05009999871253967,0.23070000112056732,0.7488999962806702
CAE7277190.1,Cytoplasm,Nuclear localization signal,Soluble,0.6553000211715698,0.45179998874664307,0.07930000126361847,0.10620000213384628,0.2290000021457672,0.052000001072883606,0.2953000068664551,0.052400000393390656,0.09300000220537186,0.002199999988079071,0.39719998836517334,0.03009999915957451,0.13580000400543213,0.7745000123977661
CAE7277167.1,Cytoplasm,Nuclear localization signal,Soluble,0.6553000211715698,0.45179998874664307,0.07930000126361847,0.10620000213384628,0.2290000021457672,0.052000001072883606,0.2953000068664551,0.052400000393390656,0.09300000220537186,0.002199999988079071,0.39719998836517334,0.03009999915957451,0.13580000400543213,0.7745000123977661
CAK9034812.1,Cytoplasm,Nuclear localization signal,Soluble,0.6373000144958496,0.4512999951839447,0.08219999819993973,0.11259999871253967,0.225600004196167,0.05700000002980232,0.2712000012397766,0.054099999368190765,0.09350000321865082,0.0034000000450760126,0.4052000045776367,0.03229999914765358,0.14800000190734863,0.7795000076293945
CAE8628192.1,Cytoplasm,,Soluble,0.6891999840736389,0.2685000002384186,0.23919999599456787,0.061799999326467514,0.2401999980211258,0.06080000102519989,0.1979999989271164,0.11100000143051147,0.2345999926328659,0.012600000016391277,0.3781000077724457,0.08269999921321869,0.1768999993801117,0.7646999955177307
CAE7834837.1,Cytoplasm,Nuclear localization signal,Soluble,0.6586999893188477,0.44920000433921814,0.07729999721050262,0.10689999908208847,0.22939999401569366,0.052400000393390656,0.2957000136375427,0.052000001072883606,0.09319999814033508,0.002300000051036477,0.3978999853134155,0.030300000682473183,0.1379999965429306,0.7738999724388123
CAE7317709.1,Cytoplasm,Nuclear localization signal,Soluble,0.6586999893188477,0.44920000433921814,0.07729999721050262,0.10689999908208847,0.22939999401569366,0.052400000393390656,0.2957000136375427,0.052000001072883606,0.09319999814033508,0.002300000051036477,0.3978999853134155,0.030300000682473183,0.1379999965429306,0.7738999724388123
OLP77944.1,Cytoplasm,Nuclear localization signal,Soluble,0.6294999718666077,0.37119999527931213,0.08569999784231186,0.12439999729394913,0.12080000340938568,0.022600000724196434,0.30790001153945923,0.11699999868869781,0.19740000367164612,0.0044999998062849045,0.4844000041484833,0.07750000059604645,0.14800000190734863,0.7835999727249146
CAK9108214.1,Cytoplasm,Nuclear localization signal,Soluble,0.6722000241279602,0.26260000467300415,0.04019999876618385,0.12620000541210175,0.32839998602867126,0.025100000202655792,0.17489999532699585,0.045899998396635056,0.05649999901652336,0.0010999999940395355,0.44369998574256897,0.04010000079870224,0.050700001418590546,0.73580002784729
CAL1138639.1,Cytoplasm,Signal peptide,Soluble,0.4009999930858612,0.1965000033378601,0.3481999933719635,0.18940000236034393,0.13760000467300415,0.01269999984651804,0.3917999863624573,0.23309999704360962,0.351500004529953,0.027000000700354576,0.3824999928474426,0.15070000290870667,0.19040000438690186,0.7645000219345093
OLP77946.1,Cytoplasm,,Peripheral|Soluble,0.6413999795913696,0.351500004529953,0.17949999868869781,0.11829999834299088,0.16249999403953552,0.060600001364946365,0.5309000015258789,0.11429999768733978,0.304500013589859,0.032499998807907104,0.6043000221252441,0.14880000054836273,0.11890000104904175,0.73089998960495
CAE7362440.1,Cytoplasm,Nuclear localization signal,Soluble,0.7013000249862671,0.4925000071525574,0.07689999788999557,0.06589999794960022,0.09200000017881393,0.01209999993443489,0.28290000557899475,0.04439999908208847,0.15489999949932098,0.002300000051036477,0.3050999939441681,0.03280000016093254,0.043800000101327896,0.8844000101089478
OLP90727.1,Endoplasmic reticulum,,Peripheral|Soluble,0.4138000011444092,0.273499995470047,0.1257999986410141,0.18880000710487366,0.20389999449253082,0.06109999865293503,0.5758000016212463,0.1599999964237213,0.3292999863624573,0.018799999728798866,0.6305000185966492,0.38420000672340393,0.1395999938249588,0.512499988079071
CAE7462997.1,Cytoplasm,Nuclear localization signal,Soluble,0.7275000214576721,0.2669999897480011,0.07079999893903732,0.10819999873638153,0.1680999994277954,0.046300001442432404,0.19580000638961792,0.05939999967813492,0.11270000040531158,0.007000000216066837,0.35030001401901245,0.04270000010728836,0.08299999684095383,0.8508999943733215
CAE7888340.1,Extracellular|Lysosome/Vacuole,Signal peptide,Soluble,0.22750000655651093,0.0674000009894371,0.8342000246047974,0.22130000591278076,0.04100000113248825,0.010400000028312206,0.3521000146865845,0.7285000085830688,0.47530001401901245,0.0006000000284984708,0.4706999957561493,0.030300000682473183,0.20810000598430634,0.8220000267028809
CAE7786716.1,Cytoplasm|Endoplasmic reticulum,,Peripheral|Soluble,0.6606000065803528,0.3781999945640564,0.15539999306201935,0.1307000070810318,0.10159999877214432,0.05480000004172325,0.635699987411499,0.09570000320672989,0.28690001368522644,0.05810000002384186,0.6118999719619751,0.15780000388622284,0.12489999830722809,0.7235000133514404
CAE7517004.1,Cytoplasm,Nuclear localization signal,Soluble,0.5472999811172485,0.41749998927116394,0.11469999700784683,0.1386999934911728,0.22040000557899475,0.040800001472234726,0.20399999618530273,0.07729999721050262,0.16359999775886536,0.0210999995470047,0.4839000105857849,0.21379999816417694,0.1655000001192093,0.6658999919891357
CAE7022871.1,Cytoplasm,Nuclear localization signal,Soluble,0.769599974155426,0.47769999504089355,0.08540000021457672,0.05270000174641609,0.15629999339580536,0.029899999499320984,0.4934999942779541,0.0868000015616417,0.16429999470710754,0.0008999999845400453,0.36250001192092896,0.03689999878406525,0.10379999876022339,0.8080999851226807
CAL1137694.1,Cytoplasm,Nuclear localization signal,Soluble,0.6539000272750854,0.3610999882221222,0.1039000004529953,0.09950000047683716,0.14380000531673431,0.03610000014305115,0.28529998660087585,0.07859999686479568,0.22869999706745148,0.008999999612569809,0.5256999731063843,0.07940000295639038,0.1754000037908554,0.7940999865531921
CAE7442698.1,Cytoplasm,Nuclear localization signal,Soluble,0.7612000107765198,0.4903999865055084,0.08780000358819962,0.05559999868273735,0.163100004196167,0.031099999323487282,0.4975000023841858,0.08869999647140503,0.16439999639987946,0.0008999999845400453,0.36570000648498535,0.03720000013709068,0.11129999905824661,0.8043000102043152
CAL1165714.1,Cytoplasm,Nuclear localization signal,Soluble,0.7610999941825867,0.45350000262260437,0.0786999985575676,0.04899999871850014,0.1282999962568283,0.03189999982714653,0.4438000023365021,0.08640000224113464,0.16339999437332153,0.0007999999797903001,0.32919999957084656,0.0357000008225441,0.09520000219345093,0.8208000063896179
OLP79648.1,Golgi apparatus,Signal peptide|Transmembrane domain,Peripheral|Transmembrane,0.07090000063180923,0.009399999864399433,0.2295999974012375,0.10100000351667404,0.2856000065803528,0.1370999962091446,0.40070000290870667,0.2061000019311905,0.4767000079154968,0.0027000000700354576,0.6628999710083008,0.6996999979019165,0.04010000079870224,0.164900004863739
CAK9118694.1,Cytoplasm,Nuclear localization signal,Soluble,0.7512000203132629,0.4643999934196472,0.08299999684095383,0.054999999701976776,0.12780000269412994,0.030700000002980232,0.4814000129699707,0.08980000019073486,0.16509999334812164,0.0007999999797903001,0.33059999346733093,0.03519999980926514,0.09049999713897705,0.8294000029563904
CAK8986133.1,Cytoplasm,Nuclear localization signal,Soluble,0.7512000203132629,0.4643999934196472,0.08299999684095383,0.054999999701976776,0.12780000269412994,0.030700000002980232,0.4814000129699707,0.08980000019073486,0.16509999334812164,0.0007999999797903001,0.33059999346733093,0.03519999980926514,0.09049999713897705,0.8294000029563904
CAK8988569.1,Cytoplasm,Nuclear localization signal,Soluble,0.7512000203132629,0.4643999934196472,0.08299999684095383,0.054999999701976776,0.12780000269412994,0.030700000002980232,0.4814000129699707,0.08980000019073486,0.16509999334812164,0.0007999999797903001,0.33059999346733093,0.03519999980926514,0.09049999713897705,0.8294000029563904
CAL1136299.1,Golgi apparatus,Signal peptide|Transmembrane domain,Peripheral|Transmembrane,0.07569999992847443,0.010300000198185444,0.23980000615119934,0.1145000010728836,0.22679999470710754,0.09139999747276306,0.43540000915527344,0.2549000084400177,0.5734000205993652,0.0031999999191612005,0.666100025177002,0.7020999789237976,0.044599998742341995,0.15629999339580536
CAL1136287.1,Golgi apparatus,Signal peptide|Transmembrane domain,Peripheral|Transmembrane,0.07569999992847443,0.010300000198185444,0.23980000615119934,0.1145000010728836,0.22679999470710754,0.09139999747276306,0.43540000915527344,0.2549000084400177,0.5734000205993652,0.0031999999191612005,0.666100025177002,0.7020999789237976,0.044599998742341995,0.15629999339580536
CAL1136293.1,Golgi apparatus,Signal peptide|Transmembrane domain,Peripheral|Transmembrane,0.07569999992847443,0.010300000198185444,0.23980000615119934,0.1145000010728836,0.22679999470710754,0.09139999747276306,0.43540000915527344,0.2549000084400177,0.5734000205993652,0.0031999999191612005,0.666100025177002,0.7020999789237976,0.044599998742341995,0.15629999339580536
CAL1136296.1,Golgi apparatus,Signal peptide|Transmembrane domain,Peripheral|Transmembrane,0.07509999722242355,0.010400000028312206,0.2433999925851822,0.11330000311136246,0.2240999937057495,0.09260000288486481,0.44200000166893005,0.2506999969482422,0.5733000040054321,0.0031999999191612005,0.6675999760627747,0.6949999928474426,0.04619999974966049,0.1590999960899353
CAE8593372.1,Golgi apparatus,,Peripheral|Soluble,0.06870000064373016,0.01979999989271164,0.13590000569820404,0.0608999989926815,0.24959999322891235,0.1851000040769577,0.26269999146461487,0.0925000011920929,0.47510001063346863,0.02160000056028366,0.7547000050544739,0.16099999845027924,0.11580000072717667,0.5105000138282776
CAE8634114.1,Golgi apparatus,,Peripheral|Soluble,0.06870000064373016,0.01979999989271164,0.13590000569820404,0.0608999989926815,0.24959999322891235,0.1851000040769577,0.26269999146461487,0.0925000011920929,0.47510001063346863,0.02160000056028366,0.7547000050544739,0.16099999845027924,0.11580000072717667,0.5105000138282776
CAE8634116.1,Golgi apparatus,,Peripheral|Soluble,0.06870000064373016,0.01979999989271164,0.13590000569820404,0.0608999989926815,0.24959999322891235,0.1851000040769577,0.26269999146461487,0.0925000011920929,0.47510001063346863,0.02160000056028366,0.7547000050544739,0.16099999845027924,0.11580000072717667,0.5105000138282776
CAE8634113.1,Golgi apparatus,,Peripheral|Soluble,0.06870000064373016,0.01979999989271164,0.13590000569820404,0.0608999989926815,0.24959999322891235,0.1851000040769577,0.26269999146461487,0.0925000011920929,0.47510001063346863,0.02160000056028366,0.7547000050544739,0.16099999845027924,0.11580000072717667,0.5105000138282776
CAE8634115.1,Golgi apparatus,,Peripheral|Soluble,0.0689999982714653,0.020099999383091927,0.14010000228881836,0.062199998646974564,0.2531999945640564,0.18080000579357147,0.27059999108314514,0.09319999814033508,0.47929999232292175,0.023000000044703484,0.7573000192642212,0.16419999301433563,0.1177000030875206,0.5054000020027161
CAE8593373.1,Golgi apparatus,,Peripheral|Soluble,0.06870000064373016,0.01979999989271164,0.13590000569820404,0.0608999989926815,0.24959999322891235,0.1851000040769577,0.26269999146461487,0.0925000011920929,0.47510001063346863,0.02160000056028366,0.7547000050544739,0.16099999845027924,0.11580000072717667,0.5105000138282776
CAK9025087.1,Golgi apparatus,,Peripheral,0.07240000367164612,0.01730000041425228,0.19040000438690186,0.07890000194311142,0.26339998841285706,0.10100000351667404,0.33379998803138733,0.22089999914169312,0.49160000681877136,0.004100000020116568,0.7466999888420105,0.4867999851703644,0.061900001019239426,0.23350000381469727
CAK9114539.1,Golgi apparatus,,Peripheral,0.07240000367164612,0.01730000041425228,0.19040000438690186,0.07890000194311142,0.26339998841285706,0.10100000351667404,0.33379998803138733,0.22089999914169312,0.49160000681877136,0.004100000020116568,0.7466999888420105,0.4867999851703644,0.061900001019239426,0.23350000381469727
OLP88627.1,Cytoplasm,,Soluble,0.6818000078201294,0.3984000086784363,0.17880000174045563,0.1046999990940094,0.23399999737739563,0.004600000102072954,0.31130000948905945,0.2012999951839447,0.4932999908924103,0.03959999978542328,0.4413999915122986,0.12380000203847885,0.1581999957561493,0.7752000093460083
CAK9092663.1,Cytoplasm,Nuclear localization signal,Soluble,0.7562000155448914,0.4584999978542328,0.08070000261068344,0.052400000393390656,0.11949999630451202,0.02979999966919422,0.4691999852657318,0.08190000057220459,0.1678999960422516,0.000699999975040555,0.3296000063419342,0.035599999129772186,0.08460000157356262,0.8259999752044678
CAK9093393.1,Cytoplasm,Nuclear localization signal,Soluble,0.7562000155448914,0.4584999978542328,0.08070000261068344,0.052400000393390656,0.11949999630451202,0.02979999966919422,0.4691999852657318,0.08190000057220459,0.1678999960422516,0.000699999975040555,0.3296000063419342,0.035599999129772186,0.08460000157356262,0.8259999752044678
CAK9004129.1,Cytoplasm,Nuclear localization signal,Soluble,0.7562000155448914,0.4584999978542328,0.08070000261068344,0.052400000393390656,0.11949999630451202,0.02979999966919422,0.4691999852657318,0.08190000057220459,0.1678999960422516,0.000699999975040555,0.3296000063419342,0.035599999129772186,0.08460000157356262,0.8259999752044678
CAL1138413.1,Cytoplasm,Nuclear localization signal,Soluble,0.6280999779701233,0.3776000142097473,0.08649999648332596,0.05640000104904175,0.12690000236034393,0.08320000022649765,0.41130000352859497,0.04569999873638153,0.12039999663829803,0.0032999999821186066,0.4323999881744385,0.12549999356269836,0.2345000058412552,0.6610999703407288
CAE8591585.1,Cytoplasm,Nuclear localization signal,Soluble,0.7577999830245972,0.4555000066757202,0.07440000027418137,0.05689999833703041,0.120899997651577,0.04569999873638153,0.44200000166893005,0.09309999644756317,0.164000004529953,0.0008999999845400453,0.33869999647140503,0.032099999487400055,0.0877000018954277,0.8252000212669373
CAE8621805.1,Cytoplasm,Nuclear localization signal,Soluble,0.7577999830245972,0.4555000066757202,0.07440000027418137,0.05689999833703041,0.120899997651577,0.04569999873638153,0.44200000166893005,0.09309999644756317,0.164000004529953,0.0008999999845400453,0.33869999647140503,0.032099999487400055,0.0877000018954277,0.8252000212669373
CAL1167978.1,Golgi apparatus,Signal peptide|Transmembrane domain,Peripheral|Transmembrane,0.12700000405311584,0.024800000712275505,0.1274999976158142,0.14920000731945038,0.27720001339912415,0.04690000042319298,0.4205999970436096,0.29589998722076416,0.542900025844574,0.006300000008195639,0.6680999994277954,0.6658999919891357,0.08209999650716782,0.1761000007390976
CAE8630231.1,Cytoplasm,Nuclear localization signal,Soluble,0.7577999830245972,0.4555000066757202,0.07440000027418137,0.05689999833703041,0.120899997651577,0.04569999873638153,0.44200000166893005,0.09309999644756317,0.164000004529953,0.0008999999845400453,0.33869999647140503,0.032099999487400055,0.0877000018954277,0.8252000212669373
CAE8605742.1,Golgi apparatus,,Peripheral,0.07339999824762344,0.020600000396370888,0.15209999680519104,0.06449999660253525,0.2752000093460083,0.19290000200271606,0.23559999465942383,0.1005999967455864,0.43070000410079956,0.02370000071823597,0.6620000004768372,0.24089999496936798,0.09950000047683716,0.47690001130104065
CAE8592101.1,Cytoplasm,Nuclear localization signal,Soluble,0.6502000093460083,0.24140000343322754,0.0658000037074089,0.05649999901652336,0.15150000154972076,0.019500000402331352,0.23399999737739563,0.09910000115633011,0.2669000029563904,0.002400000113993883,0.349700003862381,0.051500000059604645,0.050700001418590546,0.8356000185012817
CAE7438424.1,Cytoplasm,,Peripheral|Soluble,0.5230000019073486,0.29820001125335693,0.24279999732971191,0.08420000225305557,0.400299996137619,0.16060000658035278,0.1437000036239624,0.15919999778270721,0.20749999582767487,0.0017999999690800905,0.6536999940872192,0.04769999906420708,0.15950000286102295,0.6830999851226807
CAE8620384.1,Cytoplasm,Nuclear localization signal,Soluble,0.758899986743927,0.4496999979019165,0.07739999890327454,0.05460000038146973,0.12200000137090683,0.04569999873638153,0.4447999894618988,0.09319999814033508,0.16519999504089355,0.0008999999845400453,0.33709999918937683,0.032499998807907104,0.08579999953508377,0.8246999979019165
CAE8631794.1,Cytoplasm,Nuclear localization signal,Soluble,0.7638999819755554,0.47269999980926514,0.07100000232458115,0.0551999993622303,0.12219999730587006,0.0430000014603138,0.44440001249313354,0.09769999980926514,0.16439999639987946,0.0010999999940395355,0.33239999413490295,0.031099999323487282,0.0925000011920929,0.829800009727478
CAE8631795.1,Cytoplasm,Nuclear localization signal,Soluble,0.7638999819755554,0.47269999980926514,0.07100000232458115,0.0551999993622303,0.12219999730587006,0.0430000014603138,0.44440001249313354,0.09769999980926514,0.16439999639987946,0.0010999999940395355,0.33239999413490295,0.031099999323487282,0.0925000011920929,0.829800009727478
CAE8632194.1,Cytoplasm,Nuclear localization signal,Soluble,0.758899986743927,0.46320000290870667,0.07429999858140945,0.054999999701976776,0.1264999955892563,0.04769999906420708,0.45239999890327454,0.08900000154972076,0.17059999704360962,0.0012000000569969416,0.35120001435279846,0.031300000846385956,0.09910000115633011,0.8274000287055969
CAE8632877.1,Cytoplasm,Nuclear localization signal,Soluble,0.7616999745368958,0.4697999954223633,0.07180000096559525,0.05480000004172325,0.12049999833106995,0.04450000077486038,0.4449000060558319,0.09539999812841415,0.16449999809265137,0.0010000000474974513,0.3330000042915344,0.03139999881386757,0.0908999964594841,0.8295999765396118
CAE8631796.1,Cytoplasm,Nuclear localization signal,Soluble,0.7613000273704529,0.46369999647140503,0.07440000027418137,0.057500001043081284,0.11949999630451202,0.043299999088048935,0.44200000166893005,0.0934000015258789,0.1679999977350235,0.0010000000474974513,0.33250001072883606,0.03180000185966492,0.09300000220537186,0.8300999999046326
CAE8632878.1,Cytoplasm,Nuclear localization signal,Soluble,0.7616999745368958,0.4697999954223633,0.07180000096559525,0.05480000004172325,0.12049999833106995,0.04450000077486038,0.4449000060558319,0.09539999812841415,0.16449999809265137,0.0010000000474974513,0.3330000042915344,0.03139999881386757,0.0908999964594841,0.8295999765396118
CAE8631797.1,Cytoplasm,Nuclear localization signal,Soluble,0.7616999745368958,0.4697999954223633,0.07180000096559525,0.05480000004172325,0.12049999833106995,0.04450000077486038,0.4449000060558319,0.09539999812841415,0.16449999809265137,0.0010000000474974513,0.3330000042915344,0.03139999881386757,0.0908999964594841,0.8295999765396118
CAL1133328.1,Cytoplasm,,Soluble,0.4065999984741211,0.25769999623298645,0.14959999918937683,0.24050000309944153,0.12439999729394913,0.013700000010430813,0.13410000503063202,0.12809999287128448,0.08739999681711197,0.03869999945163727,0.40950000286102295,0.1535000056028366,0.1031000018119812,0.7192999720573425
CAL1136301.1,Golgi apparatus,Signal peptide|Transmembrane domain,Peripheral|Transmembrane,0.07450000196695328,0.00989999994635582,0.25859999656677246,0.12129999697208405,0.24690000712871552,0.10050000250339508,0.47119998931884766,0.26019999384880066,0.5845000147819519,0.0031999999191612005,0.6299999952316284,0.7425000071525574,0.0478999987244606,0.14990000426769257
OLP86456.1,Endoplasmic reticulum,Transmembrane domain,Transmembrane,0.1542000025510788,0.07850000262260437,0.06279999762773514,0.25380000472068787,0.3140999972820282,0.014600000344216824,0.34700000286102295,0.10050000250339508,0.2913999855518341,0.01209999993443489,0.34439998865127563,0.9628000259399414,0.1039000004529953,0.10869999974966049
CAK9088572.1,Cytoplasm,Nuclear localization signal,Soluble,0.744700014591217,0.48500001430511475,0.07100000232458115,0.0421999990940094,0.11580000072717667,0.033799998462200165,0.5131999850273132,0.08320000022649765,0.14180000126361847,0.0006000000284984708,0.3181000053882599,0.03620000183582306,0.07129999995231628,0.8319000005722046
CAK9109217.1,Golgi apparatus,Signal peptide|Transmembrane domain,Peripheral|Transmembrane,0.08190000057220459,0.013199999928474426,0.2150000035762787,0.08820000290870667,0.23029999434947968,0.08810000121593475,0.38280001282691956,0.2676999866962433,0.5809000134468079,0.004699999932199717,0.7599999904632568,0.6021000146865845,0.04749999940395355,0.16830000281333923
CAK9012866.1,Golgi apparatus,Signal peptide|Transmembrane domain,Peripheral|Transmembrane,0.08190000057220459,0.013199999928474426,0.2150000035762787,0.08820000290870667,0.23029999434947968,0.08810000121593475,0.38280001282691956,0.2676999866962433,0.5809000134468079,0.004699999932199717,0.7599999904632568,0.6021000146865845,0.04749999940395355,0.16830000281333923
CAK9013293.1,Golgi apparatus,Signal peptide|Transmembrane domain,Peripheral|Transmembrane,0.08190000057220459,0.013199999928474426,0.2150000035762787,0.08820000290870667,0.23029999434947968,0.08810000121593475,0.38280001282691956,0.2676999866962433,0.5809000134468079,0.004699999932199717,0.7599999904632568,0.6021000146865845,0.04749999940395355,0.16830000281333923
CAE8615313.1,Endoplasmic reticulum,Signal peptide|Transmembrane domain,Peripheral|Transmembrane,0.06970000267028809,0.009700000286102295,0.3025999963283539,0.09700000286102295,0.3294999897480011,0.17479999363422394,0.4519999921321869,0.1453000009059906,0.4361000061035156,0.0035000001080334187,0.6876000165939331,0.6126000285148621,0.05990000069141388,0.19099999964237213
CAE8607293.1,Golgi apparatus,Signal peptide|Transmembrane domain,Peripheral|Transmembrane,0.06469999998807907,0.009600000455975533,0.2637999951839447,0.10450000315904617,0.3149000108242035,0.13539999723434448,0.4666000008583069,0.19679999351501465,0.5396000146865845,0.00430000014603138,0.603600025177002,0.7875000238418579,0.07180000096559525,0.12780000269412994
CAE8623482.1,Golgi apparatus,Signal peptide|Transmembrane domain,Peripheral|Transmembrane,0.06469999998807907,0.009600000455975533,0.2637999951839447,0.10450000315904617,0.3149000108242035,0.13539999723434448,0.4666000008583069,0.19679999351501465,0.5396000146865845,0.00430000014603138,0.603600025177002,0.7875000238418579,0.07180000096559525,0.12780000269412994
CAE7243742.1,Cytoplasm,,Peripheral|Soluble,0.49230000376701355,0.31380000710487366,0.10559999942779541,0.1776999980211258,0.2971000075340271,0.031300000846385956,0.5324000120162964,0.15070000290870667,0.3003999888896942,0.025699999183416367,0.6398000121116638,0.319599986076355,0.29660001397132874,0.5253999829292297
CAK9106739.1,Golgi apparatus,,Peripheral|Transmembrane,0.07460000365972519,0.017899999395012856,0.18709999322891235,0.08160000294446945,0.2639000117778778,0.10119999945163727,0.34459999203681946,0.22689999639987946,0.49950000643730164,0.003700000001117587,0.746999979019165,0.5454000234603882,0.062199998646974564,0.21359999477863312
CAL1145602.1,Cytoplasm,,Soluble,0.5238000154495239,0.44110000133514404,0.2648000121116638,0.16990000009536743,0.0851999968290329,0.06930000334978104,0.28940001130104065,0.03709999844431877,0.12729999423027039,0.14429999887943268,0.3089999854564667,0.09269999712705612,0.23899999260902405,0.8303999900817871
CAK9100491.1,Golgi apparatus,Signal peptide,Peripheral|Soluble,0.0868000015616417,0.025299999862909317,0.18330000340938568,0.08489999920129776,0.14740000665187836,0.09369999915361404,0.1843000054359436,0.12720000743865967,0.4196000099182129,0.010599999688565731,0.769599974155426,0.12600000202655792,0.06650000065565109,0.5209000110626221
CAK9109149.1,Golgi apparatus,Signal peptide,Peripheral|Soluble,0.10450000315904617,0.04540000110864639,0.14890000224113464,0.08919999748468399,0.18930000066757202,0.0608999989926815,0.19949999451637268,0.14659999310970306,0.33559998869895935,0.01720000058412552,0.6633999943733215,0.19869999587535858,0.0754999965429306,0.5443999767303467
CAL1140950.1,Golgi apparatus,Signal peptide|Transmembrane domain,Transmembrane,0.09799999743700027,0.024000000208616257,0.06469999998807907,0.19329999387264252,0.18850000202655792,0.02319999970495701,0.2955999970436096,0.2632000148296356,0.4668999910354614,0.008500000461935997,0.11209999769926071,0.98580002784729,0.06019999831914902,0.1039000004529953
CAK9048995.1,Cytoplasm,,Peripheral|Soluble,0.12309999763965607,0.06769999861717224,0.08309999853372574,0.10930000245571136,0.24809999763965607,0.05609999969601631,0.24770000576972961,0.1445000022649765,0.25040000677108765,0.0071000000461936,0.6509000062942505,0.24879999458789825,0.04650000110268593,0.5751000046730042
OLP82657.1,Golgi apparatus,,Peripheral,0.09489999711513519,0.025599999353289604,0.13650000095367432,0.07769999653100967,0.2468000054359436,0.05779999867081642,0.2328999936580658,0.12800000607967377,0.5135999917984009,0.013299999758601189,0.6819000244140625,0.3522999882698059,0.23819999396800995,0.4223000109195709
OLP82667.1,Endoplasmic reticulum,,Peripheral|Transmembrane,0.09350000321865082,0.043299999088048935,0.09059999883174896,0.06650000065565109,0.26159998774528503,0.30660000443458557,0.3151000142097473,0.07360000163316727,0.2515999972820282,0.05900000035762787,0.609499990940094,0.9070000052452087,0.1460999995470047,0.1590999960899353
CAK9049002.1,Cytoplasm,,Peripheral|Soluble,0.12319999933242798,0.0731000006198883,0.08489999920129776,0.11389999836683273,0.2395000010728836,0.06870000064373016,0.21629999577999115,0.13040000200271606,0.21979999542236328,0.005900000222027302,0.6266999840736389,0.2824999988079071,0.04039999842643738,0.5712000131607056
CAE7216769.1,Golgi apparatus,,Peripheral,0.0949999988079071,0.023600000888109207,0.1396999955177307,0.06759999692440033,0.25940001010894775,0.05770000070333481,0.2345000058412552,0.1331000030040741,0.5054000020027161,0.008799999952316284,0.7764999866485596,0.20880000293254852,0.052000001072883606,0.48089998960494995
OLP95725.1,Mitochondrion,,Peripheral,0.07680000364780426,0.03669999912381172,0.05570000037550926,0.09380000084638596,0.2847999930381775,0.1736000031232834,0.26669999957084656,0.039400000125169754,0.27160000801086426,0.044199999421834946,0.7989000082015991,0.2574000060558319,0.06019999831914902,0.448199987411499
OLQ13668.1,Nucleus,,Soluble,0.31060001254081726,0.5156999826431274,0.06610000133514404,0.17059999704360962,0.26350000500679016,0.03310000151395798,0.31790000200271606,0.16060000658035278,0.15530000627040863,0.05790000036358833,0.5171999931335449,0.22030000388622284,0.08410000056028366,0.684499979019165
CAK9022998.1,Cytoplasm,Nuclear localization signal,Soluble,0.6643999814987183,0.28459998965263367,0.05920000001788139,0.0689999982714653,0.16990000009536743,0.052799999713897705,0.42750000953674316,0.04820000007748604,0.21230000257492065,0.000699999975040555,0.2793999910354614,0.022600000724196434,0.12359999865293503,0.9110999703407288
CAL1157918.1,Cytoplasm,Nuclear localization signal,Soluble,0.6991999745368958,0.29350000619888306,0.044599998742341995,0.06400000303983688,0.1868000030517578,0.04639999940991402,0.4643999934196472,0.04410000145435333,0.1809999942779541,0.0006000000284984708,0.26600000262260437,0.02070000022649765,0.10050000250339508,0.9031000137329102
CAL1131658.1,Cytoplasm,Nuclear localization signal,Soluble,0.6794999837875366,0.3012000024318695,0.0737999975681305,0.07750000059604645,0.1687999963760376,0.04019999876618385,0.4426000118255615,0.04149999842047691,0.19200000166893005,0.0007999999797903001,0.2599000036716461,0.02070000022649765,0.13199999928474426,0.9128000140190125
CAL1131657.1,Cytoplasm,Nuclear localization signal,Soluble,0.6687999963760376,0.28360000252723694,0.053700000047683716,0.06729999929666519,0.1817999929189682,0.04560000076889992,0.4627000093460083,0.04580000042915344,0.20600000023841858,0.000699999975040555,0.28519999980926514,0.02239999920129776,0.1251000016927719,0.9107999801635742
CAE7211452.1,Cytoplasm,Nuclear localization signal,Soluble,0.6564000248908997,0.3781999945640564,0.0340999998152256,0.13979999721050262,0.16910000145435333,0.027300000190734863,0.3294999897480011,0.11110000312328339,0.19089999794960022,0.01360000018030405,0.5080999732017517,0.3677999973297119,0.1356000006198883,0.6646000146865845
CAE7202391.1,Cell membrane,Transmembrane domain,Transmembrane,0.19619999825954437,0.09709999710321426,0.07699999958276749,0.6111999750137329,0.12120000272989273,0.013100000098347664,0.367000013589859,0.5065000057220459,0.3783999979496002,0.016100000590085983,0.2784999907016754,0.8894000053405762,0.08460000157356262,0.20020000636577606
OLP80398.1,Cytoplasm,Nuclear localization signal,Soluble,0.6790000200271606,0.26420000195503235,0.05119999870657921,0.06650000065565109,0.16329999268054962,0.04639999940991402,0.4684999883174896,0.04540000110864639,0.19439999759197235,0.0006000000284984708,0.28630000352859497,0.020899999886751175,0.1200999990105629,0.9067000150680542
CAK9071493.1,Cytoplasm,Nuclear localization signal,Soluble,0.6802999973297119,0.18279999494552612,0.19089999794960022,0.08659999817609787,0.18240000307559967,0.06019999831914902,0.32269999384880066,0.08460000157356262,0.37689998745918274,0.0026000000070780516,0.28630000352859497,0.055399999022483826,0.148499995470047,0.8259999752044678
CAL1130399.1,Endoplasmic reticulum,,Transmembrane,0.2922999858856201,0.15469999611377716,0.04910000041127205,0.23199999332427979,0.06710000336170197,0.00930000003427267,0.6036999821662903,0.3727000057697296,0.40549999475479126,0.0071000000461936,0.1265999972820282,0.9538999795913696,0.06700000166893005,0.1753000020980835
OLP83445.1,Cell membrane,Signal peptide|Transmembrane domain,Transmembrane,0.1648000031709671,0.08669999986886978,0.0803999975323677,0.7275000214576721,0.04969999939203262,0.006899999920278788,0.19210000336170197,0.5670999884605408,0.4359999895095825,0.002300000051036477,0.1940000057220459,0.9904000163078308,0.3853999972343445,0.05350000038743019
CAE6966603.1,Cytoplasm,Nuclear localization signal,Soluble,0.6794999837875366,0.26460000872612,0.05389999970793724,0.06469999998807907,0.15549999475479126,0.04569999873638153,0.46889999508857727,0.04399999976158142,0.195700004696846,0.0006000000284984708,0.2816999852657318,0.020999999716877937,0.11469999700784683,0.9077000021934509
CAE6966591.1,Cytoplasm,Nuclear localization signal,Soluble,0.6787999868392944,0.26570001244544983,0.05139999836683273,0.06610000133514404,0.1543000042438507,0.04619999974966049,0.4609000086784363,0.04470000043511391,0.1875,0.0006000000284984708,0.2831000089645386,0.0210999995470047,0.11349999904632568,0.906499981880188
CAE8581155.1,Cytoplasm,Nuclear localization signal,Soluble,0.6622999906539917,0.28290000557899475,0.04309999942779541,0.07419999688863754,0.16599999368190765,0.03709999844431877,0.4912000000476837,0.03909999877214432,0.19009999930858612,0.00039999998989515007,0.3005000054836273,0.016100000590085983,0.09300000220537186,0.9107999801635742
CAE8582704.1,Cytoplasm,Nuclear localization signal,Soluble,0.6622999906539917,0.28290000557899475,0.04309999942779541,0.07419999688863754,0.16599999368190765,0.03709999844431877,0.4912000000476837,0.03909999877214432,0.19009999930858612,0.00039999998989515007,0.3005000054836273,0.016100000590085983,0.09300000220537186,0.9107999801635742
CAE8582706.1,Cytoplasm,Nuclear localization signal,Soluble,0.6622999906539917,0.28290000557899475,0.04309999942779541,0.07419999688863754,0.16599999368190765,0.03709999844431877,0.4912000000476837,0.03909999877214432,0.19009999930858612,0.00039999998989515007,0.3005000054836273,0.016100000590085983,0.09300000220537186,0.9107999801635742
CAE8581156.1,Cytoplasm,Nuclear localization signal,Soluble,0.6622999906539917,0.28290000557899475,0.04309999942779541,0.07419999688863754,0.16599999368190765,0.03709999844431877,0.4912000000476837,0.03909999877214432,0.19009999930858612,0.00039999998989515007,0.3005000054836273,0.016100000590085983,0.09300000220537186,0.9107999801635742
CAE8582705.1,Cytoplasm,Nuclear localization signal,Soluble,0.6622999906539917,0.28290000557899475,0.04309999942779541,0.07419999688863754,0.16599999368190765,0.03709999844431877,0.4912000000476837,0.03909999877214432,0.19009999930858612,0.00039999998989515007,0.3005000054836273,0.016100000590085983,0.09300000220537186,0.9107999801635742
CAE8581154.1,Cytoplasm,Nuclear localization signal,Soluble,0.6622999906539917,0.28290000557899475,0.04309999942779541,0.07419999688863754,0.16599999368190765,0.03709999844431877,0.4912000000476837,0.03909999877214432,0.19009999930858612,0.00039999998989515007,0.3005000054836273,0.016100000590085983,0.09300000220537186,0.9107999801635742
CAE7600962.1,Cytoplasm,Nuclear localization signal,Soluble,0.6776999831199646,0.26919999718666077,0.04899999871850014,0.06539999693632126,0.15449999272823334,0.047200001776218414,0.4699000120162964,0.04600000008940697,0.1923000067472458,0.0006000000284984708,0.287200003862381,0.020800000056624413,0.11680000275373459,0.9059000015258789
CAK9035880.1,Cytoplasm,,Soluble,0.5773000121116638,0.4941999912261963,0.13289999961853027,0.050700001418590546,0.19359999895095825,0.09910000115633011,0.19020000100135803,0.07540000230073929,0.15029999613761902,0.016499999910593033,0.3919999897480011,0.036400001496076584,0.11270000040531158,0.7997999787330627
CAK9104151.1,Cytoplasm,Nuclear localization signal,Soluble,0.6642000079154968,0.2890999913215637,0.04839999973773956,0.06300000101327896,0.1728000044822693,0.04360000044107437,0.444599986076355,0.04470000043511391,0.20080000162124634,0.0006000000284984708,0.28600001335144043,0.021700000390410423,0.10660000145435333,0.9122999906539917
CAK9097345.1,Cytoplasm,Nuclear localization signal,Soluble,0.6642000079154968,0.2890999913215637,0.04839999973773956,0.06300000101327896,0.1728000044822693,0.04360000044107437,0.444599986076355,0.04470000043511391,0.20080000162124634,0.0006000000284984708,0.28600001335144043,0.021700000390410423,0.10660000145435333,0.9122999906539917
CAE8602248.1,Cytoplasm,Nuclear localization signal,Soluble,0.6643000245094299,0.27459999918937683,0.04399999976158142,0.07029999792575836,0.15469999611377716,0.03759999945759773,0.5109000205993652,0.03759999945759773,0.20229999721050262,0.0005000000237487257,0.3000999987125397,0.016100000590085983,0.09130000323057175,0.9107999801635742
CAK8986839.1,Cytoplasm,Nuclear localization signal,Soluble,0.6956999897956848,0.29330000281333923,0.047600001096725464,0.05939999967813492,0.1850000023841858,0.03889999911189079,0.4399000108242035,0.042500000447034836,0.1851000040769577,0.0006000000284984708,0.2777000069618225,0.0210999995470047,0.09269999712705612,0.9114000201225281
CAK8986892.1,Cytoplasm,Nuclear localization signal,Soluble,0.6956999897956848,0.29330000281333923,0.047600001096725464,0.05939999967813492,0.1850000023841858,0.03889999911189079,0.4399000108242035,0.042500000447034836,0.1851000040769577,0.0006000000284984708,0.2777000069618225,0.0210999995470047,0.09269999712705612,0.9114000201225281
CAE8581159.1,Cytoplasm,Nuclear localization signal,Soluble,0.661899983882904,0.2856000065803528,0.04340000078082085,0.0729999989271164,0.1657000035047531,0.03689999878406525,0.48559999465942383,0.03889999911189079,0.188400000333786,0.00039999998989515007,0.30059999227523804,0.01600000075995922,0.0917000025510788,0.9107000231742859
CAE8638887.1,Cytoplasm,Nuclear localization signal,Soluble,0.6650999784469604,0.2743000090122223,0.04540000110864639,0.06689999997615814,0.1518000066280365,0.03610000014305115,0.5060999989509583,0.037700001150369644,0.20080000162124634,0.0005000000237487257,0.29840001463890076,0.016200000420212746,0.08749999850988388,0.9100000262260437
CAE8582701.1,Cytoplasm,Nuclear localization signal,Soluble,0.6639000177383423,0.27720001339912415,0.044199999421834946,0.06909999996423721,0.15399999916553497,0.037300001829862595,0.5056999921798706,0.03739999979734421,0.2004999965429306,0.0005000000237487257,0.3000999987125397,0.016100000590085983,0.09009999781847,0.9107000231742859
CAK9006263.1,Nucleus,Nuclear localization signal,Soluble,0.4059999883174896,0.45910000801086426,0.2879999876022339,0.06790000200271606,0.05429999902844429,0.07400000095367432,0.11969999969005585,0.13030000030994415,0.05480000004172325,0.002099999925121665,0.263700008392334,0.28139999508857727,0.11559999734163284,0.7526000142097473
CAE8603303.1,Cytoplasm,Nuclear localization signal,Soluble,0.6685000061988831,0.28119999170303345,0.03880000114440918,0.06549999862909317,0.14149999618530273,0.033399999141693115,0.5339999794960022,0.039400000125169754,0.21220000088214874,0.00039999998989515007,0.29829999804496765,0.016300000250339508,0.08760000020265579,0.9089999794960022
CAE8637706.1,Cytoplasm,Nuclear localization signal,Soluble,0.666100025177002,0.2840999960899353,0.04050000011920929,0.06199999898672104,0.14010000228881836,0.03200000151991844,0.5325999855995178,0.03779999911785126,0.20900000631809235,0.00039999998989515007,0.2906999886035919,0.016899999231100082,0.0877000018954277,0.907800018787384
CAE8613225.1,Cytoplasm,Nuclear localization signal,Soluble,0.6692000031471252,0.27970001101493835,0.03920000046491623,0.066600002348423,0.1404999941587448,0.03269999846816063,0.5343000292778015,0.039000000804662704,0.20569999516010284,0.00039999998989515007,0.2955000102519989,0.016599999740719795,0.08560000360012054,0.9077000021934509
CAE8642038.1,Mitochondrion,Mitochondrial transit peptide,Soluble,0.313400000333786,0.24220000207424164,0.1492999941110611,0.1242000013589859,0.5019000172615051,0.42719998955726624,0.09709999710321426,0.037700001150369644,0.1193000003695488,0.058800000697374344,0.4505999982357025,0.0746999979019165,0.17139999568462372,0.7411999702453613
CAE8585453.1,Cytoplasm,,Soluble,0.5376999974250793,0.4156999886035919,0.1687999963760376,0.04490000009536743,0.3336000144481659,0.09130000323057175,0.2533999979496002,0.06769999861717224,0.1753000020980835,0.044199999421834946,0.4327000081539154,0.0471000000834465,0.12950000166893005,0.7620000243186951
CAE8620413.1,Cytoplasm,Nuclear localization signal,Soluble,0.6525999903678894,0.26910001039505005,0.04729999974370003,0.07029999792575836,0.13950000703334808,0.037300001829862595,0.5655999779701233,0.040800001472234726,0.24300000071525574,0.00039999998989515007,0.2987000048160553,0.01679999940097332,0.09929999709129333,0.9089999794960022
CAE8583464.1,Endoplasmic reticulum,Transmembrane domain,Transmembrane,0.1785999983549118,0.32030001282691956,0.05040000006556511,0.46160000562667847,0.09910000115633011,0.06379999965429306,0.5357000231742859,0.13680000603199005,0.26409998536109924,0.12780000269412994,0.3041999936103821,0.916100025177002,0.0697999969124794,0.25940001010894775
CAE8591824.1,Cytoplasm,Nuclear localization signal,Soluble,0.6510999798774719,0.26759999990463257,0.04879999905824661,0.07410000264644623,0.14020000398159027,0.039500001817941666,0.5612999796867371,0.04039999842643738,0.2418999969959259,0.0005000000237487257,0.3041999936103821,0.01679999940097332,0.10109999775886536,0.90829998254776
CAE7299335.1,Endoplasmic reticulum,,Transmembrane,0.34439998865127563,0.05739999935030937,0.048700001090765,0.23019999265670776,0.36169999837875366,0.05620000138878822,0.5062999725341797,0.31130000948905945,0.5403000116348267,0.030899999663233757,0.18559999763965607,0.9412000179290771,0.1363999992609024,0.1881999969482422
CAE8620085.1,Endoplasmic reticulum,Transmembrane domain,Peripheral|Transmembrane,0.31700000166893005,0.08399999886751175,0.14239999651908875,0.34470000863075256,0.4950999915599823,0.22010000050067902,0.6345000267028809,0.4415999948978424,0.4318999946117401,0.05310000106692314,0.8256999850273132,0.5285000205039978,0.2312999963760376,0.2863999903202057
CAE8601167.1,Cytoplasm,Nuclear localization signal,Soluble,0.6409000158309937,0.3691999912261963,0.07810000330209732,0.07980000227689743,0.4147999882698059,0.02329999953508377,0.23469999432563782,0.08959999680519104,0.07829999923706055,0.010300000198185444,0.3783000111579895,0.021800000220537186,0.12300000339746475,0.8407999873161316
CAE8582648.1,Cytoplasm,,Soluble,0.631600022315979,0.38119998574256897,0.07180000096559525,0.07559999823570251,0.42419999837875366,0.023099999874830246,0.2295999974012375,0.09059999883174896,0.07580000162124634,0.013299999758601189,0.3837999999523163,0.0215000007301569,0.12349999696016312,0.8382999897003174
CAE8635881.1,Cytoplasm,Nuclear localization signal,Soluble,0.6359999775886536,0.37389999628067017,0.07819999754428864,0.08229999989271164,0.41999998688697815,0.026000000536441803,0.24210000038146973,0.08950000256299973,0.07880000025033951,0.011800000444054604,0.37929999828338623,0.02250000089406967,0.12430000305175781,0.8374999761581421
CAE8612935.1,Cytoplasm,,Soluble,0.6182000041007996,0.4074999988079071,0.07150000333786011,0.06499999761581421,0.41499999165534973,0.018799999728798866,0.2522999942302704,0.10109999775886536,0.09380000084638596,0.016699999570846558,0.4004000127315521,0.02449999935925007,0.12849999964237213,0.83160001039505
CAE8610573.1,Cytoplasm,Nuclear localization signal,Soluble,0.555899977684021,0.3359000086784363,0.11860000342130661,0.1014999970793724,0.25600001215934753,0.07680000364780426,0.3684000074863434,0.04800000041723251,0.18029999732971191,0.013500000350177288,0.3402000069618225,0.10920000076293945,0.09179999679327011,0.781000018119812
CAE8637175.1,Cytoplasm,,Soluble,0.7073000073432922,0.2718000113964081,0.17659999430179596,0.04830000177025795,0.36250001192092896,0.01730000041425228,0.17710000276565552,0.07620000094175339,0.10660000145435333,0.005499999970197678,0.2946999967098236,0.025200000032782555,0.13300000131130219,0.8499000072479248
CAE8611224.1,Cytoplasm,,Soluble,0.6273999810218811,0.39399999380111694,0.07729999721050262,0.06469999998807907,0.398499995470047,0.01860000006854534,0.2433999925851822,0.09549999982118607,0.09130000323057175,0.011900000274181366,0.3898000121116638,0.02449999935925007,0.12610000371932983,0.8353000283241272
OLP88063.1,Mitochondrion,Signal peptide,Peripheral|Soluble,0.1396999955177307,0.09080000221729279,0.19769999384880066,0.13519999384880066,0.4973999857902527,0.040699999779462814,0.3702999949455261,0.10679999738931656,0.32919999957084656,0.016599999740719795,0.6262999773025513,0.19740000367164612,0.03790000081062317,0.5792999863624573
CAE7409504.1,Cytoplasm,Nuclear localization signal,Soluble,0.5950999855995178,0.3675000071525574,0.06040000170469284,0.10639999806880951,0.41100001335144043,0.02590000070631504,0.23350000381469727,0.07410000264644623,0.07429999858140945,0.0052999998442828655,0.3986999988555908,0.027000000700354576,0.09369999915361404,0.8203999996185303
CAK9057602.1,Peroxisome,Peroxisomal targeting signal,Soluble,0.46320000290870667,0.0934000015258789,0.07240000367164612,0.058400001376867294,0.4510999917984009,0.0012000000569969416,0.17560000717639923,0.1386999934911728,0.24869999289512634,0.98089998960495,0.28760001063346863,0.14219999313354492,0.1469999998807907,0.7795000076293945
OLP93043.1,Cytoplasm,Nuclear localization signal,Soluble,0.595300018787384,0.3467999994754791,0.21819999814033508,0.14339999854564667,0.3643999993801117,0.10300000011920929,0.14270000159740448,0.06719999760389328,0.048900000751018524,0.031300000846385956,0.551800012588501,0.10109999775886536,0.11580000072717667,0.7656999826431274
CAE8584447.1,Endoplasmic reticulum,Signal peptide|Transmembrane domain,Transmembrane,0.19900000095367432,0.20090000331401825,0.022700000554323196,0.23559999465942383,0.1979999989271164,0.3359000086784363,0.9157999753952026,0.2915000021457672,0.44670000672340393,0.1379999965429306,0.11150000244379044,0.9417999982833862,0.47600001096725464,0.14319999516010284
CAL1168834.1,Cytoplasm,,Soluble,0.6092000007629395,0.3686000108718872,0.061400000005960464,0.10369999706745148,0.4156999886035919,0.021400000900030136,0.24609999358654022,0.08579999953508377,0.08940000087022781,0.008299999870359898,0.40049999952316284,0.03180000185966492,0.09640000015497208,0.8133999705314636
CAE8591509.1,Cytoplasm,,Soluble,0.5651999711990356,0.39629998803138733,0.16179999709129333,0.09920000284910202,0.2037999927997589,0.028599999845027924,0.3346000015735626,0.1972000002861023,0.23119999468326569,0.0203000009059906,0.5012000203132629,0.14169999957084656,0.13519999384880066,0.7936000227928162
CAL1168831.1,Cytoplasm,,Peripheral|Soluble,0.70660001039505,0.24549999833106995,0.08009999990463257,0.1307000070810318,0.2822999954223633,0.009200000204145908,0.16539999842643738,0.16359999775886536,0.29820001125335693,0.010999999940395355,0.6104000210762024,0.07590000331401825,0.18790000677108765,0.7501000165939331
OLP87563.1,Endoplasmic reticulum,Signal peptide,Soluble,0.34369999170303345,0.20640000700950623,0.3846000134944916,0.18649999797344208,0.1565999984741211,0.033399999141693115,0.5771999955177307,0.052000001072883606,0.329800009727478,0.041600000113248825,0.3707999885082245,0.13089999556541443,0.4790000021457672,0.7078999876976013
OLP93040.1,Endoplasmic reticulum|Lysosome/Vacuole|Golgi apparatus,Signal peptide|Transmembrane domain,Transmembrane,0.20649999380111694,0.13989999890327454,0.22679999470710754,0.42340001463890076,0.12430000305175781,0.006800000090152025,0.6559000015258789,0.6851999759674072,0.7354000210762024,0.0430000014603138,0.30090001225471497,0.9222999811172485,0.12309999763965607,0.1867000013589859
CAK9021568.1,Cytoplasm,Nuclear localization signal,Soluble,0.6884999871253967,0.26759999990463257,0.15610000491142273,0.03700000047683716,0.3411000072956085,0.008100000210106373,0.1581999957561493,0.10040000081062317,0.07940000295639038,0.0003000000142492354,0.17299999296665192,0.029400000348687172,0.06750000268220901,0.8980000019073486
CAK9017681.1,Cytoplasm,,Soluble,0.7232999801635742,0.22630000114440918,0.37529999017715454,0.31610000133514404,0.08049999922513962,0.04410000145435333,0.17890000343322754,0.5033000111579895,0.5101000070571899,0.015300000086426735,0.46709999442100525,0.0681999996304512,0.24719999730587006,0.7960000038146973
CAL1168714.1,Extracellular,Signal peptide,Soluble,0.2874999940395355,0.22920000553131104,0.5735999941825867,0.2777999937534332,0.1362999975681305,0.03920000046491623,0.257099986076355,0.25270000100135803,0.4034000039100647,0.024900000542402267,0.49619999527931213,0.19900000095367432,0.10339999943971634,0.6827999949455261
OLP90217.1,Endoplasmic reticulum,,Transmembrane,0.2614000141620636,0.2312999963760376,0.14509999752044678,0.3156999945640564,0.2973000109195709,0.039000000804662704,0.412200003862381,0.34790000319480896,0.32409998774528503,0.02160000056028366,0.33570000529289246,0.8337000012397766,0.045099999755620956,0.26179999113082886
CAK9043519.1,Cytoplasm,,Soluble,0.4982999861240387,0.2468000054359436,0.02199999988079071,0.15770000219345093,0.2863999903202057,0.016499999910593033,0.1542000025510788,0.12160000205039978,0.0794999971985817,0.06129999831318855,0.5394999980926514,0.11720000207424164,0.19619999825954437,0.7569000124931335
CAE7864999.1,Mitochondrion,,Peripheral,0.3952000141143799,0.14000000059604645,0.12039999663829803,0.13760000467300415,0.6230999827384949,0.28870001435279846,0.2766000032424927,0.42890000343322754,0.5813999772071838,0.035999998450279236,0.7433000206947327,0.24199999868869781,0.13750000298023224,0.20080000162124634
CAE8617574.1,Nucleus,Nuclear localization signal,Soluble,0.39239999651908875,0.4805000126361847,0.05730000138282776,0.06129999831318855,0.13830000162124634,0.03620000183582306,0.14949999749660492,0.04839999973773956,0.13910000026226044,0.004999999888241291,0.3395000100135803,0.09939999878406525,0.1776999980211258,0.776199996471405
CAK9003451.1,Cytoplasm,Nuclear localization signal,Soluble,0.7203999757766724,0.453900009393692,0.060600001364946365,0.039900001138448715,0.11270000040531158,0.05090000107884407,0.2915000021457672,0.02969999983906746,0.17399999499320984,0.004699999932199717,0.33090001344680786,0.061400000005960464,0.07129999995231628,0.863099992275238
CAK9080600.1,Cytoplasm,,Soluble,0.5479000210762024,0.4262999892234802,0.1582999974489212,0.08049999922513962,0.16349999606609344,0.12319999933242798,0.33649998903274536,0.1274999976158142,0.18389999866485596,0.06629999727010727,0.3831000030040741,0.2378000020980835,0.1046999990940094,0.6876999735832214
CAK9016961.1,Cytoplasm,,Soluble,0.7705000042915344,0.3082999885082245,0.03400000184774399,0.07660000026226044,0.3693000078201294,0.011599999852478504,0.10360000282526016,0.07909999787807465,0.09679999947547913,0.04729999974370003,0.5185999870300293,0.1388999968767166,0.06360000371932983,0.7796000242233276
CAE8590112.1,Cell membrane,Transmembrane domain,Transmembrane,0.28700000047683716,0.0778999999165535,0.04989999905228615,0.5781999826431274,0.07190000265836716,0.024299999698996544,0.41589999198913574,0.5644000172615051,0.5482000112533569,0.003599999938160181,0.07660000026226044,0.9480999708175659,0.2994999885559082,0.12919999659061432
CAK9007097.1,Cytoplasm,Nuclear localization signal,Soluble,0.6324999928474426,0.35339999198913574,0.04749999940395355,0.027300000190734863,0.14249999821186066,0.11919999867677689,0.46050000190734863,0.03689999878406525,0.17299999296665192,0.003000000026077032,0.3935999870300293,0.06340000033378601,0.17820000648498535,0.7573999762535095
CAE7266324.1,Cytoplasm|Mitochondrion,Mitochondrial transit peptide,Soluble,0.5846999883651733,0.0885000005364418,0.08529999852180481,0.07930000126361847,0.7566999793052673,0.08129999786615372,0.022199999541044235,0.08470000326633453,0.059300001710653305,0.1120000034570694,0.4025000035762787,0.18279999494552612,0.05490000173449516,0.7366999983787537
CAE7404224.1,Golgi apparatus,Signal peptide|Transmembrane domain,Peripheral,0.09619999676942825,0.0203000009059906,0.12359999865293503,0.09380000084638596,0.19470000267028809,0.11079999804496765,0.33009999990463257,0.16429999470710754,0.5188999772071838,0.0015999999595806003,0.7562999725341797,0.22849999368190765,0.0617000013589859,0.4230000078678131
CAK9075401.1,Endoplasmic reticulum,Signal peptide,Peripheral|Transmembrane,0.4440999925136566,0.11410000175237656,0.2989000082015991,0.17589999735355377,0.4781999886035919,0.149399995803833,0.7807999849319458,0.4392000138759613,0.4693000018596649,0.2143000066280365,0.609499990940094,0.8192999958992004,0.3199999928474426,0.2175000011920929
CAK9064928.1,Extracellular,Signal peptide,Soluble,0.21080000698566437,0.1290999948978424,0.6726999878883362,0.15410000085830688,0.02800000086426735,0.015699999406933784,0.1987999975681305,0.3589000105857849,0.545799970626831,0.012500000186264515,0.42500001192092896,0.07109999656677246,0.10249999910593033,0.8118000030517578
CAK9113887.1,Extracellular,Signal peptide,Soluble,0.19930000603199005,0.1290999948978424,0.6592000126838684,0.1574999988079071,0.028300000354647636,0.016599999740719795,0.19470000267028809,0.35839998722076416,0.5378000140190125,0.012299999594688416,0.4246000051498413,0.07460000365972519,0.1031000018119812,0.8101999759674072
CAK9033065.1,Golgi apparatus,,Peripheral|Transmembrane,0.0877000018954277,0.01769999973475933,0.11739999800920486,0.08550000190734863,0.1745000034570694,0.4311000108718872,0.29190000891685486,0.1354999989271164,0.46970000863075256,0.002899999963119626,0.6629999876022339,0.6556000113487244,0.07900000363588333,0.20890000462532043
CAK9090438.1,Golgi apparatus,Peroxisomal targeting signal,Peripheral,0.32820001244544983,0.19539999961853027,0.09780000150203705,0.08980000019073486,0.42969998717308044,0.14910000562667847,0.17229999601840973,0.2515999972820282,0.5174000263214111,0.4374000132083893,0.7551000118255615,0.24289999902248383,0.062199998646974564,0.398499995470047
CAK9109578.1,Golgi apparatus,Peroxisomal targeting signal,Peripheral,0.32820001244544983,0.19539999961853027,0.09780000150203705,0.08980000019073486,0.42969998717308044,0.14910000562667847,0.17229999601840973,0.2515999972820282,0.5174000263214111,0.4374000132083893,0.7551000118255615,0.24289999902248383,0.062199998646974564,0.398499995470047
CAK9023446.1,Golgi apparatus,Peroxisomal targeting signal,Peripheral,0.32820001244544983,0.19539999961853027,0.09780000150203705,0.08980000019073486,0.42969998717308044,0.14910000562667847,0.17229999601840973,0.2515999972820282,0.5174000263214111,0.4374000132083893,0.7551000118255615,0.24289999902248383,0.062199998646974564,0.398499995470047
CAK9023445.1,Golgi apparatus,Peroxisomal targeting signal,Peripheral,0.32820001244544983,0.19539999961853027,0.09780000150203705,0.08980000019073486,0.42969998717308044,0.14910000562667847,0.17229999601840973,0.2515999972820282,0.5174000263214111,0.4374000132083893,0.7551000118255615,0.24289999902248383,0.062199998646974564,0.398499995470047
CAK9019393.1,Golgi apparatus,Peroxisomal targeting signal,Peripheral,0.32820001244544983,0.19539999961853027,0.09780000150203705,0.08980000019073486,0.42969998717308044,0.14910000562667847,0.17229999601840973,0.2515999972820282,0.5174000263214111,0.4374000132083893,0.7551000118255615,0.24289999902248383,0.062199998646974564,0.398499995470047
CAK9116516.1,Cytoplasm,,Peripheral|Soluble,0.6136999726295471,0.23430000245571136,0.11990000307559967,0.12309999763965607,0.32030001282691956,0.033799998462200165,0.4325000047683716,0.535099983215332,0.4659000039100647,0.20679999887943268,0.6963000297546387,0.3102000057697296,0.09549999982118607,0.5291000008583069
CAK9007415.1,Endoplasmic reticulum,Signal peptide,Peripheral|Transmembrane,0.3716999888420105,0.12240000069141388,0.21709999442100525,0.16850000619888306,0.4000999927520752,0.10989999771118164,0.8600000143051147,0.4431999921798706,0.5753999948501587,0.13490000367164612,0.7250999808311462,0.8220000267028809,0.1729000061750412,0.19290000200271606
CAE7347352.1,Endoplasmic reticulum,Signal peptide|Transmembrane domain,Soluble,0.25949999690055847,0.210099995136261,0.2809999883174896,0.20069999992847443,0.07280000299215317,0.053199999034404755,0.4641000032424927,0.296099990606308,0.460999995470047,0.0010999999940395355,0.25519999861717224,0.36419999599456787,0.0551999993622303,0.5490000247955322
CAE7243306.1,Extracellular,Signal peptide,Soluble,0.17790000140666962,0.15800000727176666,0.7038999795913696,0.07349999994039536,0.11020000278949738,0.03400000184774399,0.23399999737739563,0.2946000099182129,0.48420000076293945,0.020400000736117363,0.40560001134872437,0.1444000005722046,0.07320000231266022,0.7764999866485596
OLQ01547.1,Extracellular,Signal peptide,Soluble,0.20020000636577606,0.1720999926328659,0.8217999935150146,0.17720000445842743,0.05429999902844429,0.012500000186264515,0.2694999873638153,0.28220000863075256,0.5081999897956848,0.022099999710917473,0.41280001401901245,0.09040000289678574,0.1111999973654747,0.8256000280380249
OLQ03591.1,Endoplasmic reticulum,Signal peptide,Peripheral|Transmembrane,0.3188000023365021,0.13330000638961792,0.14309999346733093,0.12049999833106995,0.5019999742507935,0.12680000066757202,0.8406999707221985,0.3587000072002411,0.4851999878883362,0.09160000085830688,0.6834999918937683,0.8158000111579895,0.18569999933242798,0.19689999520778656
CAE7416228.1,Golgi apparatus,,Peripheral|Transmembrane,0.10610000044107437,0.013299999758601189,0.17080000042915344,0.0812000036239624,0.1476999968290329,0.33390000462532043,0.24719999730587006,0.15320000052452087,0.48910000920295715,0.00139999995008111,0.7027000188827515,0.633899986743927,0.06390000134706497,0.20819999277591705
CAE8591890.1,Cytoplasm,,Soluble,0.626800000667572,0.2667999863624573,0.11590000241994858,0.1080000028014183,0.26350000500679016,0.05249999836087227,0.2053000032901764,0.09589999914169312,0.14509999752044678,0.01590000092983246,0.42989999055862427,0.031199999153614044,0.18559999763965607,0.777899980545044
OLP79983.1,Endoplasmic reticulum,,Peripheral,0.1923000067472458,0.09030000120401382,0.07999999821186066,0.14090000092983246,0.22190000116825104,0.05050000175833702,0.3709999918937683,0.15719999372959137,0.3337000012397766,0.013199999928474426,0.7382000088691711,0.4627000093460083,0.08229999989271164,0.3587000072002411
CAK9074141.1,Cytoplasm,Nuclear localization signal,Soluble,0.5562999844551086,0.3707999885082245,0.24369999766349792,0.09279999881982803,0.41130000352859497,0.11020000278949738,0.2442999929189682,0.11729999631643295,0.11909999698400497,0.0013000000035390258,0.374099999666214,0.03830000013113022,0.12780000269412994,0.7264999747276306
CAE7817835.1,Cytoplasm,Nuclear localization signal,Peripheral|Soluble,0.5838000178337097,0.22699999809265137,0.14659999310970306,0.25440001487731934,0.11460000276565552,0.02590000070631504,0.12030000239610672,0.05420000106096268,0.07479999959468842,0.03480000048875809,0.6359999775886536,0.07590000331401825,0.13120000064373016,0.7440000176429749
CAL1141511.1,Cytoplasm,Signal peptide,Soluble,0.2531999945640564,0.17499999701976776,0.20059999823570251,0.15459999442100525,0.21330000460147858,0.02410000003874302,0.25,0.2840999960899353,0.42080000042915344,0.035100001841783524,0.40849998593330383,0.09700000286102295,0.10700000077486038,0.7870000004768372
CAE6973481.1,Cytoplasm,Nuclear localization signal,Soluble,0.5740000009536743,0.4749999940395355,0.09099999815225601,0.05000000074505806,0.41429999470710754,0.054099999368190765,0.10419999808073044,0.06400000303983688,0.06679999828338623,0.0008999999845400453,0.35929998755455017,0.02070000022649765,0.08269999921321869,0.7591000199317932
CAE8603501.1,Cytoplasm,Nuclear localization signal,Soluble,0.4650000035762787,0.4465000033378601,0.1265999972820282,0.2757999897003174,0.10040000081062317,0.013500000350177288,0.25279998779296875,0.08900000154972076,0.1696999967098236,0.016599999740719795,0.5006999969482422,0.093299999833107,0.2379000037908554,0.7505000233650208
CAE7279782.1,Golgi apparatus,Signal peptide,Peripheral,0.06270000338554382,0.015799999237060547,0.21960000693798065,0.10140000283718109,0.24709999561309814,0.07819999754428864,0.2775999903678894,0.18449999392032623,0.5766000151634216,0.006399999838322401,0.705299973487854,0.4781000018119812,0.04439999908208847,0.2549999952316284
CAL1149998.1,Nucleus,Nuclear localization signal,Soluble,0.3765999972820282,0.4909000098705292,0.21559999883174896,0.16410000622272491,0.28630000352859497,0.028699999675154686,0.35199999809265137,0.07029999792575836,0.14319999516010284,0.013399999588727951,0.5253999829292297,0.11079999804496765,0.26030001044273376,0.7127000093460083
CAE8599022.1,Extracellular,Mitochondrial transit peptide,Soluble,0.43959999084472656,0.16329999268054962,0.7357000112533569,0.21250000596046448,0.5530999898910522,0.39469999074935913,0.17829999327659607,0.10300000011920929,0.3562000095844269,0.018400000408291817,0.40450000762939453,0.04089999943971634,0.15129999816417694,0.7304999828338623
CAK9001588.1,Cytoplasm,Nuclear localization signal,Soluble,0.6255999803543091,0.4657999873161316,0.08030000329017639,0.057500001043081284,0.4059000015258789,0.09640000015497208,0.1459999978542328,0.07270000129938126,0.050700001418590546,0.0010999999940395355,0.3379000127315521,0.024299999698996544,0.11089999973773956,0.7609999775886536
CAE8599692.1,Cytoplasm,Nuclear localization signal,Soluble,0.45489999651908875,0.46380001306533813,0.045099999755620956,0.06989999860525131,0.13330000638961792,0.024800000712275505,0.164900004863739,0.052000001072883606,0.15839999914169312,0.003700000001117587,0.47099998593330383,0.08529999852180481,0.24580000340938568,0.781000018119812
CAK8989073.1,Golgi apparatus,Signal peptide|Transmembrane domain,Peripheral|Transmembrane,0.06639999896287918,0.01489999983459711,0.25119999051094055,0.10080000013113022,0.27900001406669617,0.07649999856948853,0.45249998569488525,0.1670999974012375,0.6157000064849854,0.0044999998062849045,0.6881999969482422,0.5437999963760376,0.04500000178813934,0.2524999976158142
CAK8989081.1,Golgi apparatus,Signal peptide|Transmembrane domain,Peripheral|Transmembrane,0.06639999896287918,0.01489999983459711,0.25119999051094055,0.10080000013113022,0.27900001406669617,0.07649999856948853,0.45249998569488525,0.1670999974012375,0.6157000064849854,0.0044999998062849045,0.6881999969482422,0.5437999963760376,0.04500000178813934,0.2524999976158142
CAK8989077.1,Golgi apparatus,Signal peptide|Transmembrane domain,Peripheral|Transmembrane,0.06639999896287918,0.01489999983459711,0.25119999051094055,0.10080000013113022,0.27900001406669617,0.07649999856948853,0.45249998569488525,0.1670999974012375,0.6157000064849854,0.0044999998062849045,0.6881999969482422,0.5437999963760376,0.04500000178813934,0.2524999976158142
CAK8989063.1,Golgi apparatus,Signal peptide|Transmembrane domain,Peripheral|Transmembrane,0.06639999896287918,0.01489999983459711,0.25119999051094055,0.10080000013113022,0.27900001406669617,0.07649999856948853,0.45249998569488525,0.1670999974012375,0.6157000064849854,0.0044999998062849045,0.6881999969482422,0.5437999963760376,0.04500000178813934,0.2524999976158142
CAK8989083.1,Golgi apparatus,Signal peptide|Transmembrane domain,Peripheral|Transmembrane,0.06639999896287918,0.01489999983459711,0.25119999051094055,0.10080000013113022,0.27900001406669617,0.07649999856948853,0.45249998569488525,0.1670999974012375,0.6157000064849854,0.0044999998062849045,0.6881999969482422,0.5437999963760376,0.04500000178813934,0.2524999976158142
CAK8989069.1,Golgi apparatus,Signal peptide|Transmembrane domain,Peripheral|Transmembrane,0.06639999896287918,0.01489999983459711,0.25119999051094055,0.10080000013113022,0.27900001406669617,0.07649999856948853,0.45249998569488525,0.1670999974012375,0.6157000064849854,0.0044999998062849045,0.6881999969482422,0.5437999963760376,0.04500000178813934,0.2524999976158142
CAK8989071.1,Golgi apparatus,Signal peptide|Transmembrane domain,Peripheral|Transmembrane,0.06639999896287918,0.01489999983459711,0.25119999051094055,0.10080000013113022,0.27900001406669617,0.07649999856948853,0.45249998569488525,0.1670999974012375,0.6157000064849854,0.0044999998062849045,0.6881999969482422,0.5437999963760376,0.04500000178813934,0.2524999976158142
CAK9030633.1,Golgi apparatus,Signal peptide|Transmembrane domain,Peripheral|Transmembrane,0.06650000065565109,0.014700000174343586,0.23649999499320984,0.10610000044107437,0.26840001344680786,0.07069999724626541,0.44600000977516174,0.16769999265670776,0.6079000234603882,0.004699999932199717,0.6696000099182129,0.5810999870300293,0.038600001484155655,0.23909999430179596
CAK8989067.1,Golgi apparatus,Signal peptide|Transmembrane domain,Peripheral|Transmembrane,0.06650000065565109,0.014700000174343586,0.23649999499320984,0.10610000044107437,0.26840001344680786,0.07069999724626541,0.44600000977516174,0.16769999265670776,0.6079000234603882,0.004699999932199717,0.6696000099182129,0.5810999870300293,0.038600001484155655,0.23909999430179596
CAK8989065.1,Golgi apparatus,Signal peptide|Transmembrane domain,Peripheral|Transmembrane,0.06650000065565109,0.014700000174343586,0.23649999499320984,0.10610000044107437,0.26840001344680786,0.07069999724626541,0.44600000977516174,0.16769999265670776,0.6079000234603882,0.004699999932199717,0.6696000099182129,0.5810999870300293,0.038600001484155655,0.23909999430179596
CAK8989079.1,Golgi apparatus,Signal peptide|Transmembrane domain,Peripheral|Transmembrane,0.06650000065565109,0.014700000174343586,0.23649999499320984,0.10610000044107437,0.26840001344680786,0.07069999724626541,0.44600000977516174,0.16769999265670776,0.6079000234603882,0.004699999932199717,0.6696000099182129,0.5810999870300293,0.038600001484155655,0.23909999430179596
CAK8989075.1,Golgi apparatus,Signal peptide|Transmembrane domain,Peripheral|Transmembrane,0.06469999998807907,0.014499999582767487,0.2542000114917755,0.10249999910593033,0.2660999894142151,0.07530000060796738,0.4449999928474426,0.1623000055551529,0.6078000068664551,0.00430000014603138,0.6789000034332275,0.5594000220298767,0.0414000004529953,0.24770000576972961
CAK9030634.1,Golgi apparatus,Signal peptide|Transmembrane domain,Peripheral|Transmembrane,0.06650000065565109,0.014700000174343586,0.23649999499320984,0.10610000044107437,0.26840001344680786,0.07069999724626541,0.44600000977516174,0.16769999265670776,0.6079000234603882,0.004699999932199717,0.6696000099182129,0.5810999870300293,0.038600001484155655,0.23909999430179596
CAL1136939.1,Nucleus,,Soluble,0.35519999265670776,0.47749999165534973,0.1307000070810318,0.15240000188350677,0.37720000743865967,0.36390000581741333,0.09830000251531601,0.03790000081062317,0.14480000734329224,0.4542999863624573,0.4277999997138977,0.11640000343322754,0.18449999392032623,0.6327999830245972
CAL1135277.1,Cytoplasm,Nuclear localization signal,Soluble,0.559499979019165,0.47209998965263367,0.11219999939203262,0.040300000458955765,0.396699994802475,0.050599999725818634,0.07509999722242355,0.06319999694824219,0.0722000002861023,0.0012000000569969416,0.35530000925064087,0.019700000062584877,0.07639999687671661,0.7626000046730042
CAE8599108.1,Cytoplasm,,Soluble,0.5703999996185303,0.32440000772476196,0.05220000073313713,0.12319999933242798,0.266400009393692,0.04230000078678131,0.37220001220703125,0.0697999969124794,0.2524999976158142,0.16689999401569366,0.3368000090122223,0.17299999296665192,0.04809999838471413,0.7799999713897705
CAE8585745.1,Golgi apparatus,Signal peptide,Peripheral,0.07069999724626541,0.01489999983459711,0.2637999951839447,0.09300000220537186,0.2401999980211258,0.10010000318288803,0.35600000619888306,0.2752000093460083,0.6696000099182129,0.006599999964237213,0.7354999780654907,0.49959999322891235,0.04670000076293945,0.24199999868869781
CAE8629784.1,Golgi apparatus,Signal peptide,Peripheral|Transmembrane,0.049800001084804535,0.015399999916553497,0.24719999730587006,0.08789999783039093,0.2985000014305115,0.11270000040531158,0.31940001249313354,0.19990000128746033,0.5767999887466431,0.00570000009611249,0.6908000111579895,0.5680999755859375,0.03620000183582306,0.23489999771118164
CAE8585747.1,Golgi apparatus,Signal peptide,Peripheral,0.06800000369548798,0.015799999237060547,0.272599995136261,0.10260000079870224,0.24940000474452972,0.08190000057220459,0.3765000104904175,0.26899999380111694,0.6617000102996826,0.006200000178068876,0.7053999900817871,0.4991999864578247,0.052299998700618744,0.24150000512599945
CAE8585744.1,Golgi apparatus,Signal peptide,Peripheral,0.0674000009894371,0.01600000075995922,0.263700008392334,0.10249999910593033,0.2498999983072281,0.07970000058412552,0.383899986743927,0.26249998807907104,0.6686000227928162,0.006099999882280827,0.6996999979019165,0.4984999895095825,0.05040000006556511,0.24369999766349792
CAE8585748.1,Golgi apparatus,Signal peptide,Peripheral,0.06880000233650208,0.015799999237060547,0.2637999951839447,0.10189999639987946,0.24809999763965607,0.08139999955892563,0.375,0.26969999074935913,0.6606000065803528,0.006399999838322401,0.7026000022888184,0.4952999949455261,0.05169999971985817,0.2434999942779541
CAE8585746.1,Golgi apparatus,Signal peptide,Peripheral,0.06880000233650208,0.015799999237060547,0.2637999951839447,0.10189999639987946,0.24809999763965607,0.08139999955892563,0.375,0.26969999074935913,0.6606000065803528,0.006399999838322401,0.7026000022888184,0.4952999949455261,0.05169999971985817,0.2434999942779541
CAK9103304.1,Cytoplasm,Nuclear localization signal,Soluble,0.5471000075340271,0.49390000104904175,0.09560000151395798,0.03959999978542328,0.3862999975681305,0.057500001043081284,0.08739999681711197,0.0625,0.065700002014637,0.0010000000474974513,0.34119999408721924,0.020800000056624413,0.07699999958276749,0.7578999996185303
CAK9076821.1,Cytoplasm,Nuclear localization signal,Soluble,0.5471000075340271,0.49390000104904175,0.09560000151395798,0.03959999978542328,0.3862999975681305,0.057500001043081284,0.08739999681711197,0.0625,0.065700002014637,0.0010000000474974513,0.34119999408721924,0.020800000056624413,0.07699999958276749,0.7578999996185303
CAK9103220.1,Cytoplasm,Nuclear localization signal,Soluble,0.5471000075340271,0.49390000104904175,0.09560000151395798,0.03959999978542328,0.3862999975681305,0.057500001043081284,0.08739999681711197,0.0625,0.065700002014637,0.0010000000474974513,0.34119999408721924,0.020800000056624413,0.07699999958276749,0.7578999996185303
CAE8635022.1,Cytoplasm,Nuclear localization signal,Soluble,0.5938000082969666,0.4316999912261963,0.0860000029206276,0.06939999759197235,0.390500009059906,0.062199998646974564,0.08290000259876251,0.05559999868273735,0.06679999828338623,0.0017000000225380063,0.3776000142097473,0.019300000742077827,0.11469999700784683,0.7717999815940857
CAE8618874.1,Cytoplasm,Nuclear localization signal,Soluble,0.5921000242233276,0.4368000030517578,0.09099999815225601,0.07519999891519547,0.40860000252723694,0.06629999727010727,0.08739999681711197,0.057500001043081284,0.06539999693632126,0.0017000000225380063,0.375,0.020099999383091927,0.1251000016927719,0.7689999938011169
CAE8612207.1,Cytoplasm,Nuclear localization signal,Soluble,0.5938000082969666,0.4316999912261963,0.0860000029206276,0.06939999759197235,0.390500009059906,0.062199998646974564,0.08290000259876251,0.05559999868273735,0.06679999828338623,0.0017000000225380063,0.3776000142097473,0.019300000742077827,0.11469999700784683,0.7717999815940857
CAE8613562.1,Cytoplasm,Nuclear localization signal,Soluble,0.5938000082969666,0.4316999912261963,0.0860000029206276,0.06939999759197235,0.390500009059906,0.062199998646974564,0.08290000259876251,0.05559999868273735,0.06679999828338623,0.0017000000225380063,0.3776000142097473,0.019300000742077827,0.11469999700784683,0.7717999815940857
CAE8609315.1,Golgi apparatus,Signal peptide|Transmembrane domain,Peripheral,0.0560000017285347,0.01510000042617321,0.29280000925064087,0.08540000021457672,0.27219998836517334,0.0966000035405159,0.3310000002384186,0.23229999840259552,0.6069999933242798,0.00419999985024333,0.7020999789237976,0.44670000672340393,0.04569999873638153,0.28679999709129333
CAE8609312.1,Golgi apparatus,Signal peptide|Transmembrane domain,Peripheral,0.05530000105500221,0.014800000004470348,0.2879999876022339,0.08460000157356262,0.27559998631477356,0.10459999740123749,0.3271999955177307,0.23589999973773956,0.607699990272522,0.00419999985024333,0.6916999816894531,0.44929999113082886,0.04399999976158142,0.2847999930381775
CAE8609313.1,Golgi apparatus,Signal peptide|Transmembrane domain,Peripheral,0.05620000138878822,0.0142000000923872,0.28929999470710754,0.08699999749660492,0.2863999903202057,0.11630000174045563,0.3257000148296356,0.23399999737739563,0.605400025844574,0.00430000014603138,0.7017999887466431,0.4472000002861023,0.04639999940991402,0.2833000123500824
CAE8590304.1,Golgi apparatus,,Peripheral,0.07360000163316727,0.016100000590085983,0.2280000001192093,0.07270000129938126,0.27410000562667847,0.15919999778270721,0.3034000098705292,0.22059999406337738,0.6310999989509583,0.009499999694526196,0.7512999773025513,0.3953999876976013,0.04050000011920929,0.2976999878883362
CAL1131086.1,Golgi apparatus,Signal peptide|Transmembrane domain,Peripheral|Transmembrane,0.07689999788999557,0.01510000042617321,0.2354000061750412,0.09160000085830688,0.218299999833107,0.052299998700618744,0.3993000090122223,0.21310000121593475,0.6753000020980835,0.005100000184029341,0.621999979019165,0.5310999751091003,0.050200000405311584,0.2660999894142151
CAL1131070.1,Golgi apparatus,,Peripheral,0.06560000032186508,0.015699999406933784,0.1615000069141388,0.07000000029802322,0.28870001435279846,0.36230000853538513,0.3305000066757202,0.09109999984502792,0.3905999958515167,0.032499998807907104,0.7696999907493591,0.40049999952316284,0.045099999755620956,0.3310000002384186
CAK8986483.1,Cytoplasm,Nuclear localization signal,Soluble,0.5612999796867371,0.38600000739097595,0.08129999786615372,0.09120000153779984,0.22280000150203705,0.10010000318288803,0.29589998722076416,0.07720000296831131,0.15410000085830688,0.010099999606609344,0.362199991941452,0.09860000014305115,0.1729000061750412,0.6884999871253967
OLP94460.1,Cytoplasm|Mitochondrion,Mitochondrial transit peptide,Soluble,0.5921000242233276,0.13650000095367432,0.07689999788999557,0.05700000002980232,0.6337000131607056,0.0340999998152256,0.028699999675154686,0.05959999933838844,0.07419999688863754,0.10809999704360962,0.4106999933719635,0.19349999725818634,0.049400001764297485,0.7293000221252441
CAL1131065.1,Endoplasmic reticulum,Signal peptide,Transmembrane,0.06369999796152115,0.01810000091791153,0.2526000142097473,0.09679999947547913,0.18719999492168427,0.12630000710487366,0.48350000381469727,0.07500000298023224,0.3386000096797943,0.010300000198185444,0.5569000244140625,0.6470000147819519,0.10639999806880951,0.2842000126838684
CAE8602933.1,Cytoplasm,,Soluble,0.5033000111579895,0.44920000433921814,0.08089999854564667,0.09160000085830688,0.17409999668598175,0.11020000278949738,0.5037000179290771,0.09009999781847,0.21870000660419464,0.07440000027418137,0.4551999866962433,0.23180000483989716,0.15440000593662262,0.6468999981880188
CAL1131073.1,Endoplasmic reticulum,Signal peptide,Soluble,0.1509000062942505,0.048900000751018524,0.18649999797344208,0.14990000426769257,0.11980000138282776,0.0494999997317791,0.3440999984741211,0.05000000074505806,0.04010000079870224,0.007899999618530273,0.5960000157356262,0.4569999873638153,0.08489999920129776,0.5432000160217285
CAE7415464.1,Plastid,Thylakoid luminal transit peptide,Peripheral,0.055799998342990875,0.019300000742077827,0.36480000615119934,0.08370000123977661,0.3840999901294708,0.5353999733924866,0.2930999994277954,0.027400000020861626,0.05420000106096268,0.03009999915957451,0.6485999822616577,0.3610999882221222,0.09319999814033508,0.3873000144958496
CAL1165894.1,Mitochondrion,,Peripheral|Transmembrane,0.18209999799728394,0.020600000396370888,0.19110000133514404,0.12780000269412994,0.4514000117778778,0.3758000135421753,0.2922999858856201,0.09749999642372131,0.20419999957084656,0.006300000008195639,0.8108999729156494,0.5525000095367432,0.0414000004529953,0.27079999446868896
CAK8989247.1,Endoplasmic reticulum,Signal peptide,Peripheral|Soluble,0.17399999499320984,0.07289999723434448,0.16990000009536743,0.14560000598430634,0.3073999881744385,0.18060000240802765,0.5723999738693237,0.06340000033378601,0.26159998774528503,0.05620000138878822,0.6693000197410583,0.26649999618530273,0.149399995803833,0.5419999957084656
CAE7415479.1,Endoplasmic reticulum,Transmembrane domain,Peripheral|Transmembrane,0.05260000005364418,0.018300000578165054,0.15639999508857727,0.15399999916553497,0.2578999996185303,0.1996999979019165,0.3330000042915344,0.1265999972820282,0.35740000009536743,0.010200000368058681,0.6643000245094299,0.5429999828338623,0.09690000116825104,0.24940000474452972
OLP80324.1,Endoplasmic reticulum,,Peripheral,0.2305999994277954,0.07410000264644623,0.16850000619888306,0.1720000058412552,0.2526000142097473,0.04580000042915344,0.4027000069618225,0.05790000036358833,0.267300009727478,0.02319999970495701,0.6116999983787537,0.42149999737739563,0.11050000041723251,0.4083000123500824
CAE7836148.1,Golgi apparatus,Signal peptide,Peripheral,0.06989999860525131,0.02979999966919422,0.1242000013589859,0.11760000139474869,0.27230000495910645,0.19050000607967377,0.3887999951839447,0.12120000272989273,0.5209000110626221,0.0142000000923872,0.8411999940872192,0.22040000557899475,0.10289999842643738,0.35249999165534973
CAK9001230.1,Cytoplasm,Nuclear localization signal,Soluble,0.7271000146865845,0.22429999709129333,0.30720001459121704,0.06769999861717224,0.25220000743865967,0.08380000293254852,0.09160000085830688,0.08760000020265579,0.14820000529289246,0.008299999870359898,0.3456000089645386,0.03359999880194664,0.17949999868869781,0.7236999869346619
OLP90343.1,Endoplasmic reticulum,Signal peptide,Transmembrane,0.11060000211000443,0.013399999588727951,0.2824000120162964,0.09369999915361404,0.24639999866485596,0.10949999839067459,0.3411000072956085,0.11349999904632568,0.24699999392032623,0.003599999938160181,0.5095999836921692,0.8966000080108643,0.05939999967813492,0.1543000042438507
CAE7616502.1,Golgi apparatus,Signal peptide|Transmembrane domain,Transmembrane,0.09040000289678574,0.010900000110268593,0.26899999380111694,0.11150000244379044,0.24279999732971191,0.15080000460147858,0.38440001010894775,0.24089999496936798,0.5943999886512756,0.0020000000949949026,0.5577999949455261,0.8974000215530396,0.04430000111460686,0.12950000166893005
CAE7616486.1,Golgi apparatus,Signal peptide|Transmembrane domain,Transmembrane,0.09040000289678574,0.010900000110268593,0.26899999380111694,0.11150000244379044,0.24279999732971191,0.15080000460147858,0.38440001010894775,0.24089999496936798,0.5943999886512756,0.0020000000949949026,0.5577999949455261,0.8974000215530396,0.04430000111460686,0.12950000166893005
CAE7841718.1,Cytoplasm,,Soluble,0.4593000113964081,0.2280000001192093,0.0989999994635582,0.17430000007152557,0.4991999864578247,0.06499999761581421,0.3156999945640564,0.093299999833107,0.33799999952316284,0.059700001031160355,0.5501000285148621,0.23240000009536743,0.0869000032544136,0.6218000054359436
CAE7847665.1,Cytoplasm,,Soluble,0.3495999872684479,0.28700000047683716,0.4474000036716461,0.1695999950170517,0.10360000282526016,0.052000001072883606,0.16369999945163727,0.2329999953508377,0.15970000624656677,0.01590000092983246,0.3386000096797943,0.46320000290870667,0.28929999470710754,0.5228999853134155
CAK9055512.1,Plastid,Signal peptide|Thylakoid luminal transit peptide,Peripheral,0.033900000154972076,0.02810000069439411,0.28940001130104065,0.05900000035762787,0.4551999866962433,0.7476999759674072,0.5254999995231628,0.027400000020861626,0.094200000166893,0.04450000077486038,0.8015999794006348,0.44699999690055847,0.04740000143647194,0.40610000491142273
CAK9055489.1,Plastid,Signal peptide|Thylakoid luminal transit peptide,Peripheral,0.033900000154972076,0.02810000069439411,0.28940001130104065,0.05900000035762787,0.4551999866962433,0.7476999759674072,0.5254999995231628,0.027400000020861626,0.094200000166893,0.04450000077486038,0.8015999794006348,0.44699999690055847,0.04740000143647194,0.40610000491142273
CAE8620202.1,Golgi apparatus,Transmembrane domain,Peripheral|Transmembrane,0.09870000183582306,0.011800000444054604,0.32260000705718994,0.09350000321865082,0.22499999403953552,0.1679999977350235,0.30320000648498535,0.16459999978542328,0.4544000029563904,0.002400000113993883,0.6104000210762024,0.8913999795913696,0.03660000115633011,0.12960000336170197
CAE8620205.1,Golgi apparatus,Transmembrane domain,Peripheral|Transmembrane,0.09870000183582306,0.011800000444054604,0.32260000705718994,0.09350000321865082,0.22499999403953552,0.1679999977350235,0.30320000648498535,0.16459999978542328,0.4544000029563904,0.002400000113993883,0.6104000210762024,0.8913999795913696,0.03660000115633011,0.12960000336170197
CAE8620204.1,Golgi apparatus,Transmembrane domain,Peripheral|Transmembrane,0.09870000183582306,0.011800000444054604,0.32260000705718994,0.09350000321865082,0.22499999403953552,0.1679999977350235,0.30320000648498535,0.16459999978542328,0.4544000029563904,0.002400000113993883,0.6104000210762024,0.8913999795913696,0.03660000115633011,0.12960000336170197
CAE8600159.1,Golgi apparatus,Transmembrane domain,Peripheral|Transmembrane,0.09870000183582306,0.011800000444054604,0.32260000705718994,0.09350000321865082,0.22499999403953552,0.1679999977350235,0.30320000648498535,0.16459999978542328,0.4544000029563904,0.002400000113993883,0.6104000210762024,0.8913999795913696,0.03660000115633011,0.12960000336170197
CAE8600162.1,Golgi apparatus,Transmembrane domain,Peripheral|Transmembrane,0.09870000183582306,0.011800000444054604,0.32260000705718994,0.09350000321865082,0.22499999403953552,0.1679999977350235,0.30320000648498535,0.16459999978542328,0.4544000029563904,0.002400000113993883,0.6104000210762024,0.8913999795913696,0.03660000115633011,0.12960000336170197
CAE8620201.1,Golgi apparatus,Transmembrane domain,Peripheral|Transmembrane,0.09629999846220016,0.012199999764561653,0.3181999921798706,0.09160000085830688,0.2272000014781952,0.1665000021457672,0.3077999949455261,0.16419999301433563,0.44929999113082886,0.002400000113993883,0.6154999732971191,0.8891000151634216,0.03739999979734421,0.13040000200271606
CAE8600160.1,Golgi apparatus,Transmembrane domain,Peripheral|Transmembrane,0.09870000183582306,0.011800000444054604,0.32260000705718994,0.09350000321865082,0.22499999403953552,0.1679999977350235,0.30320000648498535,0.16459999978542328,0.4544000029563904,0.002400000113993883,0.6104000210762024,0.8913999795913696,0.03660000115633011,0.12960000336170197
CAE8600163.1,Golgi apparatus,Transmembrane domain,Peripheral|Transmembrane,0.0957999974489212,0.012400000356137753,0.31290000677108765,0.08990000188350677,0.2257000058889389,0.16200000047683716,0.3059999942779541,0.16660000383853912,0.45239999890327454,0.002400000113993883,0.6177999973297119,0.8877999782562256,0.03889999911189079,0.1298000067472458
CAE8620203.1,Golgi apparatus,Transmembrane domain,Peripheral|Transmembrane,0.0989999994635582,0.012400000356137753,0.3138999938964844,0.09160000085830688,0.21279999613761902,0.1736000031232834,0.3000999987125397,0.16449999809265137,0.46070000529289246,0.002400000113993883,0.6144000291824341,0.8928999900817871,0.03759999945759773,0.1281999945640564
CAE8600161.1,Golgi apparatus,Transmembrane domain,Peripheral|Transmembrane,0.0989999994635582,0.012400000356137753,0.3138999938964844,0.09160000085830688,0.21279999613761902,0.1736000031232834,0.3000999987125397,0.16449999809265137,0.46070000529289246,0.002400000113993883,0.6144000291824341,0.8928999900817871,0.03759999945759773,0.1281999945640564
CAE7321387.1,Cytoplasm,,Soluble,0.4860000014305115,0.44029998779296875,0.14239999651908875,0.0868000015616417,0.2590999901294708,0.05400000140070915,0.2012999951839447,0.054099999368190765,0.09780000150203705,0.06800000369548798,0.4652999937534332,0.18960000574588776,0.10000000149011612,0.7573000192642212
CAL1154393.1,Mitochondrion,Transmembrane domain,Transmembrane,0.155799999833107,0.09600000083446503,0.03759999945759773,0.13410000503063202,0.5424000024795532,0.08190000057220459,0.24320000410079956,0.0649000033736229,0.08699999749660492,0.014000000432133675,0.5335000157356262,0.8464000225067139,0.09350000321865082,0.21969999372959137
CAE7191322.1,Cytoplasm,Nuclear localization signal,Soluble,0.7339000105857849,0.39309999346733093,0.04859999939799309,0.11389999836683273,0.1315000057220459,0.026000000536441803,0.3116999864578247,0.10209999978542328,0.18170000612735748,0.01899999938905239,0.37209999561309814,0.061400000005960464,0.0917000025510788,0.8779000043869019
CAE7463767.1,Cytoplasm,Nuclear localization signal,Soluble,0.7099999785423279,0.4487000107765198,0.04190000146627426,0.125900000333786,0.12919999659061432,0.025499999523162842,0.18780000507831573,0.07819999754428864,0.14630000293254852,0.020099999383091927,0.42160001397132874,0.13189999759197235,0.10369999706745148,0.7666000127792358
CAE8628627.1,Golgi apparatus,Signal peptide,Peripheral,0.08470000326633453,0.01889999955892563,0.32600000500679016,0.12479999661445618,0.36550000309944153,0.2888000011444092,0.26170000433921814,0.05490000173449516,0.47429999709129333,0.03480000048875809,0.8120999932289124,0.31859999895095825,0.025299999862909317,0.3677000105381012
CAK8994691.1,Cytoplasm,,Peripheral|Transmembrane,0.33970001339912415,0.25690001249313354,0.11180000007152557,0.1370999962091446,0.10670000314712524,0.08129999786615372,0.31049999594688416,0.21449999511241913,0.27549999952316284,0.06270000338554382,0.6305999755859375,0.9057000279426575,0.0763000026345253,0.1817999929189682
CAL1166608.1,Plastid,,Peripheral|Transmembrane,0.07639999687671661,0.014600000344216824,0.19529999792575836,0.12229999899864197,0.22169999778270721,0.34619998931884766,0.2703999876976013,0.13910000026226044,0.3222000002861023,0.004800000227987766,0.67330002784729,0.6504999995231628,0.050599999725818634,0.21739999949932098
CAK9077073.1,Plastid,,Peripheral|Transmembrane,0.0697999969124794,0.01269999984651804,0.15489999949932098,0.13040000200271606,0.2667999863624573,0.7994999885559082,0.227400004863739,0.08720000088214874,0.25929999351501465,0.013899999670684338,0.6270999908447266,0.5218999981880188,0.065700002014637,0.23319999873638153
CAK9030839.1,Plastid,,Peripheral|Transmembrane,0.08269999921321869,0.018400000408291817,0.1973000019788742,0.10819999873638153,0.20569999516010284,0.3871000111103058,0.25130000710487366,0.15070000290870667,0.34150001406669617,0.006099999882280827,0.696399986743927,0.5616999864578247,0.04659999907016754,0.25189998745918274
CAK9026519.1,Plastid,,Peripheral|Transmembrane,0.08219999819993973,0.017899999395012856,0.18979999423027039,0.1143999993801117,0.2094999998807907,0.3684999942779541,0.25429999828338623,0.15320000052452087,0.3456000089645386,0.00570000009611249,0.6732000112533569,0.5982000231742859,0.04259999841451645,0.2451000064611435
CAL1172623.1,Golgi apparatus,,Peripheral|Transmembrane,0.0729999989271164,0.015399999916553497,0.18060000240802765,0.12780000269412994,0.2076999992132187,0.3617999851703644,0.25769999623298645,0.16419999301433563,0.3833000063896179,0.005799999926239252,0.6571000218391418,0.6295999884605408,0.03689999878406525,0.22349999845027924
CAK9012986.1,Plastid,,Peripheral|Transmembrane,0.08269999921321869,0.018400000408291817,0.1973000019788742,0.10819999873638153,0.20569999516010284,0.3871000111103058,0.25130000710487366,0.15070000290870667,0.34150001406669617,0.006099999882280827,0.696399986743927,0.5616999864578247,0.04659999907016754,0.25189998745918274
OLP94745.1,Golgi apparatus,Signal peptide,Peripheral|Soluble,0.13459999859333038,0.10499999672174454,0.1136000007390976,0.12200000137090683,0.15000000596046448,0.02160000056028366,0.49129998683929443,0.19939999282360077,0.5347999930381775,0.03920000046491623,0.626800000667572,0.10050000250339508,0.10740000009536743,0.710099995136261
CAE7229726.1,Golgi apparatus,,Peripheral|Transmembrane,0.07850000262260437,0.01510000042617321,0.19920000433921814,0.13770000636577606,0.20749999582767487,0.3093000054359436,0.257099986076355,0.18039999902248383,0.35910001397132874,0.003599999938160181,0.6747999787330627,0.6029999852180481,0.039900001138448715,0.2345999926328659
CAE7229721.1,Golgi apparatus,,Peripheral|Transmembrane,0.07850000262260437,0.01510000042617321,0.19920000433921814,0.13770000636577606,0.20749999582767487,0.3093000054359436,0.257099986076355,0.18039999902248383,0.35910001397132874,0.003599999938160181,0.6747999787330627,0.6029999852180481,0.039900001138448715,0.2345999926328659
CAE7229735.1,Golgi apparatus,,Peripheral|Transmembrane,0.07850000262260437,0.01510000042617321,0.19920000433921814,0.13770000636577606,0.20749999582767487,0.3093000054359436,0.257099986076355,0.18039999902248383,0.35910001397132874,0.003599999938160181,0.6747999787330627,0.6029999852180481,0.039900001138448715,0.2345999926328659
CAE7229747.1,Golgi apparatus,,Peripheral|Transmembrane,0.07850000262260437,0.01489999983459711,0.19679999351501465,0.14489999413490295,0.20649999380111694,0.30309998989105225,0.2637999951839447,0.18060000240802765,0.3612000048160553,0.0035000001080334187,0.6757000088691711,0.6054999828338623,0.04010000079870224,0.23090000450611115
CAE7229740.1,Golgi apparatus,,Peripheral|Transmembrane,0.07850000262260437,0.01510000042617321,0.19920000433921814,0.13770000636577606,0.20749999582767487,0.3093000054359436,0.257099986076355,0.18039999902248383,0.35910001397132874,0.003599999938160181,0.6747999787330627,0.6029999852180481,0.039900001138448715,0.2345999926328659
CAE7229731.1,Golgi apparatus,,Peripheral|Transmembrane,0.08079999685287476,0.01889999955892563,0.1964000016450882,0.1467999964952469,0.21639999747276306,0.3564000129699707,0.29179999232292175,0.18320000171661377,0.36970001459121704,0.004699999932199717,0.6762999892234802,0.6179999709129333,0.04349999874830246,0.22630000114440918
CAE8588565.1,Plastid,,Peripheral|Transmembrane,0.09399999678134918,0.029100000858306885,0.2240999937057495,0.09380000084638596,0.3720000088214874,0.5094000101089478,0.22550000250339508,0.0892999991774559,0.388700008392334,0.008200000040233135,0.6582000255584717,0.7592999935150146,0.023900000378489494,0.17399999499320984
CAE8632202.1,Plastid,,Peripheral|Transmembrane,0.09539999812841415,0.031599998474121094,0.22030000388622284,0.08429999649524689,0.3734000027179718,0.5126000046730042,0.22499999403953552,0.08150000125169754,0.37790000438690186,0.008999999612569809,0.6816999912261963,0.7199000120162964,0.026100000366568565,0.18330000340938568
CAE8641774.1,Plastid,,Peripheral|Transmembrane,0.09539999812841415,0.031599998474121094,0.22030000388622284,0.08429999649524689,0.3734000027179718,0.5126000046730042,0.22499999403953552,0.08150000125169754,0.37790000438690186,0.008999999612569809,0.6816999912261963,0.7199000120162964,0.026100000366568565,0.18330000340938568
OLQ02080.1,Golgi apparatus,,Peripheral|Transmembrane,0.07620000094175339,0.0210999995470047,0.19529999792575836,0.14139999449253082,0.19609999656677246,0.2815000116825104,0.2833999991416931,0.18240000307559967,0.3968000113964081,0.004100000020116568,0.6723999977111816,0.650600016117096,0.04919999837875366,0.210099995136261
OLP95023.1,Cytoplasm|Nucleus,Nuclear localization signal,Soluble,0.6517999768257141,0.5324000120162964,0.02239999920129776,0.12110000103712082,0.1080000028014183,0.01510000042617321,0.15000000596046448,0.07909999787807465,0.08619999885559082,0.014399999752640724,0.3043000102043152,0.09700000286102295,0.08780000358819962,0.8517000079154968
CAE7417340.1,Plastid,,Peripheral|Transmembrane,0.06300000101327896,0.01269999984651804,0.16410000622272491,0.12610000371932983,0.23090000450611115,0.8149999976158142,0.19709999859333038,0.10980000346899033,0.2906000018119812,0.01640000008046627,0.64410001039505,0.5913000106811523,0.06639999896287918,0.1931000053882599
OLP82291.1,Golgi apparatus,,Peripheral|Transmembrane,0.07760000228881836,0.01590000092983246,0.18610000610351562,0.13779999315738678,0.20090000331401825,0.2973000109195709,0.26570001244544983,0.19750000536441803,0.4357999861240387,0.009600000455975533,0.6542999744415283,0.6735000014305115,0.0502999983727932,0.20350000262260437
OLP82292.1,Golgi apparatus,,Peripheral|Transmembrane,0.07760000228881836,0.01590000092983246,0.18610000610351562,0.13779999315738678,0.20090000331401825,0.2973000109195709,0.26570001244544983,0.19750000536441803,0.4357999861240387,0.009600000455975533,0.6542999744415283,0.6735000014305115,0.0502999983727932,0.20350000262260437
OLQ02081.1,Golgi apparatus,,Peripheral|Transmembrane,0.08640000224113464,0.021400000900030136,0.1657000035047531,0.14980000257492065,0.22220000624656677,0.19370000064373016,0.24979999661445618,0.20630000531673431,0.3831999897956848,0.0044999998062849045,0.6504999995231628,0.5952000021934509,0.06560000032186508,0.2361000031232834
CAE8617427.1,Plastid,Transmembrane domain,Peripheral|Transmembrane,0.07090000063180923,0.014700000174343586,0.17749999463558197,0.13349999487400055,0.24420000612735748,0.37290000915527344,0.21209999918937683,0.1347000002861023,0.33660000562667847,0.006200000178068876,0.6370000243186951,0.6428999900817871,0.04690000042319298,0.21529999375343323
CAE8643733.1,Plastid,Transmembrane domain,Peripheral|Transmembrane,0.07010000199079514,0.014299999922513962,0.17649999260902405,0.1354999989271164,0.2460000067949295,0.3725999891757965,0.21529999375343323,0.1348000019788742,0.34040001034736633,0.006000000052154064,0.6396999955177307,0.6435999870300293,0.04580000042915344,0.21439999341964722
CAK9074399.1,Cytoplasm,,Soluble,0.6198999881744385,0.22930000722408295,0.38929998874664307,0.08510000258684158,0.29159998893737793,0.08810000121593475,0.15240000188350677,0.1225999966263771,0.16429999470710754,0.00570000009611249,0.3610000014305115,0.05420000106096268,0.1670999974012375,0.7113000154495239
OLP82293.1,Golgi apparatus,,Peripheral|Transmembrane,0.0778999999165535,0.016899999231100082,0.17260000109672546,0.16110000014305115,0.20229999721050262,0.24459999799728394,0.2777000069618225,0.24729999899864197,0.46720001101493835,0.010300000198185444,0.6452999711036682,0.6862999796867371,0.07670000195503235,0.20679999887943268
CAE8609880.1,Golgi apparatus,,Transmembrane,0.06849999725818634,0.014399999752640724,0.20589999854564667,0.12349999696016312,0.2125999927520752,0.3149000108242035,0.25949999690055847,0.13130000233650208,0.35440000891685486,0.006000000052154064,0.5978999733924866,0.6775000095367432,0.050999999046325684,0.2079000025987625
CAE8643735.1,Plastid,,Peripheral|Transmembrane,0.06790000200271606,0.014100000262260437,0.17870000004768372,0.13670000433921814,0.23000000417232513,0.39419999718666077,0.22519999742507935,0.14509999752044678,0.3285999894142151,0.004999999888241291,0.6352999806404114,0.6304000020027161,0.04650000110268593,0.21140000224113464
CAE8617428.1,Plastid,,Peripheral|Transmembrane,0.06790000200271606,0.014100000262260437,0.17870000004768372,0.13670000433921814,0.23000000417232513,0.39419999718666077,0.22519999742507935,0.14509999752044678,0.3285999894142151,0.004999999888241291,0.6352999806404114,0.6304000020027161,0.04650000110268593,0.21140000224113464
CAE8643734.1,Plastid,,Peripheral|Transmembrane,0.06790000200271606,0.014100000262260437,0.17870000004768372,0.13670000433921814,0.23000000417232513,0.39419999718666077,0.22519999742507935,0.14509999752044678,0.3285999894142151,0.004999999888241291,0.6352999806404114,0.6304000020027161,0.04650000110268593,0.21140000224113464
CAE8617429.1,Plastid,,Peripheral|Transmembrane,0.06790000200271606,0.014100000262260437,0.17870000004768372,0.13670000433921814,0.23000000417232513,0.39419999718666077,0.22519999742507935,0.14509999752044678,0.3285999894142151,0.004999999888241291,0.6352999806404114,0.6304000020027161,0.04650000110268593,0.21140000224113464
CAE8643738.1,Plastid,,Peripheral|Transmembrane,0.0689999982714653,0.013799999840557575,0.1761000007390976,0.13539999723434448,0.2289000004529953,0.3977999985218048,0.219200000166893,0.1444000005722046,0.3287000060081482,0.004800000227987766,0.6323999762535095,0.6241999864578247,0.04580000042915344,0.21469999849796295
CAE8643736.1,Plastid,,Peripheral|Transmembrane,0.06830000132322311,0.013899999670684338,0.17900000512599945,0.13539999723434448,0.23100000619888306,0.3912999927997589,0.22630000114440918,0.1445000022649765,0.3287000060081482,0.004900000058114529,0.6377999782562256,0.6281999945640564,0.045899998396635056,0.21220000088214874
CAE8617430.1,Plastid,,Peripheral|Transmembrane,0.06830000132322311,0.013899999670684338,0.17900000512599945,0.13539999723434448,0.23100000619888306,0.3912999927997589,0.22630000114440918,0.1445000022649765,0.3287000060081482,0.004900000058114529,0.6377999782562256,0.6281999945640564,0.045899998396635056,0.21220000088214874
CAE8643739.1,Plastid,,Peripheral|Transmembrane,0.06849999725818634,0.014000000432133675,0.1745000034570694,0.13359999656677246,0.23090000450611115,0.413100004196167,0.2313999980688095,0.13359999656677246,0.31369999051094055,0.0052999998442828655,0.6588000059127808,0.633400022983551,0.04529999941587448,0.20890000462532043
CAE8643737.1,Plastid,,Peripheral|Transmembrane,0.06830000132322311,0.013899999670684338,0.17900000512599945,0.13539999723434448,0.23100000619888306,0.3912999927997589,0.22630000114440918,0.1445000022649765,0.3287000060081482,0.004900000058114529,0.6377999782562256,0.6281999945640564,0.045899998396635056,0.21220000088214874
CAE7333727.1,Endoplasmic reticulum,,Transmembrane,0.1467999964952469,0.05909999832510948,0.07980000227689743,0.12319999933242798,0.3553999960422516,0.30149999260902405,0.3621000051498413,0.09749999642372131,0.2678000032901764,0.025699999183416367,0.4936000108718872,0.6046000123023987,0.07280000299215317,0.3116999864578247
CAE8641799.1,Golgi apparatus,,Peripheral,0.07119999825954437,0.029500000178813934,0.1088000014424324,0.06319999694824219,0.21969999372959137,0.08919999748468399,0.2337000072002411,0.1632000058889389,0.5716999769210815,0.037300001829862595,0.7214000225067139,0.18479999899864197,0.049300000071525574,0.47699999809265137
CAK9027274.1,Cytoplasm,Nuclear localization signal,Soluble,0.6625000238418579,0.29269999265670776,0.22550000250339508,0.05220000073313713,0.11659999936819077,0.05480000004172325,0.3490000069141388,0.08560000360012054,0.26019999384880066,0.0005000000237487257,0.23440000414848328,0.02500000037252903,0.034299999475479126,0.8378999829292297
CAE8584641.1,Mitochondrion,Mitochondrial transit peptide,Peripheral|Transmembrane,0.2484000027179718,0.10540000349283218,0.03480000048875809,0.20270000398159027,0.8215000033378601,0.03420000150799751,0.22709999978542328,0.09629999846220016,0.30790001153945923,0.06449999660253525,0.6340000033378601,0.5605999827384949,0.11209999769926071,0.3605000078678131
CAK9059015.1,Peroxisome,Peroxisomal targeting signal,Transmembrane,0.32580000162124634,0.13920000195503235,0.2134999930858612,0.2442999929189682,0.5153999924659729,0.16920000314712524,0.28290000557899475,0.14419999718666077,0.2700999975204468,0.7006999850273132,0.3846000134944916,0.888700008392334,0.0794999971985817,0.2727000117301941
CAK9058847.1,Peroxisome,Peroxisomal targeting signal,Transmembrane,0.3255999982357025,0.13860000669956207,0.2151000052690506,0.24490000307559967,0.5134000182151794,0.17470000684261322,0.28220000863075256,0.1454000025987625,0.2727999985218048,0.695900022983551,0.38499999046325684,0.8895000219345093,0.0812000036239624,0.27140000462532043
