protein accession	genome accession	contig accession	sequence accession	locus start 1b	locus end 1b	strand	sequence length	feature type	feature index	feature position 1b	error
DF239687.1_K04564_210fd9cb	GCA_000507305.1	DF239687.1	DF239687.1_K04564_210fd9cb_with_leader_u55_PF00081_M_to_K04564_203	200751	199966	-	786	start		1	
DF239687.1_K04564_210fd9cb	GCA_000507305.1	DF239687.1	DF239687.1_K04564_210fd9cb_with_leader_u39_PF00081_M_to_K04564_203	200751	199966	-	786	start		49	
DF239687.1_K04564_387475d1	GCA_000507305.1	DF239687.1	DF239687.1_K04564_387475d1_with_leader_u55_PF00081_M_to_K04564_203	231945	231160	-	786	start		1	
DF239687.1_K04564_387475d1	GCA_000507305.1	DF239687.1	DF239687.1_K04564_387475d1_with_leader_u39_PF00081_M_to_K04564_203	231945	231160	-	786	start		49	
DF239687.1_K04564_8557d9bb	GCA_000507305.1	DF239687.1	DF239687.1_K04564_8557d9bb_with_leader_u55_PF00081_M_to_K04564_203	205970	205188	-	783	start		1	
DF239687.1_K04564_8557d9bb	GCA_000507305.1	DF239687.1	DF239687.1_K04564_8557d9bb_with_leader_u39_PF00081_M_to_K04564_203	205970	205188	-	783	start		49	
LSRX01000795.1_K04564_1fcb6a32	GCA_001939145.1	LSRX01000795.1	LSRX01000795.1_K04564_1fcb6a32_with_leader_u60_PF00081_M_to_K04564_198	320827	319324	-	1504	start		1	
LSRX01000795.1_K04564_1fcb6a32	GCA_001939145.1	LSRX01000795.1	LSRX01000795.1_K04564_1fcb6a32_with_leader_u36_PF00081_M_to_K04564_198	320827	319324	-	1504	start		73	
LSRX01000795.1_K04564_1fcb6a32	GCA_001939145.1	LSRX01000795.1		320827	319324	-	1504	dss	1	315	
LSRX01000795.1_K04564_1fcb6a32	GCA_001939145.1	LSRX01000795.1		320827	319324	-	1504	dss	2	614	
LSRX01000795.1_K04564_1fcb6a32	GCA_001939145.1	LSRX01000795.1		320827	319324	-	1504	dss	3	1082	
LSRX01000795.1_K04564_1fcb6a32	GCA_001939145.1	LSRX01000795.1		320827	319324	-	1504	ass	1	453	
LSRX01000795.1_K04564_1fcb6a32	GCA_001939145.1	LSRX01000795.1		320827	319324	-	1504	ass	2	948	
LSRX01000795.1_K04564_1fcb6a32	GCA_001939145.1	LSRX01000795.1		320827	319324	-	1504	ass	3	1289	
OLP79028.1	GCA_001939145.1	LSRX01001534.1		923	10074	+	9152	dss	1	33	
OLP79028.1	GCA_001939145.1	LSRX01001534.1		923	10074	+	9152	dss	2	2032	
OLP79028.1	GCA_001939145.1	LSRX01001534.1		923	10074	+	9152	dss	3	2161	
OLP79028.1	GCA_001939145.1	LSRX01001534.1		923	10074	+	9152	dss	4	2278	
OLP79028.1	GCA_001939145.1	LSRX01001534.1		923	10074	+	9152	dss	5	2711	
OLP79028.1	GCA_001939145.1	LSRX01001534.1		923	10074	+	9152	dss	6	4524	
OLP79028.1	GCA_001939145.1	LSRX01001534.1		923	10074	+	9152	dss	7	4992	
OLP79028.1	GCA_001939145.1	LSRX01001534.1		923	10074	+	9152	dss	8	5162	
OLP79028.1	GCA_001939145.1	LSRX01001534.1		923	10074	+	9152	dss	9	5270	
OLP79028.1	GCA_001939145.1	LSRX01001534.1		923	10074	+	9152	dss	10	5355	
OLP79028.1	GCA_001939145.1	LSRX01001534.1		923	10074	+	9152	dss	11	5467	
OLP79028.1	GCA_001939145.1	LSRX01001534.1		923	10074	+	9152	dss	12	5584	
OLP79028.1	GCA_001939145.1	LSRX01001534.1		923	10074	+	9152	dss	13	5659	
OLP79028.1	GCA_001939145.1	LSRX01001534.1		923	10074	+	9152	dss	14	5747	
OLP79028.1	GCA_001939145.1	LSRX01001534.1		923	10074	+	9152	dss	15	5875	
OLP79028.1	GCA_001939145.1	LSRX01001534.1		923	10074	+	9152	dss	16	6085	
OLP79028.1	GCA_001939145.1	LSRX01001534.1		923	10074	+	9152	dss	17	6608	
OLP79028.1	GCA_001939145.1	LSRX01001534.1		923	10074	+	9152	dss	18	6767	
OLP79028.1	GCA_001939145.1	LSRX01001534.1		923	10074	+	9152	dss	19	6947	
OLP79028.1	GCA_001939145.1	LSRX01001534.1		923	10074	+	9152	dss	20	7237	
OLP79028.1	GCA_001939145.1	LSRX01001534.1		923	10074	+	9152	dss	21	7641	
OLP79028.1	GCA_001939145.1	LSRX01001534.1		923	10074	+	9152	dss	22	7761	
OLP79028.1	GCA_001939145.1	LSRX01001534.1		923	10074	+	9152	dss	23	7984	
OLP79028.1	GCA_001939145.1	LSRX01001534.1		923	10074	+	9152	dss	24	8110	
OLP79028.1	GCA_001939145.1	LSRX01001534.1		923	10074	+	9152	dss	25	8216	
OLP79028.1	GCA_001939145.1	LSRX01001534.1		923	10074	+	9152	dss	26	8300	
OLP79028.1	GCA_001939145.1	LSRX01001534.1		923	10074	+	9152	dss	27	8387	
OLP79028.1	GCA_001939145.1	LSRX01001534.1		923	10074	+	9152	dss	28	8789	
OLP79028.1	GCA_001939145.1	LSRX01001534.1		923	10074	+	9152	dss	29	9077	
OLP79028.1	GCA_001939145.1	LSRX01001534.1		923	10074	+	9152	ass	1	1976	
OLP79028.1	GCA_001939145.1	LSRX01001534.1		923	10074	+	9152	ass	2	2117	
OLP79028.1	GCA_001939145.1	LSRX01001534.1		923	10074	+	9152	ass	3	2222	
OLP79028.1	GCA_001939145.1	LSRX01001534.1		923	10074	+	9152	ass	4	2658	
OLP79028.1	GCA_001939145.1	LSRX01001534.1		923	10074	+	9152	ass	5	2887	
OLP79028.1	GCA_001939145.1	LSRX01001534.1		923	10074	+	9152	ass	6	4945	
OLP79028.1	GCA_001939145.1	LSRX01001534.1		923	10074	+	9152	ass	7	5091	
OLP79028.1	GCA_001939145.1	LSRX01001534.1		923	10074	+	9152	ass	8	5228	
OLP79028.1	GCA_001939145.1	LSRX01001534.1		923	10074	+	9152	ass	9	5324	
OLP79028.1	GCA_001939145.1	LSRX01001534.1		923	10074	+	9152	ass	10	5417	
OLP79028.1	GCA_001939145.1	LSRX01001534.1		923	10074	+	9152	ass	11	5540	
OLP79028.1	GCA_001939145.1	LSRX01001534.1		923	10074	+	9152	ass	12	5634	
OLP79028.1	GCA_001939145.1	LSRX01001534.1		923	10074	+	9152	ass	13	5715	
OLP79028.1	GCA_001939145.1	LSRX01001534.1		923	10074	+	9152	ass	14	5815	
OLP79028.1	GCA_001939145.1	LSRX01001534.1		923	10074	+	9152	ass	15	5928	
OLP79028.1	GCA_001939145.1	LSRX01001534.1		923	10074	+	9152	ass	16	6555	
OLP79028.1	GCA_001939145.1	LSRX01001534.1		923	10074	+	9152	ass	17	6706	
OLP79028.1	GCA_001939145.1	LSRX01001534.1		923	10074	+	9152	ass	18	6847	
OLP79028.1	GCA_001939145.1	LSRX01001534.1		923	10074	+	9152	ass	19	7142	
OLP79028.1	GCA_001939145.1	LSRX01001534.1		923	10074	+	9152	ass	20	7576	
OLP79028.1	GCA_001939145.1	LSRX01001534.1		923	10074	+	9152	ass	21	7729	
OLP79028.1	GCA_001939145.1	LSRX01001534.1		923	10074	+	9152	ass	22	7868	
OLP79028.1	GCA_001939145.1	LSRX01001534.1		923	10074	+	9152	ass	23	8075	
OLP79028.1	GCA_001939145.1	LSRX01001534.1		923	10074	+	9152	ass	24	8183	
OLP79028.1	GCA_001939145.1	LSRX01001534.1		923	10074	+	9152	ass	25	8271	
OLP79028.1	GCA_001939145.1	LSRX01001534.1		923	10074	+	9152	ass	26	8367	
OLP79028.1	GCA_001939145.1	LSRX01001534.1		923	10074	+	9152	ass	27	8765	
OLP79028.1	GCA_001939145.1	LSRX01001534.1		923	10074	+	9152	ass	28	9034	
OLP79028.1	GCA_001939145.1	LSRX01001534.1		923	10074	+	9152	ass	29	9139	
OLP88777.1	GCA_001939145.1	LSRX01000795.1		337676	319080	-	18597	dss	1	40	
OLP88777.1	GCA_001939145.1	LSRX01000795.1		337676	319080	-	18597	dss	2	144	
OLP88777.1	GCA_001939145.1	LSRX01000795.1		337676	319080	-	18597	dss	3	258	
OLP88777.1	GCA_001939145.1	LSRX01000795.1		337676	319080	-	18597	dss	4	366	
OLP88777.1	GCA_001939145.1	LSRX01000795.1		337676	319080	-	18597	dss	5	490	
OLP88777.1	GCA_001939145.1	LSRX01000795.1		337676	319080	-	18597	dss	6	631	
OLP88777.1	GCA_001939145.1	LSRX01000795.1		337676	319080	-	18597	dss	7	753	
OLP88777.1	GCA_001939145.1	LSRX01000795.1		337676	319080	-	18597	dss	8	849	
OLP88777.1	GCA_001939145.1	LSRX01000795.1		337676	319080	-	18597	dss	9	1157	
OLP88777.1	GCA_001939145.1	LSRX01000795.1		337676	319080	-	18597	dss	10	1279	
OLP88777.1	GCA_001939145.1	LSRX01000795.1		337676	319080	-	18597	dss	11	1444	
OLP88777.1	GCA_001939145.1	LSRX01000795.1		337676	319080	-	18597	dss	12	1523	
OLP88777.1	GCA_001939145.1	LSRX01000795.1		337676	319080	-	18597	dss	13	1625	
OLP88777.1	GCA_001939145.1	LSRX01000795.1		337676	319080	-	18597	dss	14	1744	
OLP88777.1	GCA_001939145.1	LSRX01000795.1		337676	319080	-	18597	dss	15	1857	
OLP88777.1	GCA_001939145.1	LSRX01000795.1		337676	319080	-	18597	dss	16	1956	
OLP88777.1	GCA_001939145.1	LSRX01000795.1		337676	319080	-	18597	dss	17	2060	
OLP88777.1	GCA_001939145.1	LSRX01000795.1		337676	319080	-	18597	dss	18	2253	
OLP88777.1	GCA_001939145.1	LSRX01000795.1		337676	319080	-	18597	dss	19	4567	
OLP88777.1	GCA_001939145.1	LSRX01000795.1		337676	319080	-	18597	dss	20	4667	
OLP88777.1	GCA_001939145.1	LSRX01000795.1		337676	319080	-	18597	dss	21	4801	
OLP88777.1	GCA_001939145.1	LSRX01000795.1		337676	319080	-	18597	dss	22	4930	
OLP88777.1	GCA_001939145.1	LSRX01000795.1		337676	319080	-	18597	dss	23	5298	
OLP88777.1	GCA_001939145.1	LSRX01000795.1		337676	319080	-	18597	dss	24	5410	
OLP88777.1	GCA_001939145.1	LSRX01000795.1		337676	319080	-	18597	dss	25	5476	
OLP88777.1	GCA_001939145.1	LSRX01000795.1		337676	319080	-	18597	dss	26	6132	
OLP88777.1	GCA_001939145.1	LSRX01000795.1		337676	319080	-	18597	dss	27	6659	
OLP88777.1	GCA_001939145.1	LSRX01000795.1		337676	319080	-	18597	dss	28	6771	
OLP88777.1	GCA_001939145.1	LSRX01000795.1		337676	319080	-	18597	dss	29	6878	
OLP88777.1	GCA_001939145.1	LSRX01000795.1		337676	319080	-	18597	dss	30	6977	
OLP88777.1	GCA_001939145.1	LSRX01000795.1		337676	319080	-	18597	dss	31	7834	
OLP88777.1	GCA_001939145.1	LSRX01000795.1		337676	319080	-	18597	dss	32	8028	
OLP88777.1	GCA_001939145.1	LSRX01000795.1		337676	319080	-	18597	dss	33	8144	
OLP88777.1	GCA_001939145.1	LSRX01000795.1		337676	319080	-	18597	dss	34	8236	
OLP88777.1	GCA_001939145.1	LSRX01000795.1		337676	319080	-	18597	dss	35	8569	
OLP88777.1	GCA_001939145.1	LSRX01000795.1		337676	319080	-	18597	dss	36	9821	
OLP88777.1	GCA_001939145.1	LSRX01000795.1		337676	319080	-	18597	dss	37	10688	
OLP88777.1	GCA_001939145.1	LSRX01000795.1		337676	319080	-	18597	dss	38	11146	
OLP88777.1	GCA_001939145.1	LSRX01000795.1		337676	319080	-	18597	dss	39	11521	
OLP88777.1	GCA_001939145.1	LSRX01000795.1		337676	319080	-	18597	dss	40	11698	
OLP88777.1	GCA_001939145.1	LSRX01000795.1		337676	319080	-	18597	dss	41	11790	
OLP88777.1	GCA_001939145.1	LSRX01000795.1		337676	319080	-	18597	dss	42	12349	
OLP88777.1	GCA_001939145.1	LSRX01000795.1		337676	319080	-	18597	dss	43	12502	
OLP88777.1	GCA_001939145.1	LSRX01000795.1		337676	319080	-	18597	dss	44	12590	
OLP88777.1	GCA_001939145.1	LSRX01000795.1		337676	319080	-	18597	dss	45	12871	
OLP88777.1	GCA_001939145.1	LSRX01000795.1		337676	319080	-	18597	dss	46	12995	
OLP88777.1	GCA_001939145.1	LSRX01000795.1		337676	319080	-	18597	dss	47	13098	
OLP88777.1	GCA_001939145.1	LSRX01000795.1		337676	319080	-	18597	dss	48	13208	
OLP88777.1	GCA_001939145.1	LSRX01000795.1		337676	319080	-	18597	dss	49	13322	
OLP88777.1	GCA_001939145.1	LSRX01000795.1		337676	319080	-	18597	dss	50	13490	
OLP88777.1	GCA_001939145.1	LSRX01000795.1		337676	319080	-	18597	dss	51	13820	
OLP88777.1	GCA_001939145.1	LSRX01000795.1		337676	319080	-	18597	dss	52	13943	
OLP88777.1	GCA_001939145.1	LSRX01000795.1		337676	319080	-	18597	dss	53	14050	
OLP88777.1	GCA_001939145.1	LSRX01000795.1		337676	319080	-	18597	dss	54	14181	
OLP88777.1	GCA_001939145.1	LSRX01000795.1		337676	319080	-	18597	dss	55	14367	
OLP88777.1	GCA_001939145.1	LSRX01000795.1		337676	319080	-	18597	dss	56	14610	
OLP88777.1	GCA_001939145.1	LSRX01000795.1		337676	319080	-	18597	dss	57	14749	
OLP88777.1	GCA_001939145.1	LSRX01000795.1		337676	319080	-	18597	dss	58	14899	
OLP88777.1	GCA_001939145.1	LSRX01000795.1		337676	319080	-	18597	dss	59	15311	
OLP88777.1	GCA_001939145.1	LSRX01000795.1		337676	319080	-	18597	dss	60	15420	
OLP88777.1	GCA_001939145.1	LSRX01000795.1		337676	319080	-	18597	dss	61	15731	
OLP88777.1	GCA_001939145.1	LSRX01000795.1		337676	319080	-	18597	dss	62	15898	
OLP88777.1	GCA_001939145.1	LSRX01000795.1		337676	319080	-	18597	dss	63	16015	
OLP88777.1	GCA_001939145.1	LSRX01000795.1		337676	319080	-	18597	dss	64	16564	
OLP88777.1	GCA_001939145.1	LSRX01000795.1		337676	319080	-	18597	dss	65	16731	
OLP88777.1	GCA_001939145.1	LSRX01000795.1		337676	319080	-	18597	dss	66	17206	
OLP88777.1	GCA_001939145.1	LSRX01000795.1		337676	319080	-	18597	dss	67	17442	
OLP88777.1	GCA_001939145.1	LSRX01000795.1		337676	319080	-	18597	dss	68	17930	
OLP88777.1	GCA_001939145.1	LSRX01000795.1		337676	319080	-	18597	ass	1	130	
OLP88777.1	GCA_001939145.1	LSRX01000795.1		337676	319080	-	18597	ass	2	242	
OLP88777.1	GCA_001939145.1	LSRX01000795.1		337676	319080	-	18597	ass	3	333	
OLP88777.1	GCA_001939145.1	LSRX01000795.1		337676	319080	-	18597	ass	4	462	
OLP88777.1	GCA_001939145.1	LSRX01000795.1		337676	319080	-	18597	ass	5	592	
OLP88777.1	GCA_001939145.1	LSRX01000795.1		337676	319080	-	18597	ass	6	689	
OLP88777.1	GCA_001939145.1	LSRX01000795.1		337676	319080	-	18597	ass	7	813	
OLP88777.1	GCA_001939145.1	LSRX01000795.1		337676	319080	-	18597	ass	8	1127	
OLP88777.1	GCA_001939145.1	LSRX01000795.1		337676	319080	-	18597	ass	9	1245	
OLP88777.1	GCA_001939145.1	LSRX01000795.1		337676	319080	-	18597	ass	10	1404	
OLP88777.1	GCA_001939145.1	LSRX01000795.1		337676	319080	-	18597	ass	11	1503	
OLP88777.1	GCA_001939145.1	LSRX01000795.1		337676	319080	-	18597	ass	12	1578	
OLP88777.1	GCA_001939145.1	LSRX01000795.1		337676	319080	-	18597	ass	13	1711	
OLP88777.1	GCA_001939145.1	LSRX01000795.1		337676	319080	-	18597	ass	14	1821	
OLP88777.1	GCA_001939145.1	LSRX01000795.1		337676	319080	-	18597	ass	15	1929	
OLP88777.1	GCA_001939145.1	LSRX01000795.1		337676	319080	-	18597	ass	16	2017	
OLP88777.1	GCA_001939145.1	LSRX01000795.1		337676	319080	-	18597	ass	17	2104	
OLP88777.1	GCA_001939145.1	LSRX01000795.1		337676	319080	-	18597	ass	18	4528	
OLP88777.1	GCA_001939145.1	LSRX01000795.1		337676	319080	-	18597	ass	19	4630	
OLP88777.1	GCA_001939145.1	LSRX01000795.1		337676	319080	-	18597	ass	20	4724	
OLP88777.1	GCA_001939145.1	LSRX01000795.1		337676	319080	-	18597	ass	21	4864	
OLP88777.1	GCA_001939145.1	LSRX01000795.1		337676	319080	-	18597	ass	22	4989	
OLP88777.1	GCA_001939145.1	LSRX01000795.1		337676	319080	-	18597	ass	23	5355	
OLP88777.1	GCA_001939145.1	LSRX01000795.1		337676	319080	-	18597	ass	24	5466	
OLP88777.1	GCA_001939145.1	LSRX01000795.1		337676	319080	-	18597	ass	25	6078	
OLP88777.1	GCA_001939145.1	LSRX01000795.1		337676	319080	-	18597	ass	26	6597	
OLP88777.1	GCA_001939145.1	LSRX01000795.1		337676	319080	-	18597	ass	27	6709	
OLP88777.1	GCA_001939145.1	LSRX01000795.1		337676	319080	-	18597	ass	28	6825	
OLP88777.1	GCA_001939145.1	LSRX01000795.1		337676	319080	-	18597	ass	29	6927	
OLP88777.1	GCA_001939145.1	LSRX01000795.1		337676	319080	-	18597	ass	30	7750	
OLP88777.1	GCA_001939145.1	LSRX01000795.1		337676	319080	-	18597	ass	31	7941	
OLP88777.1	GCA_001939145.1	LSRX01000795.1		337676	319080	-	18597	ass	32	8075	
OLP88777.1	GCA_001939145.1	LSRX01000795.1		337676	319080	-	18597	ass	33	8204	
OLP88777.1	GCA_001939145.1	LSRX01000795.1		337676	319080	-	18597	ass	34	8281	
OLP88777.1	GCA_001939145.1	LSRX01000795.1		337676	319080	-	18597	ass	35	9707	
OLP88777.1	GCA_001939145.1	LSRX01000795.1		337676	319080	-	18597	ass	36	10322	
OLP88777.1	GCA_001939145.1	LSRX01000795.1		337676	319080	-	18597	ass	37	10805	
OLP88777.1	GCA_001939145.1	LSRX01000795.1		337676	319080	-	18597	ass	38	11475	
OLP88777.1	GCA_001939145.1	LSRX01000795.1		337676	319080	-	18597	ass	39	11659	
OLP88777.1	GCA_001939145.1	LSRX01000795.1		337676	319080	-	18597	ass	40	11761	
OLP88777.1	GCA_001939145.1	LSRX01000795.1		337676	319080	-	18597	ass	41	11855	
OLP88777.1	GCA_001939145.1	LSRX01000795.1		337676	319080	-	18597	ass	42	12412	
OLP88777.1	GCA_001939145.1	LSRX01000795.1		337676	319080	-	18597	ass	43	12571	
OLP88777.1	GCA_001939145.1	LSRX01000795.1		337676	319080	-	18597	ass	44	12848	
OLP88777.1	GCA_001939145.1	LSRX01000795.1		337676	319080	-	18597	ass	45	12947	
OLP88777.1	GCA_001939145.1	LSRX01000795.1		337676	319080	-	18597	ass	46	13052	
OLP88777.1	GCA_001939145.1	LSRX01000795.1		337676	319080	-	18597	ass	47	13183	
OLP88777.1	GCA_001939145.1	LSRX01000795.1		337676	319080	-	18597	ass	48	13259	
OLP88777.1	GCA_001939145.1	LSRX01000795.1		337676	319080	-	18597	ass	49	13460	
OLP88777.1	GCA_001939145.1	LSRX01000795.1		337676	319080	-	18597	ass	50	13795	
OLP88777.1	GCA_001939145.1	LSRX01000795.1		337676	319080	-	18597	ass	51	13885	
OLP88777.1	GCA_001939145.1	LSRX01000795.1		337676	319080	-	18597	ass	52	14020	
OLP88777.1	GCA_001939145.1	LSRX01000795.1		337676	319080	-	18597	ass	53	14128	
OLP88777.1	GCA_001939145.1	LSRX01000795.1		337676	319080	-	18597	ass	54	14302	
OLP88777.1	GCA_001939145.1	LSRX01000795.1		337676	319080	-	18597	ass	55	14601	
OLP88777.1	GCA_001939145.1	LSRX01000795.1		337676	319080	-	18597	ass	56	14700	
OLP88777.1	GCA_001939145.1	LSRX01000795.1		337676	319080	-	18597	ass	57	14870	
OLP88777.1	GCA_001939145.1	LSRX01000795.1		337676	319080	-	18597	ass	58	15243	
OLP88777.1	GCA_001939145.1	LSRX01000795.1		337676	319080	-	18597	ass	59	15408	
OLP88777.1	GCA_001939145.1	LSRX01000795.1		337676	319080	-	18597	ass	60	15696	
OLP88777.1	GCA_001939145.1	LSRX01000795.1		337676	319080	-	18597	ass	61	15803	
OLP88777.1	GCA_001939145.1	LSRX01000795.1		337676	319080	-	18597	ass	62	16005	
OLP88777.1	GCA_001939145.1	LSRX01000795.1		337676	319080	-	18597	ass	63	16215	
OLP88777.1	GCA_001939145.1	LSRX01000795.1		337676	319080	-	18597	ass	64	16668	
OLP88777.1	GCA_001939145.1	LSRX01000795.1		337676	319080	-	18597	ass	65	16784	
OLP88777.1	GCA_001939145.1	LSRX01000795.1		337676	319080	-	18597	ass	66	17293	
OLP88777.1	GCA_001939145.1	LSRX01000795.1		337676	319080	-	18597	ass	67	17854	
OLP88777.1	GCA_001939145.1	LSRX01000795.1		337676	319080	-	18597	ass	68	18149	
OLP99006.1	GCA_001939145.1	LSRX01000377.1		502636	561875	+	59240	dss	1	44	
OLP99006.1	GCA_001939145.1	LSRX01000377.1		502636	561875	+	59240	dss	2	899	
OLP99006.1	GCA_001939145.1	LSRX01000377.1		502636	561875	+	59240	dss	3	1394	
OLP99006.1	GCA_001939145.1	LSRX01000377.1		502636	561875	+	59240	dss	4	2724	
OLP99006.1	GCA_001939145.1	LSRX01000377.1		502636	561875	+	59240	dss	5	3415	
OLP99006.1	GCA_001939145.1	LSRX01000377.1		502636	561875	+	59240	dss	6	4028	
OLP99006.1	GCA_001939145.1	LSRX01000377.1		502636	561875	+	59240	dss	7	4430	
OLP99006.1	GCA_001939145.1	LSRX01000377.1		502636	561875	+	59240	dss	8	5161	
OLP99006.1	GCA_001939145.1	LSRX01000377.1		502636	561875	+	59240	dss	9	5650	
OLP99006.1	GCA_001939145.1	LSRX01000377.1		502636	561875	+	59240	dss	10	5831	
OLP99006.1	GCA_001939145.1	LSRX01000377.1		502636	561875	+	59240	dss	11	6853	
OLP99006.1	GCA_001939145.1	LSRX01000377.1		502636	561875	+	59240	dss	12	7566	
OLP99006.1	GCA_001939145.1	LSRX01000377.1		502636	561875	+	59240	dss	13	8251	
OLP99006.1	GCA_001939145.1	LSRX01000377.1		502636	561875	+	59240	dss	14	9553	
OLP99006.1	GCA_001939145.1	LSRX01000377.1		502636	561875	+	59240	dss	15	11790	
OLP99006.1	GCA_001939145.1	LSRX01000377.1		502636	561875	+	59240	dss	16	13586	
OLP99006.1	GCA_001939145.1	LSRX01000377.1		502636	561875	+	59240	dss	17	16204	
OLP99006.1	GCA_001939145.1	LSRX01000377.1		502636	561875	+	59240	dss	18	17292	
OLP99006.1	GCA_001939145.1	LSRX01000377.1		502636	561875	+	59240	dss	19	18187	
OLP99006.1	GCA_001939145.1	LSRX01000377.1		502636	561875	+	59240	dss	20	20197	
OLP99006.1	GCA_001939145.1	LSRX01000377.1		502636	561875	+	59240	dss	21	22515	
OLP99006.1	GCA_001939145.1	LSRX01000377.1		502636	561875	+	59240	dss	22	22832	
OLP99006.1	GCA_001939145.1	LSRX01000377.1		502636	561875	+	59240	dss	23	23573	
OLP99006.1	GCA_001939145.1	LSRX01000377.1		502636	561875	+	59240	dss	24	24787	
OLP99006.1	GCA_001939145.1	LSRX01000377.1		502636	561875	+	59240	dss	25	26129	
OLP99006.1	GCA_001939145.1	LSRX01000377.1		502636	561875	+	59240	dss	26	28671	
OLP99006.1	GCA_001939145.1	LSRX01000377.1		502636	561875	+	59240	dss	27	29064	
OLP99006.1	GCA_001939145.1	LSRX01000377.1		502636	561875	+	59240	dss	28	29566	
OLP99006.1	GCA_001939145.1	LSRX01000377.1		502636	561875	+	59240	dss	29	29874	
OLP99006.1	GCA_001939145.1	LSRX01000377.1		502636	561875	+	59240	dss	30	30288	
OLP99006.1	GCA_001939145.1	LSRX01000377.1		502636	561875	+	59240	dss	31	30946	
OLP99006.1	GCA_001939145.1	LSRX01000377.1		502636	561875	+	59240	dss	32	31526	
OLP99006.1	GCA_001939145.1	LSRX01000377.1		502636	561875	+	59240	dss	33	32594	
OLP99006.1	GCA_001939145.1	LSRX01000377.1		502636	561875	+	59240	dss	34	33517	
OLP99006.1	GCA_001939145.1	LSRX01000377.1		502636	561875	+	59240	dss	35	34044	
OLP99006.1	GCA_001939145.1	LSRX01000377.1		502636	561875	+	59240	dss	36	34687	
OLP99006.1	GCA_001939145.1	LSRX01000377.1		502636	561875	+	59240	dss	37	36294	
OLP99006.1	GCA_001939145.1	LSRX01000377.1		502636	561875	+	59240	dss	38	36924	
OLP99006.1	GCA_001939145.1	LSRX01000377.1		502636	561875	+	59240	dss	39	37167	
OLP99006.1	GCA_001939145.1	LSRX01000377.1		502636	561875	+	59240	dss	40	37839	
OLP99006.1	GCA_001939145.1	LSRX01000377.1		502636	561875	+	59240	dss	41	38163	
OLP99006.1	GCA_001939145.1	LSRX01000377.1		502636	561875	+	59240	dss	42	40146	
OLP99006.1	GCA_001939145.1	LSRX01000377.1		502636	561875	+	59240	dss	43	40625	
OLP99006.1	GCA_001939145.1	LSRX01000377.1		502636	561875	+	59240	dss	44	40884	
OLP99006.1	GCA_001939145.1	LSRX01000377.1		502636	561875	+	59240	dss	45	41487	
OLP99006.1	GCA_001939145.1	LSRX01000377.1		502636	561875	+	59240	dss	46	41915	
OLP99006.1	GCA_001939145.1	LSRX01000377.1		502636	561875	+	59240	dss	47	43643	
OLP99006.1	GCA_001939145.1	LSRX01000377.1		502636	561875	+	59240	dss	48	44989	
OLP99006.1	GCA_001939145.1	LSRX01000377.1		502636	561875	+	59240	dss	49	45206	
OLP99006.1	GCA_001939145.1	LSRX01000377.1		502636	561875	+	59240	dss	50	45782	
OLP99006.1	GCA_001939145.1	LSRX01000377.1		502636	561875	+	59240	dss	51	46340	
OLP99006.1	GCA_001939145.1	LSRX01000377.1		502636	561875	+	59240	dss	52	46905	
OLP99006.1	GCA_001939145.1	LSRX01000377.1		502636	561875	+	59240	dss	53	47712	
OLP99006.1	GCA_001939145.1	LSRX01000377.1		502636	561875	+	59240	dss	54	47974	
OLP99006.1	GCA_001939145.1	LSRX01000377.1		502636	561875	+	59240	dss	55	48091	
OLP99006.1	GCA_001939145.1	LSRX01000377.1		502636	561875	+	59240	dss	56	48349	
OLP99006.1	GCA_001939145.1	LSRX01000377.1		502636	561875	+	59240	dss	57	49055	
OLP99006.1	GCA_001939145.1	LSRX01000377.1		502636	561875	+	59240	dss	58	49667	
OLP99006.1	GCA_001939145.1	LSRX01000377.1		502636	561875	+	59240	dss	59	51643	
OLP99006.1	GCA_001939145.1	LSRX01000377.1		502636	561875	+	59240	dss	60	52076	
OLP99006.1	GCA_001939145.1	LSRX01000377.1		502636	561875	+	59240	dss	61	52431	
OLP99006.1	GCA_001939145.1	LSRX01000377.1		502636	561875	+	59240	dss	62	53902	
OLP99006.1	GCA_001939145.1	LSRX01000377.1		502636	561875	+	59240	dss	63	54659	
OLP99006.1	GCA_001939145.1	LSRX01000377.1		502636	561875	+	59240	dss	64	55021	
OLP99006.1	GCA_001939145.1	LSRX01000377.1		502636	561875	+	59240	dss	65	55362	
OLP99006.1	GCA_001939145.1	LSRX01000377.1		502636	561875	+	59240	dss	66	56212	
OLP99006.1	GCA_001939145.1	LSRX01000377.1		502636	561875	+	59240	dss	67	56569	
OLP99006.1	GCA_001939145.1	LSRX01000377.1		502636	561875	+	59240	dss	68	57100	
OLP99006.1	GCA_001939145.1	LSRX01000377.1		502636	561875	+	59240	dss	69	57422	
OLP99006.1	GCA_001939145.1	LSRX01000377.1		502636	561875	+	59240	dss	70	58371	
OLP99006.1	GCA_001939145.1	LSRX01000377.1		502636	561875	+	59240	ass	1	833	
OLP99006.1	GCA_001939145.1	LSRX01000377.1		502636	561875	+	59240	ass	2	1305	
OLP99006.1	GCA_001939145.1	LSRX01000377.1		502636	561875	+	59240	ass	3	2684	
OLP99006.1	GCA_001939145.1	LSRX01000377.1		502636	561875	+	59240	ass	4	3352	
OLP99006.1	GCA_001939145.1	LSRX01000377.1		502636	561875	+	59240	ass	5	3996	
OLP99006.1	GCA_001939145.1	LSRX01000377.1		502636	561875	+	59240	ass	6	4402	
OLP99006.1	GCA_001939145.1	LSRX01000377.1		502636	561875	+	59240	ass	7	5135	
OLP99006.1	GCA_001939145.1	LSRX01000377.1		502636	561875	+	59240	ass	8	5632	
OLP99006.1	GCA_001939145.1	LSRX01000377.1		502636	561875	+	59240	ass	9	5758	
OLP99006.1	GCA_001939145.1	LSRX01000377.1		502636	561875	+	59240	ass	10	6815	
OLP99006.1	GCA_001939145.1	LSRX01000377.1		502636	561875	+	59240	ass	11	7518	
OLP99006.1	GCA_001939145.1	LSRX01000377.1		502636	561875	+	59240	ass	12	8192	
OLP99006.1	GCA_001939145.1	LSRX01000377.1		502636	561875	+	59240	ass	13	9501	
OLP99006.1	GCA_001939145.1	LSRX01000377.1		502636	561875	+	59240	ass	14	11770	
OLP99006.1	GCA_001939145.1	LSRX01000377.1		502636	561875	+	59240	ass	15	13545	
OLP99006.1	GCA_001939145.1	LSRX01000377.1		502636	561875	+	59240	ass	16	16165	
OLP99006.1	GCA_001939145.1	LSRX01000377.1		502636	561875	+	59240	ass	17	17275	
OLP99006.1	GCA_001939145.1	LSRX01000377.1		502636	561875	+	59240	ass	18	18131	
OLP99006.1	GCA_001939145.1	LSRX01000377.1		502636	561875	+	59240	ass	19	20156	
OLP99006.1	GCA_001939145.1	LSRX01000377.1		502636	561875	+	59240	ass	20	22463	
OLP99006.1	GCA_001939145.1	LSRX01000377.1		502636	561875	+	59240	ass	21	22765	
OLP99006.1	GCA_001939145.1	LSRX01000377.1		502636	561875	+	59240	ass	22	23524	
OLP99006.1	GCA_001939145.1	LSRX01000377.1		502636	561875	+	59240	ass	23	24729	
OLP99006.1	GCA_001939145.1	LSRX01000377.1		502636	561875	+	59240	ass	24	26086	
OLP99006.1	GCA_001939145.1	LSRX01000377.1		502636	561875	+	59240	ass	25	28640	
OLP99006.1	GCA_001939145.1	LSRX01000377.1		502636	561875	+	59240	ass	26	29034	
OLP99006.1	GCA_001939145.1	LSRX01000377.1		502636	561875	+	59240	ass	27	29526	
OLP99006.1	GCA_001939145.1	LSRX01000377.1		502636	561875	+	59240	ass	28	29832	
OLP99006.1	GCA_001939145.1	LSRX01000377.1		502636	561875	+	59240	ass	29	30268	
OLP99006.1	GCA_001939145.1	LSRX01000377.1		502636	561875	+	59240	ass	30	30888	
OLP99006.1	GCA_001939145.1	LSRX01000377.1		502636	561875	+	59240	ass	31	31489	
OLP99006.1	GCA_001939145.1	LSRX01000377.1		502636	561875	+	59240	ass	32	32579	
OLP99006.1	GCA_001939145.1	LSRX01000377.1		502636	561875	+	59240	ass	33	33510	
OLP99006.1	GCA_001939145.1	LSRX01000377.1		502636	561875	+	59240	ass	34	33981	
OLP99006.1	GCA_001939145.1	LSRX01000377.1		502636	561875	+	59240	ass	35	34625	
OLP99006.1	GCA_001939145.1	LSRX01000377.1		502636	561875	+	59240	ass	36	36238	
OLP99006.1	GCA_001939145.1	LSRX01000377.1		502636	561875	+	59240	ass	37	36862	
OLP99006.1	GCA_001939145.1	LSRX01000377.1		502636	561875	+	59240	ass	38	37125	
OLP99006.1	GCA_001939145.1	LSRX01000377.1		502636	561875	+	59240	ass	39	37806	
OLP99006.1	GCA_001939145.1	LSRX01000377.1		502636	561875	+	59240	ass	40	38127	
OLP99006.1	GCA_001939145.1	LSRX01000377.1		502636	561875	+	59240	ass	41	40110	
OLP99006.1	GCA_001939145.1	LSRX01000377.1		502636	561875	+	59240	ass	42	40228	
OLP99006.1	GCA_001939145.1	LSRX01000377.1		502636	561875	+	59240	ass	43	40865	
OLP99006.1	GCA_001939145.1	LSRX01000377.1		502636	561875	+	59240	ass	44	41466	
OLP99006.1	GCA_001939145.1	LSRX01000377.1		502636	561875	+	59240	ass	45	41851	
OLP99006.1	GCA_001939145.1	LSRX01000377.1		502636	561875	+	59240	ass	46	43605	
OLP99006.1	GCA_001939145.1	LSRX01000377.1		502636	561875	+	59240	ass	47	44933	
OLP99006.1	GCA_001939145.1	LSRX01000377.1		502636	561875	+	59240	ass	48	45149	
OLP99006.1	GCA_001939145.1	LSRX01000377.1		502636	561875	+	59240	ass	49	45739	
OLP99006.1	GCA_001939145.1	LSRX01000377.1		502636	561875	+	59240	ass	50	46313	
OLP99006.1	GCA_001939145.1	LSRX01000377.1		502636	561875	+	59240	ass	51	46862	
OLP99006.1	GCA_001939145.1	LSRX01000377.1		502636	561875	+	59240	ass	52	47680	
OLP99006.1	GCA_001939145.1	LSRX01000377.1		502636	561875	+	59240	ass	53	47926	
OLP99006.1	GCA_001939145.1	LSRX01000377.1		502636	561875	+	59240	ass	54	48049	
OLP99006.1	GCA_001939145.1	LSRX01000377.1		502636	561875	+	59240	ass	55	48252	
OLP99006.1	GCA_001939145.1	LSRX01000377.1		502636	561875	+	59240	ass	56	48988	
OLP99006.1	GCA_001939145.1	LSRX01000377.1		502636	561875	+	59240	ass	57	49604	
OLP99006.1	GCA_001939145.1	LSRX01000377.1		502636	561875	+	59240	ass	58	51563	
OLP99006.1	GCA_001939145.1	LSRX01000377.1		502636	561875	+	59240	ass	59	52038	
OLP99006.1	GCA_001939145.1	LSRX01000377.1		502636	561875	+	59240	ass	60	52375	
OLP99006.1	GCA_001939145.1	LSRX01000377.1		502636	561875	+	59240	ass	61	53843	
OLP99006.1	GCA_001939145.1	LSRX01000377.1		502636	561875	+	59240	ass	62	54570	
OLP99006.1	GCA_001939145.1	LSRX01000377.1		502636	561875	+	59240	ass	63	54971	
OLP99006.1	GCA_001939145.1	LSRX01000377.1		502636	561875	+	59240	ass	64	55337	
OLP99006.1	GCA_001939145.1	LSRX01000377.1		502636	561875	+	59240	ass	65	56154	
OLP99006.1	GCA_001939145.1	LSRX01000377.1		502636	561875	+	59240	ass	66	56512	
OLP99006.1	GCA_001939145.1	LSRX01000377.1		502636	561875	+	59240	ass	67	57040	
OLP99006.1	GCA_001939145.1	LSRX01000377.1		502636	561875	+	59240	ass	68	57378	
OLP99006.1	GCA_001939145.1	LSRX01000377.1		502636	561875	+	59240	ass	69	58304	
OLP99006.1	GCA_001939145.1	LSRX01000377.1		502636	561875	+	59240	ass	70	59155	
BGNK01003376.1_K04564_a3776c6c	GCA_003297005.1	BGNK01003376.1	BGNK01003376.1_K04564_a3776c6c_with_leader_u60_PF00081_M_to_K04564_198	45640	43211	-	2430	start		1	
BGNK01003376.1_K04564_a3776c6c	GCA_003297005.1	BGNK01003376.1	BGNK01003376.1_K04564_a3776c6c_with_leader_u36_PF00081_M_to_K04564_198	45640	43211	-	2430	start		73	
BGNK01003376.1_K04564_a3776c6c	GCA_003297005.1	BGNK01003376.1	BGNK01003376.1_K04564_a3776c6c_with_leader_u31_PF00081_M_to_K04564_198	45640	43211	-	2430	start		88	
BGNK01003376.1_K04564_a3776c6c	GCA_003297005.1	BGNK01003376.1		45640	43211	-	2430	dss	1	315	
BGNK01003376.1_K04564_a3776c6c	GCA_003297005.1	BGNK01003376.1		45640	43211	-	2430	dss	2	619	
BGNK01003376.1_K04564_a3776c6c	GCA_003297005.1	BGNK01003376.1		45640	43211	-	2430	dss	3	2131	
BGNK01003376.1_K04564_a3776c6c	GCA_003297005.1	BGNK01003376.1		45640	43211	-	2430	ass	1	455	
BGNK01003376.1_K04564_a3776c6c	GCA_003297005.1	BGNK01003376.1		45640	43211	-	2430	ass	2	2042	
BGNK01003376.1_K04564_a3776c6c	GCA_003297005.1	BGNK01003376.1		45640	43211	-	2430	ass	3	2209	
BGPT01000358.1_K04564_070be8c8	GCA_003297045.1	BGPT01000358.1	BGPT01000358.1_K04564_070be8c8_with_leader_u54_PF00081_M_to_K04564_203	147950	147095	-	856	start		1	
BGPT01000358.1_K04564_070be8c8	GCA_003297045.1	BGPT01000358.1	BGPT01000358.1_K04564_070be8c8_with_leader_u34_PF00081_M_to_K04564_203	147950	147095	-	856	start		61	
BGPT01000358.1_K04564_070be8c8	GCA_003297045.1	BGPT01000358.1		147950	147095	-	856	dss	1	744	
BGPT01000358.1_K04564_070be8c8	GCA_003297045.1	BGPT01000358.1		147950	147095	-	856	ass	1	599	
BGPT01004387.1_K04564_42ae3337	GCA_003297045.1	BGPT01004387.1	BGPT01004387.1_K04564_42ae3337_with_leader_u55_PF00081_M_to_K04564_204	11472	10585	-	888	start		1	
BGPT01004387.1_K04564_42ae3337	GCA_003297045.1	BGPT01004387.1	BGPT01004387.1_K04564_42ae3337_with_leader_u39_PF00081_M_to_K04564_204	11472	10585	-	888	start		49	
BGPT01004387.1_K04564_42ae3337	GCA_003297045.1	BGPT01004387.1		11472	10585	-	888	dss	1	312	
BGPT01004387.1_K04564_42ae3337	GCA_003297045.1	BGPT01004387.1		11472	10585	-	888	dss	2	772	
BGPT01004387.1_K04564_42ae3337	GCA_003297045.1	BGPT01004387.1		11472	10585	-	888	ass	1	218	
BGPT01004387.1_K04564_42ae3337	GCA_003297045.1	BGPT01004387.1		11472	10585	-	888	ass	2	763	
CAE7445615.1	GCA_905221605.1	CAJNDS010002352.1		127071	124494	-	2578	dss	1	89	
CAE7445615.1	GCA_905221605.1	CAJNDS010002352.1		127071	124494	-	2578	dss	2	330	
CAE7445615.1	GCA_905221605.1	CAJNDS010002352.1		127071	124494	-	2578	dss	3	568	
CAE7445615.1	GCA_905221605.1	CAJNDS010002352.1		127071	124494	-	2578	dss	4	855	
CAE7445615.1	GCA_905221605.1	CAJNDS010002352.1		127071	124494	-	2578	dss	5	1316	
CAE7445615.1	GCA_905221605.1	CAJNDS010002352.1		127071	124494	-	2578	dss	6	1816	
CAE7445615.1	GCA_905221605.1	CAJNDS010002352.1		127071	124494	-	2578	dss	7	2013	
CAE7445615.1	GCA_905221605.1	CAJNDS010002352.1		127071	124494	-	2578	dss	8	2108	
CAE7445615.1	GCA_905221605.1	CAJNDS010002352.1		127071	124494	-	2578	dss	9	2430	
CAE7445615.1	GCA_905221605.1	CAJNDS010002352.1		127071	124494	-	2578	ass	1	277	
CAE7445615.1	GCA_905221605.1	CAJNDS010002352.1		127071	124494	-	2578	ass	2	507	
CAE7445615.1	GCA_905221605.1	CAJNDS010002352.1		127071	124494	-	2578	ass	3	755	
CAE7445615.1	GCA_905221605.1	CAJNDS010002352.1		127071	124494	-	2578	ass	4	1221	
CAE7445615.1	GCA_905221605.1	CAJNDS010002352.1		127071	124494	-	2578	ass	5	1751	
CAE7445615.1	GCA_905221605.1	CAJNDS010002352.1		127071	124494	-	2578	ass	6	1981	
CAE7445615.1	GCA_905221605.1	CAJNDS010002352.1		127071	124494	-	2578	ass	7	2090	
CAE7445615.1	GCA_905221605.1	CAJNDS010002352.1		127071	124494	-	2578	ass	8	2173	
CAE7445615.1	GCA_905221605.1	CAJNDS010002352.1		127071	124494	-	2578	ass	9	2529	
CAE7459428.1	GCA_905221605.1	CAJNDS010002396.1		128835	151448	+	22614	dss	1	54	
CAE7459428.1	GCA_905221605.1	CAJNDS010002396.1		128835	151448	+	22614	dss	2	617	
CAE7459428.1	GCA_905221605.1	CAJNDS010002396.1		128835	151448	+	22614	dss	3	861	
CAE7459428.1	GCA_905221605.1	CAJNDS010002396.1		128835	151448	+	22614	dss	4	4789	
CAE7459428.1	GCA_905221605.1	CAJNDS010002396.1		128835	151448	+	22614	dss	5	5438	
CAE7459428.1	GCA_905221605.1	CAJNDS010002396.1		128835	151448	+	22614	dss	6	6158	
CAE7459428.1	GCA_905221605.1	CAJNDS010002396.1		128835	151448	+	22614	dss	7	7306	
CAE7459428.1	GCA_905221605.1	CAJNDS010002396.1		128835	151448	+	22614	dss	8	8126	
CAE7459428.1	GCA_905221605.1	CAJNDS010002396.1		128835	151448	+	22614	dss	9	8588	
CAE7459428.1	GCA_905221605.1	CAJNDS010002396.1		128835	151448	+	22614	dss	10	9375	
CAE7459428.1	GCA_905221605.1	CAJNDS010002396.1		128835	151448	+	22614	dss	11	9866	
CAE7459428.1	GCA_905221605.1	CAJNDS010002396.1		128835	151448	+	22614	dss	12	12553	
CAE7459428.1	GCA_905221605.1	CAJNDS010002396.1		128835	151448	+	22614	dss	13	13271	
CAE7459428.1	GCA_905221605.1	CAJNDS010002396.1		128835	151448	+	22614	dss	14	13603	
CAE7459428.1	GCA_905221605.1	CAJNDS010002396.1		128835	151448	+	22614	dss	15	14202	
CAE7459428.1	GCA_905221605.1	CAJNDS010002396.1		128835	151448	+	22614	dss	16	15444	
CAE7459428.1	GCA_905221605.1	CAJNDS010002396.1		128835	151448	+	22614	dss	17	16164	
CAE7459428.1	GCA_905221605.1	CAJNDS010002396.1		128835	151448	+	22614	dss	18	16486	
CAE7459428.1	GCA_905221605.1	CAJNDS010002396.1		128835	151448	+	22614	dss	19	17016	
CAE7459428.1	GCA_905221605.1	CAJNDS010002396.1		128835	151448	+	22614	dss	20	17451	
CAE7459428.1	GCA_905221605.1	CAJNDS010002396.1		128835	151448	+	22614	dss	21	17643	
CAE7459428.1	GCA_905221605.1	CAJNDS010002396.1		128835	151448	+	22614	dss	22	18744	
CAE7459428.1	GCA_905221605.1	CAJNDS010002396.1		128835	151448	+	22614	dss	23	19459	
CAE7459428.1	GCA_905221605.1	CAJNDS010002396.1		128835	151448	+	22614	dss	24	20172	
CAE7459428.1	GCA_905221605.1	CAJNDS010002396.1		128835	151448	+	22614	dss	25	20601	
CAE7459428.1	GCA_905221605.1	CAJNDS010002396.1		128835	151448	+	22614	dss	26	21511	
CAE7459428.1	GCA_905221605.1	CAJNDS010002396.1		128835	151448	+	22614	dss	27	22249	
CAE7459428.1	GCA_905221605.1	CAJNDS010002396.1		128835	151448	+	22614	ass	1	201	
CAE7459428.1	GCA_905221605.1	CAJNDS010002396.1		128835	151448	+	22614	ass	2	781	
CAE7459428.1	GCA_905221605.1	CAJNDS010002396.1		128835	151448	+	22614	ass	3	4709	
CAE7459428.1	GCA_905221605.1	CAJNDS010002396.1		128835	151448	+	22614	ass	4	5400	
CAE7459428.1	GCA_905221605.1	CAJNDS010002396.1		128835	151448	+	22614	ass	5	6102	
CAE7459428.1	GCA_905221605.1	CAJNDS010002396.1		128835	151448	+	22614	ass	6	7247	
CAE7459428.1	GCA_905221605.1	CAJNDS010002396.1		128835	151448	+	22614	ass	7	8037	
CAE7459428.1	GCA_905221605.1	CAJNDS010002396.1		128835	151448	+	22614	ass	8	8538	
CAE7459428.1	GCA_905221605.1	CAJNDS010002396.1		128835	151448	+	22614	ass	9	9350	
CAE7459428.1	GCA_905221605.1	CAJNDS010002396.1		128835	151448	+	22614	ass	10	9834	
CAE7459428.1	GCA_905221605.1	CAJNDS010002396.1		128835	151448	+	22614	ass	11	12495	
CAE7459428.1	GCA_905221605.1	CAJNDS010002396.1		128835	151448	+	22614	ass	12	13214	
CAE7459428.1	GCA_905221605.1	CAJNDS010002396.1		128835	151448	+	22614	ass	13	13543	
CAE7459428.1	GCA_905221605.1	CAJNDS010002396.1		128835	151448	+	22614	ass	14	14158	
CAE7459428.1	GCA_905221605.1	CAJNDS010002396.1		128835	151448	+	22614	ass	15	15343	
CAE7459428.1	GCA_905221605.1	CAJNDS010002396.1		128835	151448	+	22614	ass	16	16121	
CAE7459428.1	GCA_905221605.1	CAJNDS010002396.1		128835	151448	+	22614	ass	17	16453	
CAE7459428.1	GCA_905221605.1	CAJNDS010002396.1		128835	151448	+	22614	ass	18	16955	
CAE7459428.1	GCA_905221605.1	CAJNDS010002396.1		128835	151448	+	22614	ass	19	17404	
CAE7459428.1	GCA_905221605.1	CAJNDS010002396.1		128835	151448	+	22614	ass	20	17580	
CAE7459428.1	GCA_905221605.1	CAJNDS010002396.1		128835	151448	+	22614	ass	21	18712	
CAE7459428.1	GCA_905221605.1	CAJNDS010002396.1		128835	151448	+	22614	ass	22	19406	
CAE7459428.1	GCA_905221605.1	CAJNDS010002396.1		128835	151448	+	22614	ass	23	20137	
CAE7459428.1	GCA_905221605.1	CAJNDS010002396.1		128835	151448	+	22614	ass	24	20566	
CAE7459428.1	GCA_905221605.1	CAJNDS010002396.1		128835	151448	+	22614	ass	25	21458	
CAE7459428.1	GCA_905221605.1	CAJNDS010002396.1		128835	151448	+	22614	ass	26	22215	
CAE7459428.1	GCA_905221605.1	CAJNDS010002396.1		128835	151448	+	22614	ass	27	22518	
CAJNDS010002352.1_K04564_638e9d57	GCA_905221605.1	CAJNDS010002352.1	CAJNDS010002352.1_K04564_638e9d57_with_leader_u31_PF00081_M_to_K04564_176	126893	124694	-	2200	start		1	
CAJNDS010002352.1_K04564_638e9d57	GCA_905221605.1	CAJNDS010002352.1		126893	124694	-	2200	dss	1	159	
CAJNDS010002352.1_K04564_638e9d57	GCA_905221605.1	CAJNDS010002352.1		126893	124694	-	2200	dss	2	386	
CAJNDS010002352.1_K04564_638e9d57	GCA_905221605.1	CAJNDS010002352.1		126893	124694	-	2200	dss	3	677	
CAJNDS010002352.1_K04564_638e9d57	GCA_905221605.1	CAJNDS010002352.1		126893	124694	-	2200	dss	4	1141	
CAJNDS010002352.1_K04564_638e9d57	GCA_905221605.1	CAJNDS010002352.1		126893	124694	-	2200	dss	5	1644	
CAJNDS010002352.1_K04564_638e9d57	GCA_905221605.1	CAJNDS010002352.1		126893	124694	-	2200	dss	6	2104	
CAJNDS010002352.1_K04564_638e9d57	GCA_905221605.1	CAJNDS010002352.1		126893	124694	-	2200	ass	1	330	
CAJNDS010002352.1_K04564_638e9d57	GCA_905221605.1	CAJNDS010002352.1		126893	124694	-	2200	ass	2	609	
CAJNDS010002352.1_K04564_638e9d57	GCA_905221605.1	CAJNDS010002352.1		126893	124694	-	2200	ass	3	1046	
CAJNDS010002352.1_K04564_638e9d57	GCA_905221605.1	CAJNDS010002352.1		126893	124694	-	2200	ass	4	1564	
CAJNDS010002352.1_K04564_638e9d57	GCA_905221605.1	CAJNDS010002352.1		126893	124694	-	2200	ass	5	2015	
CAJNDS010002352.1_K04564_638e9d57	GCA_905221605.1	CAJNDS010002352.1		126893	124694	-	2200	ass	6	2159	
CAJNDS010002544.1_K04564_89a3bd15	GCA_905221605.1	CAJNDS010002544.1	CAJNDS010002544.1_K04564_89a3bd15_with_leader_u68_PF00081_M_to_K04564_203	286322	285144	-	1179	start		1	
CAJNDS010002544.1_K04564_89a3bd15	GCA_905221605.1	CAJNDS010002544.1	CAJNDS010002544.1_K04564_89a3bd15_with_leader_u48_PF00081_M_to_K04564_203	286322	285144	-	1179	start		61	
CAJNDS010002544.1_K04564_89a3bd15	GCA_905221605.1	CAJNDS010002544.1		286322	285144	-	1179	dss	1	351	
CAJNDS010002544.1_K04564_89a3bd15	GCA_905221605.1	CAJNDS010002544.1		286322	285144	-	1179	dss	2	671	
CAJNDS010002544.1_K04564_89a3bd15	GCA_905221605.1	CAJNDS010002544.1		286322	285144	-	1179	dss	3	873	
CAJNDS010002544.1_K04564_89a3bd15	GCA_905221605.1	CAJNDS010002544.1		286322	285144	-	1179	ass	1	516	
CAJNDS010002544.1_K04564_89a3bd15	GCA_905221605.1	CAJNDS010002544.1		286322	285144	-	1179	ass	2	793	
CAJNDS010002544.1_K04564_89a3bd15	GCA_905221605.1	CAJNDS010002544.1		286322	285144	-	1179	ass	3	970	
CAE7848606.1	GCA_905231915.1	CAJNJA010052942.1		7108	20169	+	13062	dss	1	174	
CAE7848606.1	GCA_905231915.1	CAJNJA010052942.1		7108	20169	+	13062	dss	2	257	
CAE7848606.1	GCA_905231915.1	CAJNJA010052942.1		7108	20169	+	13062	dss	3	340	
CAE7848606.1	GCA_905231915.1	CAJNJA010052942.1		7108	20169	+	13062	dss	4	452	
CAE7848606.1	GCA_905231915.1	CAJNJA010052942.1		7108	20169	+	13062	dss	5	576	
CAE7848606.1	GCA_905231915.1	CAJNJA010052942.1		7108	20169	+	13062	dss	6	701	
CAE7848606.1	GCA_905231915.1	CAJNJA010052942.1		7108	20169	+	13062	dss	7	813	
CAE7848606.1	GCA_905231915.1	CAJNJA010052942.1		7108	20169	+	13062	dss	8	920	
CAE7848606.1	GCA_905231915.1	CAJNJA010052942.1		7108	20169	+	13062	dss	9	985	
CAE7848606.1	GCA_905231915.1	CAJNJA010052942.1		7108	20169	+	13062	dss	10	1082	
CAE7848606.1	GCA_905231915.1	CAJNJA010052942.1		7108	20169	+	13062	dss	11	1168	
CAE7848606.1	GCA_905231915.1	CAJNJA010052942.1		7108	20169	+	13062	dss	12	1284	
CAE7848606.1	GCA_905231915.1	CAJNJA010052942.1		7108	20169	+	13062	dss	13	6205	
CAE7848606.1	GCA_905231915.1	CAJNJA010052942.1		7108	20169	+	13062	dss	14	6318	
CAE7848606.1	GCA_905231915.1	CAJNJA010052942.1		7108	20169	+	13062	dss	15	6410	
CAE7848606.1	GCA_905231915.1	CAJNJA010052942.1		7108	20169	+	13062	dss	16	6502	
CAE7848606.1	GCA_905231915.1	CAJNJA010052942.1		7108	20169	+	13062	dss	17	7061	
CAE7848606.1	GCA_905231915.1	CAJNJA010052942.1		7108	20169	+	13062	dss	18	7184	
CAE7848606.1	GCA_905231915.1	CAJNJA010052942.1		7108	20169	+	13062	dss	19	7322	
CAE7848606.1	GCA_905231915.1	CAJNJA010052942.1		7108	20169	+	13062	dss	20	7414	
CAE7848606.1	GCA_905231915.1	CAJNJA010052942.1		7108	20169	+	13062	dss	21	7557	
CAE7848606.1	GCA_905231915.1	CAJNJA010052942.1		7108	20169	+	13062	dss	22	7669	
CAE7848606.1	GCA_905231915.1	CAJNJA010052942.1		7108	20169	+	13062	dss	23	7785	
CAE7848606.1	GCA_905231915.1	CAJNJA010052942.1		7108	20169	+	13062	dss	24	7941	
CAE7848606.1	GCA_905231915.1	CAJNJA010052942.1		7108	20169	+	13062	dss	25	8080	
CAE7848606.1	GCA_905231915.1	CAJNJA010052942.1		7108	20169	+	13062	dss	26	8216	
CAE7848606.1	GCA_905231915.1	CAJNJA010052942.1		7108	20169	+	13062	dss	27	8309	
CAE7848606.1	GCA_905231915.1	CAJNJA010052942.1		7108	20169	+	13062	dss	28	8408	
CAE7848606.1	GCA_905231915.1	CAJNJA010052942.1		7108	20169	+	13062	dss	29	8507	
CAE7848606.1	GCA_905231915.1	CAJNJA010052942.1		7108	20169	+	13062	dss	30	8630	
CAE7848606.1	GCA_905231915.1	CAJNJA010052942.1		7108	20169	+	13062	dss	31	8737	
CAE7848606.1	GCA_905231915.1	CAJNJA010052942.1		7108	20169	+	13062	dss	32	8856	
CAE7848606.1	GCA_905231915.1	CAJNJA010052942.1		7108	20169	+	13062	dss	33	9054	
CAE7848606.1	GCA_905231915.1	CAJNJA010052942.1		7108	20169	+	13062	dss	34	9172	
CAE7848606.1	GCA_905231915.1	CAJNJA010052942.1		7108	20169	+	13062	dss	35	11307	
CAE7848606.1	GCA_905231915.1	CAJNJA010052942.1		7108	20169	+	13062	dss	36	11402	
CAE7848606.1	GCA_905231915.1	CAJNJA010052942.1		7108	20169	+	13062	dss	37	11894	
CAE7848606.1	GCA_905231915.1	CAJNJA010052942.1		7108	20169	+	13062	dss	38	12130	
CAE7848606.1	GCA_905231915.1	CAJNJA010052942.1		7108	20169	+	13062	dss	39	12615	
CAE7848606.1	GCA_905231915.1	CAJNJA010052942.1		7108	20169	+	13062	ass	1	231	
CAE7848606.1	GCA_905231915.1	CAJNJA010052942.1		7108	20169	+	13062	ass	2	304	
CAE7848606.1	GCA_905231915.1	CAJNJA010052942.1		7108	20169	+	13062	ass	3	391	
CAE7848606.1	GCA_905231915.1	CAJNJA010052942.1		7108	20169	+	13062	ass	4	538	
CAE7848606.1	GCA_905231915.1	CAJNJA010052942.1		7108	20169	+	13062	ass	5	639	
CAE7848606.1	GCA_905231915.1	CAJNJA010052942.1		7108	20169	+	13062	ass	6	751	
CAE7848606.1	GCA_905231915.1	CAJNJA010052942.1		7108	20169	+	13062	ass	7	867	
CAE7848606.1	GCA_905231915.1	CAJNJA010052942.1		7108	20169	+	13062	ass	8	969	
CAE7848606.1	GCA_905231915.1	CAJNJA010052942.1		7108	20169	+	13062	ass	9	1043	
CAE7848606.1	GCA_905231915.1	CAJNJA010052942.1		7108	20169	+	13062	ass	10	1136	
CAE7848606.1	GCA_905231915.1	CAJNJA010052942.1		7108	20169	+	13062	ass	11	1237	
CAE7848606.1	GCA_905231915.1	CAJNJA010052942.1		7108	20169	+	13062	ass	12	6187	
CAE7848606.1	GCA_905231915.1	CAJNJA010052942.1		7108	20169	+	13062	ass	13	6291	
CAE7848606.1	GCA_905231915.1	CAJNJA010052942.1		7108	20169	+	13062	ass	14	6371	
CAE7848606.1	GCA_905231915.1	CAJNJA010052942.1		7108	20169	+	13062	ass	15	6473	
CAE7848606.1	GCA_905231915.1	CAJNJA010052942.1		7108	20169	+	13062	ass	16	6567	
CAE7848606.1	GCA_905231915.1	CAJNJA010052942.1		7108	20169	+	13062	ass	17	7124	
CAE7848606.1	GCA_905231915.1	CAJNJA010052942.1		7108	20169	+	13062	ass	18	7283	
CAE7848606.1	GCA_905231915.1	CAJNJA010052942.1		7108	20169	+	13062	ass	19	7384	
CAE7848606.1	GCA_905231915.1	CAJNJA010052942.1		7108	20169	+	13062	ass	20	7534	
CAE7848606.1	GCA_905231915.1	CAJNJA010052942.1		7108	20169	+	13062	ass	21	7633	
CAE7848606.1	GCA_905231915.1	CAJNJA010052942.1		7108	20169	+	13062	ass	22	7739	
CAE7848606.1	GCA_905231915.1	CAJNJA010052942.1		7108	20169	+	13062	ass	23	7870	
CAE7848606.1	GCA_905231915.1	CAJNJA010052942.1		7108	20169	+	13062	ass	24	8041	
CAE7848606.1	GCA_905231915.1	CAJNJA010052942.1		7108	20169	+	13062	ass	25	8147	
CAE7848606.1	GCA_905231915.1	CAJNJA010052942.1		7108	20169	+	13062	ass	26	8270	
CAE7848606.1	GCA_905231915.1	CAJNJA010052942.1		7108	20169	+	13062	ass	27	8372	
CAE7848606.1	GCA_905231915.1	CAJNJA010052942.1		7108	20169	+	13062	ass	28	8482	
CAE7848606.1	GCA_905231915.1	CAJNJA010052942.1		7108	20169	+	13062	ass	29	8572	
CAE7848606.1	GCA_905231915.1	CAJNJA010052942.1		7108	20169	+	13062	ass	30	8707	
CAE7848606.1	GCA_905231915.1	CAJNJA010052942.1		7108	20169	+	13062	ass	31	8815	
CAE7848606.1	GCA_905231915.1	CAJNJA010052942.1		7108	20169	+	13062	ass	32	8989	
CAE7848606.1	GCA_905231915.1	CAJNJA010052942.1		7108	20169	+	13062	ass	33	9120	
CAE7848606.1	GCA_905231915.1	CAJNJA010052942.1		7108	20169	+	13062	ass	34	11253	
CAE7848606.1	GCA_905231915.1	CAJNJA010052942.1		7108	20169	+	13062	ass	35	11356	
CAE7848606.1	GCA_905231915.1	CAJNJA010052942.1		7108	20169	+	13062	ass	36	11483	
CAE7848606.1	GCA_905231915.1	CAJNJA010052942.1		7108	20169	+	13062	ass	37	11981	
CAE7848606.1	GCA_905231915.1	CAJNJA010052942.1		7108	20169	+	13062	ass	38	12539	
CAE7848606.1	GCA_905231915.1	CAJNJA010052942.1		7108	20169	+	13062	ass	39	12834	
CAJNJA010052942.1_K04564_06e367ea	GCA_905231915.1	CAJNJA010052942.1	CAJNJA010052942.1_K04564_06e367ea_with_leader_u60_PF00081_M_to_K04564_198	18645	20145	+	1501	start		1	
CAJNJA010052942.1_K04564_06e367ea	GCA_905231915.1	CAJNJA010052942.1	CAJNJA010052942.1_K04564_06e367ea_with_leader_u36_PF00081_M_to_K04564_198	18645	20145	+	1501	start		73	
CAJNJA010052942.1_K04564_06e367ea	GCA_905231915.1	CAJNJA010052942.1		18645	20145	+	1501	dss	1	315	
CAJNJA010052942.1_K04564_06e367ea	GCA_905231915.1	CAJNJA010052942.1		18645	20145	+	1501	dss	2	596	
CAJNJA010052942.1_K04564_06e367ea	GCA_905231915.1	CAJNJA010052942.1		18645	20145	+	1501	dss	3	1079	
CAJNJA010052942.1_K04564_06e367ea	GCA_905231915.1	CAJNJA010052942.1		18645	20145	+	1501	ass	1	453	
CAJNJA010052942.1_K04564_06e367ea	GCA_905231915.1	CAJNJA010052942.1		18645	20145	+	1501	ass	2	1005	
CAJNJA010052942.1_K04564_06e367ea	GCA_905231915.1	CAJNJA010052942.1		18645	20145	+	1501	ass	3	1298	
CAE8598837.1	GCA_905237085.1	CAJNNV010010613.1	CAE8598837.1_with_leader_u65_PF00081_M_to_K04564_270	441524	440655	-	870				
CAE8604820.1	GCA_905237085.1	CAJNNV010016980.1	CAE8604820.1_with_leader_u65_PF00081_M_to_K04564_269	570094	569258	-	837				
CAE8627582.1	GCA_905237085.1	CAJNNV010029213.1		231246	269655	+	38410	dss	1	34	
CAE8627582.1	GCA_905237085.1	CAJNNV010029213.1		231246	269655	+	38410	dss	2	383	
CAE8627582.1	GCA_905237085.1	CAJNNV010029213.1		231246	269655	+	38410	dss	3	986	
CAE8627582.1	GCA_905237085.1	CAJNNV010029213.1		231246	269655	+	38410	dss	4	1354	
CAE8627582.1	GCA_905237085.1	CAJNNV010029213.1		231246	269655	+	38410	dss	5	1912	
CAE8627582.1	GCA_905237085.1	CAJNNV010029213.1		231246	269655	+	38410	dss	6	2258	
CAE8627582.1	GCA_905237085.1	CAJNNV010029213.1		231246	269655	+	38410	dss	7	2591	
CAE8627582.1	GCA_905237085.1	CAJNNV010029213.1		231246	269655	+	38410	dss	8	3161	
CAE8627582.1	GCA_905237085.1	CAJNNV010029213.1		231246	269655	+	38410	dss	9	3383	
CAE8627582.1	GCA_905237085.1	CAJNNV010029213.1		231246	269655	+	38410	dss	10	3585	
CAE8627582.1	GCA_905237085.1	CAJNNV010029213.1		231246	269655	+	38410	dss	11	3892	
CAE8627582.1	GCA_905237085.1	CAJNNV010029213.1		231246	269655	+	38410	dss	12	4023	
CAE8627582.1	GCA_905237085.1	CAJNNV010029213.1		231246	269655	+	38410	dss	13	4335	
CAE8627582.1	GCA_905237085.1	CAJNNV010029213.1		231246	269655	+	38410	dss	14	6851	
CAE8627582.1	GCA_905237085.1	CAJNNV010029213.1		231246	269655	+	38410	dss	15	7002	
CAE8627582.1	GCA_905237085.1	CAJNNV010029213.1		231246	269655	+	38410	dss	16	7282	
CAE8627582.1	GCA_905237085.1	CAJNNV010029213.1		231246	269655	+	38410	dss	17	7679	
CAE8627582.1	GCA_905237085.1	CAJNNV010029213.1		231246	269655	+	38410	dss	18	8072	
CAE8627582.1	GCA_905237085.1	CAJNNV010029213.1		231246	269655	+	38410	dss	19	8280	
CAE8627582.1	GCA_905237085.1	CAJNNV010029213.1		231246	269655	+	38410	dss	20	8584	
CAE8627582.1	GCA_905237085.1	CAJNNV010029213.1		231246	269655	+	38410	dss	21	8869	
CAE8627582.1	GCA_905237085.1	CAJNNV010029213.1		231246	269655	+	38410	dss	22	9084	
CAE8627582.1	GCA_905237085.1	CAJNNV010029213.1		231246	269655	+	38410	dss	23	9199	
CAE8627582.1	GCA_905237085.1	CAJNNV010029213.1		231246	269655	+	38410	dss	24	17006	
CAE8627582.1	GCA_905237085.1	CAJNNV010029213.1		231246	269655	+	38410	dss	25	21359	
CAE8627582.1	GCA_905237085.1	CAJNNV010029213.1		231246	269655	+	38410	dss	26	23149	
CAE8627582.1	GCA_905237085.1	CAJNNV010029213.1		231246	269655	+	38410	dss	27	26891	
CAE8627582.1	GCA_905237085.1	CAJNNV010029213.1		231246	269655	+	38410	dss	28	27754	
CAE8627582.1	GCA_905237085.1	CAJNNV010029213.1		231246	269655	+	38410	dss	29	30357	
CAE8627582.1	GCA_905237085.1	CAJNNV010029213.1		231246	269655	+	38410	dss	30	32783	
CAE8627582.1	GCA_905237085.1	CAJNNV010029213.1		231246	269655	+	38410	dss	31	34480	
CAE8627582.1	GCA_905237085.1	CAJNNV010029213.1		231246	269655	+	38410	ass	1	343	
CAE8627582.1	GCA_905237085.1	CAJNNV010029213.1		231246	269655	+	38410	ass	2	921	
CAE8627582.1	GCA_905237085.1	CAJNNV010029213.1		231246	269655	+	38410	ass	3	1289	
CAE8627582.1	GCA_905237085.1	CAJNNV010029213.1		231246	269655	+	38410	ass	4	1852	
CAE8627582.1	GCA_905237085.1	CAJNNV010029213.1		231246	269655	+	38410	ass	5	2233	
CAE8627582.1	GCA_905237085.1	CAJNNV010029213.1		231246	269655	+	38410	ass	6	2562	
CAE8627582.1	GCA_905237085.1	CAJNNV010029213.1		231246	269655	+	38410	ass	7	3084	
CAE8627582.1	GCA_905237085.1	CAJNNV010029213.1		231246	269655	+	38410	ass	8	3320	
CAE8627582.1	GCA_905237085.1	CAJNNV010029213.1		231246	269655	+	38410	ass	9	3512	
CAE8627582.1	GCA_905237085.1	CAJNNV010029213.1		231246	269655	+	38410	ass	10	3825	
CAE8627582.1	GCA_905237085.1	CAJNNV010029213.1		231246	269655	+	38410	ass	11	4002	
CAE8627582.1	GCA_905237085.1	CAJNNV010029213.1		231246	269655	+	38410	ass	12	4258	
CAE8627582.1	GCA_905237085.1	CAJNNV010029213.1		231246	269655	+	38410	ass	13	6775	
CAE8627582.1	GCA_905237085.1	CAJNNV010029213.1		231246	269655	+	38410	ass	14	6967	
CAE8627582.1	GCA_905237085.1	CAJNNV010029213.1		231246	269655	+	38410	ass	15	7263	
CAE8627582.1	GCA_905237085.1	CAJNNV010029213.1		231246	269655	+	38410	ass	16	7619	
CAE8627582.1	GCA_905237085.1	CAJNNV010029213.1		231246	269655	+	38410	ass	17	8033	
CAE8627582.1	GCA_905237085.1	CAJNNV010029213.1		231246	269655	+	38410	ass	18	8211	
CAE8627582.1	GCA_905237085.1	CAJNNV010029213.1		231246	269655	+	38410	ass	19	8516	
CAE8627582.1	GCA_905237085.1	CAJNNV010029213.1		231246	269655	+	38410	ass	20	8779	
CAE8627582.1	GCA_905237085.1	CAJNNV010029213.1		231246	269655	+	38410	ass	21	9021	
CAE8627582.1	GCA_905237085.1	CAJNNV010029213.1		231246	269655	+	38410	ass	22	9183	
CAE8627582.1	GCA_905237085.1	CAJNNV010029213.1		231246	269655	+	38410	ass	23	16972	
CAE8627582.1	GCA_905237085.1	CAJNNV010029213.1		231246	269655	+	38410	ass	24	21304	
CAE8627582.1	GCA_905237085.1	CAJNNV010029213.1		231246	269655	+	38410	ass	25	23120	
CAE8627582.1	GCA_905237085.1	CAJNNV010029213.1		231246	269655	+	38410	ass	26	26863	
CAE8627582.1	GCA_905237085.1	CAJNNV010029213.1		231246	269655	+	38410	ass	27	27724	
CAE8627582.1	GCA_905237085.1	CAJNNV010029213.1		231246	269655	+	38410	ass	28	30298	
CAE8627582.1	GCA_905237085.1	CAJNNV010029213.1		231246	269655	+	38410	ass	29	32727	
CAE8627582.1	GCA_905237085.1	CAJNNV010029213.1		231246	269655	+	38410	ass	30	34456	
CAE8627582.1	GCA_905237085.1	CAJNNV010029213.1		231246	269655	+	38410	ass	31	38361	
CAE8628319.1	GCA_905237085.1	CAJNNV010029372.1		75724	56529	-	19196	dss	1	45	
CAE8628319.1	GCA_905237085.1	CAJNNV010029372.1		75724	56529	-	19196	dss	2	599	
CAE8628319.1	GCA_905237085.1	CAJNNV010029372.1		75724	56529	-	19196	dss	3	810	
CAE8628319.1	GCA_905237085.1	CAJNNV010029372.1		75724	56529	-	19196	dss	4	3141	
CAE8628319.1	GCA_905237085.1	CAJNNV010029372.1		75724	56529	-	19196	dss	5	3903	
CAE8628319.1	GCA_905237085.1	CAJNNV010029372.1		75724	56529	-	19196	dss	6	4538	
CAE8628319.1	GCA_905237085.1	CAJNNV010029372.1		75724	56529	-	19196	dss	7	6033	
CAE8628319.1	GCA_905237085.1	CAJNNV010029372.1		75724	56529	-	19196	dss	8	6143	
CAE8628319.1	GCA_905237085.1	CAJNNV010029372.1		75724	56529	-	19196	dss	9	6741	
CAE8628319.1	GCA_905237085.1	CAJNNV010029372.1		75724	56529	-	19196	dss	10	7880	
CAE8628319.1	GCA_905237085.1	CAJNNV010029372.1		75724	56529	-	19196	dss	11	8455	
CAE8628319.1	GCA_905237085.1	CAJNNV010029372.1		75724	56529	-	19196	dss	12	16204	
CAE8628319.1	GCA_905237085.1	CAJNNV010029372.1		75724	56529	-	19196	dss	13	17244	
CAE8628319.1	GCA_905237085.1	CAJNNV010029372.1		75724	56529	-	19196	dss	14	17839	
CAE8628319.1	GCA_905237085.1	CAJNNV010029372.1		75724	56529	-	19196	dss	15	18148	
CAE8628319.1	GCA_905237085.1	CAJNNV010029372.1		75724	56529	-	19196	dss	16	18427	
CAE8628319.1	GCA_905237085.1	CAJNNV010029372.1		75724	56529	-	19196	dss	17	19040	
CAE8628319.1	GCA_905237085.1	CAJNNV010029372.1		75724	56529	-	19196	ass	1	570	
CAE8628319.1	GCA_905237085.1	CAJNNV010029372.1		75724	56529	-	19196	ass	2	785	
CAE8628319.1	GCA_905237085.1	CAJNNV010029372.1		75724	56529	-	19196	ass	3	3108	
CAE8628319.1	GCA_905237085.1	CAJNNV010029372.1		75724	56529	-	19196	ass	4	3856	
CAE8628319.1	GCA_905237085.1	CAJNNV010029372.1		75724	56529	-	19196	ass	5	4491	
CAE8628319.1	GCA_905237085.1	CAJNNV010029372.1		75724	56529	-	19196	ass	6	5994	
CAE8628319.1	GCA_905237085.1	CAJNNV010029372.1		75724	56529	-	19196	ass	7	6134	
CAE8628319.1	GCA_905237085.1	CAJNNV010029372.1		75724	56529	-	19196	ass	8	6711	
CAE8628319.1	GCA_905237085.1	CAJNNV010029372.1		75724	56529	-	19196	ass	9	7806	
CAE8628319.1	GCA_905237085.1	CAJNNV010029372.1		75724	56529	-	19196	ass	10	8440	
CAE8628319.1	GCA_905237085.1	CAJNNV010029372.1		75724	56529	-	19196	ass	11	16173	
CAE8628319.1	GCA_905237085.1	CAJNNV010029372.1		75724	56529	-	19196	ass	12	17158	
CAE8628319.1	GCA_905237085.1	CAJNNV010029372.1		75724	56529	-	19196	ass	13	17814	
CAE8628319.1	GCA_905237085.1	CAJNNV010029372.1		75724	56529	-	19196	ass	14	18097	
CAE8628319.1	GCA_905237085.1	CAJNNV010029372.1		75724	56529	-	19196	ass	15	18335	
CAE8628319.1	GCA_905237085.1	CAJNNV010029372.1		75724	56529	-	19196	ass	16	19020	
CAE8628319.1	GCA_905237085.1	CAJNNV010029372.1		75724	56529	-	19196	ass	17	19149	
CAE8631912.1	GCA_905237085.1	CAJNNV010030245.1		88262	17477	-	70786	dss	1	22	
CAE8631912.1	GCA_905237085.1	CAJNNV010030245.1		88262	17477	-	70786	dss	2	3259	
CAE8631912.1	GCA_905237085.1	CAJNNV010030245.1		88262	17477	-	70786	dss	3	3619	
CAE8631912.1	GCA_905237085.1	CAJNNV010030245.1		88262	17477	-	70786	dss	4	7980	
CAE8631912.1	GCA_905237085.1	CAJNNV010030245.1		88262	17477	-	70786	dss	5	9631	
CAE8631912.1	GCA_905237085.1	CAJNNV010030245.1		88262	17477	-	70786	dss	6	13306	
CAE8631912.1	GCA_905237085.1	CAJNNV010030245.1		88262	17477	-	70786	dss	7	14165	
CAE8631912.1	GCA_905237085.1	CAJNNV010030245.1		88262	17477	-	70786	dss	8	16792	
CAE8631912.1	GCA_905237085.1	CAJNNV010030245.1		88262	17477	-	70786	dss	9	19191	
CAE8631912.1	GCA_905237085.1	CAJNNV010030245.1		88262	17477	-	70786	dss	10	20896	
CAE8631912.1	GCA_905237085.1	CAJNNV010030245.1		88262	17477	-	70786	dss	11	24803	
CAE8631912.1	GCA_905237085.1	CAJNNV010030245.1		88262	17477	-	70786	dss	12	28526	
CAE8631912.1	GCA_905237085.1	CAJNNV010030245.1		88262	17477	-	70786	dss	13	29795	
CAE8631912.1	GCA_905237085.1	CAJNNV010030245.1		88262	17477	-	70786	dss	14	32019	
CAE8631912.1	GCA_905237085.1	CAJNNV010030245.1		88262	17477	-	70786	dss	15	36283	
CAE8631912.1	GCA_905237085.1	CAJNNV010030245.1		88262	17477	-	70786	dss	16	41836	
CAE8631912.1	GCA_905237085.1	CAJNNV010030245.1		88262	17477	-	70786	dss	17	51848	
CAE8631912.1	GCA_905237085.1	CAJNNV010030245.1		88262	17477	-	70786	dss	18	54418	
CAE8631912.1	GCA_905237085.1	CAJNNV010030245.1		88262	17477	-	70786	dss	19	56053	
CAE8631912.1	GCA_905237085.1	CAJNNV010030245.1		88262	17477	-	70786	dss	20	56327	
CAE8631912.1	GCA_905237085.1	CAJNNV010030245.1		88262	17477	-	70786	dss	21	66120	
CAE8631912.1	GCA_905237085.1	CAJNNV010030245.1		88262	17477	-	70786	dss	22	66555	
CAE8631912.1	GCA_905237085.1	CAJNNV010030245.1		88262	17477	-	70786	dss	23	67824	
CAE8631912.1	GCA_905237085.1	CAJNNV010030245.1		88262	17477	-	70786	dss	24	70022	
CAE8631912.1	GCA_905237085.1	CAJNNV010030245.1		88262	17477	-	70786	ass	1	3226	
CAE8631912.1	GCA_905237085.1	CAJNNV010030245.1		88262	17477	-	70786	ass	2	3585	
CAE8631912.1	GCA_905237085.1	CAJNNV010030245.1		88262	17477	-	70786	ass	3	7925	
CAE8631912.1	GCA_905237085.1	CAJNNV010030245.1		88262	17477	-	70786	ass	4	9602	
CAE8631912.1	GCA_905237085.1	CAJNNV010030245.1		88262	17477	-	70786	ass	5	13278	
CAE8631912.1	GCA_905237085.1	CAJNNV010030245.1		88262	17477	-	70786	ass	6	14135	
CAE8631912.1	GCA_905237085.1	CAJNNV010030245.1		88262	17477	-	70786	ass	7	16733	
CAE8631912.1	GCA_905237085.1	CAJNNV010030245.1		88262	17477	-	70786	ass	8	19135	
CAE8631912.1	GCA_905237085.1	CAJNNV010030245.1		88262	17477	-	70786	ass	9	20872	
CAE8631912.1	GCA_905237085.1	CAJNNV010030245.1		88262	17477	-	70786	ass	10	24754	
CAE8631912.1	GCA_905237085.1	CAJNNV010030245.1		88262	17477	-	70786	ass	11	28497	
CAE8631912.1	GCA_905237085.1	CAJNNV010030245.1		88262	17477	-	70786	ass	12	29778	
CAE8631912.1	GCA_905237085.1	CAJNNV010030245.1		88262	17477	-	70786	ass	13	31974	
CAE8631912.1	GCA_905237085.1	CAJNNV010030245.1		88262	17477	-	70786	ass	14	36247	
CAE8631912.1	GCA_905237085.1	CAJNNV010030245.1		88262	17477	-	70786	ass	15	41785	
CAE8631912.1	GCA_905237085.1	CAJNNV010030245.1		88262	17477	-	70786	ass	16	51828	
CAE8631912.1	GCA_905237085.1	CAJNNV010030245.1		88262	17477	-	70786	ass	17	54388	
CAE8631912.1	GCA_905237085.1	CAJNNV010030245.1		88262	17477	-	70786	ass	18	56032	
CAE8631912.1	GCA_905237085.1	CAJNNV010030245.1		88262	17477	-	70786	ass	19	56285	
CAE8631912.1	GCA_905237085.1	CAJNNV010030245.1		88262	17477	-	70786	ass	20	66091	
CAE8631912.1	GCA_905237085.1	CAJNNV010030245.1		88262	17477	-	70786	ass	21	66520	
CAE8631912.1	GCA_905237085.1	CAJNNV010030245.1		88262	17477	-	70786	ass	22	67786	
CAE8631912.1	GCA_905237085.1	CAJNNV010030245.1		88262	17477	-	70786	ass	23	69985	
CAE8631912.1	GCA_905237085.1	CAJNNV010030245.1		88262	17477	-	70786	ass	24	70750	
CAL1167723.1	GCA_947184155.2	CAMXCT020006312.1		17025	40381	+	23357	dss	1	48	
CAL1167723.1	GCA_947184155.2	CAMXCT020006312.1		17025	40381	+	23357	dss	2	1559	
CAL1167723.1	GCA_947184155.2	CAMXCT020006312.1		17025	40381	+	23357	dss	3	2602	
CAL1167723.1	GCA_947184155.2	CAMXCT020006312.1		17025	40381	+	23357	dss	4	3820	
CAL1167723.1	GCA_947184155.2	CAMXCT020006312.1		17025	40381	+	23357	dss	5	4984	
CAL1167723.1	GCA_947184155.2	CAMXCT020006312.1		17025	40381	+	23357	dss	6	5592	
CAL1167723.1	GCA_947184155.2	CAMXCT020006312.1		17025	40381	+	23357	dss	7	6850	
CAL1167723.1	GCA_947184155.2	CAMXCT020006312.1		17025	40381	+	23357	dss	8	7484	
CAL1167723.1	GCA_947184155.2	CAMXCT020006312.1		17025	40381	+	23357	dss	9	8436	
CAL1167723.1	GCA_947184155.2	CAMXCT020006312.1		17025	40381	+	23357	dss	10	8909	
CAL1167723.1	GCA_947184155.2	CAMXCT020006312.1		17025	40381	+	23357	dss	11	10076	
CAL1167723.1	GCA_947184155.2	CAMXCT020006312.1		17025	40381	+	23357	dss	12	10960	
CAL1167723.1	GCA_947184155.2	CAMXCT020006312.1		17025	40381	+	23357	dss	13	13275	
CAL1167723.1	GCA_947184155.2	CAMXCT020006312.1		17025	40381	+	23357	dss	14	14373	
CAL1167723.1	GCA_947184155.2	CAMXCT020006312.1		17025	40381	+	23357	dss	15	17576	
CAL1167723.1	GCA_947184155.2	CAMXCT020006312.1		17025	40381	+	23357	dss	16	19419	
CAL1167723.1	GCA_947184155.2	CAMXCT020006312.1		17025	40381	+	23357	dss	17	20087	
CAL1167723.1	GCA_947184155.2	CAMXCT020006312.1		17025	40381	+	23357	dss	18	20602	
CAL1167723.1	GCA_947184155.2	CAMXCT020006312.1		17025	40381	+	23357	dss	19	20923	
CAL1167723.1	GCA_947184155.2	CAMXCT020006312.1		17025	40381	+	23357	dss	20	21363	
CAL1167723.1	GCA_947184155.2	CAMXCT020006312.1		17025	40381	+	23357	ass	1	1488	
CAL1167723.1	GCA_947184155.2	CAMXCT020006312.1		17025	40381	+	23357	ass	2	2560	
CAL1167723.1	GCA_947184155.2	CAMXCT020006312.1		17025	40381	+	23357	ass	3	3789	
CAL1167723.1	GCA_947184155.2	CAMXCT020006312.1		17025	40381	+	23357	ass	4	4934	
CAL1167723.1	GCA_947184155.2	CAMXCT020006312.1		17025	40381	+	23357	ass	5	5522	
CAL1167723.1	GCA_947184155.2	CAMXCT020006312.1		17025	40381	+	23357	ass	6	6818	
CAL1167723.1	GCA_947184155.2	CAMXCT020006312.1		17025	40381	+	23357	ass	7	7392	
CAL1167723.1	GCA_947184155.2	CAMXCT020006312.1		17025	40381	+	23357	ass	8	8383	
CAL1167723.1	GCA_947184155.2	CAMXCT020006312.1		17025	40381	+	23357	ass	9	8839	
CAL1167723.1	GCA_947184155.2	CAMXCT020006312.1		17025	40381	+	23357	ass	10	9976	
CAL1167723.1	GCA_947184155.2	CAMXCT020006312.1		17025	40381	+	23357	ass	11	10888	
CAL1167723.1	GCA_947184155.2	CAMXCT020006312.1		17025	40381	+	23357	ass	12	13253	
CAL1167723.1	GCA_947184155.2	CAMXCT020006312.1		17025	40381	+	23357	ass	13	14275	
CAL1167723.1	GCA_947184155.2	CAMXCT020006312.1		17025	40381	+	23357	ass	14	17558	
CAL1167723.1	GCA_947184155.2	CAMXCT020006312.1		17025	40381	+	23357	ass	15	19395	
CAL1167723.1	GCA_947184155.2	CAMXCT020006312.1		17025	40381	+	23357	ass	16	20015	
CAL1167723.1	GCA_947184155.2	CAMXCT020006312.1		17025	40381	+	23357	ass	17	20567	
CAL1167723.1	GCA_947184155.2	CAMXCT020006312.1		17025	40381	+	23357	ass	18	20890	
CAL1167723.1	GCA_947184155.2	CAMXCT020006312.1		17025	40381	+	23357	ass	19	21334	
CAL1167723.1	GCA_947184155.2	CAMXCT020006312.1		17025	40381	+	23357	ass	20	23335	
CAL1168149.1	GCA_947184155.2	CAMXCT020006499.1	CAL1168149.1_with_leader_u55_PF00081_M_to_K04564_258	407964	406881	-	1084				
CAL1168155.1	GCA_947184155.2	CAMXCT020006499.1		406494	339816	-	66679	dss	1	882	
CAL1168155.1	GCA_947184155.2	CAMXCT020006499.1		406494	339816	-	66679	dss	2	1515	
CAL1168155.1	GCA_947184155.2	CAMXCT020006499.1		406494	339816	-	66679	dss	3	1656	
CAL1168155.1	GCA_947184155.2	CAMXCT020006499.1		406494	339816	-	66679	dss	4	1820	
CAL1168155.1	GCA_947184155.2	CAMXCT020006499.1		406494	339816	-	66679	dss	5	2001	
CAL1168155.1	GCA_947184155.2	CAMXCT020006499.1		406494	339816	-	66679	dss	6	2189	
CAL1168155.1	GCA_947184155.2	CAMXCT020006499.1		406494	339816	-	66679	dss	7	2332	
CAL1168155.1	GCA_947184155.2	CAMXCT020006499.1		406494	339816	-	66679	dss	8	2597	
CAL1168155.1	GCA_947184155.2	CAMXCT020006499.1		406494	339816	-	66679	dss	9	2787	
CAL1168155.1	GCA_947184155.2	CAMXCT020006499.1		406494	339816	-	66679	dss	10	2933	
CAL1168155.1	GCA_947184155.2	CAMXCT020006499.1		406494	339816	-	66679	dss	11	3114	
CAL1168155.1	GCA_947184155.2	CAMXCT020006499.1		406494	339816	-	66679	dss	12	3263	
CAL1168155.1	GCA_947184155.2	CAMXCT020006499.1		406494	339816	-	66679	dss	13	3405	
CAL1168155.1	GCA_947184155.2	CAMXCT020006499.1		406494	339816	-	66679	dss	14	4074	
CAL1168155.1	GCA_947184155.2	CAMXCT020006499.1		406494	339816	-	66679	dss	15	4447	
CAL1168155.1	GCA_947184155.2	CAMXCT020006499.1		406494	339816	-	66679	dss	16	4632	
CAL1168155.1	GCA_947184155.2	CAMXCT020006499.1		406494	339816	-	66679	dss	17	7135	
CAL1168155.1	GCA_947184155.2	CAMXCT020006499.1		406494	339816	-	66679	dss	18	7316	
CAL1168155.1	GCA_947184155.2	CAMXCT020006499.1		406494	339816	-	66679	dss	19	7457	
CAL1168155.1	GCA_947184155.2	CAMXCT020006499.1		406494	339816	-	66679	dss	20	7660	
CAL1168155.1	GCA_947184155.2	CAMXCT020006499.1		406494	339816	-	66679	dss	21	7875	
CAL1168155.1	GCA_947184155.2	CAMXCT020006499.1		406494	339816	-	66679	dss	22	8065	
CAL1168155.1	GCA_947184155.2	CAMXCT020006499.1		406494	339816	-	66679	dss	23	8671	
CAL1168155.1	GCA_947184155.2	CAMXCT020006499.1		406494	339816	-	66679	dss	24	8913	
CAL1168155.1	GCA_947184155.2	CAMXCT020006499.1		406494	339816	-	66679	dss	25	9083	
CAL1168155.1	GCA_947184155.2	CAMXCT020006499.1		406494	339816	-	66679	dss	26	9223	
CAL1168155.1	GCA_947184155.2	CAMXCT020006499.1		406494	339816	-	66679	dss	27	9373	
CAL1168155.1	GCA_947184155.2	CAMXCT020006499.1		406494	339816	-	66679	dss	28	9554	
CAL1168155.1	GCA_947184155.2	CAMXCT020006499.1		406494	339816	-	66679	dss	29	9695	
CAL1168155.1	GCA_947184155.2	CAMXCT020006499.1		406494	339816	-	66679	dss	30	9898	
CAL1168155.1	GCA_947184155.2	CAMXCT020006499.1		406494	339816	-	66679	dss	31	10113	
CAL1168155.1	GCA_947184155.2	CAMXCT020006499.1		406494	339816	-	66679	dss	32	10303	
CAL1168155.1	GCA_947184155.2	CAMXCT020006499.1		406494	339816	-	66679	dss	33	10448	
CAL1168155.1	GCA_947184155.2	CAMXCT020006499.1		406494	339816	-	66679	dss	34	10620	
CAL1168155.1	GCA_947184155.2	CAMXCT020006499.1		406494	339816	-	66679	dss	35	10774	
CAL1168155.1	GCA_947184155.2	CAMXCT020006499.1		406494	339816	-	66679	dss	36	10939	
CAL1168155.1	GCA_947184155.2	CAMXCT020006499.1		406494	339816	-	66679	dss	37	11147	
CAL1168155.1	GCA_947184155.2	CAMXCT020006499.1		406494	339816	-	66679	dss	38	11371	
CAL1168155.1	GCA_947184155.2	CAMXCT020006499.1		406494	339816	-	66679	dss	39	11691	
CAL1168155.1	GCA_947184155.2	CAMXCT020006499.1		406494	339816	-	66679	dss	40	11872	
CAL1168155.1	GCA_947184155.2	CAMXCT020006499.1		406494	339816	-	66679	dss	41	12060	
CAL1168155.1	GCA_947184155.2	CAMXCT020006499.1		406494	339816	-	66679	dss	42	12221	
CAL1168155.1	GCA_947184155.2	CAMXCT020006499.1		406494	339816	-	66679	dss	43	12404	
CAL1168155.1	GCA_947184155.2	CAMXCT020006499.1		406494	339816	-	66679	dss	44	12553	
CAL1168155.1	GCA_947184155.2	CAMXCT020006499.1		406494	339816	-	66679	dss	45	12685	
CAL1168155.1	GCA_947184155.2	CAMXCT020006499.1		406494	339816	-	66679	dss	46	12900	
CAL1168155.1	GCA_947184155.2	CAMXCT020006499.1		406494	339816	-	66679	dss	47	13214	
CAL1168155.1	GCA_947184155.2	CAMXCT020006499.1		406494	339816	-	66679	dss	48	13515	
CAL1168155.1	GCA_947184155.2	CAMXCT020006499.1		406494	339816	-	66679	dss	49	13777	
CAL1168155.1	GCA_947184155.2	CAMXCT020006499.1		406494	339816	-	66679	dss	50	14329	
CAL1168155.1	GCA_947184155.2	CAMXCT020006499.1		406494	339816	-	66679	dss	51	14486	
CAL1168155.1	GCA_947184155.2	CAMXCT020006499.1		406494	339816	-	66679	dss	52	14826	
CAL1168155.1	GCA_947184155.2	CAMXCT020006499.1		406494	339816	-	66679	dss	53	14939	
CAL1168155.1	GCA_947184155.2	CAMXCT020006499.1		406494	339816	-	66679	dss	54	15315	
CAL1168155.1	GCA_947184155.2	CAMXCT020006499.1		406494	339816	-	66679	dss	55	15661	
CAL1168155.1	GCA_947184155.2	CAMXCT020006499.1		406494	339816	-	66679	dss	56	15937	
CAL1168155.1	GCA_947184155.2	CAMXCT020006499.1		406494	339816	-	66679	dss	57	16303	
CAL1168155.1	GCA_947184155.2	CAMXCT020006499.1		406494	339816	-	66679	dss	58	16578	
CAL1168155.1	GCA_947184155.2	CAMXCT020006499.1		406494	339816	-	66679	dss	59	16960	
CAL1168155.1	GCA_947184155.2	CAMXCT020006499.1		406494	339816	-	66679	dss	60	19543	
CAL1168155.1	GCA_947184155.2	CAMXCT020006499.1		406494	339816	-	66679	dss	61	19815	
CAL1168155.1	GCA_947184155.2	CAMXCT020006499.1		406494	339816	-	66679	dss	62	20101	
CAL1168155.1	GCA_947184155.2	CAMXCT020006499.1		406494	339816	-	66679	dss	63	20300	
CAL1168155.1	GCA_947184155.2	CAMXCT020006499.1		406494	339816	-	66679	dss	64	20587	
CAL1168155.1	GCA_947184155.2	CAMXCT020006499.1		406494	339816	-	66679	dss	65	20709	
CAL1168155.1	GCA_947184155.2	CAMXCT020006499.1		406494	339816	-	66679	dss	66	20908	
CAL1168155.1	GCA_947184155.2	CAMXCT020006499.1		406494	339816	-	66679	dss	67	22092	
CAL1168155.1	GCA_947184155.2	CAMXCT020006499.1		406494	339816	-	66679	dss	68	22218	
CAL1168155.1	GCA_947184155.2	CAMXCT020006499.1		406494	339816	-	66679	dss	69	22315	
CAL1168155.1	GCA_947184155.2	CAMXCT020006499.1		406494	339816	-	66679	dss	70	22831	
CAL1168155.1	GCA_947184155.2	CAMXCT020006499.1		406494	339816	-	66679	dss	71	23034	
CAL1168155.1	GCA_947184155.2	CAMXCT020006499.1		406494	339816	-	66679	dss	72	28262	
CAL1168155.1	GCA_947184155.2	CAMXCT020006499.1		406494	339816	-	66679	dss	73	28646	
CAL1168155.1	GCA_947184155.2	CAMXCT020006499.1		406494	339816	-	66679	dss	74	29306	
CAL1168155.1	GCA_947184155.2	CAMXCT020006499.1		406494	339816	-	66679	dss	75	29833	
CAL1168155.1	GCA_947184155.2	CAMXCT020006499.1		406494	339816	-	66679	dss	76	30166	
CAL1168155.1	GCA_947184155.2	CAMXCT020006499.1		406494	339816	-	66679	dss	77	30385	
CAL1168155.1	GCA_947184155.2	CAMXCT020006499.1		406494	339816	-	66679	dss	78	30535	
CAL1168155.1	GCA_947184155.2	CAMXCT020006499.1		406494	339816	-	66679	dss	79	30647	
CAL1168155.1	GCA_947184155.2	CAMXCT020006499.1		406494	339816	-	66679	dss	80	30862	
CAL1168155.1	GCA_947184155.2	CAMXCT020006499.1		406494	339816	-	66679	dss	81	32151	
CAL1168155.1	GCA_947184155.2	CAMXCT020006499.1		406494	339816	-	66679	dss	82	32282	
CAL1168155.1	GCA_947184155.2	CAMXCT020006499.1		406494	339816	-	66679	dss	83	32482	
CAL1168155.1	GCA_947184155.2	CAMXCT020006499.1		406494	339816	-	66679	dss	84	33098	
CAL1168155.1	GCA_947184155.2	CAMXCT020006499.1		406494	339816	-	66679	dss	85	33516	
CAL1168155.1	GCA_947184155.2	CAMXCT020006499.1		406494	339816	-	66679	dss	86	39491	
CAL1168155.1	GCA_947184155.2	CAMXCT020006499.1		406494	339816	-	66679	dss	87	41328	
CAL1168155.1	GCA_947184155.2	CAMXCT020006499.1		406494	339816	-	66679	dss	88	43829	
CAL1168155.1	GCA_947184155.2	CAMXCT020006499.1		406494	339816	-	66679	dss	89	44103	
CAL1168155.1	GCA_947184155.2	CAMXCT020006499.1		406494	339816	-	66679	dss	90	44653	
CAL1168155.1	GCA_947184155.2	CAMXCT020006499.1		406494	339816	-	66679	dss	91	57176	
CAL1168155.1	GCA_947184155.2	CAMXCT020006499.1		406494	339816	-	66679	dss	92	57451	
CAL1168155.1	GCA_947184155.2	CAMXCT020006499.1		406494	339816	-	66679	dss	93	57823	
CAL1168155.1	GCA_947184155.2	CAMXCT020006499.1		406494	339816	-	66679	dss	94	58278	
CAL1168155.1	GCA_947184155.2	CAMXCT020006499.1		406494	339816	-	66679	dss	95	58429	
CAL1168155.1	GCA_947184155.2	CAMXCT020006499.1		406494	339816	-	66679	dss	96	58554	
CAL1168155.1	GCA_947184155.2	CAMXCT020006499.1		406494	339816	-	66679	dss	97	58886	
CAL1168155.1	GCA_947184155.2	CAMXCT020006499.1		406494	339816	-	66679	dss	98	59278	
CAL1168155.1	GCA_947184155.2	CAMXCT020006499.1		406494	339816	-	66679	dss	99	61188	
CAL1168155.1	GCA_947184155.2	CAMXCT020006499.1		406494	339816	-	66679	dss	100	61799	
CAL1168155.1	GCA_947184155.2	CAMXCT020006499.1		406494	339816	-	66679	dss	101	64184	
CAL1168155.1	GCA_947184155.2	CAMXCT020006499.1		406494	339816	-	66679	dss	102	64487	
CAL1168155.1	GCA_947184155.2	CAMXCT020006499.1		406494	339816	-	66679	dss	103	64599	
CAL1168155.1	GCA_947184155.2	CAMXCT020006499.1		406494	339816	-	66679	dss	104	66230	
CAL1168155.1	GCA_947184155.2	CAMXCT020006499.1		406494	339816	-	66679	dss	105	66376	
CAL1168155.1	GCA_947184155.2	CAMXCT020006499.1		406494	339816	-	66679	ass	1	1447	
CAL1168155.1	GCA_947184155.2	CAMXCT020006499.1		406494	339816	-	66679	ass	2	1612	
CAL1168155.1	GCA_947184155.2	CAMXCT020006499.1		406494	339816	-	66679	ass	3	1770	
CAL1168155.1	GCA_947184155.2	CAMXCT020006499.1		406494	339816	-	66679	ass	4	1909	
CAL1168155.1	GCA_947184155.2	CAMXCT020006499.1		406494	339816	-	66679	ass	5	2131	
CAL1168155.1	GCA_947184155.2	CAMXCT020006499.1		406494	339816	-	66679	ass	6	2263	
CAL1168155.1	GCA_947184155.2	CAMXCT020006499.1		406494	339816	-	66679	ass	7	2515	
CAL1168155.1	GCA_947184155.2	CAMXCT020006499.1		406494	339816	-	66679	ass	8	2736	
CAL1168155.1	GCA_947184155.2	CAMXCT020006499.1		406494	339816	-	66679	ass	9	2914	
CAL1168155.1	GCA_947184155.2	CAMXCT020006499.1		406494	339816	-	66679	ass	10	3058	
CAL1168155.1	GCA_947184155.2	CAMXCT020006499.1		406494	339816	-	66679	ass	11	3221	
CAL1168155.1	GCA_947184155.2	CAMXCT020006499.1		406494	339816	-	66679	ass	12	3337	
CAL1168155.1	GCA_947184155.2	CAMXCT020006499.1		406494	339816	-	66679	ass	13	4021	
CAL1168155.1	GCA_947184155.2	CAMXCT020006499.1		406494	339816	-	66679	ass	14	4364	
CAL1168155.1	GCA_947184155.2	CAMXCT020006499.1		406494	339816	-	66679	ass	15	4588	
CAL1168155.1	GCA_947184155.2	CAMXCT020006499.1		406494	339816	-	66679	ass	16	7085	
CAL1168155.1	GCA_947184155.2	CAMXCT020006499.1		406494	339816	-	66679	ass	17	7224	
CAL1168155.1	GCA_947184155.2	CAMXCT020006499.1		406494	339816	-	66679	ass	18	7399	
CAL1168155.1	GCA_947184155.2	CAMXCT020006499.1		406494	339816	-	66679	ass	19	7555	
CAL1168155.1	GCA_947184155.2	CAMXCT020006499.1		406494	339816	-	66679	ass	20	7790	
CAL1168155.1	GCA_947184155.2	CAMXCT020006499.1		406494	339816	-	66679	ass	21	8014	
CAL1168155.1	GCA_947184155.2	CAMXCT020006499.1		406494	339816	-	66679	ass	22	8603	
CAL1168155.1	GCA_947184155.2	CAMXCT020006499.1		406494	339816	-	66679	ass	23	8854	
CAL1168155.1	GCA_947184155.2	CAMXCT020006499.1		406494	339816	-	66679	ass	24	9018	
CAL1168155.1	GCA_947184155.2	CAMXCT020006499.1		406494	339816	-	66679	ass	25	9179	
CAL1168155.1	GCA_947184155.2	CAMXCT020006499.1		406494	339816	-	66679	ass	26	9323	
CAL1168155.1	GCA_947184155.2	CAMXCT020006499.1		406494	339816	-	66679	ass	27	9462	
CAL1168155.1	GCA_947184155.2	CAMXCT020006499.1		406494	339816	-	66679	ass	28	9637	
CAL1168155.1	GCA_947184155.2	CAMXCT020006499.1		406494	339816	-	66679	ass	29	9793	
CAL1168155.1	GCA_947184155.2	CAMXCT020006499.1		406494	339816	-	66679	ass	30	10028	
CAL1168155.1	GCA_947184155.2	CAMXCT020006499.1		406494	339816	-	66679	ass	31	10252	
CAL1168155.1	GCA_947184155.2	CAMXCT020006499.1		406494	339816	-	66679	ass	32	10429	
CAL1168155.1	GCA_947184155.2	CAMXCT020006499.1		406494	339816	-	66679	ass	33	10564	
CAL1168155.1	GCA_947184155.2	CAMXCT020006499.1		406494	339816	-	66679	ass	34	10732	
CAL1168155.1	GCA_947184155.2	CAMXCT020006499.1		406494	339816	-	66679	ass	35	10871	
CAL1168155.1	GCA_947184155.2	CAMXCT020006499.1		406494	339816	-	66679	ass	36	11088	
CAL1168155.1	GCA_947184155.2	CAMXCT020006499.1		406494	339816	-	66679	ass	37	11312	
CAL1168155.1	GCA_947184155.2	CAMXCT020006499.1		406494	339816	-	66679	ass	38	11641	
CAL1168155.1	GCA_947184155.2	CAMXCT020006499.1		406494	339816	-	66679	ass	39	11780	
CAL1168155.1	GCA_947184155.2	CAMXCT020006499.1		406494	339816	-	66679	ass	40	12002	
CAL1168155.1	GCA_947184155.2	CAMXCT020006499.1		406494	339816	-	66679	ass	41	12158	
CAL1168155.1	GCA_947184155.2	CAMXCT020006499.1		406494	339816	-	66679	ass	42	12319	
CAL1168155.1	GCA_947184155.2	CAMXCT020006499.1		406494	339816	-	66679	ass	43	12502	
CAL1168155.1	GCA_947184155.2	CAMXCT020006499.1		406494	339816	-	66679	ass	44	12666	
CAL1168155.1	GCA_947184155.2	CAMXCT020006499.1		406494	339816	-	66679	ass	45	12844	
CAL1168155.1	GCA_947184155.2	CAMXCT020006499.1		406494	339816	-	66679	ass	46	13172	
CAL1168155.1	GCA_947184155.2	CAMXCT020006499.1		406494	339816	-	66679	ass	47	13447	
CAL1168155.1	GCA_947184155.2	CAMXCT020006499.1		406494	339816	-	66679	ass	48	13721	
CAL1168155.1	GCA_947184155.2	CAMXCT020006499.1		406494	339816	-	66679	ass	49	14294	
CAL1168155.1	GCA_947184155.2	CAMXCT020006499.1		406494	339816	-	66679	ass	50	14451	
CAL1168155.1	GCA_947184155.2	CAMXCT020006499.1		406494	339816	-	66679	ass	51	14764	
CAL1168155.1	GCA_947184155.2	CAMXCT020006499.1		406494	339816	-	66679	ass	52	14926	
CAL1168155.1	GCA_947184155.2	CAMXCT020006499.1		406494	339816	-	66679	ass	53	15226	
CAL1168155.1	GCA_947184155.2	CAMXCT020006499.1		406494	339816	-	66679	ass	54	15647	
CAL1168155.1	GCA_947184155.2	CAMXCT020006499.1		406494	339816	-	66679	ass	55	15894	
CAL1168155.1	GCA_947184155.2	CAMXCT020006499.1		406494	339816	-	66679	ass	56	16221	
CAL1168155.1	GCA_947184155.2	CAMXCT020006499.1		406494	339816	-	66679	ass	57	16496	
CAL1168155.1	GCA_947184155.2	CAMXCT020006499.1		406494	339816	-	66679	ass	58	16901	
CAL1168155.1	GCA_947184155.2	CAMXCT020006499.1		406494	339816	-	66679	ass	59	19495	
CAL1168155.1	GCA_947184155.2	CAMXCT020006499.1		406494	339816	-	66679	ass	60	19786	
CAL1168155.1	GCA_947184155.2	CAMXCT020006499.1		406494	339816	-	66679	ass	61	20056	
CAL1168155.1	GCA_947184155.2	CAMXCT020006499.1		406494	339816	-	66679	ass	62	20275	
CAL1168155.1	GCA_947184155.2	CAMXCT020006499.1		406494	339816	-	66679	ass	63	20558	
CAL1168155.1	GCA_947184155.2	CAMXCT020006499.1		406494	339816	-	66679	ass	64	20665	
CAL1168155.1	GCA_947184155.2	CAMXCT020006499.1		406494	339816	-	66679	ass	65	20885	
CAL1168155.1	GCA_947184155.2	CAMXCT020006499.1		406494	339816	-	66679	ass	66	22069	
CAL1168155.1	GCA_947184155.2	CAMXCT020006499.1		406494	339816	-	66679	ass	67	22177	
CAL1168155.1	GCA_947184155.2	CAMXCT020006499.1		406494	339816	-	66679	ass	68	22295	
CAL1168155.1	GCA_947184155.2	CAMXCT020006499.1		406494	339816	-	66679	ass	69	22779	
CAL1168155.1	GCA_947184155.2	CAMXCT020006499.1		406494	339816	-	66679	ass	70	22989	
CAL1168155.1	GCA_947184155.2	CAMXCT020006499.1		406494	339816	-	66679	ass	71	28242	
CAL1168155.1	GCA_947184155.2	CAMXCT020006499.1		406494	339816	-	66679	ass	72	28599	
CAL1168155.1	GCA_947184155.2	CAMXCT020006499.1		406494	339816	-	66679	ass	73	29267	
CAL1168155.1	GCA_947184155.2	CAMXCT020006499.1		406494	339816	-	66679	ass	74	29795	
CAL1168155.1	GCA_947184155.2	CAMXCT020006499.1		406494	339816	-	66679	ass	75	30085	
CAL1168155.1	GCA_947184155.2	CAMXCT020006499.1		406494	339816	-	66679	ass	76	30363	
CAL1168155.1	GCA_947184155.2	CAMXCT020006499.1		406494	339816	-	66679	ass	77	30489	
CAL1168155.1	GCA_947184155.2	CAMXCT020006499.1		406494	339816	-	66679	ass	78	30602	
CAL1168155.1	GCA_947184155.2	CAMXCT020006499.1		406494	339816	-	66679	ass	79	30810	
CAL1168155.1	GCA_947184155.2	CAMXCT020006499.1		406494	339816	-	66679	ass	80	32125	
CAL1168155.1	GCA_947184155.2	CAMXCT020006499.1		406494	339816	-	66679	ass	81	32251	
CAL1168155.1	GCA_947184155.2	CAMXCT020006499.1		406494	339816	-	66679	ass	82	32436	
CAL1168155.1	GCA_947184155.2	CAMXCT020006499.1		406494	339816	-	66679	ass	83	33073	
CAL1168155.1	GCA_947184155.2	CAMXCT020006499.1		406494	339816	-	66679	ass	84	33462	
CAL1168155.1	GCA_947184155.2	CAMXCT020006499.1		406494	339816	-	66679	ass	85	39477	
CAL1168155.1	GCA_947184155.2	CAMXCT020006499.1		406494	339816	-	66679	ass	86	41258	
CAL1168155.1	GCA_947184155.2	CAMXCT020006499.1		406494	339816	-	66679	ass	87	43761	
CAL1168155.1	GCA_947184155.2	CAMXCT020006499.1		406494	339816	-	66679	ass	88	44044	
CAL1168155.1	GCA_947184155.2	CAMXCT020006499.1		406494	339816	-	66679	ass	89	44591	
CAL1168155.1	GCA_947184155.2	CAMXCT020006499.1		406494	339816	-	66679	ass	90	57141	
CAL1168155.1	GCA_947184155.2	CAMXCT020006499.1		406494	339816	-	66679	ass	91	57413	
CAL1168155.1	GCA_947184155.2	CAMXCT020006499.1		406494	339816	-	66679	ass	92	57781	
CAL1168155.1	GCA_947184155.2	CAMXCT020006499.1		406494	339816	-	66679	ass	93	58250	
CAL1168155.1	GCA_947184155.2	CAMXCT020006499.1		406494	339816	-	66679	ass	94	58398	
CAL1168155.1	GCA_947184155.2	CAMXCT020006499.1		406494	339816	-	66679	ass	95	58516	
CAL1168155.1	GCA_947184155.2	CAMXCT020006499.1		406494	339816	-	66679	ass	96	58844	
CAL1168155.1	GCA_947184155.2	CAMXCT020006499.1		406494	339816	-	66679	ass	97	59222	
CAL1168155.1	GCA_947184155.2	CAMXCT020006499.1		406494	339816	-	66679	ass	98	61123	
CAL1168155.1	GCA_947184155.2	CAMXCT020006499.1		406494	339816	-	66679	ass	99	61765	
CAL1168155.1	GCA_947184155.2	CAMXCT020006499.1		406494	339816	-	66679	ass	100	64118	
CAL1168155.1	GCA_947184155.2	CAMXCT020006499.1		406494	339816	-	66679	ass	101	64431	
CAL1168155.1	GCA_947184155.2	CAMXCT020006499.1		406494	339816	-	66679	ass	102	64580	
CAL1168155.1	GCA_947184155.2	CAMXCT020006499.1		406494	339816	-	66679	ass	103	64683	
CAL1168155.1	GCA_947184155.2	CAMXCT020006499.1		406494	339816	-	66679	ass	104	66325	
CAL1168155.1	GCA_947184155.2	CAMXCT020006499.1		406494	339816	-	66679	ass	105	66470	
CAMXCT020000001.1_K04564_24b48a7d	GCA_947184155.2	CAMXCT020000001.1	CAMXCT020000001.1_K04564_24b48a7d_with_leader_u48_PF00081_M_to_K04564_208	1413289	1414095	+	807	start		1	
CAMXCT020000001.1_K04564_24b48a7d	GCA_947184155.2	CAMXCT020000001.1	CAMXCT020000001.1_K04564_24b48a7d_with_leader_u40_PF00081_M_to_K04564_208	1413289	1414095	+	807	start		25	
CAMXCT020000001.1_K04564_24b48a7d	GCA_947184155.2	CAMXCT020000001.1	CAMXCT020000001.1_K04564_24b48a7d_with_leader_u26_PF00081_M_to_K04564_208	1413289	1414095	+	807	start		67	
CAMXCT020000001.1_K04564_24b48a7d	GCA_947184155.2	CAMXCT020000001.1		1413289	1414095	+	807	dss	1	183	
CAMXCT020000001.1_K04564_24b48a7d	GCA_947184155.2	CAMXCT020000001.1		1413289	1414095	+	807	ass	1	217	
CAMXCT020000624.1_K04564_b4735730	GCA_947184155.2	CAMXCT020000624.1	CAMXCT020000624.1_K04564_b4735730_with_leader_u53_PF00081_M_to_K04564_203	145115	144336	-	780	start		1	
CAMXCT020006499.1_K04564_88d2492d	GCA_947184155.2	CAMXCT020006499.1	CAMXCT020006499.1_K04564_88d2492d_with_leader_u55_PF00081_M_to_K04564_203	407913	407134	-	780	start		1	
CAMXCT020006499.1_K04564_c81ee4b4	GCA_947184155.2	CAMXCT020006499.1	CAMXCT020006499.1_K04564_c81ee4b4_with_leader_u55_PF00081_M_to_K04564_203	406500	405715	-	786	start		1	
CAK9047237.1	GCA_963969995.1	CAXAMM010020073.1		16	1558	+	1543	dss	1	285	
CAK9047237.1	GCA_963969995.1	CAXAMM010020073.1		16	1558	+	1543	dss	2	641	
CAK9047237.1	GCA_963969995.1	CAXAMM010020073.1		16	1558	+	1543	dss	3	974	
CAK9047237.1	GCA_963969995.1	CAXAMM010020073.1		16	1558	+	1543	dss	4	1228	
CAK9047237.1	GCA_963969995.1	CAXAMM010020073.1		16	1558	+	1543	ass	1	394	
CAK9047237.1	GCA_963969995.1	CAXAMM010020073.1		16	1558	+	1543	ass	2	764	
CAK9047237.1	GCA_963969995.1	CAXAMM010020073.1		16	1558	+	1543	ass	3	1085	
CAK9047237.1	GCA_963969995.1	CAXAMM010020073.1		16	1558	+	1543	ass	4	1317	
CAK9091470.1	GCA_963969995.1	CAXAMM010040162.1		266177	285433	+	19257	dss	1	24	
CAK9091470.1	GCA_963969995.1	CAXAMM010040162.1		266177	285433	+	19257	dss	2	287	
CAK9091470.1	GCA_963969995.1	CAXAMM010040162.1		266177	285433	+	19257	dss	3	407	
CAK9091470.1	GCA_963969995.1	CAXAMM010040162.1		266177	285433	+	19257	dss	4	632	
CAK9091470.1	GCA_963969995.1	CAXAMM010040162.1		266177	285433	+	19257	dss	5	1561	
CAK9091470.1	GCA_963969995.1	CAXAMM010040162.1		266177	285433	+	19257	dss	6	2104	
CAK9091470.1	GCA_963969995.1	CAXAMM010040162.1		266177	285433	+	19257	dss	7	2353	
CAK9091470.1	GCA_963969995.1	CAXAMM010040162.1		266177	285433	+	19257	dss	8	2687	
CAK9091470.1	GCA_963969995.1	CAXAMM010040162.1		266177	285433	+	19257	dss	9	2927	
CAK9091470.1	GCA_963969995.1	CAXAMM010040162.1		266177	285433	+	19257	dss	10	3370	
CAK9091470.1	GCA_963969995.1	CAXAMM010040162.1		266177	285433	+	19257	dss	11	3622	
CAK9091470.1	GCA_963969995.1	CAXAMM010040162.1		266177	285433	+	19257	dss	12	3899	
CAK9091470.1	GCA_963969995.1	CAXAMM010040162.1		266177	285433	+	19257	dss	13	4528	
CAK9091470.1	GCA_963969995.1	CAXAMM010040162.1		266177	285433	+	19257	dss	14	4781	
CAK9091470.1	GCA_963969995.1	CAXAMM010040162.1		266177	285433	+	19257	dss	15	5309	
CAK9091470.1	GCA_963969995.1	CAXAMM010040162.1		266177	285433	+	19257	dss	16	5498	
CAK9091470.1	GCA_963969995.1	CAXAMM010040162.1		266177	285433	+	19257	dss	17	5832	
CAK9091470.1	GCA_963969995.1	CAXAMM010040162.1		266177	285433	+	19257	dss	18	8944	
CAK9091470.1	GCA_963969995.1	CAXAMM010040162.1		266177	285433	+	19257	dss	19	9316	
CAK9091470.1	GCA_963969995.1	CAXAMM010040162.1		266177	285433	+	19257	dss	20	9884	
CAK9091470.1	GCA_963969995.1	CAXAMM010040162.1		266177	285433	+	19257	dss	21	10270	
CAK9091470.1	GCA_963969995.1	CAXAMM010040162.1		266177	285433	+	19257	dss	22	10437	
CAK9091470.1	GCA_963969995.1	CAXAMM010040162.1		266177	285433	+	19257	dss	23	10616	
CAK9091470.1	GCA_963969995.1	CAXAMM010040162.1		266177	285433	+	19257	dss	24	12008	
CAK9091470.1	GCA_963969995.1	CAXAMM010040162.1		266177	285433	+	19257	dss	25	12842	
CAK9091470.1	GCA_963969995.1	CAXAMM010040162.1		266177	285433	+	19257	dss	26	13185	
CAK9091470.1	GCA_963969995.1	CAXAMM010040162.1		266177	285433	+	19257	dss	27	13361	
CAK9091470.1	GCA_963969995.1	CAXAMM010040162.1		266177	285433	+	19257	dss	28	13956	
CAK9091470.1	GCA_963969995.1	CAXAMM010040162.1		266177	285433	+	19257	dss	29	14229	
CAK9091470.1	GCA_963969995.1	CAXAMM010040162.1		266177	285433	+	19257	dss	30	14730	
CAK9091470.1	GCA_963969995.1	CAXAMM010040162.1		266177	285433	+	19257	dss	31	15169	
CAK9091470.1	GCA_963969995.1	CAXAMM010040162.1		266177	285433	+	19257	dss	32	16520	
CAK9091470.1	GCA_963969995.1	CAXAMM010040162.1		266177	285433	+	19257	dss	33	16836	
CAK9091470.1	GCA_963969995.1	CAXAMM010040162.1		266177	285433	+	19257	dss	34	17166	
CAK9091470.1	GCA_963969995.1	CAXAMM010040162.1		266177	285433	+	19257	dss	35	17382	
CAK9091470.1	GCA_963969995.1	CAXAMM010040162.1		266177	285433	+	19257	dss	36	17978	
CAK9091470.1	GCA_963969995.1	CAXAMM010040162.1		266177	285433	+	19257	dss	37	18260	
CAK9091470.1	GCA_963969995.1	CAXAMM010040162.1		266177	285433	+	19257	dss	38	18486	
CAK9091470.1	GCA_963969995.1	CAXAMM010040162.1		266177	285433	+	19257	dss	39	18796	
CAK9091470.1	GCA_963969995.1	CAXAMM010040162.1		266177	285433	+	19257	dss	40	19039	
CAK9091470.1	GCA_963969995.1	CAXAMM010040162.1		266177	285433	+	19257	ass	1	251	
CAK9091470.1	GCA_963969995.1	CAXAMM010040162.1		266177	285433	+	19257	ass	2	350	
CAK9091470.1	GCA_963969995.1	CAXAMM010040162.1		266177	285433	+	19257	ass	3	533	
CAK9091470.1	GCA_963969995.1	CAXAMM010040162.1		266177	285433	+	19257	ass	4	1528	
CAK9091470.1	GCA_963969995.1	CAXAMM010040162.1		266177	285433	+	19257	ass	5	2076	
CAK9091470.1	GCA_963969995.1	CAXAMM010040162.1		266177	285433	+	19257	ass	6	2308	
CAK9091470.1	GCA_963969995.1	CAXAMM010040162.1		266177	285433	+	19257	ass	7	2589	
CAK9091470.1	GCA_963969995.1	CAXAMM010040162.1		266177	285433	+	19257	ass	8	2862	
CAK9091470.1	GCA_963969995.1	CAXAMM010040162.1		266177	285433	+	19257	ass	9	3330	
CAK9091470.1	GCA_963969995.1	CAXAMM010040162.1		266177	285433	+	19257	ass	10	3602	
CAK9091470.1	GCA_963969995.1	CAXAMM010040162.1		266177	285433	+	19257	ass	11	3835	
CAK9091470.1	GCA_963969995.1	CAXAMM010040162.1		266177	285433	+	19257	ass	12	4504	
CAK9091470.1	GCA_963969995.1	CAXAMM010040162.1		266177	285433	+	19257	ass	13	4732	
CAK9091470.1	GCA_963969995.1	CAXAMM010040162.1		266177	285433	+	19257	ass	14	5259	
CAK9091470.1	GCA_963969995.1	CAXAMM010040162.1		266177	285433	+	19257	ass	15	5463	
CAK9091470.1	GCA_963969995.1	CAXAMM010040162.1		266177	285433	+	19257	ass	16	5784	
CAK9091470.1	GCA_963969995.1	CAXAMM010040162.1		266177	285433	+	19257	ass	17	8916	
CAK9091470.1	GCA_963969995.1	CAXAMM010040162.1		266177	285433	+	19257	ass	18	9245	
CAK9091470.1	GCA_963969995.1	CAXAMM010040162.1		266177	285433	+	19257	ass	19	9818	
CAK9091470.1	GCA_963969995.1	CAXAMM010040162.1		266177	285433	+	19257	ass	20	10085	
CAK9091470.1	GCA_963969995.1	CAXAMM010040162.1		266177	285433	+	19257	ass	21	10346	
CAK9091470.1	GCA_963969995.1	CAXAMM010040162.1		266177	285433	+	19257	ass	22	10540	
CAK9091470.1	GCA_963969995.1	CAXAMM010040162.1		266177	285433	+	19257	ass	23	11965	
CAK9091470.1	GCA_963969995.1	CAXAMM010040162.1		266177	285433	+	19257	ass	24	12762	
CAK9091470.1	GCA_963969995.1	CAXAMM010040162.1		266177	285433	+	19257	ass	25	13159	
CAK9091470.1	GCA_963969995.1	CAXAMM010040162.1		266177	285433	+	19257	ass	26	13325	
CAK9091470.1	GCA_963969995.1	CAXAMM010040162.1		266177	285433	+	19257	ass	27	13895	
CAK9091470.1	GCA_963969995.1	CAXAMM010040162.1		266177	285433	+	19257	ass	28	14128	
CAK9091470.1	GCA_963969995.1	CAXAMM010040162.1		266177	285433	+	19257	ass	29	14635	
CAK9091470.1	GCA_963969995.1	CAXAMM010040162.1		266177	285433	+	19257	ass	30	15062	
CAK9091470.1	GCA_963969995.1	CAXAMM010040162.1		266177	285433	+	19257	ass	31	15813	
CAK9091470.1	GCA_963969995.1	CAXAMM010040162.1		266177	285433	+	19257	ass	32	16789	
CAK9091470.1	GCA_963969995.1	CAXAMM010040162.1		266177	285433	+	19257	ass	33	17036	
CAK9091470.1	GCA_963969995.1	CAXAMM010040162.1		266177	285433	+	19257	ass	34	17343	
CAK9091470.1	GCA_963969995.1	CAXAMM010040162.1		266177	285433	+	19257	ass	35	17618	
CAK9091470.1	GCA_963969995.1	CAXAMM010040162.1		266177	285433	+	19257	ass	36	18162	
CAK9091470.1	GCA_963969995.1	CAXAMM010040162.1		266177	285433	+	19257	ass	37	18437	
CAK9091470.1	GCA_963969995.1	CAXAMM010040162.1		266177	285433	+	19257	ass	38	18665	
CAK9091470.1	GCA_963969995.1	CAXAMM010040162.1		266177	285433	+	19257	ass	39	19016	
CAK9091470.1	GCA_963969995.1	CAXAMM010040162.1		266177	285433	+	19257	ass	40	19153	
CAK9100252.1	GCA_963969995.1	CAXAMM010041596.1		370345	359737	-	10609	dss	1	243	
CAK9100252.1	GCA_963969995.1	CAXAMM010041596.1		370345	359737	-	10609	dss	2	2448	
CAK9100252.1	GCA_963969995.1	CAXAMM010041596.1		370345	359737	-	10609	dss	3	2863	
CAK9100252.1	GCA_963969995.1	CAXAMM010041596.1		370345	359737	-	10609	dss	4	3312	
CAK9100252.1	GCA_963969995.1	CAXAMM010041596.1		370345	359737	-	10609	dss	5	3852	
CAK9100252.1	GCA_963969995.1	CAXAMM010041596.1		370345	359737	-	10609	dss	6	5374	
CAK9100252.1	GCA_963969995.1	CAXAMM010041596.1		370345	359737	-	10609	dss	7	5906	
CAK9100252.1	GCA_963969995.1	CAXAMM010041596.1		370345	359737	-	10609	dss	8	6478	
CAK9100252.1	GCA_963969995.1	CAXAMM010041596.1		370345	359737	-	10609	dss	9	7081	
CAK9100252.1	GCA_963969995.1	CAXAMM010041596.1		370345	359737	-	10609	dss	10	7874	
CAK9100252.1	GCA_963969995.1	CAXAMM010041596.1		370345	359737	-	10609	dss	11	8557	
CAK9100252.1	GCA_963969995.1	CAXAMM010041596.1		370345	359737	-	10609	dss	12	9094	
CAK9100252.1	GCA_963969995.1	CAXAMM010041596.1		370345	359737	-	10609	dss	13	9420	
CAK9100252.1	GCA_963969995.1	CAXAMM010041596.1		370345	359737	-	10609	ass	1	2395	
CAK9100252.1	GCA_963969995.1	CAXAMM010041596.1		370345	359737	-	10609	ass	2	2802	
CAK9100252.1	GCA_963969995.1	CAXAMM010041596.1		370345	359737	-	10609	ass	3	3241	
CAK9100252.1	GCA_963969995.1	CAXAMM010041596.1		370345	359737	-	10609	ass	4	3824	
CAK9100252.1	GCA_963969995.1	CAXAMM010041596.1		370345	359737	-	10609	ass	5	5279	
CAK9100252.1	GCA_963969995.1	CAXAMM010041596.1		370345	359737	-	10609	ass	6	5808	
CAK9100252.1	GCA_963969995.1	CAXAMM010041596.1		370345	359737	-	10609	ass	7	6460	
CAK9100252.1	GCA_963969995.1	CAXAMM010041596.1		370345	359737	-	10609	ass	8	7043	
CAK9100252.1	GCA_963969995.1	CAXAMM010041596.1		370345	359737	-	10609	ass	9	7816	
CAK9100252.1	GCA_963969995.1	CAXAMM010041596.1		370345	359737	-	10609	ass	10	8522	
CAK9100252.1	GCA_963969995.1	CAXAMM010041596.1		370345	359737	-	10609	ass	11	9061	
CAK9100252.1	GCA_963969995.1	CAXAMM010041596.1		370345	359737	-	10609	ass	12	9391	
CAK9100252.1	GCA_963969995.1	CAXAMM010041596.1		370345	359737	-	10609	ass	13	10519	
CAXAMM010020073.1_K04564_521e95f5	GCA_963969995.1	CAXAMM010020073.1	CAXAMM010020073.1_K04564_521e95f5_with_leader_u27_PF00081_M_to_K04564_197	478	1475	+	998	start		1	
CAXAMM010020073.1_K04564_521e95f5	GCA_963969995.1	CAXAMM010020073.1		478	1475	+	998	dss	1	180	
CAXAMM010020073.1_K04564_521e95f5	GCA_963969995.1	CAXAMM010020073.1		478	1475	+	998	dss	2	509	
CAXAMM010020073.1_K04564_521e95f5	GCA_963969995.1	CAXAMM010020073.1		478	1475	+	998	dss	3	760	
CAXAMM010020073.1_K04564_521e95f5	GCA_963969995.1	CAXAMM010020073.1		478	1475	+	998	ass	1	303	
CAXAMM010020073.1_K04564_521e95f5	GCA_963969995.1	CAXAMM010020073.1		478	1475	+	998	ass	2	620	
CAXAMM010020073.1_K04564_521e95f5	GCA_963969995.1	CAXAMM010020073.1		478	1475	+	998	ass	3	852	
CAXAMM010025685.1_K04564_b43539e3	GCA_963969995.1	CAXAMM010025685.1	CAXAMM010025685.1_K04564_b43539e3_with_leader_u30_PF00081_M_to_K04564_92	371	3	-	369	start		1	
CAXAMM010040162.1_K04564_a70eaf5e	GCA_963969995.1	CAXAMM010040162.1	CAXAMM010040162.1_K04564_a70eaf5e_with_leader_u52_PF00081_M_to_K04564_203	281899	282675	+	777	start		1	
CAXAMM010040162.1_K04564_a70eaf5e	GCA_963969995.1	CAXAMM010040162.1	CAXAMM010040162.1_K04564_a70eaf5e_with_leader_u38_PF00081_M_to_K04564_203	281899	282675	+	777	start		43	
CAXAMM010040162.1_K04564_a70eaf5e	GCA_963969995.1	CAXAMM010040162.1	CAXAMM010040162.1_K04564_a70eaf5e_with_leader_u18_PF00081_M_to_K04564_203	281899	282675	+	777	start		103	
CAXAMM010040162.1_K04564_f9608fa6	GCA_963969995.1	CAXAMM010040162.1	CAXAMM010040162.1_K04564_f9608fa6_with_leader_u52_PF00081_M_to_K04564_203	294320	295096	+	777	start		1	
CAXAMM010040162.1_K04564_f9608fa6	GCA_963969995.1	CAXAMM010040162.1	CAXAMM010040162.1_K04564_f9608fa6_with_leader_u38_PF00081_M_to_K04564_203	294320	295096	+	777	start		43	
CAXAMM010040162.1_K04564_f9608fa6	GCA_963969995.1	CAXAMM010040162.1	CAXAMM010040162.1_K04564_f9608fa6_with_leader_u18_PF00081_M_to_K04564_203	294320	295096	+	777	start		103	
CAXAMM010040173.1_K04564_1d3f7085	GCA_963969995.1	CAXAMM010040173.1	CAXAMM010040173.1_K04564_1d3f7085_with_leader_u52_PF00081_M_to_K04564_203	294178	294954	+	777	start		1	
CAXAMM010040173.1_K04564_1d3f7085	GCA_963969995.1	CAXAMM010040173.1	CAXAMM010040173.1_K04564_1d3f7085_with_leader_u38_PF00081_M_to_K04564_203	294178	294954	+	777	start		43	
CAXAMM010040173.1_K04564_1d3f7085	GCA_963969995.1	CAXAMM010040173.1	CAXAMM010040173.1_K04564_1d3f7085_with_leader_u18_PF00081_M_to_K04564_203	294178	294954	+	777	start		103	
CAXAMM010040173.1_K04564_b38f776c	GCA_963969995.1	CAXAMM010040173.1	CAXAMM010040173.1_K04564_b38f776c_with_leader_u52_PF00081_M_to_K04564_203	281751	282527	+	777	start		1	
CAXAMM010040173.1_K04564_b38f776c	GCA_963969995.1	CAXAMM010040173.1	CAXAMM010040173.1_K04564_b38f776c_with_leader_u38_PF00081_M_to_K04564_203	281751	282527	+	777	start		43	
CAXAMM010040173.1_K04564_b38f776c	GCA_963969995.1	CAXAMM010040173.1	CAXAMM010040173.1_K04564_b38f776c_with_leader_u18_PF00081_M_to_K04564_203	281751	282527	+	777	start		103	
CAK9032107.1	GCA_963970005.1	CAXAMN010010569.1		136779	146182	+	9404	dss	1	160	
CAK9032107.1	GCA_963970005.1	CAXAMN010010569.1		136779	146182	+	9404	dss	2	1228	
CAK9032107.1	GCA_963970005.1	CAXAMN010010569.1		136779	146182	+	9404	dss	3	1643	
CAK9032107.1	GCA_963970005.1	CAXAMN010010569.1		136779	146182	+	9404	dss	4	2092	
CAK9032107.1	GCA_963970005.1	CAXAMN010010569.1		136779	146182	+	9404	dss	5	2632	
CAK9032107.1	GCA_963970005.1	CAXAMN010010569.1		136779	146182	+	9404	dss	6	4153	
CAK9032107.1	GCA_963970005.1	CAXAMN010010569.1		136779	146182	+	9404	dss	7	4685	
CAK9032107.1	GCA_963970005.1	CAXAMN010010569.1		136779	146182	+	9404	dss	8	5257	
CAK9032107.1	GCA_963970005.1	CAXAMN010010569.1		136779	146182	+	9404	dss	9	5860	
CAK9032107.1	GCA_963970005.1	CAXAMN010010569.1		136779	146182	+	9404	dss	10	6653	
CAK9032107.1	GCA_963970005.1	CAXAMN010010569.1		136779	146182	+	9404	dss	11	7336	
CAK9032107.1	GCA_963970005.1	CAXAMN010010569.1		136779	146182	+	9404	dss	12	7873	
CAK9032107.1	GCA_963970005.1	CAXAMN010010569.1		136779	146182	+	9404	dss	13	8199	
CAK9032107.1	GCA_963970005.1	CAXAMN010010569.1		136779	146182	+	9404	ass	1	1175	
CAK9032107.1	GCA_963970005.1	CAXAMN010010569.1		136779	146182	+	9404	ass	2	1582	
CAK9032107.1	GCA_963970005.1	CAXAMN010010569.1		136779	146182	+	9404	ass	3	2021	
CAK9032107.1	GCA_963970005.1	CAXAMN010010569.1		136779	146182	+	9404	ass	4	2604	
CAK9032107.1	GCA_963970005.1	CAXAMN010010569.1		136779	146182	+	9404	ass	5	4058	
CAK9032107.1	GCA_963970005.1	CAXAMN010010569.1		136779	146182	+	9404	ass	6	4587	
CAK9032107.1	GCA_963970005.1	CAXAMN010010569.1		136779	146182	+	9404	ass	7	5239	
CAK9032107.1	GCA_963970005.1	CAXAMN010010569.1		136779	146182	+	9404	ass	8	5822	
CAK9032107.1	GCA_963970005.1	CAXAMN010010569.1		136779	146182	+	9404	ass	9	6595	
CAK9032107.1	GCA_963970005.1	CAXAMN010010569.1		136779	146182	+	9404	ass	10	7301	
CAK9032107.1	GCA_963970005.1	CAXAMN010010569.1		136779	146182	+	9404	ass	11	7840	
CAK9032107.1	GCA_963970005.1	CAXAMN010010569.1		136779	146182	+	9404	ass	12	8170	
CAK9032107.1	GCA_963970005.1	CAXAMN010010569.1		136779	146182	+	9404	ass	13	9298	
CAK9113181.1	GCA_963970005.1	CAXAMN010027806.1	CAK9113181.1_with_leader_u52_PF00081_M_to_K04564_257	310902	309874	-	1029				
CAK9113185.1	GCA_963970005.1	CAXAMN010027806.1		338992	319733	-	19260	dss	1	24	
CAK9113185.1	GCA_963970005.1	CAXAMN010027806.1		338992	319733	-	19260	dss	2	285	
CAK9113185.1	GCA_963970005.1	CAXAMN010027806.1		338992	319733	-	19260	dss	3	405	
CAK9113185.1	GCA_963970005.1	CAXAMN010027806.1		338992	319733	-	19260	dss	4	630	
CAK9113185.1	GCA_963970005.1	CAXAMN010027806.1		338992	319733	-	19260	dss	5	1559	
CAK9113185.1	GCA_963970005.1	CAXAMN010027806.1		338992	319733	-	19260	dss	6	2204	
CAK9113185.1	GCA_963970005.1	CAXAMN010027806.1		338992	319733	-	19260	dss	7	2351	
CAK9113185.1	GCA_963970005.1	CAXAMN010027806.1		338992	319733	-	19260	dss	8	2685	
CAK9113185.1	GCA_963970005.1	CAXAMN010027806.1		338992	319733	-	19260	dss	9	2925	
CAK9113185.1	GCA_963970005.1	CAXAMN010027806.1		338992	319733	-	19260	dss	10	3368	
CAK9113185.1	GCA_963970005.1	CAXAMN010027806.1		338992	319733	-	19260	dss	11	3620	
CAK9113185.1	GCA_963970005.1	CAXAMN010027806.1		338992	319733	-	19260	dss	12	3897	
CAK9113185.1	GCA_963970005.1	CAXAMN010027806.1		338992	319733	-	19260	dss	13	4526	
CAK9113185.1	GCA_963970005.1	CAXAMN010027806.1		338992	319733	-	19260	dss	14	4779	
CAK9113185.1	GCA_963970005.1	CAXAMN010027806.1		338992	319733	-	19260	dss	15	5307	
CAK9113185.1	GCA_963970005.1	CAXAMN010027806.1		338992	319733	-	19260	dss	16	5496	
CAK9113185.1	GCA_963970005.1	CAXAMN010027806.1		338992	319733	-	19260	dss	17	5830	
CAK9113185.1	GCA_963970005.1	CAXAMN010027806.1		338992	319733	-	19260	dss	18	8943	
CAK9113185.1	GCA_963970005.1	CAXAMN010027806.1		338992	319733	-	19260	dss	19	9315	
CAK9113185.1	GCA_963970005.1	CAXAMN010027806.1		338992	319733	-	19260	dss	20	9884	
CAK9113185.1	GCA_963970005.1	CAXAMN010027806.1		338992	319733	-	19260	dss	21	10270	
CAK9113185.1	GCA_963970005.1	CAXAMN010027806.1		338992	319733	-	19260	dss	22	10437	
CAK9113185.1	GCA_963970005.1	CAXAMN010027806.1		338992	319733	-	19260	dss	23	10616	
CAK9113185.1	GCA_963970005.1	CAXAMN010027806.1		338992	319733	-	19260	dss	24	11975	
CAK9113185.1	GCA_963970005.1	CAXAMN010027806.1		338992	319733	-	19260	dss	25	12842	
CAK9113185.1	GCA_963970005.1	CAXAMN010027806.1		338992	319733	-	19260	dss	26	13185	
CAK9113185.1	GCA_963970005.1	CAXAMN010027806.1		338992	319733	-	19260	dss	27	13361	
CAK9113185.1	GCA_963970005.1	CAXAMN010027806.1		338992	319733	-	19260	dss	28	13956	
CAK9113185.1	GCA_963970005.1	CAXAMN010027806.1		338992	319733	-	19260	dss	29	14229	
CAK9113185.1	GCA_963970005.1	CAXAMN010027806.1		338992	319733	-	19260	dss	30	14697	
CAK9113185.1	GCA_963970005.1	CAXAMN010027806.1		338992	319733	-	19260	dss	31	15142	
CAK9113185.1	GCA_963970005.1	CAXAMN010027806.1		338992	319733	-	19260	dss	32	15469	
CAK9113185.1	GCA_963970005.1	CAXAMN010027806.1		338992	319733	-	19260	dss	33	15772	
CAK9113185.1	GCA_963970005.1	CAXAMN010027806.1		338992	319733	-	19260	dss	34	16596	
CAK9113185.1	GCA_963970005.1	CAXAMN010027806.1		338992	319733	-	19260	dss	35	16837	
CAK9113185.1	GCA_963970005.1	CAXAMN010027806.1		338992	319733	-	19260	dss	36	17056	
CAK9113185.1	GCA_963970005.1	CAXAMN010027806.1		338992	319733	-	19260	dss	37	17168	
CAK9113185.1	GCA_963970005.1	CAXAMN010027806.1		338992	319733	-	19260	dss	38	17390	
CAK9113185.1	GCA_963970005.1	CAXAMN010027806.1		338992	319733	-	19260	dss	39	17980	
CAK9113185.1	GCA_963970005.1	CAXAMN010027806.1		338992	319733	-	19260	dss	40	18294	
CAK9113185.1	GCA_963970005.1	CAXAMN010027806.1		338992	319733	-	19260	dss	41	18798	
CAK9113185.1	GCA_963970005.1	CAXAMN010027806.1		338992	319733	-	19260	dss	42	19042	
CAK9113185.1	GCA_963970005.1	CAXAMN010027806.1		338992	319733	-	19260	ass	1	249	
CAK9113185.1	GCA_963970005.1	CAXAMN010027806.1		338992	319733	-	19260	ass	2	348	
CAK9113185.1	GCA_963970005.1	CAXAMN010027806.1		338992	319733	-	19260	ass	3	531	
CAK9113185.1	GCA_963970005.1	CAXAMN010027806.1		338992	319733	-	19260	ass	4	1526	
CAK9113185.1	GCA_963970005.1	CAXAMN010027806.1		338992	319733	-	19260	ass	5	2074	
CAK9113185.1	GCA_963970005.1	CAXAMN010027806.1		338992	319733	-	19260	ass	6	2306	
CAK9113185.1	GCA_963970005.1	CAXAMN010027806.1		338992	319733	-	19260	ass	7	2587	
CAK9113185.1	GCA_963970005.1	CAXAMN010027806.1		338992	319733	-	19260	ass	8	2860	
CAK9113185.1	GCA_963970005.1	CAXAMN010027806.1		338992	319733	-	19260	ass	9	3328	
CAK9113185.1	GCA_963970005.1	CAXAMN010027806.1		338992	319733	-	19260	ass	10	3600	
CAK9113185.1	GCA_963970005.1	CAXAMN010027806.1		338992	319733	-	19260	ass	11	3833	
CAK9113185.1	GCA_963970005.1	CAXAMN010027806.1		338992	319733	-	19260	ass	12	4502	
CAK9113185.1	GCA_963970005.1	CAXAMN010027806.1		338992	319733	-	19260	ass	13	4730	
CAK9113185.1	GCA_963970005.1	CAXAMN010027806.1		338992	319733	-	19260	ass	14	5257	
CAK9113185.1	GCA_963970005.1	CAXAMN010027806.1		338992	319733	-	19260	ass	15	5461	
CAK9113185.1	GCA_963970005.1	CAXAMN010027806.1		338992	319733	-	19260	ass	16	5782	
CAK9113185.1	GCA_963970005.1	CAXAMN010027806.1		338992	319733	-	19260	ass	17	8915	
CAK9113185.1	GCA_963970005.1	CAXAMN010027806.1		338992	319733	-	19260	ass	18	9244	
CAK9113185.1	GCA_963970005.1	CAXAMN010027806.1		338992	319733	-	19260	ass	19	9818	
CAK9113185.1	GCA_963970005.1	CAXAMN010027806.1		338992	319733	-	19260	ass	20	10085	
CAK9113185.1	GCA_963970005.1	CAXAMN010027806.1		338992	319733	-	19260	ass	21	10346	
CAK9113185.1	GCA_963970005.1	CAXAMN010027806.1		338992	319733	-	19260	ass	22	10540	
CAK9113185.1	GCA_963970005.1	CAXAMN010027806.1		338992	319733	-	19260	ass	23	11965	
CAK9113185.1	GCA_963970005.1	CAXAMN010027806.1		338992	319733	-	19260	ass	24	12762	
CAK9113185.1	GCA_963970005.1	CAXAMN010027806.1		338992	319733	-	19260	ass	25	13159	
CAK9113185.1	GCA_963970005.1	CAXAMN010027806.1		338992	319733	-	19260	ass	26	13325	
CAK9113185.1	GCA_963970005.1	CAXAMN010027806.1		338992	319733	-	19260	ass	27	13895	
CAK9113185.1	GCA_963970005.1	CAXAMN010027806.1		338992	319733	-	19260	ass	28	14128	
CAK9113185.1	GCA_963970005.1	CAXAMN010027806.1		338992	319733	-	19260	ass	29	14635	
CAK9113185.1	GCA_963970005.1	CAXAMN010027806.1		338992	319733	-	19260	ass	30	15062	
CAK9113185.1	GCA_963970005.1	CAXAMN010027806.1		338992	319733	-	19260	ass	31	15407	
CAK9113185.1	GCA_963970005.1	CAXAMN010027806.1		338992	319733	-	19260	ass	32	15699	
CAK9113185.1	GCA_963970005.1	CAXAMN010027806.1		338992	319733	-	19260	ass	33	15825	
CAK9113185.1	GCA_963970005.1	CAXAMN010027806.1		338992	319733	-	19260	ass	34	16790	
CAK9113185.1	GCA_963970005.1	CAXAMN010027806.1		338992	319733	-	19260	ass	35	17038	
CAK9113185.1	GCA_963970005.1	CAXAMN010027806.1		338992	319733	-	19260	ass	36	17141	
CAK9113185.1	GCA_963970005.1	CAXAMN010027806.1		338992	319733	-	19260	ass	37	17345	
CAK9113185.1	GCA_963970005.1	CAXAMN010027806.1		338992	319733	-	19260	ass	38	17620	
CAK9113185.1	GCA_963970005.1	CAXAMN010027806.1		338992	319733	-	19260	ass	39	18164	
CAK9113185.1	GCA_963970005.1	CAXAMN010027806.1		338992	319733	-	19260	ass	40	18667	
CAK9113185.1	GCA_963970005.1	CAXAMN010027806.1		338992	319733	-	19260	ass	41	19019	
CAK9113185.1	GCA_963970005.1	CAXAMN010027806.1		338992	319733	-	19260	ass	42	19156	
CAXAMN010027783.1_K04564_0f8290bd	GCA_963970005.1	CAXAMN010027783.1	CAXAMN010027783.1_K04564_0f8290bd_with_leader_u52_PF00081_M_to_K04564_203	323433	322657	-	777	start		1	
CAXAMN010027783.1_K04564_0f8290bd	GCA_963970005.1	CAXAMN010027783.1	CAXAMN010027783.1_K04564_0f8290bd_with_leader_u38_PF00081_M_to_K04564_203	323433	322657	-	777	start		43	
CAXAMN010027783.1_K04564_0f8290bd	GCA_963970005.1	CAXAMN010027783.1	CAXAMN010027783.1_K04564_0f8290bd_with_leader_u18_PF00081_M_to_K04564_203	323433	322657	-	777	start		103	
CAXAMN010027783.1_K04564_a5ab1868	GCA_963970005.1	CAXAMN010027783.1	CAXAMN010027783.1_K04564_a5ab1868_with_leader_u52_PF00081_M_to_K04564_203	310947	310171	-	777	start		1	
CAXAMN010027783.1_K04564_a5ab1868	GCA_963970005.1	CAXAMN010027783.1	CAXAMN010027783.1_K04564_a5ab1868_with_leader_u38_PF00081_M_to_K04564_203	310947	310171	-	777	start		43	
CAXAMN010027783.1_K04564_a5ab1868	GCA_963970005.1	CAXAMN010027783.1	CAXAMN010027783.1_K04564_a5ab1868_with_leader_u18_PF00081_M_to_K04564_203	310947	310171	-	777	start		103	
CAXAMN010027806.1_K04564_b422a675	GCA_963970005.1	CAXAMN010027806.1	CAXAMN010027806.1_K04564_b422a675_with_leader_u52_PF00081_M_to_K04564_203	310858	310082	-	777	start		1	
CAXAMN010027806.1_K04564_b422a675	GCA_963970005.1	CAXAMN010027806.1	CAXAMN010027806.1_K04564_b422a675_with_leader_u38_PF00081_M_to_K04564_203	310858	310082	-	777	start		43	
CAXAMN010027806.1_K04564_b422a675	GCA_963970005.1	CAXAMN010027806.1	CAXAMN010027806.1_K04564_b422a675_with_leader_u18_PF00081_M_to_K04564_203	310858	310082	-	777	start		103	
CAXAMN010027806.1_K04564_f0a63ebd	GCA_963970005.1	CAXAMN010027806.1	CAXAMN010027806.1_K04564_f0a63ebd_with_leader_u18_PF00081_M_to_K04564_203	323167	322493	-	675	start		1	
OZ257276.1_K04564_ace37290	GCA_965279495.1	OZ257276.1	OZ257276.1_K04564_ace37290_with_leader_u60_PF00081_M_to_K04564_198	7777086	7774652	-	2435	start		1	
OZ257276.1_K04564_ace37290	GCA_965279495.1	OZ257276.1	OZ257276.1_K04564_ace37290_with_leader_u36_PF00081_M_to_K04564_198	7777086	7774652	-	2435	start		73	
OZ257276.1_K04564_ace37290	GCA_965279495.1	OZ257276.1	OZ257276.1_K04564_ace37290_with_leader_u31_PF00081_M_to_K04564_198	7777086	7774652	-	2435	start		88	
OZ257276.1_K04564_ace37290	GCA_965279495.1	OZ257276.1		7777086	7774652	-	2435	dss	1	315	
OZ257276.1_K04564_ace37290	GCA_965279495.1	OZ257276.1		7777086	7774652	-	2435	dss	2	619	
OZ257276.1_K04564_ace37290	GCA_965279495.1	OZ257276.1		7777086	7774652	-	2435	dss	3	2136	
OZ257276.1_K04564_ace37290	GCA_965279495.1	OZ257276.1		7777086	7774652	-	2435	ass	1	455	
OZ257276.1_K04564_ace37290	GCA_965279495.1	OZ257276.1		7777086	7774652	-	2435	ass	2	2047	
OZ257276.1_K04564_ace37290	GCA_965279495.1	OZ257276.1		7777086	7774652	-	2435	ass	3	2214	
